ISO-10303-21;
HEADER;
/* Generated by software containing ST-Developer
 * from STEP Tools, Inc. (www.steptools.com) 
 */

FILE_DESCRIPTION(
/* description */ (''),
/* implementation_level */ '2;1');

FILE_NAME(
/* name */ 'BottomCompartiment.step',
/* time_stamp */ '2026-08-13T21:13:29+02:00',
/* author */ (''),
/* organization */ (''),
/* preprocessor_version */ 'ST-DEVELOPER v20.1',
/* originating_system */ 'Autodesk Translation Framework v15.8.0.0',
/* authorisation */ '');

FILE_SCHEMA (('AUTOMOTIVE_DESIGN { 1 0 10303 214 3 1 1 }'));
ENDSEC;

DATA;
#10=MECHANICAL_DESIGN_GEOMETRIC_PRESENTATION_REPRESENTATION('',(#13),#12332);
#11=SHAPE_REPRESENTATION_RELATIONSHIP('SRR','None',#12339,#12);
#12=ADVANCED_BREP_SHAPE_REPRESENTATION('',(#5376),#12331);
#13=STYLED_ITEM('',(#12348),#5376);
#14=ORIENTED_CLOSED_SHELL('',*,#5375,.F.);
#15=(
BOUNDED_SURFACE()
B_SPLINE_SURFACE(2,2,((#10522,#10523,#10524),(#10525,#10526,#10527),(#10528,
#10529,#10530)),.UNSPECIFIED.,.F.,.F.,.F.)
B_SPLINE_SURFACE_WITH_KNOTS((3,3),(3,3),(-0.962550747884686,0.),(0.,0.848062078981482),
 .UNSPECIFIED.)
GEOMETRIC_REPRESENTATION_ITEM()
RATIONAL_B_SPLINE_SURFACE(((1.,0.911437827766148,1.),(0.886405260427926,
0.807903285084915,0.886405260427926),(1.,0.911437827766148,1.)))
REPRESENTATION_ITEM('')
SURFACE()
);
#16=(
BOUNDED_SURFACE()
B_SPLINE_SURFACE(2,2,((#10547,#10548,#10549),(#10550,#10551,#10552),(#10553,
#10554,#10555)),.UNSPECIFIED.,.F.,.F.,.F.)
B_SPLINE_SURFACE_WITH_KNOTS((3,3),(3,3),(-0.962550747884686,0.),(-0.848062078981481,
0.),.UNSPECIFIED.)
GEOMETRIC_REPRESENTATION_ITEM()
RATIONAL_B_SPLINE_SURFACE(((1.,0.911437827766148,1.),(0.886405260427926,
0.807903285084916,0.886405260427926),(1.,0.911437827766148,1.)))
REPRESENTATION_ITEM('')
SURFACE()
);
#17=(
BOUNDED_SURFACE()
B_SPLINE_SURFACE(2,2,((#10829,#10830,#10831),(#10832,#10833,#10834),(#10835,
#10836,#10837)),.UNSPECIFIED.,.F.,.F.,.F.)
B_SPLINE_SURFACE_WITH_KNOTS((3,3),(3,3),(-1.06543581651074,-0.796306849136885),
(-0.33667481939177,0.),.UNSPECIFIED.)
GEOMETRIC_REPRESENTATION_ITEM()
RATIONAL_B_SPLINE_SURFACE(((1.,0.985864685533555,1.),(0.990959853504553,
0.976952324351644,0.990959853504553),(1.,0.985864685533555,1.)))
REPRESENTATION_ITEM('')
SURFACE()
);
#18=(
BOUNDED_SURFACE()
B_SPLINE_SURFACE(2,2,((#10886,#10887,#10888),(#10889,#10890,#10891),(#10892,
#10893,#10894)),.UNSPECIFIED.,.F.,.F.,.F.)
B_SPLINE_SURFACE_WITH_KNOTS((3,3),(3,3),(-1.06543581651074,-0.796306849117167),
(-6.25619919088261E-17,0.336674819422176),.UNSPECIFIED.)
GEOMETRIC_REPRESENTATION_ITEM()
RATIONAL_B_SPLINE_SURFACE(((1.,0.985864685531008,1.),(0.990959853502959,
0.976952324347549,0.990959853502959),(1.,0.985864685531008,1.)))
REPRESENTATION_ITEM('')
SURFACE()
);
#19=(
BOUNDED_SURFACE()
B_SPLINE_SURFACE(2,2,((#10905,#10906,#10907),(#10908,#10909,#10910),(#10911,
#10912,#10913)),.UNSPECIFIED.,.F.,.F.,.F.)
B_SPLINE_SURFACE_WITH_KNOTS((3,3),(3,3),(-1.06543581651074,0.),(0.336674819422175,
1.5707963267949),.UNSPECIFIED.)
GEOMETRIC_REPRESENTATION_ITEM()
RATIONAL_B_SPLINE_SURFACE(((1.,0.815582744043044,1.),(0.861429892178085,
0.702567355263306,0.861429892178085),(1.,0.815582744043044,1.)))
REPRESENTATION_ITEM('')
SURFACE()
);
#20=(
BOUNDED_SURFACE()
B_SPLINE_SURFACE(2,2,((#11325,#11326,#11327),(#11328,#11329,#11330),(#11331,
#11332,#11333)),.UNSPECIFIED.,.F.,.F.,.F.)
B_SPLINE_SURFACE_WITH_KNOTS((3,3),(3,3),(-1.5707963267949,0.),(0.,1.5707963267949),
 .UNSPECIFIED.)
GEOMETRIC_REPRESENTATION_ITEM()
RATIONAL_B_SPLINE_SURFACE(((1.,0.707106781186548,1.),(0.70710678118655,
0.500000000000002,0.70710678118655),(1.,0.707106781186548,1.)))
REPRESENTATION_ITEM('')
SURFACE()
);
#21=(
BOUNDED_SURFACE()
B_SPLINE_SURFACE(2,2,((#11337,#11338,#11339),(#11340,#11341,#11342),(#11343,
#11344,#11345)),.UNSPECIFIED.,.F.,.F.,.F.)
B_SPLINE_SURFACE_WITH_KNOTS((3,3),(3,3),(-1.5707963267949,0.),(-1.5707963267949,
0.),.UNSPECIFIED.)
GEOMETRIC_REPRESENTATION_ITEM()
RATIONAL_B_SPLINE_SURFACE(((1.,0.707106781186548,1.),(0.70710678118655,
0.500000000000002,0.70710678118655),(1.,0.707106781186548,1.)))
REPRESENTATION_ITEM('')
SURFACE()
);
#22=(
BOUNDED_SURFACE()
B_SPLINE_SURFACE(2,2,((#11367,#11368,#11369),(#11370,#11371,#11372),(#11373,
#11374,#11375)),.UNSPECIFIED.,.F.,.F.,.F.)
B_SPLINE_SURFACE_WITH_KNOTS((3,3),(3,3),(-1.5707963267949,0.),(-3.14159265358979,
-1.5707963267949),.UNSPECIFIED.)
GEOMETRIC_REPRESENTATION_ITEM()
RATIONAL_B_SPLINE_SURFACE(((1.,0.707106781186548,1.),(0.707106781186543,
0.499999999999997,0.707106781186543),(1.,0.707106781186548,1.)))
REPRESENTATION_ITEM('')
SURFACE()
);
#23=(
BOUNDED_SURFACE()
B_SPLINE_SURFACE(2,2,((#11379,#11380,#11381),(#11382,#11383,#11384),(#11385,
#11386,#11387)),.UNSPECIFIED.,.F.,.F.,.F.)
B_SPLINE_SURFACE_WITH_KNOTS((3,3),(3,3),(-1.5707963267949,0.),(1.5707963267949,
3.14159265358979),.UNSPECIFIED.)
GEOMETRIC_REPRESENTATION_ITEM()
RATIONAL_B_SPLINE_SURFACE(((1.,0.707106781186548,1.),(0.707106781186543,
0.499999999999997,0.707106781186543),(1.,0.707106781186548,1.)))
REPRESENTATION_ITEM('')
SURFACE()
);
#24=(
BOUNDED_SURFACE()
B_SPLINE_SURFACE(2,2,((#11470,#11471,#11472),(#11473,#11474,#11475),(#11476,
#11477,#11478)),.UNSPECIFIED.,.F.,.F.,.F.)
B_SPLINE_SURFACE_WITH_KNOTS((3,3),(3,3),(-1.5707963267949,0.),(-1.5707963267949,
2.22044604925031E-15),.UNSPECIFIED.)
GEOMETRIC_REPRESENTATION_ITEM()
RATIONAL_B_SPLINE_SURFACE(((1.,0.707106781186547,1.),(0.707106781186549,
0.5,0.707106781186549),(1.,0.707106781186547,1.)))
REPRESENTATION_ITEM('')
SURFACE()
);
#25=(
BOUNDED_SURFACE()
B_SPLINE_SURFACE(2,2,((#11517,#11518,#11519),(#11520,#11521,#11522),(#11523,
#11524,#11525)),.UNSPECIFIED.,.F.,.F.,.F.)
B_SPLINE_SURFACE_WITH_KNOTS((3,3),(3,3),(-1.5707963267949,0.),(-3.14159265358979,
-1.5707963267949),.UNSPECIFIED.)
GEOMETRIC_REPRESENTATION_ITEM()
RATIONAL_B_SPLINE_SURFACE(((1.,0.707106781186548,1.),(0.707106781186548,
0.500000000000001,0.707106781186548),(1.,0.707106781186548,1.)))
REPRESENTATION_ITEM('')
SURFACE()
);
#26=(
BOUNDED_SURFACE()
B_SPLINE_SURFACE(2,2,((#11751,#11752,#11753),(#11754,#11755,#11756),(#11757,
#11758,#11759)),.UNSPECIFIED.,.F.,.F.,.F.)
B_SPLINE_SURFACE_WITH_KNOTS((3,3),(3,3),(-1.5707963267949,0.),(-1.5707963267949,
0.),.UNSPECIFIED.)
GEOMETRIC_REPRESENTATION_ITEM()
RATIONAL_B_SPLINE_SURFACE(((1.,0.707106781186548,1.),(0.707106781186542,
0.499999999999996,0.707106781186542),(1.,0.707106781186548,1.)))
REPRESENTATION_ITEM('')
SURFACE()
);
#27=(
BOUNDED_SURFACE()
B_SPLINE_SURFACE(2,2,((#11784,#11785,#11786),(#11787,#11788,#11789),(#11790,
#11791,#11792)),.UNSPECIFIED.,.F.,.F.,.F.)
B_SPLINE_SURFACE_WITH_KNOTS((3,3),(3,3),(-1.5707963267949,0.),(-6.57527343378213E-18,
1.5707963267949),.UNSPECIFIED.)
GEOMETRIC_REPRESENTATION_ITEM()
RATIONAL_B_SPLINE_SURFACE(((1.,0.707106781186545,1.),(0.707106781186546,
0.499999999999997,0.707106781186546),(1.,0.707106781186545,1.)))
REPRESENTATION_ITEM('')
SURFACE()
);
#28=(
BOUNDED_SURFACE()
B_SPLINE_SURFACE(2,2,((#11850,#11851,#11852),(#11853,#11854,#11855),(#11856,
#11857,#11858)),.UNSPECIFIED.,.F.,.F.,.F.)
B_SPLINE_SURFACE_WITH_KNOTS((3,3),(3,3),(-1.06543581651074,2.77555756156289E-16),
(-1.5707963267949,-0.336674819391769),.UNSPECIFIED.)
GEOMETRIC_REPRESENTATION_ITEM()
RATIONAL_B_SPLINE_SURFACE(((1.,0.815582744034247,1.),(0.861429892178087,
0.70256735525573,0.861429892178087),(1.,0.815582744034247,1.)))
REPRESENTATION_ITEM('')
SURFACE()
);
#29=(
BOUNDED_SURFACE()
B_SPLINE_SURFACE(2,2,((#12187,#12188,#12189),(#12190,#12191,#12192),(#12193,
#12194,#12195)),.UNSPECIFIED.,.F.,.F.,.F.)
B_SPLINE_SURFACE_WITH_KNOTS((3,3),(3,3),(-1.5707963267949,0.),(-3.14159265358979,
-1.5707963267949),.UNSPECIFIED.)
GEOMETRIC_REPRESENTATION_ITEM()
RATIONAL_B_SPLINE_SURFACE(((1.,0.707106781186548,1.),(0.707106781186548,
0.5,0.707106781186548),(1.,0.707106781186548,1.)))
REPRESENTATION_ITEM('')
SURFACE()
);
#30=(
BOUNDED_SURFACE()
B_SPLINE_SURFACE(2,2,((#12207,#12208,#12209),(#12210,#12211,#12212),(#12213,
#12214,#12215)),.UNSPECIFIED.,.F.,.F.,.F.)
B_SPLINE_SURFACE_WITH_KNOTS((3,3),(3,3),(-1.5707963267949,0.),(-1.5707963267949,
2.22044604925031E-15),.UNSPECIFIED.)
GEOMETRIC_REPRESENTATION_ITEM()
RATIONAL_B_SPLINE_SURFACE(((1.,0.707106781186546,1.),(0.707106781186545,
0.499999999999997,0.707106781186545),(1.,0.707106781186546,1.)))
REPRESENTATION_ITEM('')
SURFACE()
);
#31=(
BOUNDED_SURFACE()
B_SPLINE_SURFACE(2,2,((#12223,#12224,#12225),(#12226,#12227,#12228),(#12229,
#12230,#12231)),.UNSPECIFIED.,.F.,.F.,.F.)
B_SPLINE_SURFACE_WITH_KNOTS((3,3),(3,3),(-0.962550747884687,0.),(2.29353057460831,
3.14159265358979),.UNSPECIFIED.)
GEOMETRIC_REPRESENTATION_ITEM()
RATIONAL_B_SPLINE_SURFACE(((1.,0.911437827766147,1.),(0.886405260427948,
0.807903285084935,0.886405260427948),(1.,0.911437827766147,1.)))
REPRESENTATION_ITEM('')
SURFACE()
);
#32=(
BOUNDED_SURFACE()
B_SPLINE_SURFACE(2,2,((#12235,#12236,#12237),(#12238,#12239,#12240),(#12241,
#12242,#12243)),.UNSPECIFIED.,.F.,.F.,.F.)
B_SPLINE_SURFACE_WITH_KNOTS((3,3),(3,3),(-0.962550747884687,0.),(-3.14159265358979,
-2.29353057460831),.UNSPECIFIED.)
GEOMETRIC_REPRESENTATION_ITEM()
RATIONAL_B_SPLINE_SURFACE(((1.,0.911437827766148,1.),(0.886405260427946,
0.807903285084933,0.886405260427946),(1.,0.911437827766148,1.)))
REPRESENTATION_ITEM('')
SURFACE()
);
#33=FACE_BOUND('',#1428,.T.);
#34=FACE_BOUND('',#1429,.T.);
#35=FACE_BOUND('',#1452,.T.);
#36=FACE_BOUND('',#1514,.T.);
#37=FACE_BOUND('',#1515,.T.);
#38=FACE_BOUND('',#1516,.T.);
#39=FACE_BOUND('',#1520,.T.);
#40=FACE_BOUND('',#1521,.T.);
#41=FACE_BOUND('',#1523,.T.);
#42=FACE_BOUND('',#1524,.T.);
#43=FACE_BOUND('',#1528,.T.);
#44=FACE_BOUND('',#1529,.T.);
#45=FACE_BOUND('',#1547,.T.);
#46=FACE_BOUND('',#1548,.T.);
#47=FACE_BOUND('',#1562,.T.);
#48=FACE_BOUND('',#1577,.T.);
#49=FACE_BOUND('',#1578,.T.);
#50=FACE_BOUND('',#1579,.T.);
#51=FACE_BOUND('',#1580,.T.);
#52=FACE_BOUND('',#1581,.T.);
#53=FACE_BOUND('',#1582,.T.);
#54=FACE_BOUND('',#1596,.T.);
#55=FACE_BOUND('',#1599,.T.);
#56=FACE_BOUND('',#1602,.T.);
#57=FACE_BOUND('',#1605,.T.);
#58=FACE_BOUND('',#1608,.T.);
#59=FACE_BOUND('',#1611,.T.);
#60=FACE_BOUND('',#1614,.T.);
#61=FACE_BOUND('',#1617,.T.);
#62=FACE_BOUND('',#1620,.T.);
#63=FACE_BOUND('',#1623,.T.);
#64=FACE_BOUND('',#1626,.T.);
#65=FACE_BOUND('',#1629,.T.);
#66=FACE_BOUND('',#1642,.T.);
#67=FACE_BOUND('',#1654,.T.);
#68=FACE_BOUND('',#1658,.T.);
#69=FACE_BOUND('',#1659,.T.);
#70=FACE_BOUND('',#1660,.T.);
#71=FACE_BOUND('',#1661,.T.);
#72=FACE_BOUND('',#1662,.T.);
#73=FACE_BOUND('',#1663,.T.);
#74=FACE_BOUND('',#1671,.T.);
#75=FACE_BOUND('',#1690,.T.);
#76=FACE_BOUND('',#1691,.T.);
#77=FACE_BOUND('',#1692,.T.);
#78=FACE_BOUND('',#1693,.T.);
#79=SPHERICAL_SURFACE('',#5443,0.499999999999998);
#80=SPHERICAL_SURFACE('',#5454,0.5);
#81=ELLIPSE('',#5442,0.707106781186541,0.5);
#82=ELLIPSE('',#5463,0.707106781186554,0.5);
#83=TOROIDAL_SURFACE('',#5436,0.999999999999996,0.499999999999998);
#84=TOROIDAL_SURFACE('',#5448,1.,0.500000000000007);
#85=TOROIDAL_SURFACE('',#5489,9.,3.);
#86=TOROIDAL_SURFACE('',#5498,9.76393202250021,3.);
#87=TOROIDAL_SURFACE('',#5501,9.,3.);
#88=TOROIDAL_SURFACE('',#5896,15.,5.);
#89=TOROIDAL_SURFACE('',#5903,15.,5.);
#90=TOROIDAL_SURFACE('',#5916,15.,8.);
#91=TOROIDAL_SURFACE('',#5921,15.,8.);
#92=PLANE('',#5403);
#93=PLANE('',#5407);
#94=PLANE('',#5411);
#95=PLANE('',#5415);
#96=PLANE('',#5419);
#97=PLANE('',#5423);
#98=PLANE('',#5427);
#99=PLANE('',#5431);
#100=PLANE('',#5435);
#101=PLANE('',#5469);
#102=PLANE('',#5473);
#103=PLANE('',#5474);
#104=PLANE('',#5475);
#105=PLANE('',#5476);
#106=PLANE('',#5477);
#107=PLANE('',#5488);
#108=PLANE('',#5494);
#109=PLANE('',#5503);
#110=PLANE('',#5507);
#111=PLANE('',#5508);
#112=PLANE('',#5520);
#113=PLANE('',#5523);
#114=PLANE('',#5526);
#115=PLANE('',#5530);
#116=PLANE('',#5573);
#117=PLANE('',#5577);
#118=PLANE('',#5579);
#119=PLANE('',#5582);
#120=PLANE('',#5584);
#121=PLANE('',#5587);
#122=PLANE('',#5589);
#123=PLANE('',#5591);
#124=PLANE('',#5599);
#125=PLANE('',#5601);
#126=PLANE('',#5604);
#127=PLANE('',#5607);
#128=PLANE('',#5610);
#129=PLANE('',#5613);
#130=PLANE('',#5621);
#131=PLANE('',#5624);
#132=PLANE('',#5626);
#133=PLANE('',#5628);
#134=PLANE('',#5633);
#135=PLANE('',#5635);
#136=PLANE('',#5638);
#137=PLANE('',#5642);
#138=PLANE('',#5644);
#139=PLANE('',#5647);
#140=PLANE('',#5650);
#141=PLANE('',#5651);
#142=PLANE('',#5656);
#143=PLANE('',#5657);
#144=PLANE('',#5662);
#145=PLANE('',#5663);
#146=PLANE('',#5664);
#147=PLANE('',#5665);
#148=PLANE('',#5666);
#149=PLANE('',#5667);
#150=PLANE('',#5669);
#151=PLANE('',#5670);
#152=PLANE('',#5676);
#153=PLANE('',#5682);
#154=PLANE('',#5683);
#155=PLANE('',#5685);
#156=PLANE('',#5689);
#157=PLANE('',#5690);
#158=PLANE('',#5691);
#159=PLANE('',#5692);
#160=PLANE('',#5705);
#161=PLANE('',#5706);
#162=PLANE('',#5708);
#163=PLANE('',#5710);
#164=PLANE('',#5717);
#165=PLANE('',#5719);
#166=PLANE('',#5720);
#167=PLANE('',#5728);
#168=PLANE('',#5769);
#169=PLANE('',#5773);
#170=PLANE('',#5778);
#171=PLANE('',#5782);
#172=PLANE('',#5786);
#173=PLANE('',#5790);
#174=PLANE('',#5794);
#175=PLANE('',#5798);
#176=PLANE('',#5802);
#177=PLANE('',#5806);
#178=PLANE('',#5810);
#179=PLANE('',#5814);
#180=PLANE('',#5821);
#181=PLANE('',#5825);
#182=PLANE('',#5826);
#183=PLANE('',#5838);
#184=PLANE('',#5841);
#185=PLANE('',#5856);
#186=PLANE('',#5859);
#187=PLANE('',#5867);
#188=PLANE('',#5868);
#189=PLANE('',#5878);
#190=PLANE('',#5882);
#191=PLANE('',#5910);
#192=PLANE('',#5923);
#193=PLANE('',#5929);
#194=PLANE('',#5933);
#195=PLANE('',#5935);
#196=PLANE('',#5936);
#197=PLANE('',#5944);
#198=PLANE('',#5945);
#199=PLANE('',#5946);
#200=PLANE('',#5956);
#201=PLANE('',#5958);
#202=PLANE('',#5960);
#203=LINE('',#9146,#555);
#204=LINE('',#9153,#556);
#205=LINE('',#9160,#557);
#206=LINE('',#9167,#558);
#207=LINE('',#9174,#559);
#208=LINE('',#9181,#560);
#209=LINE('',#9188,#561);
#210=LINE('',#9195,#562);
#211=LINE('',#9202,#563);
#212=LINE('',#9216,#564);
#213=LINE('',#9218,#565);
#214=LINE('',#9228,#566);
#215=LINE('',#9229,#567);
#216=LINE('',#9400,#568);
#217=LINE('',#9401,#569);
#218=LINE('',#9526,#570);
#219=LINE('',#9527,#571);
#220=LINE('',#9529,#572);
#221=LINE('',#9530,#573);
#222=LINE('',#9533,#574);
#223=LINE('',#9535,#575);
#224=LINE('',#9538,#576);
#225=LINE('',#9539,#577);
#226=LINE('',#9541,#578);
#227=LINE('',#9542,#579);
#228=LINE('',#9544,#580);
#229=LINE('',#9545,#581);
#230=LINE('',#9547,#582);
#231=LINE('',#9548,#583);
#232=LINE('',#9550,#584);
#233=LINE('',#9551,#585);
#234=LINE('',#9554,#586);
#235=LINE('',#9556,#587);
#236=LINE('',#9557,#588);
#237=LINE('',#9560,#589);
#238=LINE('',#9564,#590);
#239=LINE('',#9572,#591);
#240=LINE('',#9574,#592);
#241=LINE('',#9576,#593);
#242=LINE('',#9582,#594);
#243=LINE('',#9592,#595);
#244=LINE('',#9595,#596);
#245=LINE('',#9660,#597);
#246=LINE('',#9663,#598);
#247=LINE('',#9667,#599);
#248=LINE('',#9671,#600);
#249=LINE('',#9691,#601);
#250=LINE('',#9711,#602);
#251=LINE('',#9731,#603);
#252=LINE('',#9751,#604);
#253=LINE('',#9771,#605);
#254=LINE('',#9791,#606);
#255=LINE('',#9795,#607);
#256=LINE('',#9796,#608);
#257=LINE('',#9821,#609);
#258=LINE('',#9822,#610);
#259=LINE('',#9825,#611);
#260=LINE('',#9826,#612);
#261=LINE('',#9832,#613);
#262=LINE('',#9835,#614);
#263=LINE('',#9866,#615);
#264=LINE('',#9869,#616);
#265=LINE('',#9872,#617);
#266=LINE('',#9874,#618);
#267=LINE('',#9875,#619);
#268=LINE('',#9878,#620);
#269=LINE('',#9882,#621);
#270=LINE('',#9897,#622);
#271=LINE('',#9912,#623);
#272=LINE('',#9916,#624);
#273=LINE('',#9920,#625);
#274=LINE('',#9924,#626);
#275=LINE('',#9928,#627);
#276=LINE('',#9932,#628);
#277=LINE('',#9937,#629);
#278=LINE('',#9940,#630);
#279=LINE('',#9941,#631);
#280=LINE('',#9944,#632);
#281=LINE('',#9948,#633);
#282=LINE('',#9949,#634);
#283=LINE('',#9952,#635);
#284=LINE('',#9955,#636);
#285=LINE('',#9957,#637);
#286=LINE('',#9963,#638);
#287=LINE('',#9971,#639);
#288=LINE('',#9977,#640);
#289=LINE('',#9981,#641);
#290=LINE('',#9985,#642);
#291=LINE('',#9988,#643);
#292=LINE('',#9992,#644);
#293=LINE('',#9996,#645);
#294=LINE('',#10000,#646);
#295=LINE('',#10004,#647);
#296=LINE('',#10008,#648);
#297=LINE('',#10014,#649);
#298=LINE('',#10020,#650);
#299=LINE('',#10026,#651);
#300=LINE('',#10032,#652);
#301=LINE('',#10038,#653);
#302=LINE('',#10044,#654);
#303=LINE('',#10048,#655);
#304=LINE('',#10052,#656);
#305=LINE('',#10056,#657);
#306=LINE('',#10060,#658);
#307=LINE('',#10064,#659);
#308=LINE('',#10068,#660);
#309=LINE('',#10072,#661);
#310=LINE('',#10076,#662);
#311=LINE('',#10080,#663);
#312=LINE('',#10084,#664);
#313=LINE('',#10090,#665);
#314=LINE('',#10096,#666);
#315=LINE('',#10099,#667);
#316=LINE('',#10105,#668);
#317=LINE('',#10108,#669);
#318=LINE('',#10111,#670);
#319=LINE('',#10119,#671);
#320=LINE('',#10134,#672);
#321=LINE('',#10137,#673);
#322=LINE('',#10138,#674);
#323=LINE('',#10153,#675);
#324=LINE('',#10155,#676);
#325=LINE('',#10157,#677);
#326=LINE('',#10172,#678);
#327=LINE('',#10176,#679);
#328=LINE('',#10178,#680);
#329=LINE('',#10187,#681);
#330=LINE('',#10197,#682);
#331=LINE('',#10199,#683);
#332=LINE('',#10201,#684);
#333=LINE('',#10203,#685);
#334=LINE('',#10204,#686);
#335=LINE('',#10206,#687);
#336=LINE('',#10208,#688);
#337=LINE('',#10210,#689);
#338=LINE('',#10213,#690);
#339=LINE('',#10215,#691);
#340=LINE('',#10218,#692);
#341=LINE('',#10221,#693);
#342=LINE('',#10223,#694);
#343=LINE('',#10225,#695);
#344=LINE('',#10227,#696);
#345=LINE('',#10229,#697);
#346=LINE('',#10244,#698);
#347=LINE('',#10252,#699);
#348=LINE('',#10272,#700);
#349=LINE('',#10276,#701);
#350=LINE('',#10290,#702);
#351=LINE('',#10294,#703);
#352=LINE('',#10297,#704);
#353=LINE('',#10299,#705);
#354=LINE('',#10301,#706);
#355=LINE('',#10303,#707);
#356=LINE('',#10308,#708);
#357=LINE('',#10309,#709);
#358=LINE('',#10312,#710);
#359=LINE('',#10313,#711);
#360=LINE('',#10316,#712);
#361=LINE('',#10319,#713);
#362=LINE('',#10322,#714);
#363=LINE('',#10323,#715);
#364=LINE('',#10326,#716);
#365=LINE('',#10330,#717);
#366=LINE('',#10334,#718);
#367=LINE('',#10338,#719);
#368=LINE('',#10342,#720);
#369=LINE('',#10346,#721);
#370=LINE('',#10350,#722);
#371=LINE('',#10365,#723);
#372=LINE('',#10378,#724);
#373=LINE('',#10380,#725);
#374=LINE('',#10382,#726);
#375=LINE('',#10384,#727);
#376=LINE('',#10385,#728);
#377=LINE('',#10387,#729);
#378=LINE('',#10389,#730);
#379=LINE('',#10390,#731);
#380=LINE('',#10393,#732);
#381=LINE('',#10395,#733);
#382=LINE('',#10397,#734);
#383=LINE('',#10399,#735);
#384=LINE('',#10400,#736);
#385=LINE('',#10403,#737);
#386=LINE('',#10407,#738);
#387=LINE('',#10410,#739);
#388=LINE('',#10412,#740);
#389=LINE('',#10414,#741);
#390=LINE('',#10416,#742);
#391=LINE('',#10418,#743);
#392=LINE('',#10421,#744);
#393=LINE('',#10425,#745);
#394=LINE('',#10428,#746);
#395=LINE('',#10430,#747);
#396=LINE('',#10433,#748);
#397=LINE('',#10445,#749);
#398=LINE('',#10458,#750);
#399=LINE('',#10462,#751);
#400=LINE('',#10463,#752);
#401=LINE('',#10464,#753);
#402=LINE('',#10468,#754);
#403=LINE('',#10472,#755);
#404=LINE('',#10475,#756);
#405=LINE('',#10476,#757);
#406=LINE('',#10479,#758);
#407=LINE('',#10480,#759);
#408=LINE('',#10484,#760);
#409=LINE('',#10488,#761);
#410=LINE('',#10490,#762);
#411=LINE('',#10496,#763);
#412=LINE('',#10510,#764);
#413=LINE('',#10545,#765);
#414=LINE('',#10557,#766);
#415=LINE('',#10562,#767);
#416=LINE('',#10601,#768);
#417=LINE('',#10604,#769);
#418=LINE('',#10605,#770);
#419=LINE('',#10616,#771);
#420=LINE('',#10618,#772);
#421=LINE('',#10620,#773);
#422=LINE('',#10622,#774);
#423=LINE('',#10624,#775);
#424=LINE('',#10630,#776);
#425=LINE('',#10631,#777);
#426=LINE('',#10634,#778);
#427=LINE('',#10671,#779);
#428=LINE('',#10674,#780);
#429=LINE('',#10676,#781);
#430=LINE('',#10684,#782);
#431=LINE('',#10687,#783);
#432=LINE('',#10693,#784);
#433=LINE('',#10699,#785);
#434=LINE('',#10702,#786);
#435=LINE('',#10708,#787);
#436=LINE('',#10712,#788);
#437=LINE('',#10714,#789);
#438=LINE('',#10716,#790);
#439=LINE('',#10724,#791);
#440=LINE('',#10726,#792);
#441=LINE('',#10728,#793);
#442=LINE('',#10730,#794);
#443=LINE('',#10732,#795);
#444=LINE('',#10740,#796);
#445=LINE('',#10742,#797);
#446=LINE('',#10744,#798);
#447=LINE('',#10746,#799);
#448=LINE('',#10748,#800);
#449=LINE('',#10761,#801);
#450=LINE('',#10763,#802);
#451=LINE('',#10765,#803);
#452=LINE('',#10778,#804);
#453=LINE('',#10779,#805);
#454=LINE('',#10782,#806);
#455=LINE('',#10784,#807);
#456=LINE('',#10786,#808);
#457=LINE('',#10787,#809);
#458=LINE('',#10791,#810);
#459=LINE('',#10811,#811);
#460=LINE('',#10813,#812);
#461=LINE('',#10814,#813);
#462=LINE('',#10818,#814);
#463=LINE('',#10844,#815);
#464=LINE('',#10856,#816);
#465=LINE('',#10858,#817);
#466=LINE('',#10860,#818);
#467=LINE('',#10868,#819);
#468=LINE('',#10923,#820);
#469=LINE('',#10933,#821);
#470=LINE('',#10950,#822);
#471=LINE('',#10954,#823);
#472=LINE('',#10960,#824);
#473=LINE('',#10964,#825);
#474=LINE('',#10970,#826);
#475=LINE('',#10974,#827);
#476=LINE('',#10980,#828);
#477=LINE('',#10984,#829);
#478=LINE('',#10990,#830);
#479=LINE('',#10994,#831);
#480=LINE('',#11000,#832);
#481=LINE('',#11004,#833);
#482=LINE('',#11036,#834);
#483=LINE('',#11079,#835);
#484=LINE('',#11086,#836);
#485=LINE('',#11101,#837);
#486=LINE('',#11150,#838);
#487=LINE('',#11163,#839);
#488=LINE('',#11190,#840);
#489=LINE('',#11197,#841);
#490=LINE('',#11204,#842);
#491=LINE('',#11211,#843);
#492=LINE('',#11238,#844);
#493=LINE('',#11245,#845);
#494=LINE('',#11263,#846);
#495=LINE('',#11285,#847);
#496=LINE('',#11294,#848);
#497=LINE('',#11296,#849);
#498=LINE('',#11298,#850);
#499=LINE('',#11299,#851);
#500=LINE('',#11305,#852);
#501=LINE('',#11307,#853);
#502=LINE('',#11308,#854);
#503=LINE('',#11312,#855);
#504=LINE('',#11316,#856);
#505=LINE('',#11320,#857);
#506=LINE('',#11321,#858);
#507=LINE('',#11353,#859);
#508=LINE('',#11357,#860);
#509=LINE('',#11361,#861);
#510=LINE('',#11364,#862);
#511=LINE('',#11395,#863);
#512=LINE('',#11398,#864);
#513=LINE('',#11403,#865);
#514=LINE('',#11404,#866);
#515=LINE('',#11407,#867);
#516=LINE('',#11408,#868);
#517=LINE('',#11412,#869);
#518=LINE('',#11416,#870);
#519=LINE('',#11422,#871);
#520=LINE('',#11430,#872);
#521=LINE('',#11431,#873);
#522=LINE('',#11435,#874);
#523=LINE('',#11437,#875);
#524=LINE('',#11458,#876);
#525=LINE('',#11465,#877);
#526=LINE('',#11469,#878);
#527=LINE('',#11503,#879);
#528=LINE('',#11506,#880);
#529=LINE('',#11507,#881);
#530=LINE('',#11546,#882);
#531=LINE('',#11824,#883);
#532=LINE('',#11825,#884);
#533=LINE('',#11826,#885);
#534=LINE('',#11849,#886);
#535=LINE('',#11991,#887);
#536=LINE('',#12200,#888);
#537=LINE('',#12203,#889);
#538=LINE('',#12204,#890);
#539=LINE('',#12221,#891);
#540=LINE('',#12250,#892);
#541=LINE('',#12252,#893);
#542=LINE('',#12254,#894);
#543=LINE('',#12255,#895);
#544=LINE('',#12259,#896);
#545=LINE('',#12260,#897);
#546=LINE('',#12261,#898);
#547=LINE('',#12264,#899);
#548=LINE('',#12266,#900);
#549=LINE('',#12267,#901);
#550=LINE('',#12269,#902);
#551=LINE('',#12287,#903);
#552=LINE('',#12301,#904);
#553=LINE('',#12310,#905);
#554=LINE('',#12316,#906);
#555=VECTOR('',#5991,1.5);
#556=VECTOR('',#6000,1.49999999999999);
#557=VECTOR('',#6009,1.5);
#558=VECTOR('',#6018,1.49999999999999);
#559=VECTOR('',#6027,1.5);
#560=VECTOR('',#6036,1.49999999999999);
#561=VECTOR('',#6045,1.5);
#562=VECTOR('',#6054,1.49999999999999);
#563=VECTOR('',#6063,1.50000000000001);
#564=VECTOR('',#6080,10.);
#565=VECTOR('',#6081,10.);
#566=VECTOR('',#6094,10.);
#567=VECTOR('',#6095,10.);
#568=VECTOR('',#6118,10.);
#569=VECTOR('',#6119,10.);
#570=VECTOR('',#6124,10.);
#571=VECTOR('',#6125,10.);
#572=VECTOR('',#6128,10.);
#573=VECTOR('',#6129,10.);
#574=VECTOR('',#6132,10.);
#575=VECTOR('',#6133,10.);
#576=VECTOR('',#6138,10.);
#577=VECTOR('',#6139,10.);
#578=VECTOR('',#6142,10.);
#579=VECTOR('',#6143,10.);
#580=VECTOR('',#6146,10.);
#581=VECTOR('',#6147,10.);
#582=VECTOR('',#6150,10.);
#583=VECTOR('',#6151,10.);
#584=VECTOR('',#6154,10.);
#585=VECTOR('',#6155,10.);
#586=VECTOR('',#6158,10.);
#587=VECTOR('',#6159,10.);
#588=VECTOR('',#6160,10.);
#589=VECTOR('',#6163,10.);
#590=VECTOR('',#6166,10.);
#591=VECTOR('',#6179,10.);
#592=VECTOR('',#6180,10.);
#593=VECTOR('',#6181,10.);
#594=VECTOR('',#6182,10.);
#595=VECTOR('',#6191,3.00000000000001);
#596=VECTOR('',#6194,3.00000000000001);
#597=VECTOR('',#6197,10.);
#598=VECTOR('',#6200,10.);
#599=VECTOR('',#6203,10.);
#600=VECTOR('',#6206,10.);
#601=VECTOR('',#6207,10.);
#602=VECTOR('',#6208,10.);
#603=VECTOR('',#6209,10.);
#604=VECTOR('',#6210,10.);
#605=VECTOR('',#6211,10.);
#606=VECTOR('',#6212,10.);
#607=VECTOR('',#6217,10.);
#608=VECTOR('',#6218,10.);
#609=VECTOR('',#6229,10.);
#610=VECTOR('',#6230,10.);
#611=VECTOR('',#6233,10.);
#612=VECTOR('',#6234,10.);
#613=VECTOR('',#6239,10.);
#614=VECTOR('',#6242,3.);
#615=VECTOR('',#6259,10.);
#616=VECTOR('',#6262,10.);
#617=VECTOR('',#6265,10.);
#618=VECTOR('',#6266,10.);
#619=VECTOR('',#6267,10.);
#620=VECTOR('',#6270,10.);
#621=VECTOR('',#6273,10.);
#622=VECTOR('',#6276,10.);
#623=VECTOR('',#6279,10.);
#624=VECTOR('',#6282,10.);
#625=VECTOR('',#6285,10.);
#626=VECTOR('',#6288,10.);
#627=VECTOR('',#6291,10.);
#628=VECTOR('',#6294,10.);
#629=VECTOR('',#6301,10.);
#630=VECTOR('',#6304,10.);
#631=VECTOR('',#6305,10.);
#632=VECTOR('',#6308,10.);
#633=VECTOR('',#6313,10.);
#634=VECTOR('',#6314,10.);
#635=VECTOR('',#6317,10.);
#636=VECTOR('',#6320,10.);
#637=VECTOR('',#6323,10.);
#638=VECTOR('',#6328,10.);
#639=VECTOR('',#6331,10.);
#640=VECTOR('',#6336,10.);
#641=VECTOR('',#6339,10.);
#642=VECTOR('',#6342,10.);
#643=VECTOR('',#6345,10.);
#644=VECTOR('',#6348,10.);
#645=VECTOR('',#6351,10.);
#646=VECTOR('',#6354,10.);
#647=VECTOR('',#6357,10.);
#648=VECTOR('',#6360,10.);
#649=VECTOR('',#6365,10.);
#650=VECTOR('',#6370,10.);
#651=VECTOR('',#6375,10.);
#652=VECTOR('',#6380,10.);
#653=VECTOR('',#6385,10.);
#654=VECTOR('',#6390,10.);
#655=VECTOR('',#6393,10.);
#656=VECTOR('',#6396,10.);
#657=VECTOR('',#6399,10.);
#658=VECTOR('',#6402,10.);
#659=VECTOR('',#6405,10.);
#660=VECTOR('',#6408,10.);
#661=VECTOR('',#6411,10.);
#662=VECTOR('',#6414,10.);
#663=VECTOR('',#6417,10.);
#664=VECTOR('',#6420,10.);
#665=VECTOR('',#6425,10.);
#666=VECTOR('',#6430,10.);
#667=VECTOR('',#6433,10.);
#668=VECTOR('',#6438,10.);
#669=VECTOR('',#6441,10.);
#670=VECTOR('',#6444,10.);
#671=VECTOR('',#6447,10.);
#672=VECTOR('',#6450,10.);
#673=VECTOR('',#6453,10.);
#674=VECTOR('',#6454,10.);
#675=VECTOR('',#6457,10.);
#676=VECTOR('',#6460,10.);
#677=VECTOR('',#6461,10.);
#678=VECTOR('',#6462,10.);
#679=VECTOR('',#6467,10.);
#680=VECTOR('',#6468,10.);
#681=VECTOR('',#6469,10.);
#682=VECTOR('',#6472,10.);
#683=VECTOR('',#6475,10.);
#684=VECTOR('',#6478,10.);
#685=VECTOR('',#6481,10.);
#686=VECTOR('',#6482,10.);
#687=VECTOR('',#6485,10.);
#688=VECTOR('',#6488,10.);
#689=VECTOR('',#6491,10.);
#690=VECTOR('',#6494,10.);
#691=VECTOR('',#6497,10.);
#692=VECTOR('',#6500,10.);
#693=VECTOR('',#6505,10.);
#694=VECTOR('',#6508,10.);
#695=VECTOR('',#6511,10.);
#696=VECTOR('',#6514,10.);
#697=VECTOR('',#6517,10.);
#698=VECTOR('',#6520,10.);
#699=VECTOR('',#6523,10.);
#700=VECTOR('',#6524,10.);
#701=VECTOR('',#6527,10.);
#702=VECTOR('',#6530,10.);
#703=VECTOR('',#6535,10.);
#704=VECTOR('',#6540,10.);
#705=VECTOR('',#6543,10.);
#706=VECTOR('',#6546,10.);
#707=VECTOR('',#6549,10.);
#708=VECTOR('',#6554,10.);
#709=VECTOR('',#6555,10.);
#710=VECTOR('',#6558,10.);
#711=VECTOR('',#6559,10.);
#712=VECTOR('',#6562,10.);
#713=VECTOR('',#6565,10.);
#714=VECTOR('',#6568,10.);
#715=VECTOR('',#6569,10.);
#716=VECTOR('',#6572,10.);
#717=VECTOR('',#6577,10.);
#718=VECTOR('',#6580,10.);
#719=VECTOR('',#6583,10.);
#720=VECTOR('',#6586,10.);
#721=VECTOR('',#6589,10.);
#722=VECTOR('',#6592,10.);
#723=VECTOR('',#6595,10.);
#724=VECTOR('',#6598,10.);
#725=VECTOR('',#6601,10.);
#726=VECTOR('',#6604,10.);
#727=VECTOR('',#6607,10.);
#728=VECTOR('',#6608,10.);
#729=VECTOR('',#6611,10.);
#730=VECTOR('',#6614,10.);
#731=VECTOR('',#6615,10.);
#732=VECTOR('',#6620,10.);
#733=VECTOR('',#6623,10.);
#734=VECTOR('',#6626,10.);
#735=VECTOR('',#6629,10.);
#736=VECTOR('',#6630,10.);
#737=VECTOR('',#6633,10.);
#738=VECTOR('',#6638,10.);
#739=VECTOR('',#6643,10.);
#740=VECTOR('',#6646,10.);
#741=VECTOR('',#6649,10.);
#742=VECTOR('',#6652,10.);
#743=VECTOR('',#6655,10.);
#744=VECTOR('',#6658,10.);
#745=VECTOR('',#6663,10.);
#746=VECTOR('',#6668,10.);
#747=VECTOR('',#6671,10.);
#748=VECTOR('',#6676,10.);
#749=VECTOR('',#6679,10.);
#750=VECTOR('',#6684,10.);
#751=VECTOR('',#6687,10.);
#752=VECTOR('',#6688,10.);
#753=VECTOR('',#6689,10.);
#754=VECTOR('',#6694,10.);
#755=VECTOR('',#6699,10.);
#756=VECTOR('',#6702,10.);
#757=VECTOR('',#6703,10.);
#758=VECTOR('',#6706,10.);
#759=VECTOR('',#6707,10.);
#760=VECTOR('',#6712,10.);
#761=VECTOR('',#6717,10.);
#762=VECTOR('',#6720,10.);
#763=VECTOR('',#6731,10.);
#764=VECTOR('',#6738,10.);
#765=VECTOR('',#6747,10.);
#766=VECTOR('',#6752,10.);
#767=VECTOR('',#6757,1.5);
#768=VECTOR('',#6762,1.5);
#769=VECTOR('',#6767,10.);
#770=VECTOR('',#6768,10.);
#771=VECTOR('',#6775,10.);
#772=VECTOR('',#6776,10.);
#773=VECTOR('',#6777,10.);
#774=VECTOR('',#6778,10.);
#775=VECTOR('',#6779,10.);
#776=VECTOR('',#6780,10.);
#777=VECTOR('',#6781,10.);
#778=VECTOR('',#6784,1.49999999999999);
#779=VECTOR('',#6787,1.5);
#780=VECTOR('',#6792,10.);
#781=VECTOR('',#6795,10.);
#782=VECTOR('',#6804,10.);
#783=VECTOR('',#6807,10.);
#784=VECTOR('',#6814,10.);
#785=VECTOR('',#6819,10.);
#786=VECTOR('',#6822,10.);
#787=VECTOR('',#6829,10.);
#788=VECTOR('',#6832,10.);
#789=VECTOR('',#6833,10.);
#790=VECTOR('',#6834,10.);
#791=VECTOR('',#6835,10.);
#792=VECTOR('',#6836,10.);
#793=VECTOR('',#6837,10.);
#794=VECTOR('',#6838,10.);
#795=VECTOR('',#6839,10.);
#796=VECTOR('',#6840,10.);
#797=VECTOR('',#6841,10.);
#798=VECTOR('',#6842,10.);
#799=VECTOR('',#6843,10.);
#800=VECTOR('',#6844,10.);
#801=VECTOR('',#6845,10.);
#802=VECTOR('',#6846,10.);
#803=VECTOR('',#6847,10.);
#804=VECTOR('',#6848,10.);
#805=VECTOR('',#6849,10.);
#806=VECTOR('',#6850,10.);
#807=VECTOR('',#6851,10.);
#808=VECTOR('',#6852,10.);
#809=VECTOR('',#6853,10.);
#810=VECTOR('',#6858,10.);
#811=VECTOR('',#6865,10.);
#812=VECTOR('',#6866,10.);
#813=VECTOR('',#6867,10.);
#814=VECTOR('',#6874,10.);
#815=VECTOR('',#6885,10.);
#816=VECTOR('',#6890,10.);
#817=VECTOR('',#6891,10.);
#818=VECTOR('',#6892,10.);
#819=VECTOR('',#6895,10.);
#820=VECTOR('',#6908,10.);
#821=VECTOR('',#6919,10.);
#822=VECTOR('',#6936,1.25);
#823=VECTOR('',#6941,1.25);
#824=VECTOR('',#6948,1.25);
#825=VECTOR('',#6953,1.25);
#826=VECTOR('',#6960,1.25);
#827=VECTOR('',#6965,1.25);
#828=VECTOR('',#6972,1.25);
#829=VECTOR('',#6977,1.25);
#830=VECTOR('',#6984,1.25);
#831=VECTOR('',#6989,1.25);
#832=VECTOR('',#6996,1.25);
#833=VECTOR('',#7001,1.25);
#834=VECTOR('',#7012,2.);
#835=VECTOR('',#7023,1.99999999999999);
#836=VECTOR('',#7032,2.);
#837=VECTOR('',#7039,2.);
#838=VECTOR('',#7050,2.);
#839=VECTOR('',#7059,2.);
#840=VECTOR('',#7068,2.);
#841=VECTOR('',#7077,1.99999999999999);
#842=VECTOR('',#7086,2.);
#843=VECTOR('',#7095,2.);
#844=VECTOR('',#7104,2.);
#845=VECTOR('',#7113,2.);
#846=VECTOR('',#7118,10.);
#847=VECTOR('',#7121,10.);
#848=VECTOR('',#7124,10.);
#849=VECTOR('',#7125,10.);
#850=VECTOR('',#7126,10.);
#851=VECTOR('',#7127,10.);
#852=VECTOR('',#7136,10.);
#853=VECTOR('',#7137,10.);
#854=VECTOR('',#7138,10.);
#855=VECTOR('',#7141,10.);
#856=VECTOR('',#7144,10.);
#857=VECTOR('',#7147,10.);
#858=VECTOR('',#7148,10.);
#859=VECTOR('',#7171,10.);
#860=VECTOR('',#7176,10.);
#861=VECTOR('',#7179,10.);
#862=VECTOR('',#7182,10.);
#863=VECTOR('',#7201,10.);
#864=VECTOR('',#7204,10.);
#865=VECTOR('',#7209,10.);
#866=VECTOR('',#7210,10.);
#867=VECTOR('',#7213,10.);
#868=VECTOR('',#7214,10.);
#869=VECTOR('',#7219,10.);
#870=VECTOR('',#7222,10.);
#871=VECTOR('',#7227,10.);
#872=VECTOR('',#7238,10.);
#873=VECTOR('',#7239,10.);
#874=VECTOR('',#7242,10.);
#875=VECTOR('',#7243,10.);
#876=VECTOR('',#7244,10.);
#877=VECTOR('',#7255,10.);
#878=VECTOR('',#7260,10.);
#879=VECTOR('',#7267,10.);
#880=VECTOR('',#7270,10.);
#881=VECTOR('',#7271,10.);
#882=VECTOR('',#7286,10.);
#883=VECTOR('',#7337,10.);
#884=VECTOR('',#7338,10.);
#885=VECTOR('',#7339,10.);
#886=VECTOR('',#7356,10.);
#887=VECTOR('',#7371,10.);
#888=VECTOR('',#7378,10.);
#889=VECTOR('',#7381,10.);
#890=VECTOR('',#7382,10.);
#891=VECTOR('',#7397,10.);
#892=VECTOR('',#7414,10.);
#893=VECTOR('',#7415,10.);
#894=VECTOR('',#7416,10.);
#895=VECTOR('',#7417,10.);
#896=VECTOR('',#7420,10.);
#897=VECTOR('',#7421,10.);
#898=VECTOR('',#7422,10.);
#899=VECTOR('',#7425,10.);
#900=VECTOR('',#7426,10.);
#901=VECTOR('',#7427,10.);
#902=VECTOR('',#7430,10.);
#903=VECTOR('',#7435,10.);
#904=VECTOR('',#7438,10.);
#905=VECTOR('',#7441,10.);
#906=VECTOR('',#7444,10.);
#907=CYLINDRICAL_SURFACE('',#5400,1.5);
#908=CYLINDRICAL_SURFACE('',#5404,1.49999999999999);
#909=CYLINDRICAL_SURFACE('',#5408,1.5);
#910=CYLINDRICAL_SURFACE('',#5412,1.49999999999999);
#911=CYLINDRICAL_SURFACE('',#5416,1.5);
#912=CYLINDRICAL_SURFACE('',#5420,1.49999999999999);
#913=CYLINDRICAL_SURFACE('',#5424,1.5);
#914=CYLINDRICAL_SURFACE('',#5428,1.49999999999999);
#915=CYLINDRICAL_SURFACE('',#5432,1.50000000000001);
#916=CYLINDRICAL_SURFACE('',#5441,0.5);
#917=CYLINDRICAL_SURFACE('',#5447,0.5);
#918=CYLINDRICAL_SURFACE('',#5458,0.5);
#919=CYLINDRICAL_SURFACE('',#5460,0.5);
#920=CYLINDRICAL_SURFACE('',#5461,0.5);
#921=CYLINDRICAL_SURFACE('',#5462,0.5);
#922=CYLINDRICAL_SURFACE('',#5464,0.5);
#923=CYLINDRICAL_SURFACE('',#5465,0.5);
#924=CYLINDRICAL_SURFACE('',#5466,0.5);
#925=CYLINDRICAL_SURFACE('',#5467,0.5);
#926=CYLINDRICAL_SURFACE('',#5468,0.5);
#927=CYLINDRICAL_SURFACE('',#5470,3.);
#928=CYLINDRICAL_SURFACE('',#5480,3.00000000000001);
#929=CYLINDRICAL_SURFACE('',#5483,12.);
#930=CYLINDRICAL_SURFACE('',#5492,3.);
#931=CYLINDRICAL_SURFACE('',#5495,3.);
#932=CYLINDRICAL_SURFACE('',#5504,1.);
#933=CYLINDRICAL_SURFACE('',#5518,1.);
#934=CYLINDRICAL_SURFACE('',#5521,1.);
#935=CYLINDRICAL_SURFACE('',#5524,1.);
#936=CYLINDRICAL_SURFACE('',#5527,1.);
#937=CYLINDRICAL_SURFACE('',#5570,1.);
#938=CYLINDRICAL_SURFACE('',#5572,1.);
#939=CYLINDRICAL_SURFACE('',#5574,1.);
#940=CYLINDRICAL_SURFACE('',#5575,12.);
#941=CYLINDRICAL_SURFACE('',#5578,1.);
#942=CYLINDRICAL_SURFACE('',#5580,1.);
#943=CYLINDRICAL_SURFACE('',#5581,1.);
#944=CYLINDRICAL_SURFACE('',#5583,1.);
#945=CYLINDRICAL_SURFACE('',#5585,1.);
#946=CYLINDRICAL_SURFACE('',#5590,1.);
#947=CYLINDRICAL_SURFACE('',#5592,1.);
#948=CYLINDRICAL_SURFACE('',#5593,1.);
#949=CYLINDRICAL_SURFACE('',#5594,1.);
#950=CYLINDRICAL_SURFACE('',#5595,12.);
#951=CYLINDRICAL_SURFACE('',#5597,1.);
#952=CYLINDRICAL_SURFACE('',#5602,1.);
#953=CYLINDRICAL_SURFACE('',#5603,1.);
#954=CYLINDRICAL_SURFACE('',#5605,1.);
#955=CYLINDRICAL_SURFACE('',#5608,1.);
#956=CYLINDRICAL_SURFACE('',#5611,1.);
#957=CYLINDRICAL_SURFACE('',#5622,1.);
#958=CYLINDRICAL_SURFACE('',#5623,1.);
#959=CYLINDRICAL_SURFACE('',#5625,1.);
#960=CYLINDRICAL_SURFACE('',#5627,1.);
#961=CYLINDRICAL_SURFACE('',#5629,1.);
#962=CYLINDRICAL_SURFACE('',#5630,1.);
#963=CYLINDRICAL_SURFACE('',#5631,1.);
#964=CYLINDRICAL_SURFACE('',#5636,1.);
#965=CYLINDRICAL_SURFACE('',#5637,1.);
#966=CYLINDRICAL_SURFACE('',#5639,1.);
#967=CYLINDRICAL_SURFACE('',#5640,1.);
#968=CYLINDRICAL_SURFACE('',#5645,1.);
#969=CYLINDRICAL_SURFACE('',#5646,1.);
#970=CYLINDRICAL_SURFACE('',#5648,4.00000000000001);
#971=CYLINDRICAL_SURFACE('',#5649,4.);
#972=CYLINDRICAL_SURFACE('',#5652,7.00000000000001);
#973=CYLINDRICAL_SURFACE('',#5654,6.99999999999997);
#974=CYLINDRICAL_SURFACE('',#5658,7.);
#975=CYLINDRICAL_SURFACE('',#5660,6.99999999999996);
#976=CYLINDRICAL_SURFACE('',#5668,3.99999999999997);
#977=CYLINDRICAL_SURFACE('',#5671,3.99999999999995);
#978=CYLINDRICAL_SURFACE('',#5673,7.);
#979=CYLINDRICAL_SURFACE('',#5677,1.5);
#980=CYLINDRICAL_SURFACE('',#5679,1.5);
#981=CYLINDRICAL_SURFACE('',#5684,12.);
#982=CYLINDRICAL_SURFACE('',#5686,1.49999999999999);
#983=CYLINDRICAL_SURFACE('',#5687,1.5);
#984=CYLINDRICAL_SURFACE('',#5693,8.87298334620742);
#985=CYLINDRICAL_SURFACE('',#5696,11.1270166537926);
#986=CYLINDRICAL_SURFACE('',#5699,11.1270166537926);
#987=CYLINDRICAL_SURFACE('',#5702,8.87298334620742);
#988=CYLINDRICAL_SURFACE('',#5711,3.);
#989=CYLINDRICAL_SURFACE('',#5713,5.);
#990=CYLINDRICAL_SURFACE('',#5721,5.);
#991=CYLINDRICAL_SURFACE('',#5727,8.);
#992=CYLINDRICAL_SURFACE('',#5739,1.25);
#993=CYLINDRICAL_SURFACE('',#5742,1.25);
#994=CYLINDRICAL_SURFACE('',#5744,1.25);
#995=CYLINDRICAL_SURFACE('',#5747,1.25);
#996=CYLINDRICAL_SURFACE('',#5749,1.25);
#997=CYLINDRICAL_SURFACE('',#5752,1.25);
#998=CYLINDRICAL_SURFACE('',#5754,1.25);
#999=CYLINDRICAL_SURFACE('',#5757,1.25);
#1000=CYLINDRICAL_SURFACE('',#5759,1.25);
#1001=CYLINDRICAL_SURFACE('',#5762,1.25);
#1002=CYLINDRICAL_SURFACE('',#5764,1.25);
#1003=CYLINDRICAL_SURFACE('',#5767,1.25);
#1004=CYLINDRICAL_SURFACE('',#5771,2.);
#1005=CYLINDRICAL_SURFACE('',#5775,1.99999999999999);
#1006=CYLINDRICAL_SURFACE('',#5780,2.);
#1007=CYLINDRICAL_SURFACE('',#5784,2.);
#1008=CYLINDRICAL_SURFACE('',#5788,2.);
#1009=CYLINDRICAL_SURFACE('',#5792,2.);
#1010=CYLINDRICAL_SURFACE('',#5796,2.);
#1011=CYLINDRICAL_SURFACE('',#5800,1.99999999999999);
#1012=CYLINDRICAL_SURFACE('',#5804,2.);
#1013=CYLINDRICAL_SURFACE('',#5808,2.);
#1014=CYLINDRICAL_SURFACE('',#5812,2.);
#1015=CYLINDRICAL_SURFACE('',#5816,2.);
#1016=CYLINDRICAL_SURFACE('',#5818,15.);
#1017=CYLINDRICAL_SURFACE('',#5822,15.);
#1018=CYLINDRICAL_SURFACE('',#5829,10.);
#1019=CYLINDRICAL_SURFACE('',#5833,10.);
#1020=CYLINDRICAL_SURFACE('',#5836,10.);
#1021=CYLINDRICAL_SURFACE('',#5844,10.);
#1022=CYLINDRICAL_SURFACE('',#5847,10.);
#1023=CYLINDRICAL_SURFACE('',#5850,10.);
#1024=CYLINDRICAL_SURFACE('',#5851,15.);
#1025=CYLINDRICAL_SURFACE('',#5854,10.);
#1026=CYLINDRICAL_SURFACE('',#5857,10.);
#1027=CYLINDRICAL_SURFACE('',#5865,10.);
#1028=CYLINDRICAL_SURFACE('',#5873,10.);
#1029=CYLINDRICAL_SURFACE('',#5877,10.);
#1030=CYLINDRICAL_SURFACE('',#5879,10.);
#1031=CYLINDRICAL_SURFACE('',#5893,10.);
#1032=CYLINDRICAL_SURFACE('',#5899,5.);
#1033=CYLINDRICAL_SURFACE('',#5900,5.);
#1034=CYLINDRICAL_SURFACE('',#5904,10.);
#1035=CYLINDRICAL_SURFACE('',#5905,10.);
#1036=CYLINDRICAL_SURFACE('',#5906,10.);
#1037=CYLINDRICAL_SURFACE('',#5908,10.);
#1038=CYLINDRICAL_SURFACE('',#5911,5.);
#1039=CYLINDRICAL_SURFACE('',#5912,13.);
#1040=CYLINDRICAL_SURFACE('',#5914,13.);
#1041=CYLINDRICAL_SURFACE('',#5918,8.);
#1042=CYLINDRICAL_SURFACE('',#5925,13.);
#1043=CYLINDRICAL_SURFACE('',#5928,7.);
#1044=CYLINDRICAL_SURFACE('',#5930,7.);
#1045=CYLINDRICAL_SURFACE('',#5937,12.);
#1046=CYLINDRICAL_SURFACE('',#5939,7.);
#1047=CYLINDRICAL_SURFACE('',#5941,12.);
#1048=CYLINDRICAL_SURFACE('',#5942,5.);
#1049=CYLINDRICAL_SURFACE('',#5943,5.);
#1050=CYLINDRICAL_SURFACE('',#5947,5.);
#1051=CYLINDRICAL_SURFACE('',#5949,8.);
#1052=CYLINDRICAL_SURFACE('',#5950,8.);
#1053=CYLINDRICAL_SURFACE('',#5951,8.);
#1054=CYLINDRICAL_SURFACE('',#5952,5.);
#1055=CYLINDRICAL_SURFACE('',#5954,13.);
#1056=CYLINDRICAL_SURFACE('',#5962,5.);
#1057=CYLINDRICAL_SURFACE('',#5963,5.);
#1058=CYLINDRICAL_SURFACE('',#5964,13.);
#1059=FACE_OUTER_BOUND('',#1376,.T.);
#1060=FACE_OUTER_BOUND('',#1377,.T.);
#1061=FACE_OUTER_BOUND('',#1378,.T.);
#1062=FACE_OUTER_BOUND('',#1379,.T.);
#1063=FACE_OUTER_BOUND('',#1380,.T.);
#1064=FACE_OUTER_BOUND('',#1381,.T.);
#1065=FACE_OUTER_BOUND('',#1382,.T.);
#1066=FACE_OUTER_BOUND('',#1383,.T.);
#1067=FACE_OUTER_BOUND('',#1384,.T.);
#1068=FACE_OUTER_BOUND('',#1385,.T.);
#1069=FACE_OUTER_BOUND('',#1386,.T.);
#1070=FACE_OUTER_BOUND('',#1387,.T.);
#1071=FACE_OUTER_BOUND('',#1388,.T.);
#1072=FACE_OUTER_BOUND('',#1389,.T.);
#1073=FACE_OUTER_BOUND('',#1390,.T.);
#1074=FACE_OUTER_BOUND('',#1391,.T.);
#1075=FACE_OUTER_BOUND('',#1392,.T.);
#1076=FACE_OUTER_BOUND('',#1393,.T.);
#1077=FACE_OUTER_BOUND('',#1394,.T.);
#1078=FACE_OUTER_BOUND('',#1395,.T.);
#1079=FACE_OUTER_BOUND('',#1396,.T.);
#1080=FACE_OUTER_BOUND('',#1397,.T.);
#1081=FACE_OUTER_BOUND('',#1398,.T.);
#1082=FACE_OUTER_BOUND('',#1399,.T.);
#1083=FACE_OUTER_BOUND('',#1400,.T.);
#1084=FACE_OUTER_BOUND('',#1401,.T.);
#1085=FACE_OUTER_BOUND('',#1402,.T.);
#1086=FACE_OUTER_BOUND('',#1403,.T.);
#1087=FACE_OUTER_BOUND('',#1404,.T.);
#1088=FACE_OUTER_BOUND('',#1405,.T.);
#1089=FACE_OUTER_BOUND('',#1406,.T.);
#1090=FACE_OUTER_BOUND('',#1407,.T.);
#1091=FACE_OUTER_BOUND('',#1408,.T.);
#1092=FACE_OUTER_BOUND('',#1409,.T.);
#1093=FACE_OUTER_BOUND('',#1410,.T.);
#1094=FACE_OUTER_BOUND('',#1411,.T.);
#1095=FACE_OUTER_BOUND('',#1412,.T.);
#1096=FACE_OUTER_BOUND('',#1413,.T.);
#1097=FACE_OUTER_BOUND('',#1414,.T.);
#1098=FACE_OUTER_BOUND('',#1415,.T.);
#1099=FACE_OUTER_BOUND('',#1416,.T.);
#1100=FACE_OUTER_BOUND('',#1417,.T.);
#1101=FACE_OUTER_BOUND('',#1418,.T.);
#1102=FACE_OUTER_BOUND('',#1419,.T.);
#1103=FACE_OUTER_BOUND('',#1420,.T.);
#1104=FACE_OUTER_BOUND('',#1421,.T.);
#1105=FACE_OUTER_BOUND('',#1422,.T.);
#1106=FACE_OUTER_BOUND('',#1423,.T.);
#1107=FACE_OUTER_BOUND('',#1424,.T.);
#1108=FACE_OUTER_BOUND('',#1425,.T.);
#1109=FACE_OUTER_BOUND('',#1426,.T.);
#1110=FACE_OUTER_BOUND('',#1427,.T.);
#1111=FACE_OUTER_BOUND('',#1430,.T.);
#1112=FACE_OUTER_BOUND('',#1431,.T.);
#1113=FACE_OUTER_BOUND('',#1432,.T.);
#1114=FACE_OUTER_BOUND('',#1433,.T.);
#1115=FACE_OUTER_BOUND('',#1434,.T.);
#1116=FACE_OUTER_BOUND('',#1435,.T.);
#1117=FACE_OUTER_BOUND('',#1436,.T.);
#1118=FACE_OUTER_BOUND('',#1437,.T.);
#1119=FACE_OUTER_BOUND('',#1438,.T.);
#1120=FACE_OUTER_BOUND('',#1439,.T.);
#1121=FACE_OUTER_BOUND('',#1440,.T.);
#1122=FACE_OUTER_BOUND('',#1441,.T.);
#1123=FACE_OUTER_BOUND('',#1442,.T.);
#1124=FACE_OUTER_BOUND('',#1443,.T.);
#1125=FACE_OUTER_BOUND('',#1444,.T.);
#1126=FACE_OUTER_BOUND('',#1445,.T.);
#1127=FACE_OUTER_BOUND('',#1446,.T.);
#1128=FACE_OUTER_BOUND('',#1447,.T.);
#1129=FACE_OUTER_BOUND('',#1448,.T.);
#1130=FACE_OUTER_BOUND('',#1449,.T.);
#1131=FACE_OUTER_BOUND('',#1450,.T.);
#1132=FACE_OUTER_BOUND('',#1451,.T.);
#1133=FACE_OUTER_BOUND('',#1453,.T.);
#1134=FACE_OUTER_BOUND('',#1454,.T.);
#1135=FACE_OUTER_BOUND('',#1455,.T.);
#1136=FACE_OUTER_BOUND('',#1456,.T.);
#1137=FACE_OUTER_BOUND('',#1457,.T.);
#1138=FACE_OUTER_BOUND('',#1458,.T.);
#1139=FACE_OUTER_BOUND('',#1459,.T.);
#1140=FACE_OUTER_BOUND('',#1460,.T.);
#1141=FACE_OUTER_BOUND('',#1461,.T.);
#1142=FACE_OUTER_BOUND('',#1462,.T.);
#1143=FACE_OUTER_BOUND('',#1463,.T.);
#1144=FACE_OUTER_BOUND('',#1464,.T.);
#1145=FACE_OUTER_BOUND('',#1465,.T.);
#1146=FACE_OUTER_BOUND('',#1466,.T.);
#1147=FACE_OUTER_BOUND('',#1467,.T.);
#1148=FACE_OUTER_BOUND('',#1468,.T.);
#1149=FACE_OUTER_BOUND('',#1469,.T.);
#1150=FACE_OUTER_BOUND('',#1470,.T.);
#1151=FACE_OUTER_BOUND('',#1471,.T.);
#1152=FACE_OUTER_BOUND('',#1472,.T.);
#1153=FACE_OUTER_BOUND('',#1473,.T.);
#1154=FACE_OUTER_BOUND('',#1474,.T.);
#1155=FACE_OUTER_BOUND('',#1475,.T.);
#1156=FACE_OUTER_BOUND('',#1476,.T.);
#1157=FACE_OUTER_BOUND('',#1477,.T.);
#1158=FACE_OUTER_BOUND('',#1478,.T.);
#1159=FACE_OUTER_BOUND('',#1479,.T.);
#1160=FACE_OUTER_BOUND('',#1480,.T.);
#1161=FACE_OUTER_BOUND('',#1481,.T.);
#1162=FACE_OUTER_BOUND('',#1482,.T.);
#1163=FACE_OUTER_BOUND('',#1483,.T.);
#1164=FACE_OUTER_BOUND('',#1484,.T.);
#1165=FACE_OUTER_BOUND('',#1485,.T.);
#1166=FACE_OUTER_BOUND('',#1486,.T.);
#1167=FACE_OUTER_BOUND('',#1487,.T.);
#1168=FACE_OUTER_BOUND('',#1488,.T.);
#1169=FACE_OUTER_BOUND('',#1489,.T.);
#1170=FACE_OUTER_BOUND('',#1490,.T.);
#1171=FACE_OUTER_BOUND('',#1491,.T.);
#1172=FACE_OUTER_BOUND('',#1492,.T.);
#1173=FACE_OUTER_BOUND('',#1493,.T.);
#1174=FACE_OUTER_BOUND('',#1494,.T.);
#1175=FACE_OUTER_BOUND('',#1495,.T.);
#1176=FACE_OUTER_BOUND('',#1496,.T.);
#1177=FACE_OUTER_BOUND('',#1497,.T.);
#1178=FACE_OUTER_BOUND('',#1498,.T.);
#1179=FACE_OUTER_BOUND('',#1499,.T.);
#1180=FACE_OUTER_BOUND('',#1500,.T.);
#1181=FACE_OUTER_BOUND('',#1501,.T.);
#1182=FACE_OUTER_BOUND('',#1502,.T.);
#1183=FACE_OUTER_BOUND('',#1503,.T.);
#1184=FACE_OUTER_BOUND('',#1504,.T.);
#1185=FACE_OUTER_BOUND('',#1505,.T.);
#1186=FACE_OUTER_BOUND('',#1506,.T.);
#1187=FACE_OUTER_BOUND('',#1507,.T.);
#1188=FACE_OUTER_BOUND('',#1508,.T.);
#1189=FACE_OUTER_BOUND('',#1509,.T.);
#1190=FACE_OUTER_BOUND('',#1510,.T.);
#1191=FACE_OUTER_BOUND('',#1511,.T.);
#1192=FACE_OUTER_BOUND('',#1512,.T.);
#1193=FACE_OUTER_BOUND('',#1513,.T.);
#1194=FACE_OUTER_BOUND('',#1517,.T.);
#1195=FACE_OUTER_BOUND('',#1518,.T.);
#1196=FACE_OUTER_BOUND('',#1519,.T.);
#1197=FACE_OUTER_BOUND('',#1522,.T.);
#1198=FACE_OUTER_BOUND('',#1525,.T.);
#1199=FACE_OUTER_BOUND('',#1526,.T.);
#1200=FACE_OUTER_BOUND('',#1527,.T.);
#1201=FACE_OUTER_BOUND('',#1530,.T.);
#1202=FACE_OUTER_BOUND('',#1531,.T.);
#1203=FACE_OUTER_BOUND('',#1532,.T.);
#1204=FACE_OUTER_BOUND('',#1533,.T.);
#1205=FACE_OUTER_BOUND('',#1534,.T.);
#1206=FACE_OUTER_BOUND('',#1535,.T.);
#1207=FACE_OUTER_BOUND('',#1536,.T.);
#1208=FACE_OUTER_BOUND('',#1537,.T.);
#1209=FACE_OUTER_BOUND('',#1538,.T.);
#1210=FACE_OUTER_BOUND('',#1539,.T.);
#1211=FACE_OUTER_BOUND('',#1540,.T.);
#1212=FACE_OUTER_BOUND('',#1541,.T.);
#1213=FACE_OUTER_BOUND('',#1542,.T.);
#1214=FACE_OUTER_BOUND('',#1543,.T.);
#1215=FACE_OUTER_BOUND('',#1544,.T.);
#1216=FACE_OUTER_BOUND('',#1545,.T.);
#1217=FACE_OUTER_BOUND('',#1546,.T.);
#1218=FACE_OUTER_BOUND('',#1549,.T.);
#1219=FACE_OUTER_BOUND('',#1550,.T.);
#1220=FACE_OUTER_BOUND('',#1551,.T.);
#1221=FACE_OUTER_BOUND('',#1552,.T.);
#1222=FACE_OUTER_BOUND('',#1553,.T.);
#1223=FACE_OUTER_BOUND('',#1554,.T.);
#1224=FACE_OUTER_BOUND('',#1555,.T.);
#1225=FACE_OUTER_BOUND('',#1556,.T.);
#1226=FACE_OUTER_BOUND('',#1557,.T.);
#1227=FACE_OUTER_BOUND('',#1558,.T.);
#1228=FACE_OUTER_BOUND('',#1559,.T.);
#1229=FACE_OUTER_BOUND('',#1560,.T.);
#1230=FACE_OUTER_BOUND('',#1561,.T.);
#1231=FACE_OUTER_BOUND('',#1563,.T.);
#1232=FACE_OUTER_BOUND('',#1564,.T.);
#1233=FACE_OUTER_BOUND('',#1565,.T.);
#1234=FACE_OUTER_BOUND('',#1566,.T.);
#1235=FACE_OUTER_BOUND('',#1567,.T.);
#1236=FACE_OUTER_BOUND('',#1568,.T.);
#1237=FACE_OUTER_BOUND('',#1569,.T.);
#1238=FACE_OUTER_BOUND('',#1570,.T.);
#1239=FACE_OUTER_BOUND('',#1571,.T.);
#1240=FACE_OUTER_BOUND('',#1572,.T.);
#1241=FACE_OUTER_BOUND('',#1573,.T.);
#1242=FACE_OUTER_BOUND('',#1574,.T.);
#1243=FACE_OUTER_BOUND('',#1575,.T.);
#1244=FACE_OUTER_BOUND('',#1576,.T.);
#1245=FACE_OUTER_BOUND('',#1583,.T.);
#1246=FACE_OUTER_BOUND('',#1584,.T.);
#1247=FACE_OUTER_BOUND('',#1585,.T.);
#1248=FACE_OUTER_BOUND('',#1586,.T.);
#1249=FACE_OUTER_BOUND('',#1587,.T.);
#1250=FACE_OUTER_BOUND('',#1588,.T.);
#1251=FACE_OUTER_BOUND('',#1589,.T.);
#1252=FACE_OUTER_BOUND('',#1590,.T.);
#1253=FACE_OUTER_BOUND('',#1591,.T.);
#1254=FACE_OUTER_BOUND('',#1592,.T.);
#1255=FACE_OUTER_BOUND('',#1593,.T.);
#1256=FACE_OUTER_BOUND('',#1594,.T.);
#1257=FACE_OUTER_BOUND('',#1595,.T.);
#1258=FACE_OUTER_BOUND('',#1597,.T.);
#1259=FACE_OUTER_BOUND('',#1598,.T.);
#1260=FACE_OUTER_BOUND('',#1600,.T.);
#1261=FACE_OUTER_BOUND('',#1601,.T.);
#1262=FACE_OUTER_BOUND('',#1603,.T.);
#1263=FACE_OUTER_BOUND('',#1604,.T.);
#1264=FACE_OUTER_BOUND('',#1606,.T.);
#1265=FACE_OUTER_BOUND('',#1607,.T.);
#1266=FACE_OUTER_BOUND('',#1609,.T.);
#1267=FACE_OUTER_BOUND('',#1610,.T.);
#1268=FACE_OUTER_BOUND('',#1612,.T.);
#1269=FACE_OUTER_BOUND('',#1613,.T.);
#1270=FACE_OUTER_BOUND('',#1615,.T.);
#1271=FACE_OUTER_BOUND('',#1616,.T.);
#1272=FACE_OUTER_BOUND('',#1618,.T.);
#1273=FACE_OUTER_BOUND('',#1619,.T.);
#1274=FACE_OUTER_BOUND('',#1621,.T.);
#1275=FACE_OUTER_BOUND('',#1622,.T.);
#1276=FACE_OUTER_BOUND('',#1624,.T.);
#1277=FACE_OUTER_BOUND('',#1625,.T.);
#1278=FACE_OUTER_BOUND('',#1627,.T.);
#1279=FACE_OUTER_BOUND('',#1628,.T.);
#1280=FACE_OUTER_BOUND('',#1630,.T.);
#1281=FACE_OUTER_BOUND('',#1631,.T.);
#1282=FACE_OUTER_BOUND('',#1632,.T.);
#1283=FACE_OUTER_BOUND('',#1633,.T.);
#1284=FACE_OUTER_BOUND('',#1634,.T.);
#1285=FACE_OUTER_BOUND('',#1635,.T.);
#1286=FACE_OUTER_BOUND('',#1636,.T.);
#1287=FACE_OUTER_BOUND('',#1637,.T.);
#1288=FACE_OUTER_BOUND('',#1638,.T.);
#1289=FACE_OUTER_BOUND('',#1639,.T.);
#1290=FACE_OUTER_BOUND('',#1640,.T.);
#1291=FACE_OUTER_BOUND('',#1641,.T.);
#1292=FACE_OUTER_BOUND('',#1643,.T.);
#1293=FACE_OUTER_BOUND('',#1644,.T.);
#1294=FACE_OUTER_BOUND('',#1645,.T.);
#1295=FACE_OUTER_BOUND('',#1646,.T.);
#1296=FACE_OUTER_BOUND('',#1647,.T.);
#1297=FACE_OUTER_BOUND('',#1648,.T.);
#1298=FACE_OUTER_BOUND('',#1649,.T.);
#1299=FACE_OUTER_BOUND('',#1650,.T.);
#1300=FACE_OUTER_BOUND('',#1651,.T.);
#1301=FACE_OUTER_BOUND('',#1652,.T.);
#1302=FACE_OUTER_BOUND('',#1653,.T.);
#1303=FACE_OUTER_BOUND('',#1655,.T.);
#1304=FACE_OUTER_BOUND('',#1656,.T.);
#1305=FACE_OUTER_BOUND('',#1657,.T.);
#1306=FACE_OUTER_BOUND('',#1664,.T.);
#1307=FACE_OUTER_BOUND('',#1665,.T.);
#1308=FACE_OUTER_BOUND('',#1666,.T.);
#1309=FACE_OUTER_BOUND('',#1667,.T.);
#1310=FACE_OUTER_BOUND('',#1668,.T.);
#1311=FACE_OUTER_BOUND('',#1669,.T.);
#1312=FACE_OUTER_BOUND('',#1670,.T.);
#1313=FACE_OUTER_BOUND('',#1672,.T.);
#1314=FACE_OUTER_BOUND('',#1673,.T.);
#1315=FACE_OUTER_BOUND('',#1674,.T.);
#1316=FACE_OUTER_BOUND('',#1675,.T.);
#1317=FACE_OUTER_BOUND('',#1676,.T.);
#1318=FACE_OUTER_BOUND('',#1677,.T.);
#1319=FACE_OUTER_BOUND('',#1678,.T.);
#1320=FACE_OUTER_BOUND('',#1679,.T.);
#1321=FACE_OUTER_BOUND('',#1680,.T.);
#1322=FACE_OUTER_BOUND('',#1681,.T.);
#1323=FACE_OUTER_BOUND('',#1682,.T.);
#1324=FACE_OUTER_BOUND('',#1683,.T.);
#1325=FACE_OUTER_BOUND('',#1684,.T.);
#1326=FACE_OUTER_BOUND('',#1685,.T.);
#1327=FACE_OUTER_BOUND('',#1686,.T.);
#1328=FACE_OUTER_BOUND('',#1687,.T.);
#1329=FACE_OUTER_BOUND('',#1688,.T.);
#1330=FACE_OUTER_BOUND('',#1689,.T.);
#1331=FACE_OUTER_BOUND('',#1694,.T.);
#1332=FACE_OUTER_BOUND('',#1695,.T.);
#1333=FACE_OUTER_BOUND('',#1696,.T.);
#1334=FACE_OUTER_BOUND('',#1697,.T.);
#1335=FACE_OUTER_BOUND('',#1698,.T.);
#1336=FACE_OUTER_BOUND('',#1699,.T.);
#1337=FACE_OUTER_BOUND('',#1700,.T.);
#1338=FACE_OUTER_BOUND('',#1701,.T.);
#1339=FACE_OUTER_BOUND('',#1702,.T.);
#1340=FACE_OUTER_BOUND('',#1703,.T.);
#1341=FACE_OUTER_BOUND('',#1704,.T.);
#1342=FACE_OUTER_BOUND('',#1705,.T.);
#1343=FACE_OUTER_BOUND('',#1706,.T.);
#1344=FACE_OUTER_BOUND('',#1707,.T.);
#1345=FACE_OUTER_BOUND('',#1708,.T.);
#1346=FACE_OUTER_BOUND('',#1709,.T.);
#1347=FACE_OUTER_BOUND('',#1710,.T.);
#1348=FACE_OUTER_BOUND('',#1711,.T.);
#1349=FACE_OUTER_BOUND('',#1712,.T.);
#1350=FACE_OUTER_BOUND('',#1713,.T.);
#1351=FACE_OUTER_BOUND('',#1714,.T.);
#1352=FACE_OUTER_BOUND('',#1715,.T.);
#1353=FACE_OUTER_BOUND('',#1716,.T.);
#1354=FACE_OUTER_BOUND('',#1717,.T.);
#1355=FACE_OUTER_BOUND('',#1718,.T.);
#1356=FACE_OUTER_BOUND('',#1719,.T.);
#1357=FACE_OUTER_BOUND('',#1720,.T.);
#1358=FACE_OUTER_BOUND('',#1721,.T.);
#1359=FACE_OUTER_BOUND('',#1722,.T.);
#1360=FACE_OUTER_BOUND('',#1723,.T.);
#1361=FACE_OUTER_BOUND('',#1724,.T.);
#1362=FACE_OUTER_BOUND('',#1725,.T.);
#1363=FACE_OUTER_BOUND('',#1726,.T.);
#1364=FACE_OUTER_BOUND('',#1727,.T.);
#1365=FACE_OUTER_BOUND('',#1728,.T.);
#1366=FACE_OUTER_BOUND('',#1729,.T.);
#1367=FACE_OUTER_BOUND('',#1730,.T.);
#1368=FACE_OUTER_BOUND('',#1731,.T.);
#1369=FACE_OUTER_BOUND('',#1732,.T.);
#1370=FACE_OUTER_BOUND('',#1733,.T.);
#1371=FACE_OUTER_BOUND('',#1734,.T.);
#1372=FACE_OUTER_BOUND('',#1735,.T.);
#1373=FACE_OUTER_BOUND('',#1736,.T.);
#1374=FACE_OUTER_BOUND('',#1737,.T.);
#1375=FACE_OUTER_BOUND('',#1738,.T.);
#1376=EDGE_LOOP('',(#3456,#3457,#3458,#3459));
#1377=EDGE_LOOP('',(#3460,#3461,#3462,#3463));
#1378=EDGE_LOOP('',(#3464,#3465,#3466,#3467));
#1379=EDGE_LOOP('',(#3468,#3469,#3470,#3471,#3472));
#1380=EDGE_LOOP('',(#3473,#3474,#3475,#3476));
#1381=EDGE_LOOP('',(#3477,#3478,#3479,#3480,#3481));
#1382=EDGE_LOOP('',(#3482,#3483,#3484,#3485));
#1383=EDGE_LOOP('',(#3486,#3487,#3488,#3489));
#1384=EDGE_LOOP('',(#3490,#3491,#3492,#3493));
#1385=EDGE_LOOP('',(#3494,#3495,#3496,#3497));
#1386=EDGE_LOOP('',(#3498,#3499,#3500,#3501));
#1387=EDGE_LOOP('',(#3502));
#1388=EDGE_LOOP('',(#3503,#3504,#3505,#3506));
#1389=EDGE_LOOP('',(#3507));
#1390=EDGE_LOOP('',(#3508,#3509,#3510,#3511));
#1391=EDGE_LOOP('',(#3512));
#1392=EDGE_LOOP('',(#3513,#3514,#3515,#3516));
#1393=EDGE_LOOP('',(#3517));
#1394=EDGE_LOOP('',(#3518,#3519,#3520,#3521));
#1395=EDGE_LOOP('',(#3522));
#1396=EDGE_LOOP('',(#3523,#3524,#3525,#3526));
#1397=EDGE_LOOP('',(#3527));
#1398=EDGE_LOOP('',(#3528,#3529,#3530,#3531));
#1399=EDGE_LOOP('',(#3532));
#1400=EDGE_LOOP('',(#3533,#3534,#3535,#3536));
#1401=EDGE_LOOP('',(#3537));
#1402=EDGE_LOOP('',(#3538,#3539,#3540,#3541));
#1403=EDGE_LOOP('',(#3542));
#1404=EDGE_LOOP('',(#3543,#3544,#3545,#3546));
#1405=EDGE_LOOP('',(#3547,#3548,#3549,#3550));
#1406=EDGE_LOOP('',(#3551,#3552,#3553));
#1407=EDGE_LOOP('',(#3554,#3555,#3556,#3557));
#1408=EDGE_LOOP('',(#3558,#3559,#3560,#3561));
#1409=EDGE_LOOP('',(#3562,#3563,#3564,#3565));
#1410=EDGE_LOOP('',(#3566,#3567,#3568));
#1411=EDGE_LOOP('',(#3569,#3570,#3571,#3572));
#1412=EDGE_LOOP('',(#3573,#3574,#3575,#3576));
#1413=EDGE_LOOP('',(#3577,#3578,#3579,#3580,#3581,#3582));
#1414=EDGE_LOOP('',(#3583,#3584,#3585,#3586,#3587));
#1415=EDGE_LOOP('',(#3588,#3589,#3590,#3591,#3592));
#1416=EDGE_LOOP('',(#3593,#3594,#3595,#3596));
#1417=EDGE_LOOP('',(#3597,#3598,#3599,#3600));
#1418=EDGE_LOOP('',(#3601,#3602,#3603,#3604,#3605));
#1419=EDGE_LOOP('',(#3606,#3607,#3608,#3609,#3610));
#1420=EDGE_LOOP('',(#3611,#3612,#3613,#3614));
#1421=EDGE_LOOP('',(#3615,#3616,#3617,#3618,#3619));
#1422=EDGE_LOOP('',(#3620,#3621,#3622,#3623,#3624,#3625,#3626,#3627,#3628,
#3629));
#1423=EDGE_LOOP('',(#3630,#3631,#3632,#3633,#3634,#3635));
#1424=EDGE_LOOP('',(#3636,#3637,#3638,#3639));
#1425=EDGE_LOOP('',(#3640,#3641,#3642,#3643,#3644,#3645));
#1426=EDGE_LOOP('',(#3646,#3647,#3648,#3649,#3650,#3651,#3652,#3653));
#1427=EDGE_LOOP('',(#3654,#3655,#3656,#3657,#3658,#3659,#3660,#3661,#3662,
#3663,#3664));
#1428=EDGE_LOOP('',(#3665));
#1429=EDGE_LOOP('',(#3666));
#1430=EDGE_LOOP('',(#3667,#3668,#3669,#3670));
#1431=EDGE_LOOP('',(#3671,#3672,#3673,#3674,#3675));
#1432=EDGE_LOOP('',(#3676,#3677,#3678,#3679,#3680,#3681,#3682,#3683,#3684,
#3685,#3686,#3687,#3688,#3689,#3690,#3691,#3692,#3693,#3694,#3695,#3696,
#3697,#3698,#3699,#3700,#3701));
#1433=EDGE_LOOP('',(#3702,#3703,#3704,#3705));
#1434=EDGE_LOOP('',(#3706,#3707,#3708,#3709,#3710));
#1435=EDGE_LOOP('',(#3711,#3712,#3713,#3714));
#1436=EDGE_LOOP('',(#3715,#3716,#3717,#3718));
#1437=EDGE_LOOP('',(#3719,#3720,#3721,#3722));
#1438=EDGE_LOOP('',(#3723,#3724,#3725,#3726));
#1439=EDGE_LOOP('',(#3727,#3728,#3729,#3730,#3731));
#1440=EDGE_LOOP('',(#3732,#3733,#3734,#3735,#3736));
#1441=EDGE_LOOP('',(#3737,#3738,#3739,#3740));
#1442=EDGE_LOOP('',(#3741,#3742,#3743,#3744));
#1443=EDGE_LOOP('',(#3745,#3746,#3747,#3748,#3749,#3750,#3751,#3752,#3753,
#3754,#3755,#3756,#3757,#3758,#3759,#3760,#3761,#3762,#3763,#3764,#3765,
#3766));
#1444=EDGE_LOOP('',(#3767,#3768,#3769,#3770));
#1445=EDGE_LOOP('',(#3771,#3772,#3773,#3774));
#1446=EDGE_LOOP('',(#3775,#3776,#3777,#3778));
#1447=EDGE_LOOP('',(#3779,#3780,#3781,#3782));
#1448=EDGE_LOOP('',(#3783,#3784,#3785,#3786));
#1449=EDGE_LOOP('',(#3787,#3788,#3789,#3790));
#1450=EDGE_LOOP('',(#3791,#3792,#3793,#3794,#3795));
#1451=EDGE_LOOP('',(#3796,#3797,#3798,#3799,#3800,#3801,#3802,#3803));
#1452=EDGE_LOOP('',(#3804,#3805,#3806,#3807,#3808,#3809,#3810,#3811,#3812,
#3813,#3814,#3815,#3816,#3817,#3818,#3819,#3820,#3821,#3822,#3823,#3824,
#3825,#3826,#3827,#3828,#3829,#3830,#3831,#3832,#3833,#3834,#3835,#3836,
#3837,#3838,#3839,#3840,#3841,#3842,#3843,#3844,#3845,#3846,#3847,#3848,
#3849,#3850,#3851,#3852,#3853,#3854,#3855,#3856,#3857,#3858,#3859,#3860,
#3861,#3862,#3863,#3864,#3865,#3866,#3867,#3868,#3869,#3870,#3871,#3872,
#3873));
#1453=EDGE_LOOP('',(#3874,#3875,#3876,#3877,#3878));
#1454=EDGE_LOOP('',(#3879,#3880,#3881,#3882));
#1455=EDGE_LOOP('',(#3883,#3884,#3885,#3886));
#1456=EDGE_LOOP('',(#3887,#3888,#3889,#3890));
#1457=EDGE_LOOP('',(#3891,#3892,#3893,#3894,#3895,#3896,#3897,#3898,#3899,
#3900,#3901));
#1458=EDGE_LOOP('',(#3902,#3903,#3904,#3905,#3906,#3907,#3908,#3909));
#1459=EDGE_LOOP('',(#3910,#3911,#3912,#3913));
#1460=EDGE_LOOP('',(#3914,#3915,#3916,#3917));
#1461=EDGE_LOOP('',(#3918,#3919,#3920,#3921));
#1462=EDGE_LOOP('',(#3922,#3923,#3924,#3925));
#1463=EDGE_LOOP('',(#3926,#3927,#3928,#3929));
#1464=EDGE_LOOP('',(#3930,#3931,#3932,#3933));
#1465=EDGE_LOOP('',(#3934,#3935,#3936,#3937));
#1466=EDGE_LOOP('',(#3938,#3939,#3940,#3941,#3942));
#1467=EDGE_LOOP('',(#3943,#3944,#3945,#3946));
#1468=EDGE_LOOP('',(#3947,#3948,#3949,#3950));
#1469=EDGE_LOOP('',(#3951,#3952,#3953,#3954));
#1470=EDGE_LOOP('',(#3955,#3956,#3957,#3958));
#1471=EDGE_LOOP('',(#3959,#3960,#3961,#3962,#3963));
#1472=EDGE_LOOP('',(#3964,#3965,#3966,#3967));
#1473=EDGE_LOOP('',(#3968,#3969,#3970,#3971));
#1474=EDGE_LOOP('',(#3972,#3973,#3974,#3975,#3976,#3977,#3978,#3979,#3980,
#3981,#3982));
#1475=EDGE_LOOP('',(#3983,#3984,#3985,#3986,#3987));
#1476=EDGE_LOOP('',(#3988,#3989,#3990,#3991));
#1477=EDGE_LOOP('',(#3992,#3993,#3994,#3995));
#1478=EDGE_LOOP('',(#3996,#3997,#3998,#3999,#4000));
#1479=EDGE_LOOP('',(#4001,#4002,#4003,#4004));
#1480=EDGE_LOOP('',(#4005,#4006,#4007,#4008));
#1481=EDGE_LOOP('',(#4009,#4010,#4011,#4012));
#1482=EDGE_LOOP('',(#4013,#4014,#4015,#4016));
#1483=EDGE_LOOP('',(#4017,#4018,#4019,#4020));
#1484=EDGE_LOOP('',(#4021,#4022,#4023,#4024));
#1485=EDGE_LOOP('',(#4025,#4026,#4027,#4028));
#1486=EDGE_LOOP('',(#4029,#4030,#4031,#4032,#4033,#4034,#4035,#4036,#4037,
#4038,#4039,#4040,#4041,#4042,#4043,#4044,#4045,#4046,#4047,#4048,#4049,
#4050));
#1487=EDGE_LOOP('',(#4051,#4052,#4053,#4054));
#1488=EDGE_LOOP('',(#4055,#4056,#4057,#4058));
#1489=EDGE_LOOP('',(#4059,#4060,#4061,#4062));
#1490=EDGE_LOOP('',(#4063,#4064,#4065,#4066));
#1491=EDGE_LOOP('',(#4067,#4068,#4069,#4070));
#1492=EDGE_LOOP('',(#4071,#4072,#4073,#4074));
#1493=EDGE_LOOP('',(#4075,#4076,#4077,#4078));
#1494=EDGE_LOOP('',(#4079,#4080,#4081,#4082));
#1495=EDGE_LOOP('',(#4083,#4084,#4085,#4086));
#1496=EDGE_LOOP('',(#4087,#4088,#4089,#4090));
#1497=EDGE_LOOP('',(#4091,#4092,#4093,#4094,#4095));
#1498=EDGE_LOOP('',(#4096,#4097,#4098,#4099));
#1499=EDGE_LOOP('',(#4100,#4101,#4102,#4103));
#1500=EDGE_LOOP('',(#4104,#4105,#4106,#4107,#4108));
#1501=EDGE_LOOP('',(#4109,#4110,#4111,#4112));
#1502=EDGE_LOOP('',(#4113,#4114,#4115,#4116));
#1503=EDGE_LOOP('',(#4117,#4118,#4119,#4120));
#1504=EDGE_LOOP('',(#4121,#4122,#4123,#4124,#4125));
#1505=EDGE_LOOP('',(#4126,#4127,#4128,#4129));
#1506=EDGE_LOOP('',(#4130,#4131,#4132,#4133));
#1507=EDGE_LOOP('',(#4134,#4135,#4136,#4137,#4138));
#1508=EDGE_LOOP('',(#4139,#4140,#4141,#4142));
#1509=EDGE_LOOP('',(#4143,#4144,#4145,#4146));
#1510=EDGE_LOOP('',(#4147,#4148,#4149,#4150,#4151));
#1511=EDGE_LOOP('',(#4152,#4153,#4154,#4155,#4156));
#1512=EDGE_LOOP('',(#4157,#4158,#4159,#4160));
#1513=EDGE_LOOP('',(#4161,#4162,#4163,#4164));
#1514=EDGE_LOOP('',(#4165));
#1515=EDGE_LOOP('',(#4166));
#1516=EDGE_LOOP('',(#4167));
#1517=EDGE_LOOP('',(#4168,#4169,#4170,#4171));
#1518=EDGE_LOOP('',(#4172,#4173,#4174,#4175));
#1519=EDGE_LOOP('',(#4176,#4177,#4178,#4179));
#1520=EDGE_LOOP('',(#4180));
#1521=EDGE_LOOP('',(#4181));
#1522=EDGE_LOOP('',(#4182,#4183,#4184,#4185));
#1523=EDGE_LOOP('',(#4186));
#1524=EDGE_LOOP('',(#4187));
#1525=EDGE_LOOP('',(#4188,#4189,#4190,#4191));
#1526=EDGE_LOOP('',(#4192,#4193,#4194,#4195));
#1527=EDGE_LOOP('',(#4196,#4197,#4198,#4199));
#1528=EDGE_LOOP('',(#4200));
#1529=EDGE_LOOP('',(#4201));
#1530=EDGE_LOOP('',(#4202,#4203,#4204,#4205));
#1531=EDGE_LOOP('',(#4206,#4207,#4208,#4209));
#1532=EDGE_LOOP('',(#4210,#4211,#4212,#4213));
#1533=EDGE_LOOP('',(#4214,#4215,#4216,#4217));
#1534=EDGE_LOOP('',(#4218,#4219,#4220,#4221));
#1535=EDGE_LOOP('',(#4222,#4223,#4224,#4225,#4226));
#1536=EDGE_LOOP('',(#4227,#4228,#4229,#4230));
#1537=EDGE_LOOP('',(#4231,#4232,#4233,#4234));
#1538=EDGE_LOOP('',(#4235,#4236,#4237,#4238,#4239));
#1539=EDGE_LOOP('',(#4240,#4241,#4242,#4243,#4244,#4245));
#1540=EDGE_LOOP('',(#4246,#4247,#4248,#4249,#4250,#4251));
#1541=EDGE_LOOP('',(#4252,#4253,#4254,#4255));
#1542=EDGE_LOOP('',(#4256,#4257,#4258,#4259,#4260));
#1543=EDGE_LOOP('',(#4261,#4262,#4263,#4264));
#1544=EDGE_LOOP('',(#4265,#4266,#4267,#4268));
#1545=EDGE_LOOP('',(#4269,#4270,#4271,#4272,#4273,#4274,#4275));
#1546=EDGE_LOOP('',(#4276,#4277,#4278,#4279,#4280,#4281));
#1547=EDGE_LOOP('',(#4282));
#1548=EDGE_LOOP('',(#4283));
#1549=EDGE_LOOP('',(#4284));
#1550=EDGE_LOOP('',(#4285,#4286,#4287,#4288,#4289,#4290,#4291,#4292,#4293,
#4294,#4295,#4296,#4297,#4298,#4299,#4300));
#1551=EDGE_LOOP('',(#4301,#4302,#4303,#4304));
#1552=EDGE_LOOP('',(#4305,#4306,#4307,#4308));
#1553=EDGE_LOOP('',(#4309,#4310,#4311,#4312,#4313,#4314));
#1554=EDGE_LOOP('',(#4315,#4316,#4317,#4318,#4319));
#1555=EDGE_LOOP('',(#4320,#4321,#4322,#4323,#4324));
#1556=EDGE_LOOP('',(#4325));
#1557=EDGE_LOOP('',(#4326,#4327,#4328,#4329));
#1558=EDGE_LOOP('',(#4330,#4331,#4332,#4333));
#1559=EDGE_LOOP('',(#4334,#4335,#4336,#4337));
#1560=EDGE_LOOP('',(#4338,#4339,#4340,#4341));
#1561=EDGE_LOOP('',(#4342,#4343,#4344,#4345,#4346,#4347,#4348,#4349,#4350,
#4351,#4352,#4353,#4354,#4355,#4356,#4357,#4358,#4359,#4360,#4361,#4362,
#4363));
#1562=EDGE_LOOP('',(#4364,#4365,#4366,#4367));
#1563=EDGE_LOOP('',(#4368,#4369,#4370));
#1564=EDGE_LOOP('',(#4371,#4372,#4373,#4374,#4375));
#1565=EDGE_LOOP('',(#4376,#4377,#4378,#4379,#4380));
#1566=EDGE_LOOP('',(#4381,#4382,#4383,#4384));
#1567=EDGE_LOOP('',(#4385,#4386,#4387));
#1568=EDGE_LOOP('',(#4388,#4389,#4390,#4391));
#1569=EDGE_LOOP('',(#4392,#4393,#4394));
#1570=EDGE_LOOP('',(#4395,#4396,#4397,#4398,#4399));
#1571=EDGE_LOOP('',(#4400,#4401,#4402,#4403,#4404));
#1572=EDGE_LOOP('',(#4405,#4406,#4407,#4408,#4409));
#1573=EDGE_LOOP('',(#4410,#4411,#4412,#4413));
#1574=EDGE_LOOP('',(#4414,#4415,#4416,#4417,#4418,#4419));
#1575=EDGE_LOOP('',(#4420,#4421,#4422,#4423));
#1576=EDGE_LOOP('',(#4424,#4425,#4426,#4427,#4428,#4429));
#1577=EDGE_LOOP('',(#4430));
#1578=EDGE_LOOP('',(#4431));
#1579=EDGE_LOOP('',(#4432));
#1580=EDGE_LOOP('',(#4433));
#1581=EDGE_LOOP('',(#4434));
#1582=EDGE_LOOP('',(#4435));
#1583=EDGE_LOOP('',(#4436,#4437,#4438,#4439));
#1584=EDGE_LOOP('',(#4440,#4441,#4442,#4443));
#1585=EDGE_LOOP('',(#4444,#4445,#4446,#4447));
#1586=EDGE_LOOP('',(#4448,#4449,#4450,#4451));
#1587=EDGE_LOOP('',(#4452,#4453,#4454,#4455));
#1588=EDGE_LOOP('',(#4456,#4457,#4458,#4459));
#1589=EDGE_LOOP('',(#4460,#4461,#4462,#4463));
#1590=EDGE_LOOP('',(#4464,#4465,#4466,#4467));
#1591=EDGE_LOOP('',(#4468,#4469,#4470,#4471));
#1592=EDGE_LOOP('',(#4472,#4473,#4474,#4475));
#1593=EDGE_LOOP('',(#4476,#4477,#4478,#4479));
#1594=EDGE_LOOP('',(#4480,#4481,#4482,#4483));
#1595=EDGE_LOOP('',(#4484));
#1596=EDGE_LOOP('',(#4485));
#1597=EDGE_LOOP('',(#4486,#4487,#4488,#4489,#4490,#4491));
#1598=EDGE_LOOP('',(#4492));
#1599=EDGE_LOOP('',(#4493));
#1600=EDGE_LOOP('',(#4494,#4495,#4496,#4497,#4498,#4499,#4500));
#1601=EDGE_LOOP('',(#4501));
#1602=EDGE_LOOP('',(#4502));
#1603=EDGE_LOOP('',(#4503,#4504,#4505,#4506));
#1604=EDGE_LOOP('',(#4507));
#1605=EDGE_LOOP('',(#4508));
#1606=EDGE_LOOP('',(#4509,#4510,#4511,#4512,#4513,#4514));
#1607=EDGE_LOOP('',(#4515));
#1608=EDGE_LOOP('',(#4516));
#1609=EDGE_LOOP('',(#4517,#4518,#4519,#4520,#4521,#4522));
#1610=EDGE_LOOP('',(#4523));
#1611=EDGE_LOOP('',(#4524));
#1612=EDGE_LOOP('',(#4525,#4526,#4527,#4528));
#1613=EDGE_LOOP('',(#4529));
#1614=EDGE_LOOP('',(#4530));
#1615=EDGE_LOOP('',(#4531,#4532,#4533,#4534,#4535));
#1616=EDGE_LOOP('',(#4536));
#1617=EDGE_LOOP('',(#4537));
#1618=EDGE_LOOP('',(#4538,#4539,#4540,#4541));
#1619=EDGE_LOOP('',(#4542));
#1620=EDGE_LOOP('',(#4543));
#1621=EDGE_LOOP('',(#4544,#4545,#4546,#4547));
#1622=EDGE_LOOP('',(#4548));
#1623=EDGE_LOOP('',(#4549));
#1624=EDGE_LOOP('',(#4550,#4551,#4552,#4553));
#1625=EDGE_LOOP('',(#4554));
#1626=EDGE_LOOP('',(#4555));
#1627=EDGE_LOOP('',(#4556,#4557,#4558,#4559,#4560));
#1628=EDGE_LOOP('',(#4561));
#1629=EDGE_LOOP('',(#4562));
#1630=EDGE_LOOP('',(#4563,#4564,#4565,#4566));
#1631=EDGE_LOOP('',(#4567,#4568,#4569,#4570,#4571,#4572,#4573,#4574,#4575,
#4576,#4577,#4578));
#1632=EDGE_LOOP('',(#4579,#4580,#4581,#4582));
#1633=EDGE_LOOP('',(#4583,#4584,#4585,#4586));
#1634=EDGE_LOOP('',(#4587,#4588,#4589,#4590));
#1635=EDGE_LOOP('',(#4591,#4592,#4593,#4594,#4595,#4596));
#1636=EDGE_LOOP('',(#4597,#4598,#4599,#4600));
#1637=EDGE_LOOP('',(#4601,#4602,#4603,#4604));
#1638=EDGE_LOOP('',(#4605,#4606,#4607,#4608));
#1639=EDGE_LOOP('',(#4609,#4610,#4611,#4612));
#1640=EDGE_LOOP('',(#4613,#4614,#4615,#4616));
#1641=EDGE_LOOP('',(#4617,#4618,#4619,#4620,#4621,#4622,#4623,#4624));
#1642=EDGE_LOOP('',(#4625,#4626,#4627,#4628,#4629,#4630,#4631,#4632));
#1643=EDGE_LOOP('',(#4633,#4634,#4635,#4636,#4637,#4638));
#1644=EDGE_LOOP('',(#4639,#4640,#4641,#4642));
#1645=EDGE_LOOP('',(#4643,#4644,#4645,#4646));
#1646=EDGE_LOOP('',(#4647,#4648,#4649,#4650));
#1647=EDGE_LOOP('',(#4651,#4652,#4653,#4654));
#1648=EDGE_LOOP('',(#4655,#4656,#4657,#4658));
#1649=EDGE_LOOP('',(#4659,#4660,#4661,#4662));
#1650=EDGE_LOOP('',(#4663,#4664,#4665,#4666));
#1651=EDGE_LOOP('',(#4667,#4668,#4669,#4670));
#1652=EDGE_LOOP('',(#4671,#4672,#4673,#4674));
#1653=EDGE_LOOP('',(#4675,#4676,#4677,#4678,#4679,#4680,#4681,#4682,#4683,
#4684));
#1654=EDGE_LOOP('',(#4685));
#1655=EDGE_LOOP('',(#4686,#4687,#4688,#4689));
#1656=EDGE_LOOP('',(#4690,#4691,#4692,#4693,#4694,#4695,#4696,#4697));
#1657=EDGE_LOOP('',(#4698,#4699,#4700,#4701,#4702,#4703,#4704,#4705,#4706,
#4707,#4708,#4709,#4710,#4711));
#1658=EDGE_LOOP('',(#4712));
#1659=EDGE_LOOP('',(#4713));
#1660=EDGE_LOOP('',(#4714));
#1661=EDGE_LOOP('',(#4715));
#1662=EDGE_LOOP('',(#4716));
#1663=EDGE_LOOP('',(#4717));
#1664=EDGE_LOOP('',(#4718,#4719,#4720,#4721));
#1665=EDGE_LOOP('',(#4722,#4723,#4724,#4725,#4726));
#1666=EDGE_LOOP('',(#4727,#4728,#4729));
#1667=EDGE_LOOP('',(#4730,#4731,#4732,#4733));
#1668=EDGE_LOOP('',(#4734,#4735,#4736));
#1669=EDGE_LOOP('',(#4737,#4738,#4739,#4740,#4741));
#1670=EDGE_LOOP('',(#4742,#4743,#4744,#4745,#4746,#4747,#4748,#4749,#4750));
#1671=EDGE_LOOP('',(#4751));
#1672=EDGE_LOOP('',(#4752,#4753,#4754,#4755));
#1673=EDGE_LOOP('',(#4756,#4757,#4758,#4759));
#1674=EDGE_LOOP('',(#4760,#4761,#4762,#4763));
#1675=EDGE_LOOP('',(#4764,#4765,#4766,#4767,#4768));
#1676=EDGE_LOOP('',(#4769,#4770,#4771,#4772));
#1677=EDGE_LOOP('',(#4773,#4774,#4775,#4776,#4777));
#1678=EDGE_LOOP('',(#4778,#4779,#4780,#4781));
#1679=EDGE_LOOP('',(#4782,#4783,#4784,#4785,#4786));
#1680=EDGE_LOOP('',(#4787,#4788,#4789,#4790,#4791,#4792,#4793,#4794));
#1681=EDGE_LOOP('',(#4795,#4796,#4797,#4798));
#1682=EDGE_LOOP('',(#4799,#4800,#4801,#4802));
#1683=EDGE_LOOP('',(#4803,#4804,#4805,#4806,#4807,#4808,#4809,#4810));
#1684=EDGE_LOOP('',(#4811,#4812,#4813,#4814,#4815));
#1685=EDGE_LOOP('',(#4816,#4817,#4818,#4819,#4820));
#1686=EDGE_LOOP('',(#4821,#4822,#4823,#4824,#4825));
#1687=EDGE_LOOP('',(#4826,#4827,#4828,#4829,#4830));
#1688=EDGE_LOOP('',(#4831,#4832,#4833,#4834,#4835));
#1689=EDGE_LOOP('',(#4836,#4837,#4838,#4839,#4840,#4841,#4842,#4843,#4844,
#4845));
#1690=EDGE_LOOP('',(#4846));
#1691=EDGE_LOOP('',(#4847));
#1692=EDGE_LOOP('',(#4848));
#1693=EDGE_LOOP('',(#4849));
#1694=EDGE_LOOP('',(#4850,#4851,#4852,#4853,#4854,#4855,#4856,#4857));
#1695=EDGE_LOOP('',(#4858,#4859,#4860));
#1696=EDGE_LOOP('',(#4861,#4862,#4863));
#1697=EDGE_LOOP('',(#4864,#4865,#4866,#4867));
#1698=EDGE_LOOP('',(#4868,#4869,#4870,#4871));
#1699=EDGE_LOOP('',(#4872,#4873,#4874,#4875,#4876,#4877));
#1700=EDGE_LOOP('',(#4878,#4879,#4880,#4881));
#1701=EDGE_LOOP('',(#4882));
#1702=EDGE_LOOP('',(#4883,#4884,#4885,#4886,#4887));
#1703=EDGE_LOOP('',(#4888,#4889,#4890,#4891,#4892));
#1704=EDGE_LOOP('',(#4893,#4894,#4895,#4896));
#1705=EDGE_LOOP('',(#4897,#4898,#4899,#4900,#4901));
#1706=EDGE_LOOP('',(#4902,#4903,#4904,#4905,#4906));
#1707=EDGE_LOOP('',(#4907,#4908,#4909,#4910));
#1708=EDGE_LOOP('',(#4911,#4912,#4913,#4914));
#1709=EDGE_LOOP('',(#4915,#4916,#4917,#4918,#4919));
#1710=EDGE_LOOP('',(#4920,#4921,#4922));
#1711=EDGE_LOOP('',(#4923,#4924,#4925,#4926));
#1712=EDGE_LOOP('',(#4927,#4928,#4929));
#1713=EDGE_LOOP('',(#4930,#4931,#4932,#4933,#4934));
#1714=EDGE_LOOP('',(#4935,#4936,#4937,#4938,#4939));
#1715=EDGE_LOOP('',(#4940,#4941,#4942,#4943,#4944));
#1716=EDGE_LOOP('',(#4945,#4946,#4947,#4948,#4949,#4950));
#1717=EDGE_LOOP('',(#4951,#4952,#4953,#4954));
#1718=EDGE_LOOP('',(#4955,#4956,#4957,#4958,#4959));
#1719=EDGE_LOOP('',(#4960,#4961,#4962,#4963,#4964));
#1720=EDGE_LOOP('',(#4965,#4966,#4967,#4968));
#1721=EDGE_LOOP('',(#4969));
#1722=EDGE_LOOP('',(#4970,#4971,#4972,#4973,#4974));
#1723=EDGE_LOOP('',(#4975,#4976,#4977));
#1724=EDGE_LOOP('',(#4978,#4979,#4980,#4981));
#1725=EDGE_LOOP('',(#4982,#4983,#4984,#4985));
#1726=EDGE_LOOP('',(#4986,#4987,#4988,#4989));
#1727=EDGE_LOOP('',(#4990,#4991,#4992));
#1728=EDGE_LOOP('',(#4993,#4994,#4995,#4996));
#1729=EDGE_LOOP('',(#4997,#4998,#4999,#5000));
#1730=EDGE_LOOP('',(#5001,#5002,#5003,#5004));
#1731=EDGE_LOOP('',(#5005,#5006,#5007));
#1732=EDGE_LOOP('',(#5008,#5009,#5010));
#1733=EDGE_LOOP('',(#5011,#5012,#5013,#5014));
#1734=EDGE_LOOP('',(#5015,#5016,#5017,#5018));
#1735=EDGE_LOOP('',(#5019,#5020,#5021,#5022));
#1736=EDGE_LOOP('',(#5023,#5024,#5025));
#1737=EDGE_LOOP('',(#5026,#5027,#5028));
#1738=EDGE_LOOP('',(#5029,#5030,#5031));
#1739=CIRCLE('',#5390,0.5);
#1740=CIRCLE('',#5391,0.500000000000007);
#1741=CIRCLE('',#5392,0.500000000000007);
#1742=CIRCLE('',#5393,0.499999999999998);
#1743=CIRCLE('',#5394,0.499999999999998);
#1744=CIRCLE('',#5395,0.499999999999998);
#1745=CIRCLE('',#5396,0.499999999999999);
#1746=CIRCLE('',#5397,0.499999999999999);
#1747=CIRCLE('',#5398,0.500000000000007);
#1748=CIRCLE('',#5399,0.500000000000007);
#1749=CIRCLE('',#5401,1.5);
#1750=CIRCLE('',#5402,1.5);
#1751=CIRCLE('',#5405,1.49999999999999);
#1752=CIRCLE('',#5406,1.49999999999999);
#1753=CIRCLE('',#5409,1.5);
#1754=CIRCLE('',#5410,1.5);
#1755=CIRCLE('',#5413,1.49999999999999);
#1756=CIRCLE('',#5414,1.49999999999999);
#1757=CIRCLE('',#5417,1.5);
#1758=CIRCLE('',#5418,1.5);
#1759=CIRCLE('',#5421,1.49999999999999);
#1760=CIRCLE('',#5422,1.49999999999999);
#1761=CIRCLE('',#5425,1.5);
#1762=CIRCLE('',#5426,1.5);
#1763=CIRCLE('',#5429,1.49999999999999);
#1764=CIRCLE('',#5430,1.49999999999999);
#1765=CIRCLE('',#5433,1.50000000000001);
#1766=CIRCLE('',#5434,1.50000000000001);
#1767=CIRCLE('',#5437,0.5);
#1768=CIRCLE('',#5438,0.500000000000007);
#1769=CIRCLE('',#5439,1.);
#1770=CIRCLE('',#5440,0.499999999999998);
#1771=CIRCLE('',#5444,0.5);
#1772=CIRCLE('',#5445,0.499999999999998);
#1773=CIRCLE('',#5446,0.500000000000007);
#1774=CIRCLE('',#5449,1.);
#1775=CIRCLE('',#5450,0.5);
#1776=CIRCLE('',#5451,0.500000000000003);
#1777=CIRCLE('',#5452,0.500000000000007);
#1778=CIRCLE('',#5453,0.499999999999998);
#1779=CIRCLE('',#5455,0.500000000000003);
#1780=CIRCLE('',#5456,0.5);
#1781=CIRCLE('',#5457,0.500000000000007);
#1782=CIRCLE('',#5459,0.5);
#1783=CIRCLE('',#5471,3.);
#1784=CIRCLE('',#5472,3.);
#1785=CIRCLE('',#5478,1.5);
#1786=CIRCLE('',#5479,1.49999999999999);
#1787=CIRCLE('',#5481,3.00000000000001);
#1788=CIRCLE('',#5482,3.00000000000001);
#1789=CIRCLE('',#5484,12.);
#1790=CIRCLE('',#5485,12.);
#1791=CIRCLE('',#5486,12.);
#1792=CIRCLE('',#5487,12.);
#1793=CIRCLE('',#5490,9.);
#1794=CIRCLE('',#5491,3.00000000000001);
#1795=CIRCLE('',#5493,3.);
#1796=CIRCLE('',#5496,3.);
#1797=CIRCLE('',#5497,3.);
#1798=CIRCLE('',#5499,9.76393202250023);
#1799=CIRCLE('',#5500,12.);
#1800=CIRCLE('',#5502,9.);
#1801=CIRCLE('',#5505,1.);
#1802=CIRCLE('',#5506,1.);
#1803=CIRCLE('',#5509,1.);
#1804=CIRCLE('',#5510,3.99999999999995);
#1805=CIRCLE('',#5511,3.99999999999997);
#1806=CIRCLE('',#5512,1.);
#1807=CIRCLE('',#5513,1.);
#1808=CIRCLE('',#5514,1.);
#1809=CIRCLE('',#5515,1.);
#1810=CIRCLE('',#5516,1.);
#1811=CIRCLE('',#5517,1.);
#1812=CIRCLE('',#5519,1.);
#1813=CIRCLE('',#5522,1.);
#1814=CIRCLE('',#5525,1.);
#1815=CIRCLE('',#5528,1.);
#1816=CIRCLE('',#5529,1.);
#1817=CIRCLE('',#5531,7.);
#1818=CIRCLE('',#5532,7.00000000000001);
#1819=CIRCLE('',#5533,6.99999999999997);
#1820=CIRCLE('',#5534,6.99999999999996);
#1821=CIRCLE('',#5535,1.);
#1822=CIRCLE('',#5536,1.);
#1823=CIRCLE('',#5537,1.);
#1824=CIRCLE('',#5538,1.);
#1825=CIRCLE('',#5539,3.99999999999997);
#1826=CIRCLE('',#5540,1.);
#1827=CIRCLE('',#5541,1.);
#1828=CIRCLE('',#5542,1.);
#1829=CIRCLE('',#5543,1.);
#1830=CIRCLE('',#5544,1.);
#1831=CIRCLE('',#5545,1.);
#1832=CIRCLE('',#5546,1.);
#1833=CIRCLE('',#5547,1.);
#1834=CIRCLE('',#5548,1.);
#1835=CIRCLE('',#5549,1.);
#1836=CIRCLE('',#5550,1.);
#1837=CIRCLE('',#5551,1.);
#1838=CIRCLE('',#5552,4.00000000000001);
#1839=CIRCLE('',#5553,1.);
#1840=CIRCLE('',#5554,1.);
#1841=CIRCLE('',#5555,1.);
#1842=CIRCLE('',#5556,1.);
#1843=CIRCLE('',#5557,1.);
#1844=CIRCLE('',#5558,1.);
#1845=CIRCLE('',#5559,1.);
#1846=CIRCLE('',#5560,1.);
#1847=CIRCLE('',#5561,4.);
#1848=CIRCLE('',#5562,1.);
#1849=CIRCLE('',#5563,1.);
#1850=CIRCLE('',#5564,1.);
#1851=CIRCLE('',#5565,1.);
#1852=CIRCLE('',#5566,1.);
#1853=CIRCLE('',#5567,1.);
#1854=CIRCLE('',#5568,1.);
#1855=CIRCLE('',#5569,3.99999999999995);
#1856=CIRCLE('',#5571,1.);
#1857=CIRCLE('',#5576,12.);
#1858=CIRCLE('',#5586,1.);
#1859=CIRCLE('',#5588,1.);
#1860=CIRCLE('',#5596,12.);
#1861=CIRCLE('',#5598,1.);
#1862=CIRCLE('',#5600,1.);
#1863=CIRCLE('',#5606,1.);
#1864=CIRCLE('',#5609,1.);
#1865=CIRCLE('',#5612,1.);
#1866=CIRCLE('',#5614,1.);
#1867=CIRCLE('',#5615,1.);
#1868=CIRCLE('',#5616,1.);
#1869=CIRCLE('',#5617,1.);
#1870=CIRCLE('',#5618,1.);
#1871=CIRCLE('',#5619,4.00000000000001);
#1872=CIRCLE('',#5620,4.);
#1873=CIRCLE('',#5632,1.);
#1874=CIRCLE('',#5634,1.);
#1875=CIRCLE('',#5641,1.);
#1876=CIRCLE('',#5643,1.);
#1877=CIRCLE('',#5653,7.);
#1878=CIRCLE('',#5655,7.);
#1879=CIRCLE('',#5659,7.);
#1880=CIRCLE('',#5661,7.);
#1881=CIRCLE('',#5672,7.);
#1882=CIRCLE('',#5674,7.);
#1883=CIRCLE('',#5675,7.);
#1884=CIRCLE('',#5678,1.5);
#1885=CIRCLE('',#5680,1.5);
#1886=CIRCLE('',#5681,1.5);
#1887=CIRCLE('',#5688,1.5);
#1888=CIRCLE('',#5694,8.87298334620742);
#1889=CIRCLE('',#5695,8.87298334620742);
#1890=CIRCLE('',#5697,11.1270166537926);
#1891=CIRCLE('',#5698,11.1270166537926);
#1892=CIRCLE('',#5700,11.1270166537926);
#1893=CIRCLE('',#5701,11.1270166537926);
#1894=CIRCLE('',#5703,8.87298334620742);
#1895=CIRCLE('',#5704,8.87298334620742);
#1896=CIRCLE('',#5707,13.);
#1897=CIRCLE('',#5709,3.);
#1898=CIRCLE('',#5712,3.);
#1899=CIRCLE('',#5714,5.);
#1900=CIRCLE('',#5715,8.87298334620742);
#1901=CIRCLE('',#5716,8.);
#1902=CIRCLE('',#5718,13.);
#1903=CIRCLE('',#5722,5.);
#1904=CIRCLE('',#5723,8.);
#1905=CIRCLE('',#5724,8.87298334620742);
#1906=CIRCLE('',#5725,8.);
#1907=CIRCLE('',#5726,13.);
#1908=CIRCLE('',#5729,10.);
#1909=CIRCLE('',#5730,10.);
#1910=CIRCLE('',#5731,10.);
#1911=CIRCLE('',#5732,10.);
#1912=CIRCLE('',#5733,1.25);
#1913=CIRCLE('',#5734,1.25);
#1914=CIRCLE('',#5735,1.25);
#1915=CIRCLE('',#5736,1.25);
#1916=CIRCLE('',#5737,1.25);
#1917=CIRCLE('',#5738,1.25);
#1918=CIRCLE('',#5740,1.25);
#1919=CIRCLE('',#5741,1.25);
#1920=CIRCLE('',#5743,1.25);
#1921=CIRCLE('',#5745,1.25);
#1922=CIRCLE('',#5746,1.25);
#1923=CIRCLE('',#5748,1.25);
#1924=CIRCLE('',#5750,1.25);
#1925=CIRCLE('',#5751,1.25);
#1926=CIRCLE('',#5753,1.25);
#1927=CIRCLE('',#5755,1.25);
#1928=CIRCLE('',#5756,1.25);
#1929=CIRCLE('',#5758,1.25);
#1930=CIRCLE('',#5760,1.25);
#1931=CIRCLE('',#5761,1.25);
#1932=CIRCLE('',#5763,1.25);
#1933=CIRCLE('',#5765,1.25);
#1934=CIRCLE('',#5766,1.25);
#1935=CIRCLE('',#5768,1.25);
#1936=CIRCLE('',#5770,2.);
#1937=CIRCLE('',#5772,2.);
#1938=CIRCLE('',#5774,1.99999999999999);
#1939=CIRCLE('',#5776,1.99999999999999);
#1940=CIRCLE('',#5777,1.99999999999999);
#1941=CIRCLE('',#5779,2.);
#1942=CIRCLE('',#5781,2.);
#1943=CIRCLE('',#5783,2.);
#1944=CIRCLE('',#5785,2.);
#1945=CIRCLE('',#5787,2.);
#1946=CIRCLE('',#5789,2.);
#1947=CIRCLE('',#5791,2.);
#1948=CIRCLE('',#5793,2.);
#1949=CIRCLE('',#5795,2.);
#1950=CIRCLE('',#5797,2.);
#1951=CIRCLE('',#5799,1.99999999999999);
#1952=CIRCLE('',#5801,1.99999999999999);
#1953=CIRCLE('',#5803,2.);
#1954=CIRCLE('',#5805,2.);
#1955=CIRCLE('',#5807,2.);
#1956=CIRCLE('',#5809,2.);
#1957=CIRCLE('',#5811,2.);
#1958=CIRCLE('',#5813,2.);
#1959=CIRCLE('',#5815,2.);
#1960=CIRCLE('',#5817,2.);
#1961=CIRCLE('',#5819,15.);
#1962=CIRCLE('',#5820,15.);
#1963=CIRCLE('',#5823,15.);
#1964=CIRCLE('',#5824,15.);
#1965=CIRCLE('',#5827,5.);
#1966=CIRCLE('',#5828,5.);
#1967=CIRCLE('',#5830,10.);
#1968=CIRCLE('',#5831,10.);
#1969=CIRCLE('',#5832,10.);
#1970=CIRCLE('',#5834,10.);
#1971=CIRCLE('',#5835,10.);
#1972=CIRCLE('',#5837,10.);
#1973=CIRCLE('',#5839,10.);
#1974=CIRCLE('',#5840,10.);
#1975=CIRCLE('',#5842,5.);
#1976=CIRCLE('',#5843,5.);
#1977=CIRCLE('',#5845,10.);
#1978=CIRCLE('',#5846,10.);
#1979=CIRCLE('',#5848,10.);
#1980=CIRCLE('',#5849,10.);
#1981=CIRCLE('',#5852,15.);
#1982=CIRCLE('',#5853,15.);
#1983=CIRCLE('',#5855,10.);
#1984=CIRCLE('',#5858,10.);
#1985=CIRCLE('',#5860,10.);
#1986=CIRCLE('',#5861,10.);
#1987=CIRCLE('',#5862,15.);
#1988=CIRCLE('',#5863,5.);
#1989=CIRCLE('',#5864,5.);
#1990=CIRCLE('',#5866,10.);
#1991=CIRCLE('',#5869,10.);
#1992=CIRCLE('',#5870,10.);
#1993=CIRCLE('',#5871,10.);
#1994=CIRCLE('',#5872,5.);
#1995=CIRCLE('',#5874,10.);
#1996=CIRCLE('',#5875,10.);
#1997=CIRCLE('',#5876,10.);
#1998=CIRCLE('',#5880,10.);
#1999=CIRCLE('',#5881,10.);
#2000=CIRCLE('',#5883,5.);
#2001=CIRCLE('',#5884,15.);
#2002=CIRCLE('',#5885,10.);
#2003=CIRCLE('',#5886,5.);
#2004=CIRCLE('',#5887,10.);
#2005=CIRCLE('',#5888,10.);
#2006=CIRCLE('',#5889,9.99999999999999);
#2007=CIRCLE('',#5890,9.99999999999999);
#2008=CIRCLE('',#5891,10.);
#2009=CIRCLE('',#5892,10.);
#2010=CIRCLE('',#5894,10.);
#2011=CIRCLE('',#5895,10.);
#2012=CIRCLE('',#5897,5.);
#2013=CIRCLE('',#5898,5.);
#2014=CIRCLE('',#5901,5.);
#2015=CIRCLE('',#5902,5.);
#2016=CIRCLE('',#5907,10.);
#2017=CIRCLE('',#5909,10.);
#2018=CIRCLE('',#5913,13.);
#2019=CIRCLE('',#5915,13.);
#2020=CIRCLE('',#5917,7.);
#2021=CIRCLE('',#5919,13.);
#2022=CIRCLE('',#5920,8.);
#2023=CIRCLE('',#5922,7.);
#2024=CIRCLE('',#5924,13.);
#2025=CIRCLE('',#5926,12.);
#2026=CIRCLE('',#5927,7.);
#2027=CIRCLE('',#5931,7.);
#2028=CIRCLE('',#5932,12.);
#2029=CIRCLE('',#5934,5.);
#2030=CIRCLE('',#5938,7.);
#2031=CIRCLE('',#5940,7.);
#2032=CIRCLE('',#5948,5.);
#2033=CIRCLE('',#5953,5.);
#2034=CIRCLE('',#5955,13.);
#2035=CIRCLE('',#5957,5.);
#2036=CIRCLE('',#5959,13.);
#2037=CIRCLE('',#5961,5.);
#2038=B_SPLINE_CURVE_WITH_KNOTS('',3,(#7556,#7557,#7558,#7559,#7560,#7561,
#7562,#7563,#7564,#7565,#7566,#7567,#7568,#7569),.UNSPECIFIED.,.F.,.F.,
(4,1,1,1,1,1,1,1,1,1,1,4),(0.,0.0909090909090909,0.181818181818182,0.272727272727273,
0.363636363636364,0.454545454545455,0.545454545454545,0.636363636363636,
0.727272727272727,0.818181818181818,0.909090909090909,1.),.UNSPECIFIED.);
#2039=B_SPLINE_CURVE_WITH_KNOTS('',3,(#7571,#7572,#7573,#7574,#7575,#7576),
 .UNSPECIFIED.,.F.,.F.,(4,1,1,4),(0.,0.333333333333333,0.666666666666667,
1.),.UNSPECIFIED.);
#2040=B_SPLINE_CURVE_WITH_KNOTS('',3,(#7578,#7579,#7580,#7581,#7582,#7583,
#7584,#7585,#7586,#7587,#7588,#7589,#7590,#7591,#7592,#7593,#7594,#7595,
#7596,#7597,#7598,#7599,#7600,#7601,#7602,#7603,#7604,#7605,#7606,#7607,
#7608,#7609,#7610,#7611,#7612,#7613,#7614,#7615,#7616,#7617,#7618,#7619,
#7620),.UNSPECIFIED.,.F.,.F.,(4,3,3,3,3,3,3,3,3,3,3,3,3,3,4),(0.499999999999993,
0.543746353038317,0.584450685794392,0.621485092610625,0.666098168716877,
0.710720082688255,0.747169761661698,0.781439233507769,0.815201055992041,
0.851875067096053,0.896880589442109,0.930772434654816,0.961308533747377,
0.989194610615254,1.),.UNSPECIFIED.);
#2041=B_SPLINE_CURVE_WITH_KNOTS('',3,(#7707,#7708,#7709,#7710,#7711,#7712,
#7713,#7714,#7715,#7716,#7717,#7718,#7719,#7720),.UNSPECIFIED.,.F.,.F.,
(4,1,1,1,1,1,1,1,1,1,1,4),(0.,0.0909090909090909,0.181818181818182,0.272727272727273,
0.363636363636364,0.454545454545455,0.545454545454545,0.636363636363636,
0.727272727272727,0.818181818181818,0.909090909090909,1.),.UNSPECIFIED.);
#2042=B_SPLINE_CURVE_WITH_KNOTS('',3,(#7723,#7724,#7725,#7726,#7727,#7728,
#7729,#7730,#7731,#7732,#7733,#7734,#7735,#7736,#7737,#7738,#7739,#7740,
#7741,#7742,#7743,#7744,#7745,#7746,#7747,#7748,#7749,#7750,#7751,#7752,
#7753,#7754,#7755,#7756,#7757,#7758,#7759),.UNSPECIFIED.,.F.,.F.,(4,3,3,
3,3,3,3,3,3,3,3,3,4),(0.,0.0345332473869101,0.071150473012401,0.110879450726815,
0.156569935904633,0.212014213766119,0.254631429240461,0.2955068449509,0.335588400151843,
0.3794946158922,0.434200028707116,0.494940422900576,0.499999999999993),
 .UNSPECIFIED.);
#2043=B_SPLINE_CURVE_WITH_KNOTS('',3,(#7845,#7846,#7847,#7848,#7849,#7850),
 .UNSPECIFIED.,.F.,.F.,(4,1,1,4),(0.,0.333333333333333,0.666666666666667,
1.),.UNSPECIFIED.);
#2044=B_SPLINE_CURVE_WITH_KNOTS('',3,(#7852,#7853,#7854,#7855,#7856,#7857,
#7858,#7859,#7860,#7861,#7862,#7863,#7864,#7865,#7866,#7867,#7868,#7869,
#7870,#7871,#7872,#7873,#7874,#7875,#7876,#7877,#7878,#7879,#7880,#7881,
#7882,#7883,#7884,#7885,#7886,#7887,#7888,#7889,#7890,#7891,#7892,#7893,
#7894,#7895,#7896,#7897,#7898,#7899,#7900,#7901,#7902,#7903,#7904,#7905,
#7906,#7907,#7908,#7909,#7910,#7911,#7912,#7913,#7914,#7915,#7916,#7917,
#7918,#7919,#7920,#7921,#7922,#7923,#7924,#7925,#7926,#7927,#7928,#7929,
#7930,#7931,#7932,#7933,#7934,#7935,#7936,#7937,#7938,#7939,#7940,#7941,
#7942,#7943,#7944,#7945,#7946,#7947,#7948,#7949,#7950,#7951,#7952,#7953,
#7954,#7955,#7956,#7957),.UNSPECIFIED.,.F.,.F.,(4,3,3,3,3,3,3,3,3,3,3,3,
3,3,3,3,3,3,3,3,3,3,3,3,3,3,3,3,3,3,3,3,3,3,3,4),(0.127163155694389,0.16279600736921,
0.195602050159475,0.222226885116269,0.246532294956386,0.270078160738999,
0.293036642509764,0.316264205449575,0.340737286417685,0.366989395035144,
0.396196609356486,0.434155106185577,0.469520412048979,0.498138238795589,
0.523849446579954,0.547867334460489,0.571937868516239,0.595052274798842,
0.616113546143646,0.638981096228796,0.665900373442473,0.705221048763056,
0.729343993498489,0.751033506472756,0.771300950423145,0.790786070022053,
0.809749662555341,0.829993561621444,0.85247243871638,0.882075290744339,
0.911556468058254,0.933667351043691,0.953169901567201,0.971758499378617,
0.989335620246959,1.),.UNSPECIFIED.);
#2045=B_SPLINE_CURVE_WITH_KNOTS('',3,(#8044,#8045,#8046,#8047,#8048,#8049,
#8050,#8051,#8052,#8053,#8054,#8055,#8056,#8057),.UNSPECIFIED.,.F.,.F.,
(4,1,1,1,1,1,1,1,1,1,1,4),(0.,0.0909090909090909,0.181818181818182,0.272727272727273,
0.363636363636364,0.454545454545455,0.545454545454545,0.636363636363636,
0.727272727272727,0.818181818181818,0.909090909090909,1.),.UNSPECIFIED.);
#2046=B_SPLINE_CURVE_WITH_KNOTS('',3,(#8061,#8062,#8063,#8064,#8065,#8066,
#8067,#8068,#8069,#8070,#8071,#8072,#8073,#8074,#8075,#8076,#8077,#8078,
#8079,#8080,#8081,#8082,#8083,#8084,#8085,#8086,#8087,#8088,#8089,#8090,
#8091,#8092,#8093,#8094,#8095,#8096,#8097,#8098,#8099,#8100,#8101,#8102,
#8103,#8104,#8105,#8106,#8107,#8108,#8109,#8110,#8111,#8112,#8113,#8114,
#8115,#8116,#8117,#8118,#8119,#8120,#8121,#8122,#8123,#8124,#8125,#8126,
#8127,#8128,#8129,#8130,#8131,#8132,#8133,#8134,#8135,#8136,#8137,#8138,
#8139,#8140,#8141,#8142,#8143,#8144,#8145,#8146,#8147,#8148,#8149,#8150,
#8151,#8152,#8153,#8154,#8155,#8156,#8157,#8158,#8159,#8160,#8161,#8162,
#8163,#8164,#8165,#8166,#8167,#8168,#8169,#8170,#8171,#8172,#8173,#8174,
#8175,#8176,#8177,#8178),.UNSPECIFIED.,.F.,.F.,(4,3,3,3,3,3,3,3,3,3,3,3,
3,3,3,3,3,3,3,3,3,3,3,3,3,3,3,3,3,3,3,3,3,3,3,3,3,3,3,4),(0.,0.0219624351061812,
0.0447084359681239,0.0684388961972893,0.0934736750599597,0.120394362165698,
0.150956127343845,0.204021369384855,0.233921500374358,0.260498850881646,
0.285228352341467,0.309151479387922,0.335154014648082,0.360298995441611,
0.386941272328829,0.41582122466435,0.449003615658948,0.495432080365671,
0.526967575342816,0.55653210188389,0.584248845516147,0.610233292671388,
0.634841845078275,0.654620883511775,0.676693865831821,0.700685268091564,
0.738099609580119,0.762442182526488,0.783692649104515,0.803348696343327,
0.82397584469136,0.842782857493236,0.863313521174407,0.889032540559882,
0.916774405419911,0.937905732994804,0.957330178584417,0.975653512059584,
0.992868895860952,1.),.UNSPECIFIED.);
#2047=B_SPLINE_CURVE_WITH_KNOTS('',3,(#8179,#8180,#8181,#8182,#8183,#8184,
#8185,#8186,#8187,#8188,#8189,#8190,#8191,#8192,#8193,#8194,#8195,#8196,
#8197),.UNSPECIFIED.,.F.,.F.,(4,3,3,3,3,3,4),(0.,0.0208543432422636,0.042401801926208,
0.0653705448304023,0.0894365190463136,0.116009923179188,0.127163155694389),
 .UNSPECIFIED.);
#2048=B_SPLINE_CURVE_WITH_KNOTS('',3,(#8283,#8284,#8285,#8286,#8287,#8288),
 .UNSPECIFIED.,.F.,.F.,(4,1,1,4),(0.,0.333333333333333,0.666666666666667,
1.),.UNSPECIFIED.);
#2049=B_SPLINE_CURVE_WITH_KNOTS('',3,(#8290,#8291,#8292,#8293,#8294,#8295,
#8296,#8297,#8298,#8299,#8300,#8301,#8302,#8303,#8304,#8305,#8306,#8307,
#8308,#8309,#8310,#8311,#8312,#8313,#8314,#8315,#8316,#8317,#8318,#8319,
#8320,#8321,#8322,#8323,#8324,#8325,#8326,#8327,#8328,#8329,#8330,#8331,
#8332),.UNSPECIFIED.,.F.,.F.,(4,3,3,3,3,3,3,3,3,3,3,3,3,3,4),(0.500000000000013,
0.544153769363291,0.585311747560074,0.622843476176552,0.666424419022147,
0.714308558257159,0.7514502606058,0.786135174622151,0.820909889610043,0.859604377179949,
0.90420448396405,0.938701501005025,0.969350750502513,0.998007236900468,
1.),.UNSPECIFIED.);
#2050=B_SPLINE_CURVE_WITH_KNOTS('',3,(#8450,#8451,#8452,#8453,#8454,#8455,
#8456,#8457,#8458,#8459,#8460,#8461,#8462,#8463,#8464,#8465,#8466,#8467,
#8468),.UNSPECIFIED.,.F.,.F.,(4,1,1,1,1,1,1,1,1,1,1,1,1,1,1,1,4),(0.,0.0625,
0.125,0.1875,0.25,0.3125,0.375,0.4375,0.5,0.5625,0.625,0.6875,0.75,0.8125,
0.875,0.9375,1.),.UNSPECIFIED.);
#2051=B_SPLINE_CURVE_WITH_KNOTS('',3,(#8470,#8471,#8472,#8473,#8474,#8475),
 .UNSPECIFIED.,.F.,.F.,(4,1,1,4),(0.,0.333333333333333,0.666666666666667,
1.),.UNSPECIFIED.);
#2052=B_SPLINE_CURVE_WITH_KNOTS('',3,(#8477,#8478,#8479,#8480,#8481,#8482,
#8483,#8484,#8485,#8486,#8487,#8488,#8489,#8490,#8491,#8492,#8493,#8494,
#8495),.UNSPECIFIED.,.F.,.F.,(4,3,3,3,3,3,4),(0.875254745516901,0.906441059137676,
0.929830794353257,0.949373018165478,0.967758659098354,0.98490233187643,
1.),.UNSPECIFIED.);
#2053=B_SPLINE_CURVE_WITH_KNOTS('',3,(#8497,#8498,#8499,#8500,#8501,#8502,
#8503,#8504,#8505,#8506,#8507,#8508,#8509,#8510,#8511,#8512,#8513,#8514,
#8515,#8516,#8517,#8518,#8519,#8520,#8521,#8522,#8523,#8524,#8525,#8526,
#8527,#8528,#8529,#8530,#8531,#8532,#8533,#8534,#8535,#8536,#8537,#8538,
#8539,#8540,#8541,#8542,#8543,#8544,#8545,#8546,#8547,#8548,#8549,#8550,
#8551,#8552,#8553,#8554,#8555,#8556,#8557,#8558,#8559,#8560,#8561,#8562,
#8563,#8564,#8565,#8566,#8567,#8568,#8569,#8570,#8571,#8572,#8573,#8574,
#8575,#8576,#8577,#8578,#8579,#8580,#8581,#8582,#8583,#8584,#8585,#8586,
#8587,#8588,#8589,#8590,#8591,#8592,#8593,#8594,#8595,#8596,#8597,#8598,
#8599,#8600,#8601,#8602,#8603,#8604,#8605,#8606,#8607,#8608,#8609,#8610,
#8611,#8612,#8613,#8614),.UNSPECIFIED.,.F.,.F.,(4,3,3,3,3,3,3,3,3,3,3,3,
3,3,3,3,3,3,3,3,3,3,3,3,3,3,3,3,3,3,3,3,3,3,3,3,3,3,3,4),(0.,0.0218771732596528,
0.0445854745461156,0.068354821778396,0.0935651977758863,0.120993978146698,
0.153383136214799,0.198171573254572,0.226910138043502,0.25273599056605,
0.276864017469153,0.300437841975562,0.32463819138193,0.350062405853229,
0.377258282599732,0.407325288517435,0.444500055506246,0.479381408055837,
0.511920070052347,0.539317551059516,0.564766653412483,0.588835562820961,
0.614533340144651,0.635746617623561,0.658974456405632,0.687023912707955,
0.72197553876244,0.746097256419493,0.767767531973255,0.787950034693469,
0.814456280356785,0.834415166100675,0.856449013025151,0.884327973196174,
0.913245979897131,0.934934484922848,0.954711005745535,0.973479665952451,
0.991182138618431,1.),.UNSPECIFIED.);
#2054=B_SPLINE_CURVE_WITH_KNOTS('',3,(#8701,#8702,#8703,#8704,#8705,#8706,
#8707,#8708,#8709,#8710,#8711,#8712,#8713,#8714),.UNSPECIFIED.,.F.,.F.,
(4,1,1,1,1,1,1,1,1,1,1,4),(0.,0.0909090909090909,0.181818181818182,0.272727272727273,
0.363636363636364,0.454545454545455,0.545454545454545,0.636363636363636,
0.727272727272727,0.818181818181818,0.909090909090909,1.),.UNSPECIFIED.);
#2055=B_SPLINE_CURVE_WITH_KNOTS('',3,(#8717,#8718,#8719,#8720,#8721,#8722,
#8723,#8724,#8725,#8726,#8727,#8728,#8729,#8730,#8731,#8732,#8733,#8734,
#8735,#8736,#8737,#8738,#8739,#8740,#8741,#8742,#8743,#8744,#8745,#8746,
#8747,#8748,#8749,#8750,#8751,#8752,#8753,#8754,#8755,#8756,#8757,#8758,
#8759,#8760,#8761,#8762,#8763,#8764,#8765,#8766,#8767,#8768,#8769,#8770,
#8771,#8772,#8773,#8774,#8775,#8776,#8777,#8778,#8779,#8780,#8781,#8782,
#8783,#8784,#8785,#8786,#8787,#8788,#8789,#8790,#8791,#8792,#8793,#8794,
#8795,#8796,#8797,#8798,#8799,#8800,#8801,#8802,#8803,#8804,#8805,#8806,
#8807,#8808,#8809,#8810,#8811,#8812,#8813,#8814,#8815,#8816,#8817,#8818,
#8819,#8820,#8821,#8822),.UNSPECIFIED.,.F.,.F.,(4,3,3,3,3,3,3,3,3,3,3,3,
3,3,3,3,3,3,3,3,3,3,3,3,3,3,3,3,3,3,3,3,3,3,3,4),(0.,0.0209941860849793,
0.0427086248799319,0.065319532957999,0.0891015224197701,0.115679214945134,
0.145923310687405,0.186850141323764,0.218667389089531,0.24544820713934,
0.269983550732835,0.29309222086435,0.316382396373384,0.339807451610455,
0.364372809164493,0.390508679502721,0.419100664642255,0.454012842501184,
0.493728795825672,0.523122501971252,0.549591566689271,0.574339477977407,
0.59788452586694,0.620677056807941,0.640353080754912,0.661071499032237,
0.683991824935428,0.713672273392792,0.740570136308767,0.762802243195382,
0.783092272667364,0.802118248369368,0.822441803491149,0.841493392702401,
0.8630254522521,0.875254745516901),.UNSPECIFIED.);
#2056=B_SPLINE_CURVE_WITH_KNOTS('',3,(#8908,#8909,#8910,#8911,#8912,#8913),
 .UNSPECIFIED.,.F.,.F.,(4,1,1,4),(0.,0.333333333333333,0.666666666666667,
1.),.UNSPECIFIED.);
#2057=B_SPLINE_CURVE_WITH_KNOTS('',3,(#8915,#8916,#8917,#8918,#8919,#8920,
#8921,#8922,#8923,#8924,#8925,#8926,#8927,#8928,#8929,#8930,#8931,#8932,
#8933,#8934,#8935,#8936,#8937,#8938,#8939,#8940,#8941,#8942,#8943,#8944,
#8945,#8946,#8947,#8948,#8949,#8950,#8951,#8952,#8953,#8954,#8955,#8956,
#8957),.UNSPECIFIED.,.F.,.F.,(4,3,3,3,3,3,3,3,3,3,3,3,3,3,4),(0.5,0.542510370898381,
0.582208179067133,0.619421384235236,0.660785396103682,0.711007520345986,
0.748053778268192,0.782682735638085,0.818642823174016,0.856738924961501,
0.903132455497153,0.938120918963034,0.969060459481517,0.99800538739667,
1.),.UNSPECIFIED.);
#2058=B_SPLINE_CURVE_WITH_KNOTS('',3,(#9002,#9003,#9004,#9005,#9006,#9007,
#9008),.UNSPECIFIED.,.F.,.F.,(4,1,1,1,4),(0.,0.25,0.5,0.75,1.),
 .UNSPECIFIED.);
#2059=B_SPLINE_CURVE_WITH_KNOTS('',3,(#9011,#9012,#9013,#9014,#9015,#9016,
#9017,#9018,#9019,#9020,#9021,#9022,#9023,#9024,#9025,#9026,#9027,#9028,
#9029,#9030,#9031,#9032,#9033,#9034,#9035,#9036,#9037,#9038,#9039,#9040,
#9041,#9042,#9043,#9044,#9045,#9046,#9047),.UNSPECIFIED.,.F.,.F.,(4,3,3,
3,3,3,3,3,3,3,3,3,4),(0.,0.0326805688196818,0.067240693550821,0.104558999689599,
0.146707292249517,0.20645699044092,0.247535926878879,0.287129423623468,
0.326661287966373,0.367222199885059,0.41594737271905,0.487776281450777,
0.5),.UNSPECIFIED.);
#2060=B_SPLINE_CURVE_WITH_KNOTS('',3,(#9091,#9092,#9093,#9094,#9095,#9096),
 .UNSPECIFIED.,.F.,.F.,(4,1,1,4),(0.,0.333333333333333,0.666666666666667,
1.),.UNSPECIFIED.);
#2061=B_SPLINE_CURVE_WITH_KNOTS('',3,(#9098,#9099,#9100,#9101,#9102,#9103,
#9104,#9105,#9106,#9107,#9108,#9109,#9110,#9111,#9112,#9113,#9114,#9115,
#9116,#9117,#9118,#9119,#9120,#9121,#9122,#9123,#9124,#9125,#9126,#9127,
#9128,#9129,#9130,#9131,#9132,#9133,#9134,#9135,#9136,#9137,#9138,#9139,
#9140),.UNSPECIFIED.,.F.,.F.,(4,3,3,3,3,3,3,3,3,3,3,3,3,3,4),(0.49999999999999,
0.544432645907815,0.586554381937304,0.623848895926347,0.668980482547258,
0.7151935400292,0.752101030812773,0.786611483316043,0.820797936099039,0.85942810009098,
0.903365406509641,0.937571021207002,0.968785510603501,0.997182731577369,
1.),.UNSPECIFIED.);
#2062=B_SPLINE_CURVE_WITH_KNOTS('',3,(#9355,#9356,#9357,#9358,#9359,#9360,
#9361,#9362,#9363,#9364,#9365,#9366,#9367,#9368,#9369,#9370,#9371,#9372,
#9373,#9374,#9375,#9376,#9377,#9378,#9379,#9380,#9381,#9382,#9383,#9384,
#9385,#9386,#9387,#9388,#9389,#9390,#9391),.UNSPECIFIED.,.F.,.F.,(4,3,3,
3,3,3,3,3,3,3,3,3,4),(0.,0.0342888559764924,0.0706235176977178,0.110003180430234,
0.155151951830487,0.212394259748912,0.254957799732985,0.294160680512704,
0.334023593770665,0.377285099051094,0.429229020879201,0.495572775851585,
0.49999999999999),.UNSPECIFIED.);
#2063=B_SPLINE_CURVE_WITH_KNOTS('',3,(#9488,#9489,#9490,#9491,#9492,#9493,
#9494,#9495,#9496,#9497,#9498,#9499,#9500,#9501,#9502,#9503,#9504,#9505,
#9506,#9507,#9508,#9509,#9510,#9511,#9512,#9513,#9514,#9515,#9516,#9517,
#9518,#9519,#9520,#9521,#9522,#9523,#9524),.UNSPECIFIED.,.F.,.F.,(4,3,3,
3,3,3,3,3,3,3,3,3,4),(0.,0.0338921942319318,0.0697864513524754,0.108649799745155,
0.153014539878961,0.211127581665153,0.253367120800825,0.292030189007066,
0.331811069593605,0.374310118683438,0.426914917111697,0.494848982782247,
0.500000000000013),.UNSPECIFIED.);
#2064=B_SPLINE_CURVE_WITH_KNOTS('',3,(#9578,#9579,#9580,#9581),
 .UNSPECIFIED.,.F.,.F.,(4,4),(-1.6024328730296,-1.52257891259412),
 .UNSPECIFIED.);
#2065=B_SPLINE_CURVE_WITH_KNOTS('',3,(#9628,#9629,#9630,#9631,#9632,#9633,
#9634,#9635,#9636,#9637,#9638,#9639,#9640,#9641),.UNSPECIFIED.,.F.,.F.,
(4,2,2,2,2,2,4),(0.132271615570704,0.158800024257881,0.269753218232251,
0.36634106542301,0.452322807378125,0.523395752799943,0.596179213633881),
 .UNSPECIFIED.);
#2066=B_SPLINE_CURVE_WITH_KNOTS('',3,(#9642,#9643,#9644,#9645,#9646),
 .UNSPECIFIED.,.F.,.F.,(4,1,4),(0.379921181334788,0.638105865956318,0.90781127694458),
 .UNSPECIFIED.);
#2067=B_SPLINE_CURVE_WITH_KNOTS('',3,(#9648,#9649,#9650,#9651,#9652),
 .UNSPECIFIED.,.F.,.F.,(4,1,4),(-0.90781127694458,-0.638105865956318,-0.406072532518068),
 .UNSPECIFIED.);
#2068=B_SPLINE_CURVE_WITH_KNOTS('',3,(#9653,#9654,#9655,#9656),
 .UNSPECIFIED.,.F.,.F.,(4,4),(0.,0.152949012728533),.UNSPECIFIED.);
#2069=B_SPLINE_CURVE_WITH_KNOTS('',3,(#9673,#9674,#9675,#9676,#9677,#9678,
#9679,#9680,#9681,#9682,#9683,#9684),.UNSPECIFIED.,.F.,.F.,(4,2,2,2,2,4),
(0.71262844113802,0.731509907248872,0.750391373359724,0.788154305581427,
0.841934241771929,0.895714177962431),.UNSPECIFIED.);
#2070=B_SPLINE_CURVE_WITH_KNOTS('',3,(#9686,#9687,#9688,#9689),
 .UNSPECIFIED.,.F.,.F.,(4,4),(0.183085736824412,0.191374199799574),
 .UNSPECIFIED.);
#2071=B_SPLINE_CURVE_WITH_KNOTS('',3,(#9693,#9694,#9695,#9696),
 .UNSPECIFIED.,.F.,.F.,(4,4),(0.521254241338447,0.529542704313608),
 .UNSPECIFIED.);
#2072=B_SPLINE_CURVE_WITH_KNOTS('',3,(#9698,#9699,#9700,#9701,#9702,#9703,
#9704,#9705,#9706,#9707,#9708,#9709),.UNSPECIFIED.,.F.,.F.,(4,2,2,2,2,4),
(0.529575650361362,0.583355586551864,0.637135522742366,0.67489845496407,
0.693779921074921,0.712661387185773),.UNSPECIFIED.);
#2073=B_SPLINE_CURVE_WITH_KNOTS('',3,(#9713,#9714,#9715,#9716,#9717,#9718,
#9719,#9720,#9721,#9722,#9723,#9724),.UNSPECIFIED.,.F.,.F.,(4,2,2,2,2,4),
(0.71262844113802,0.731509907248872,0.750391373359724,0.788154305581427,
0.841934241771929,0.895714177962431),.UNSPECIFIED.);
#2074=B_SPLINE_CURVE_WITH_KNOTS('',3,(#9726,#9727,#9728,#9729),
 .UNSPECIFIED.,.F.,.F.,(4,4),(0.183085736824412,0.191374199799573),
 .UNSPECIFIED.);
#2075=B_SPLINE_CURVE_WITH_KNOTS('',3,(#9733,#9734,#9735,#9736),
 .UNSPECIFIED.,.F.,.F.,(4,4),(0.521254241338447,0.529542704313607),
 .UNSPECIFIED.);
#2076=B_SPLINE_CURVE_WITH_KNOTS('',3,(#9738,#9739,#9740,#9741,#9742,#9743,
#9744,#9745,#9746,#9747,#9748,#9749),.UNSPECIFIED.,.F.,.F.,(4,2,2,2,2,4),
(0.529542704313609,0.583322640504111,0.637102576694613,0.674865508916316,
0.693746975027168,0.71262844113802),.UNSPECIFIED.);
#2077=B_SPLINE_CURVE_WITH_KNOTS('',3,(#9753,#9754,#9755,#9756,#9757,#9758,
#9759,#9760,#9761,#9762,#9763,#9764),.UNSPECIFIED.,.F.,.F.,(4,2,2,2,2,4),
(0.712628441138019,0.731509907248871,0.750391373359723,0.788154305581426,
0.841934241771928,0.895714177962431),.UNSPECIFIED.);
#2078=B_SPLINE_CURVE_WITH_KNOTS('',3,(#9766,#9767,#9768,#9769),
 .UNSPECIFIED.,.F.,.F.,(4,4),(0.183085736824412,0.191374199799573),
 .UNSPECIFIED.);
#2079=B_SPLINE_CURVE_WITH_KNOTS('',3,(#9773,#9774,#9775,#9776),
 .UNSPECIFIED.,.F.,.F.,(4,4),(0.52129555928576,0.52957565036136),
 .UNSPECIFIED.);
#2080=B_SPLINE_CURVE_WITH_KNOTS('',3,(#9778,#9779,#9780,#9781,#9782,#9783,
#9784,#9785,#9786,#9787,#9788,#9789),.UNSPECIFIED.,.F.,.F.,(4,2,2,2,2,4),
(0.529542704313608,0.58332264050411,0.637102576694613,0.674865508916316,
0.693746975027168,0.712628441138019),.UNSPECIFIED.);
#2081=B_SPLINE_CURVE_WITH_KNOTS('',3,(#9800,#9801,#9802,#9803),
 .UNSPECIFIED.,.F.,.F.,(4,4),(1.52257891259412,1.6024328730296),
 .UNSPECIFIED.);
#2082=B_SPLINE_CURVE_WITH_KNOTS('',3,(#9807,#9808,#9809,#9810,#9811,#9812,
#9813,#9814,#9815,#9816),.UNSPECIFIED.,.F.,.F.,(4,2,2,2,4),(1.1184638018545,
1.22850840187732,1.35019078106538,1.47486545663043,1.55855239942361),
 .UNSPECIFIED.);
#2083=B_SPLINE_CURVE_WITH_KNOTS('',3,(#9838,#9839,#9840,#9841,#9842,#9843,
#9844,#9845),.UNSPECIFIED.,.F.,.F.,(4,2,2,4),(0.212515695838588,0.217286228534947,
0.345188420529234,0.499751976560803),.UNSPECIFIED.);
#2084=B_SPLINE_CURVE_WITH_KNOTS('',3,(#9849,#9850,#9851,#9852,#9853,#9854,
#9855,#9856,#9857,#9858),.UNSPECIFIED.,.F.,.F.,(4,2,2,2,4),(-1.55855239942361,
-1.47486545663043,-1.35019078106538,-1.22850840187732,-1.1184638018545),
 .UNSPECIFIED.);
#2085=B_SPLINE_CURVE_WITH_KNOTS('',3,(#9886,#9887,#9888,#9889,#9890,#9891,
#9892,#9893,#9894,#9895),.UNSPECIFIED.,.F.,.F.,(4,2,2,2,4),(0.,0.186290709223368,
0.372581418446737,0.518086848482184,0.607513005306158),.UNSPECIFIED.);
#2086=B_SPLINE_CURVE_WITH_KNOTS('',3,(#9899,#9900,#9901,#9902,#9903,#9904,
#9905,#9906,#9907,#9908),.UNSPECIFIED.,.F.,.F.,(4,2,2,2,4),(-0.607513005306159,
-0.518086848482183,-0.372581418446737,-0.186290709223369,0.),
 .UNSPECIFIED.);
#2087=B_SPLINE_CURVE_WITH_KNOTS('',3,(#9965,#9966,#9967,#9968),
 .UNSPECIFIED.,.F.,.F.,(4,4),(0.521254241338447,0.529542704313608),
 .UNSPECIFIED.);
#2088=B_SPLINE_CURVE_WITH_KNOTS('',3,(#10115,#10116,#10117,#10118),
 .UNSPECIFIED.,.F.,.F.,(4,4),(0.183085736824412,0.191374199799574),
 .UNSPECIFIED.);
#2089=B_SPLINE_CURVE_WITH_KNOTS('',3,(#10122,#10123,#10124,#10125,#10126,
#10127,#10128,#10129,#10130,#10131,#10132,#10133),.UNSPECIFIED.,.F.,.F.,
(4,2,2,2,2,4),(0.712628441138021,0.731509907248873,0.750391373359725,0.788154305581429,
0.841934241771931,0.895714177962434),.UNSPECIFIED.);
#2090=B_SPLINE_CURVE_WITH_KNOTS('',3,(#10141,#10142,#10143,#10144,#10145,
#10146,#10147,#10148,#10149,#10150,#10151,#10152),.UNSPECIFIED.,.F.,.F.,
(4,2,2,2,2,4),(0.52954270431361,0.583322640504112,0.637102576694614,0.674865508916318,
0.693746975027169,0.712628441138021),.UNSPECIFIED.);
#2091=B_SPLINE_CURVE_WITH_KNOTS('',3,(#10159,#10160,#10161,#10162),
 .UNSPECIFIED.,.F.,.F.,(4,4),(1.00002645984279,1.72506507775181),
 .UNSPECIFIED.);
#2092=B_SPLINE_CURVE_WITH_KNOTS('',3,(#10164,#10165,#10166,#10167,#10168,
#10169,#10170),.UNSPECIFIED.,.F.,.F.,(4,1,1,1,4),(0.,0.744002958330916,
1.24000493055153,1.48800591666183,1.73600690277214),.UNSPECIFIED.);
#2093=B_SPLINE_CURVE_WITH_KNOTS('',3,(#10180,#10181,#10182,#10183,#10184,
#10185),.UNSPECIFIED.,.F.,.F.,(4,2,4),(-1.1730763595039,-0.996286557861818,
0.),.UNSPECIFIED.);
#2094=B_SPLINE_CURVE_WITH_KNOTS('',3,(#10188,#10189,#10190,#10191,#10192,
#10193,#10194,#10195),.UNSPECIFIED.,.F.,.F.,(4,2,2,4),(-0.818785987799236,
-0.474954091580023,-0.204536494922579,0.),.UNSPECIFIED.);
#2095=B_SPLINE_CURVE_WITH_KNOTS('',3,(#10232,#10233,#10234,#10235,#10236,
#10237,#10238,#10239,#10240,#10241,#10242,#10243),.UNSPECIFIED.,.F.,.F.,
(4,2,2,2,2,4),(0.712911543199328,0.73179300931018,0.750674475421032,0.788437407642735,
0.842217343833237,0.895997280023739),.UNSPECIFIED.);
#2096=B_SPLINE_CURVE_WITH_KNOTS('',3,(#10247,#10248,#10249,#10250),
 .UNSPECIFIED.,.F.,.F.,(4,4),(0.183085736824411,0.191374199799573),
 .UNSPECIFIED.);
#2097=B_SPLINE_CURVE_WITH_KNOTS('',3,(#10254,#10255,#10256,#10257),
 .UNSPECIFIED.,.F.,.F.,(4,4),(0.521254241338447,0.529542704313608),
 .UNSPECIFIED.);
#2098=B_SPLINE_CURVE_WITH_KNOTS('',3,(#10259,#10260,#10261,#10262,#10263,
#10264,#10265,#10266,#10267,#10268,#10269,#10270),.UNSPECIFIED.,.F.,.F.,
(4,2,2,2,2,4),(0.529575650361362,0.579205415729671,0.62883518109798,0.670873362148654,
0.691892452673991,0.712911543199328),.UNSPECIFIED.);
#2099=B_SPLINE_CURVE_WITH_KNOTS('',3,(#10278,#10279,#10280,#10281,#10282,
#10283),.UNSPECIFIED.,.F.,.F.,(4,1,1,4),(0.,0.248002482992501,0.744007448977502,
1.73601738094751),.UNSPECIFIED.);
#2100=B_SPLINE_CURVE_WITH_KNOTS('',3,(#10284,#10285,#10286,#10287),
 .UNSPECIFIED.,.F.,.F.,(4,4),(0.,0.725038617909269),.UNSPECIFIED.);
#2101=B_SPLINE_CURVE_WITH_KNOTS('',3,(#10354,#10355,#10356,#10357,#10358,
#10359,#10360,#10361,#10362,#10363),.UNSPECIFIED.,.F.,.F.,(4,2,2,2,4),(0.,
0.186290709223369,0.372581418446737,0.518086848482184,0.607513005306136),
 .UNSPECIFIED.);
#2102=B_SPLINE_CURVE_WITH_KNOTS('',3,(#10367,#10368,#10369,#10370,#10371,
#10372,#10373,#10374,#10375,#10376),.UNSPECIFIED.,.F.,.F.,(4,2,2,2,4),(-0.607513005306156,
-0.518086848482183,-0.372581418446736,-0.186290709223368,0.),
 .UNSPECIFIED.);
#2103=B_SPLINE_CURVE_WITH_KNOTS('',3,(#10435,#10436,#10437,#10438,#10439,
#10440,#10441,#10442,#10443,#10444),.UNSPECIFIED.,.F.,.F.,(4,2,2,2,4),(-0.53937179976343,
-0.442558925015969,-0.300859986199921,-0.153466084137873,0.),
 .UNSPECIFIED.);
#2104=B_SPLINE_CURVE_WITH_KNOTS('',3,(#10447,#10448,#10449,#10450,#10451,
#10452,#10453,#10454,#10455,#10456),.UNSPECIFIED.,.F.,.F.,(4,2,2,2,4),(-0.540921655880816,
-0.414998258316995,-0.279491250538436,-0.117940940778576,0.),
 .UNSPECIFIED.);
#2105=B_SPLINE_CURVE_WITH_KNOTS('',3,(#10498,#10499,#10500,#10501,#10502,
#10503,#10504,#10505,#10506,#10507),.UNSPECIFIED.,.F.,.F.,(4,2,2,2,4),(-0.540921655880572,
-0.414998258316819,-0.279491250538323,-0.117940940778537,0.),
 .UNSPECIFIED.);
#2106=B_SPLINE_CURVE_WITH_KNOTS('',3,(#10512,#10513,#10514,#10515,#10516,
#10517,#10518,#10519,#10520,#10521),.UNSPECIFIED.,.F.,.F.,(4,2,2,2,4),(-0.539371799763489,
-0.442558925015946,-0.300859986199927,-0.153466084137871,0.),
 .UNSPECIFIED.);
#2107=B_SPLINE_CURVE_WITH_KNOTS('',3,(#10531,#10532,#10533,#10534,#10535,
#10536,#10537,#10538,#10539,#10540),.UNSPECIFIED.,.F.,.F.,(4,2,2,2,4),(0.941286633842696,
0.984148138398852,1.09109085760218,1.19181347116259,1.292536084723),
 .UNSPECIFIED.);
#2108=B_SPLINE_CURVE_WITH_KNOTS('',3,(#10563,#10564,#10565,#10566,#10567,
#10568,#10569,#10570,#10571,#10572,#10573,#10574,#10575,#10576,#10577,#10578,
#10579,#10580,#10581,#10582,#10583,#10584,#10585,#10586,#10587,#10588,#10589,
#10590,#10591,#10592,#10593,#10594,#10595,#10596),.UNSPECIFIED.,.T.,.F.,
(4,2,2,2,2,2,2,2,2,2,2,2,2,2,2,2,4),(0.,0.056583286298532,0.113166572597064,
0.171567984779851,0.229969396962639,0.287191880748083,0.344414364533527,
0.400865703669,0.457317042804472,0.513768381939944,0.570219721075416,0.62744220486086,
0.684664688646305,0.743066100829092,0.801467513011879,0.858050799310411,
0.914634085608944),.UNSPECIFIED.);
#2109=B_SPLINE_CURVE_WITH_KNOTS('',3,(#10610,#10611,#10612,#10613,#10614),
 .UNSPECIFIED.,.F.,.F.,(4,1,4),(-0.40507933922253,-0.23147390812716,1.32489505477763E-16),
 .UNSPECIFIED.);
#2110=B_SPLINE_CURVE_WITH_KNOTS('',3,(#10625,#10626,#10627,#10628,#10629),
 .UNSPECIFIED.,.F.,.F.,(4,1,4),(-7.46604307229858,-7.23460381172692,-7.06102436629818),
 .UNSPECIFIED.);
#2111=B_SPLINE_CURVE_WITH_KNOTS('',3,(#10635,#10636,#10637,#10638,#10639,
#10640,#10641,#10642,#10643,#10644,#10645,#10646,#10647,#10648,#10649,#10650,
#10651,#10652,#10653,#10654,#10655,#10656,#10657,#10658,#10659,#10660,#10661,
#10662,#10663,#10664,#10665,#10666,#10667,#10668),.UNSPECIFIED.,.T.,.F.,
(4,2,2,2,2,2,2,2,2,2,2,2,2,2,2,2,4),(0.,0.0565832862985316,0.113166572597063,
0.17156798477985,0.229969396962638,0.287191880748082,0.344414364533525,
0.400865703668997,0.457317042804469,0.513768381939941,0.570219721075413,
0.627442204860857,0.684664688646301,0.743066100829088,0.801467513011876,
0.858050799310407,0.914634085608939),.UNSPECIFIED.);
#2112=B_SPLINE_CURVE_WITH_KNOTS('',3,(#10718,#10719,#10720,#10721,#10722),
 .UNSPECIFIED.,.F.,.F.,(4,1,4),(-0.40507933922253,-0.231473908127159,2.44249065417534E-15),
 .UNSPECIFIED.);
#2113=B_SPLINE_CURVE_WITH_KNOTS('',3,(#10734,#10735,#10736,#10737,#10738),
 .UNSPECIFIED.,.F.,.F.,(4,1,4),(-7.46604307229858,-7.23460381172692,-7.06102436629818),
 .UNSPECIFIED.);
#2114=B_SPLINE_CURVE_WITH_KNOTS('',3,(#10750,#10751,#10752,#10753,#10754,
#10755,#10756,#10757,#10758,#10759),.UNSPECIFIED.,.F.,.F.,(4,2,2,2,4),(-0.730135059643919,
-0.651930521305603,-0.543724389920915,-0.389512222228861,-0.332938175836111),
 .UNSPECIFIED.);
#2115=B_SPLINE_CURVE_WITH_KNOTS('',3,(#10767,#10768,#10769,#10770,#10771,
#10772,#10773,#10774,#10775,#10776),.UNSPECIFIED.,.F.,.F.,(4,2,2,2,4),(0.332938175801771,
0.389512222228861,0.543724389920915,0.651930521305602,0.730135059643918),
 .UNSPECIFIED.);
#2116=B_SPLINE_CURVE_WITH_KNOTS('',3,(#10793,#10794,#10795,#10796,#10797,
#10798,#10799,#10800),.UNSPECIFIED.,.F.,.F.,(4,2,2,4),(1.07845848056036,
1.1952545913228,1.30857065714504,1.42188672296727),.UNSPECIFIED.);
#2117=B_SPLINE_CURVE_WITH_KNOTS('',3,(#10804,#10805,#10806,#10807,#10808,
#10809),.UNSPECIFIED.,.F.,.F.,(4,2,4),(0.,0.19475611111443,0.332938175801771),
 .UNSPECIFIED.);
#2118=B_SPLINE_CURVE_WITH_KNOTS('',3,(#10821,#10822,#10823,#10824,#10825,
#10826,#10827,#10828),.UNSPECIFIED.,.F.,.F.,(4,2,2,4),(1.0819495519881,
1.14693880273389,1.32661981611734,1.44892727780538),.UNSPECIFIED.);
#2119=B_SPLINE_CURVE_WITH_KNOTS('',3,(#10846,#10847,#10848,#10849,#10850,
#10851,#10852,#10853),.UNSPECIFIED.,.F.,.F.,(4,2,2,4),(4.26566016890182,
4.37897623472406,4.4922923005463,4.60908841130874),.UNSPECIFIED.);
#2120=B_SPLINE_CURVE_WITH_KNOTS('',3,(#10861,#10862,#10863,#10864,#10865,
#10866),.UNSPECIFIED.,.F.,.F.,(4,2,4),(-0.332938175836111,-0.19475611111443,
0.),.UNSPECIFIED.);
#2121=B_SPLINE_CURVE_WITH_KNOTS('',3,(#10870,#10871,#10872,#10873,#10874,
#10875,#10876,#10877,#10878,#10879,#10880,#10881,#10882,#10883,#10884,#10885),
 .UNSPECIFIED.,.F.,.F.,(4,2,2,2,2,2,2,4),(0.41411008269933,0.43979918328389,
0.626220822180517,0.795898294736581,0.960993815170853,1.14716654437457,
1.32680622742034,1.40864429556222),.UNSPECIFIED.);
#2122=B_SPLINE_CURVE_WITH_KNOTS('',3,(#10899,#10900,#10901,#10902,#10903,
#10904),.UNSPECIFIED.,.F.,.F.,(4,2,4),(0.0471536174387196,0.221980463267943,
0.41411008269933),.UNSPECIFIED.);
#2123=B_SPLINE_CURVE_WITH_KNOTS('',3,(#10919,#10920,#10921,#10922),
 .UNSPECIFIED.,.F.,.F.,(4,4),(1.04471430842086,1.2171286838607),
 .UNSPECIFIED.);
#2124=B_SPLINE_CURVE_WITH_KNOTS('',3,(#11014,#11015,#11016,#11017,#11018,
#11019,#11020,#11021,#11022,#11023,#11024,#11025,#11026,#11027,#11028,#11029,
#11030,#11031,#11032,#11033,#11034,#11035),.UNSPECIFIED.,.F.,.F.,(4,2,2,
2,2,2,2,2,2,2,4),(0.447449500822795,0.501472734575818,0.580593422830177,
0.637715666372621,0.691271172180753,0.764795966112188,0.839898182834095,
0.923763935770662,1.00730513385433,1.08304687489967,1.12363221061862),
 .UNSPECIFIED.);
#2125=B_SPLINE_CURVE_WITH_KNOTS('',3,(#11037,#11038,#11039,#11040,#11041,
#11042,#11043,#11044,#11045,#11046,#11047,#11048),.UNSPECIFIED.,.F.,.F.,
(4,2,2,2,2,4),(0.169439089949539,0.177961273328114,0.252896831913651,0.328199892975109,
0.41288994649566,0.447449500822795),.UNSPECIFIED.);
#2126=B_SPLINE_CURVE_WITH_KNOTS('',3,(#11057,#11058,#11059,#11060,#11061,
#11062,#11063,#11064,#11065,#11066),.UNSPECIFIED.,.F.,.F.,(4,2,2,2,4),(0.,
0.0253182525604152,0.0595965542735276,0.126583108837728,0.136585837418092),
 .UNSPECIFIED.);
#2127=B_SPLINE_CURVE_WITH_KNOTS('',3,(#11068,#11069,#11070,#11071,#11072,
#11073,#11074,#11075,#11076,#11077),.UNSPECIFIED.,.F.,.F.,(4,2,2,2,4),(1.21154407885762,
1.22534416752364,1.30034790531046,1.341705701118,1.38469357067368),
 .UNSPECIFIED.);
#2128=B_SPLINE_CURVE_WITH_KNOTS('',3,(#11093,#11094,#11095,#11096,#11097,
#11098,#11099,#11100),.UNSPECIFIED.,.F.,.F.,(4,2,2,4),(0.,0.0791208547869083,
0.160082610142359,0.187993230281124),.UNSPECIFIED.);
#2129=B_SPLINE_CURVE_WITH_KNOTS('',3,(#11103,#11104,#11105,#11106,#11107,
#11108,#11109,#11110,#11111,#11112),.UNSPECIFIED.,.F.,.F.,(4,2,2,2,4),(1.17497252780184,
1.19719690171544,1.25590257185118,1.28878887410658,1.31158883444708),
 .UNSPECIFIED.);
#2130=B_SPLINE_CURVE_WITH_KNOTS('',3,(#11122,#11123,#11124,#11125,#11126,
#11127,#11128,#11129,#11130,#11131,#11132,#11133,#11134,#11135,#11136,#11137,
#11138,#11139,#11140,#11141,#11142,#11143,#11144,#11145,#11146,#11147,#11148,
#11149),.UNSPECIFIED.,.F.,.F.,(4,2,2,2,2,2,2,2,2,2,2,2,2,4),(0.193054735608304,
0.252896831913745,0.328199892975283,0.412889946495925,0.501472734576248,
0.580593422830714,0.637715666373279,0.691271172181545,0.764795966113125,
0.839898182835171,0.923763935771927,1.00730513385581,1.08304687490134,1.1236322106204),
 .UNSPECIFIED.);
#2131=B_SPLINE_CURVE_WITH_KNOTS('',3,(#11151,#11152,#11153,#11154,#11155,
#11156),.UNSPECIFIED.,.F.,.F.,(4,2,4),(0.169439089949545,0.177961273328134,
0.193054735608304),.UNSPECIFIED.);
#2132=B_SPLINE_CURVE_WITH_KNOTS('',3,(#11171,#11172,#11173,#11174,#11175,
#11176,#11177,#11178,#11179,#11180,#11181,#11182,#11183,#11184,#11185,#11186,
#11187,#11188,#11189),.UNSPECIFIED.,.F.,.F.,(4,2,2,2,3,2,2,2,4),(0.915275202662322,
0.991509536722179,1.06774387078204,1.14405540383257,1.2203669368831,1.29667846993363,
1.37299000298416,1.44922433704401,1.52545867110387),.UNSPECIFIED.);
#2133=B_SPLINE_CURVE_WITH_KNOTS('',3,(#11219,#11220,#11221,#11222,#11223,
#11224,#11225,#11226,#11227,#11228,#11229,#11230,#11231,#11232,#11233,#11234,
#11235,#11236,#11237),.UNSPECIFIED.,.F.,.F.,(4,2,2,2,3,2,2,2,4),(0.915275202662321,
0.991509536722178,1.06774387078203,1.14405540383256,1.2203669368831,1.29667846993363,
1.37299000298416,1.44922433704401,1.52545867110387),.UNSPECIFIED.);
#2134=B_SPLINE_CURVE_WITH_KNOTS('',3,(#11249,#11250,#11251,#11252,#11253),
 .UNSPECIFIED.,.F.,.F.,(4,1,4),(0.,0.739313604750777,1.08725013805902),
 .UNSPECIFIED.);
#2135=B_SPLINE_CURVE_WITH_KNOTS('',3,(#11254,#11255,#11256,#11257,#11258,
#11259),.UNSPECIFIED.,.F.,.F.,(4,1,1,4),(0.,0.248002482992501,0.744007448977502,
1.73601738094751),.UNSPECIFIED.);
#2136=B_SPLINE_CURVE_WITH_KNOTS('',3,(#11266,#11267,#11268,#11269,#11270,
#11271),.UNSPECIFIED.,.F.,.F.,(4,1,1,4),(0.,0.744002958330916,1.24000493055153,
1.73600690277214),.UNSPECIFIED.);
#2137=B_SPLINE_CURVE_WITH_KNOTS('',3,(#11273,#11274,#11275,#11276,#11277),
 .UNSPECIFIED.,.F.,.F.,(4,1,4),(0.637862236615622,0.739313604750777,1.72506507775181),
 .UNSPECIFIED.);
#2138=B_SPLINE_CURVE_WITH_KNOTS('',3,(#11279,#11280,#11281,#11282,#11283),
 .UNSPECIFIED.,.F.,.F.,(4,1,4),(0.,0.492875736500518,0.637862236615622),
 .UNSPECIFIED.);
#2139=B_SPLINE_CURVE_WITH_KNOTS('',3,(#11286,#11287,#11288,#11289,#11290),
 .UNSPECIFIED.,.F.,.F.,(4,1,4),(1.08725013805902,1.2321893412513,1.72506507775181),
 .UNSPECIFIED.);
#2140=B_SPLINE_CURVE_WITH_KNOTS('',3,(#11438,#11439,#11440,#11441,#11442,
#11443,#11444,#11445,#11446,#11447),.UNSPECIFIED.,.F.,.F.,(4,2,2,2,4),(0.,
0.364221822126328,0.728443644252657,0.950135066915543,1.17182648957843),
 .UNSPECIFIED.);
#2141=B_SPLINE_CURVE_WITH_KNOTS('',3,(#11448,#11449,#11450,#11451,#11452,
#11453,#11454,#11455,#11456,#11457),.UNSPECIFIED.,.F.,.F.,(4,2,2,2,4),(2.83415687681529,
3.05584829947818,3.27753972214107,3.64176154426739,4.00598336639372),
 .UNSPECIFIED.);
#2142=B_SPLINE_CURVE_WITH_KNOTS('',3,(#11481,#11482,#11483,#11484,#11485,
#11486),.UNSPECIFIED.,.F.,.F.,(4,1,1,4),(-1.73600690277214,-1.24000493055153,
-0.744002958330916,0.),.UNSPECIFIED.);
#2143=B_SPLINE_CURVE_WITH_KNOTS('',3,(#11488,#11489,#11490,#11491,#11492),
 .UNSPECIFIED.,.F.,.F.,(4,1,4),(-2.44249065417534E-15,0.231473908127159,
0.40507933922253),.UNSPECIFIED.);
#2144=B_SPLINE_CURVE_WITH_KNOTS('',3,(#11497,#11498,#11499,#11500,#11501,
#11502),.UNSPECIFIED.,.F.,.F.,(4,1,1,4),(-1.72506507775181,-0.739313604750777,
-0.492875736500518,0.),.UNSPECIFIED.);
#2145=B_SPLINE_CURVE_WITH_KNOTS('',3,(#11510,#11511,#11512,#11513,#11514,
#11515),.UNSPECIFIED.,.F.,.F.,(4,1,1,4),(-1.72506507775181,-1.2321893412513,
-0.739313604750777,0.),.UNSPECIFIED.);
#2146=B_SPLINE_CURVE_WITH_KNOTS('',3,(#11528,#11529,#11530,#11531,#11532),
 .UNSPECIFIED.,.F.,.F.,(4,1,4),(7.06102436629818,7.23460381172692,7.46604307229858),
 .UNSPECIFIED.);
#2147=B_SPLINE_CURVE_WITH_KNOTS('',3,(#11533,#11534,#11535,#11536,#11537,
#11538),.UNSPECIFIED.,.F.,.F.,(4,1,1,4),(-1.73601738094751,-0.744007448977502,
-0.248002482992501,0.),.UNSPECIFIED.);
#2148=B_SPLINE_CURVE_WITH_KNOTS('',3,(#11762,#11763,#11764,#11765,#11766,
#11767,#11768,#11769,#11770,#11771),.UNSPECIFIED.,.F.,.F.,(4,2,2,2,4),(2.67222722206038,
2.89893058775198,3.12563395344359,3.45827802749548,3.79092210154737),
 .UNSPECIFIED.);
#2149=B_SPLINE_CURVE_WITH_KNOTS('',3,(#11774,#11775,#11776,#11777,#11778,
#11779,#11780,#11781,#11782,#11783),.UNSPECIFIED.,.F.,.F.,(4,2,2,2,4),(0.,
0.332644074051892,0.665288148103784,0.891991513795391,1.118694879487),
 .UNSPECIFIED.);
#2150=B_SPLINE_CURVE_WITH_KNOTS('',3,(#11800,#11801,#11802,#11803,#11804,
#11805,#11806,#11807,#11808,#11809),.UNSPECIFIED.,.F.,.F.,(4,2,2,2,4),(2.67222722206038,
2.89893058775198,3.12563395344359,3.45827802749548,3.79092210154737),
 .UNSPECIFIED.);
#2151=B_SPLINE_CURVE_WITH_KNOTS('',3,(#11813,#11814,#11815,#11816,#11817,
#11818,#11819,#11820,#11821,#11822),.UNSPECIFIED.,.F.,.F.,(4,2,2,2,4),(0.,
0.332644074051894,0.665288148103787,0.891991513795392,1.118694879487),
 .UNSPECIFIED.);
#2152=B_SPLINE_CURVE_WITH_KNOTS('',3,(#11832,#11833,#11834,#11835),
 .UNSPECIFIED.,.F.,.F.,(4,4),(4.57237834320351,4.74479271864335),
 .UNSPECIFIED.);
#2153=B_SPLINE_CURVE_WITH_KNOTS('',3,(#11839,#11840,#11841,#11842,#11843,
#11844,#11845,#11846),.UNSPECIFIED.,.F.,.F.,(4,2,2,4),(0.,0.454080590832123,
0.908161181664246,1.06002009020609),.UNSPECIFIED.);
#2154=B_SPLINE_CURVE_WITH_KNOTS('',3,(#11862,#11863,#11864,#11865,#11866,
#11867,#11868,#11869,#11870,#11871,#11872,#11873,#11874,#11875),
 .UNSPECIFIED.,.F.,.F.,(4,2,2,2,2,2,4),(0.0877773749070178,0.217258184929963,
0.439452738189983,0.631811878552185,0.802706304014387,0.966519145496547,
1.0819495519881),.UNSPECIFIED.);
#2155=B_SPLINE_CURVE_WITH_KNOTS('',3,(#11879,#11880,#11881,#11882,#11883,
#11884,#11885,#11886),.UNSPECIFIED.,.F.,.F.,(4,2,2,4),(4.42714432726768,
4.57900323580952,5.03308382664165,5.48716441747377),.UNSPECIFIED.);
#2156=B_SPLINE_CURVE_WITH_KNOTS('',3,(#11924,#11925,#11926,#11927,#11928),
 .UNSPECIFIED.,.F.,.F.,(4,1,4),(7.06102436629818,7.23460381172692,7.46604307229858),
 .UNSPECIFIED.);
#2157=B_SPLINE_CURVE_WITH_KNOTS('',3,(#11929,#11930,#11931,#11932,#11933,
#11934),.UNSPECIFIED.,.F.,.F.,(4,1,1,4),(-1.,-0.571428571428571,-0.285714285714286,
0.),.UNSPECIFIED.);
#2158=B_SPLINE_CURVE_WITH_KNOTS('',3,(#11968,#11969,#11970,#11971,#11972,
#11973,#11974,#11975,#11976,#11977),.UNSPECIFIED.,.F.,.F.,(4,3,3,4),(-1.72506507775181,
-0.739313604750776,-0.492875736500516,0.),.UNSPECIFIED.);
#2159=B_SPLINE_CURVE_WITH_KNOTS('',3,(#11978,#11979,#11980,#11981,#11982,
#11983),.UNSPECIFIED.,.F.,.F.,(4,1,1,4),(-1.,-0.571428571428571,-0.285714285714286,
0.),.UNSPECIFIED.);
#2160=B_SPLINE_CURVE_WITH_KNOTS('',3,(#11986,#11987,#11988,#11989,#11990),
 .UNSPECIFIED.,.F.,.F.,(4,1,4),(0.,0.571428571428571,0.701112255756825),
 .UNSPECIFIED.);
#2161=B_SPLINE_CURVE_WITH_KNOTS('',3,(#12023,#12024,#12025,#12026,#12027,
#12028),.UNSPECIFIED.,.F.,.F.,(4,1,1,4),(0.,0.285714285714286,0.571428571428571,
1.),.UNSPECIFIED.);
#2162=B_SPLINE_CURVE_WITH_KNOTS('',3,(#12029,#12030,#12031,#12032,#12033,
#12034,#12035,#12036,#12037,#12038),.UNSPECIFIED.,.F.,.F.,(4,3,3,4),(-1.72506507775181,
-1.2321893412513,-0.739313604750777,0.),.UNSPECIFIED.);
#2163=B_SPLINE_CURVE_WITH_KNOTS('',3,(#12075,#12076,#12077,#12078,#12079,
#12080),.UNSPECIFIED.,.F.,.F.,(4,1,1,4),(0.,0.285714285714286,0.571428571428571,
1.),.UNSPECIFIED.);
#2164=B_SPLINE_CURVE_WITH_KNOTS('',3,(#12081,#12082,#12083,#12084,#12085),
 .UNSPECIFIED.,.F.,.F.,(4,1,4),(-1.32489505477763E-16,0.23147390812716,
0.40507933922253),.UNSPECIFIED.);
#2165=B_SPLINE_CURVE_WITH_KNOTS('',3,(#12128,#12129,#12130,#12131,#12132,
#12133,#12134,#12135,#12136,#12137,#12138,#12139,#12140),.UNSPECIFIED.,
 .F.,.F.,(4,3,3,3,4),(-1.73600690277214,-1.48800591666183,-1.24000493055153,
-0.744002958330916,0.),.UNSPECIFIED.);
#2166=B_SPLINE_CURVE_WITH_KNOTS('',3,(#12177,#12178,#12179,#12180,#12181,
#12182,#12183,#12184,#12185,#12186),.UNSPECIFIED.,.F.,.F.,(4,3,3,4),(-1.73601738094751,
-0.744007448977501,-0.248002482992499,0.),.UNSPECIFIED.);
#2167=B_SPLINE_CURVE_WITH_KNOTS('',3,(#12272,#12273,#12274,#12275,#12276,
#12277),.UNSPECIFIED.,.F.,.F.,(4,2,4),(0.,0.195727938838415,0.33902018321002),
 .UNSPECIFIED.);
#2168=B_SPLINE_CURVE_WITH_KNOTS('',3,(#12280,#12281,#12282,#12283,#12284,
#12285),.UNSPECIFIED.,.F.,.F.,(4,2,4),(0.,0.195727938838415,0.339020183210019),
 .UNSPECIFIED.);
#2169=B_SPLINE_CURVE_WITH_KNOTS('',3,(#12288,#12289,#12290,#12291,#12292,
#12293),.UNSPECIFIED.,.F.,.F.,(4,2,4),(-0.339020183210019,-0.195727938838415,
0.),.UNSPECIFIED.);
#2170=B_SPLINE_CURVE_WITH_KNOTS('',3,(#12296,#12297,#12298,#12299),
 .UNSPECIFIED.,.F.,.F.,(4,4),(4.57237834320351,4.74479271864335),
 .UNSPECIFIED.);
#2171=B_SPLINE_CURVE_WITH_KNOTS('',3,(#12302,#12303,#12304,#12305,#12306,
#12307),.UNSPECIFIED.,.F.,.F.,(4,2,4),(-0.339020183210023,-0.195727938838415,
0.),.UNSPECIFIED.);
#2172=B_SPLINE_CURVE_WITH_KNOTS('',3,(#12311,#12312,#12313,#12314),
 .UNSPECIFIED.,.F.,.F.,(4,4),(1.04471430842086,1.2171286838607),
 .UNSPECIFIED.);
#2173=VERTEX_POINT('',#7554);
#2174=VERTEX_POINT('',#7555);
#2175=VERTEX_POINT('',#7570);
#2176=VERTEX_POINT('',#7577);
#2177=VERTEX_POINT('',#7706);
#2178=VERTEX_POINT('',#7721);
#2179=VERTEX_POINT('',#7844);
#2180=VERTEX_POINT('',#7851);
#2181=VERTEX_POINT('',#8043);
#2182=VERTEX_POINT('',#8058);
#2183=VERTEX_POINT('',#8060);
#2184=VERTEX_POINT('',#8282);
#2185=VERTEX_POINT('',#8289);
#2186=VERTEX_POINT('',#8448);
#2187=VERTEX_POINT('',#8449);
#2188=VERTEX_POINT('',#8469);
#2189=VERTEX_POINT('',#8476);
#2190=VERTEX_POINT('',#8496);
#2191=VERTEX_POINT('',#8700);
#2192=VERTEX_POINT('',#8715);
#2193=VERTEX_POINT('',#8907);
#2194=VERTEX_POINT('',#8914);
#2195=VERTEX_POINT('',#9001);
#2196=VERTEX_POINT('',#9009);
#2197=VERTEX_POINT('',#9090);
#2198=VERTEX_POINT('',#9097);
#2199=VERTEX_POINT('',#9143);
#2200=VERTEX_POINT('',#9145);
#2201=VERTEX_POINT('',#9150);
#2202=VERTEX_POINT('',#9152);
#2203=VERTEX_POINT('',#9157);
#2204=VERTEX_POINT('',#9159);
#2205=VERTEX_POINT('',#9164);
#2206=VERTEX_POINT('',#9166);
#2207=VERTEX_POINT('',#9171);
#2208=VERTEX_POINT('',#9173);
#2209=VERTEX_POINT('',#9178);
#2210=VERTEX_POINT('',#9180);
#2211=VERTEX_POINT('',#9185);
#2212=VERTEX_POINT('',#9187);
#2213=VERTEX_POINT('',#9192);
#2214=VERTEX_POINT('',#9194);
#2215=VERTEX_POINT('',#9199);
#2216=VERTEX_POINT('',#9201);
#2217=VERTEX_POINT('',#9206);
#2218=VERTEX_POINT('',#9207);
#2219=VERTEX_POINT('',#9209);
#2220=VERTEX_POINT('',#9211);
#2221=VERTEX_POINT('',#9215);
#2222=VERTEX_POINT('',#9217);
#2223=VERTEX_POINT('',#9221);
#2224=VERTEX_POINT('',#9222);
#2225=VERTEX_POINT('',#9224);
#2226=VERTEX_POINT('',#9231);
#2227=VERTEX_POINT('',#9232);
#2228=VERTEX_POINT('',#9234);
#2229=VERTEX_POINT('',#9236);
#2230=VERTEX_POINT('',#9353);
#2231=VERTEX_POINT('',#9393);
#2232=VERTEX_POINT('',#9394);
#2233=VERTEX_POINT('',#9396);
#2234=VERTEX_POINT('',#9486);
#2235=VERTEX_POINT('',#9532);
#2236=VERTEX_POINT('',#9534);
#2237=VERTEX_POINT('',#9553);
#2238=VERTEX_POINT('',#9555);
#2239=VERTEX_POINT('',#9559);
#2240=VERTEX_POINT('',#9561);
#2241=VERTEX_POINT('',#9563);
#2242=VERTEX_POINT('',#9571);
#2243=VERTEX_POINT('',#9573);
#2244=VERTEX_POINT('',#9575);
#2245=VERTEX_POINT('',#9577);
#2246=VERTEX_POINT('',#9583);
#2247=VERTEX_POINT('',#9585);
#2248=VERTEX_POINT('',#9588);
#2249=VERTEX_POINT('',#9589);
#2250=VERTEX_POINT('',#9591);
#2251=VERTEX_POINT('',#9593);
#2252=VERTEX_POINT('',#9626);
#2253=VERTEX_POINT('',#9627);
#2254=VERTEX_POINT('',#9647);
#2255=VERTEX_POINT('',#9658);
#2256=VERTEX_POINT('',#9659);
#2257=VERTEX_POINT('',#9661);
#2258=VERTEX_POINT('',#9664);
#2259=VERTEX_POINT('',#9666);
#2260=VERTEX_POINT('',#9668);
#2261=VERTEX_POINT('',#9670);
#2262=VERTEX_POINT('',#9672);
#2263=VERTEX_POINT('',#9685);
#2264=VERTEX_POINT('',#9690);
#2265=VERTEX_POINT('',#9692);
#2266=VERTEX_POINT('',#9697);
#2267=VERTEX_POINT('',#9710);
#2268=VERTEX_POINT('',#9712);
#2269=VERTEX_POINT('',#9725);
#2270=VERTEX_POINT('',#9730);
#2271=VERTEX_POINT('',#9732);
#2272=VERTEX_POINT('',#9737);
#2273=VERTEX_POINT('',#9750);
#2274=VERTEX_POINT('',#9752);
#2275=VERTEX_POINT('',#9765);
#2276=VERTEX_POINT('',#9770);
#2277=VERTEX_POINT('',#9772);
#2278=VERTEX_POINT('',#9777);
#2279=VERTEX_POINT('',#9790);
#2280=VERTEX_POINT('',#9794);
#2281=VERTEX_POINT('',#9798);
#2282=VERTEX_POINT('',#9799);
#2283=VERTEX_POINT('',#9804);
#2284=VERTEX_POINT('',#9818);
#2285=VERTEX_POINT('',#9819);
#2286=VERTEX_POINT('',#9824);
#2287=VERTEX_POINT('',#9828);
#2288=VERTEX_POINT('',#9829);
#2289=VERTEX_POINT('',#9831);
#2290=VERTEX_POINT('',#9833);
#2291=VERTEX_POINT('',#9837);
#2292=VERTEX_POINT('',#9862);
#2293=VERTEX_POINT('',#9863);
#2294=VERTEX_POINT('',#9865);
#2295=VERTEX_POINT('',#9867);
#2296=VERTEX_POINT('',#9871);
#2297=VERTEX_POINT('',#9873);
#2298=VERTEX_POINT('',#9877);
#2299=VERTEX_POINT('',#9879);
#2300=VERTEX_POINT('',#9881);
#2301=VERTEX_POINT('',#9883);
#2302=VERTEX_POINT('',#9885);
#2303=VERTEX_POINT('',#9896);
#2304=VERTEX_POINT('',#9898);
#2305=VERTEX_POINT('',#9909);
#2306=VERTEX_POINT('',#9911);
#2307=VERTEX_POINT('',#9913);
#2308=VERTEX_POINT('',#9915);
#2309=VERTEX_POINT('',#9917);
#2310=VERTEX_POINT('',#9919);
#2311=VERTEX_POINT('',#9921);
#2312=VERTEX_POINT('',#9923);
#2313=VERTEX_POINT('',#9925);
#2314=VERTEX_POINT('',#9927);
#2315=VERTEX_POINT('',#9929);
#2316=VERTEX_POINT('',#9931);
#2317=VERTEX_POINT('',#9935);
#2318=VERTEX_POINT('',#9939);
#2319=VERTEX_POINT('',#9943);
#2320=VERTEX_POINT('',#9947);
#2321=VERTEX_POINT('',#9951);
#2322=VERTEX_POINT('',#9953);
#2323=VERTEX_POINT('',#9959);
#2324=VERTEX_POINT('',#9960);
#2325=VERTEX_POINT('',#9962);
#2326=VERTEX_POINT('',#9964);
#2327=VERTEX_POINT('',#9969);
#2328=VERTEX_POINT('',#9973);
#2329=VERTEX_POINT('',#9974);
#2330=VERTEX_POINT('',#9976);
#2331=VERTEX_POINT('',#9978);
#2332=VERTEX_POINT('',#9980);
#2333=VERTEX_POINT('',#9982);
#2334=VERTEX_POINT('',#9984);
#2335=VERTEX_POINT('',#9986);
#2336=VERTEX_POINT('',#9989);
#2337=VERTEX_POINT('',#9991);
#2338=VERTEX_POINT('',#9993);
#2339=VERTEX_POINT('',#9995);
#2340=VERTEX_POINT('',#9997);
#2341=VERTEX_POINT('',#9999);
#2342=VERTEX_POINT('',#10001);
#2343=VERTEX_POINT('',#10003);
#2344=VERTEX_POINT('',#10005);
#2345=VERTEX_POINT('',#10007);
#2346=VERTEX_POINT('',#10009);
#2347=VERTEX_POINT('',#10011);
#2348=VERTEX_POINT('',#10013);
#2349=VERTEX_POINT('',#10015);
#2350=VERTEX_POINT('',#10017);
#2351=VERTEX_POINT('',#10019);
#2352=VERTEX_POINT('',#10021);
#2353=VERTEX_POINT('',#10023);
#2354=VERTEX_POINT('',#10025);
#2355=VERTEX_POINT('',#10027);
#2356=VERTEX_POINT('',#10029);
#2357=VERTEX_POINT('',#10031);
#2358=VERTEX_POINT('',#10033);
#2359=VERTEX_POINT('',#10035);
#2360=VERTEX_POINT('',#10037);
#2361=VERTEX_POINT('',#10039);
#2362=VERTEX_POINT('',#10041);
#2363=VERTEX_POINT('',#10043);
#2364=VERTEX_POINT('',#10045);
#2365=VERTEX_POINT('',#10047);
#2366=VERTEX_POINT('',#10049);
#2367=VERTEX_POINT('',#10051);
#2368=VERTEX_POINT('',#10053);
#2369=VERTEX_POINT('',#10055);
#2370=VERTEX_POINT('',#10057);
#2371=VERTEX_POINT('',#10059);
#2372=VERTEX_POINT('',#10061);
#2373=VERTEX_POINT('',#10063);
#2374=VERTEX_POINT('',#10065);
#2375=VERTEX_POINT('',#10067);
#2376=VERTEX_POINT('',#10069);
#2377=VERTEX_POINT('',#10071);
#2378=VERTEX_POINT('',#10073);
#2379=VERTEX_POINT('',#10075);
#2380=VERTEX_POINT('',#10077);
#2381=VERTEX_POINT('',#10079);
#2382=VERTEX_POINT('',#10081);
#2383=VERTEX_POINT('',#10083);
#2384=VERTEX_POINT('',#10085);
#2385=VERTEX_POINT('',#10087);
#2386=VERTEX_POINT('',#10089);
#2387=VERTEX_POINT('',#10091);
#2388=VERTEX_POINT('',#10093);
#2389=VERTEX_POINT('',#10095);
#2390=VERTEX_POINT('',#10098);
#2391=VERTEX_POINT('',#10100);
#2392=VERTEX_POINT('',#10102);
#2393=VERTEX_POINT('',#10104);
#2394=VERTEX_POINT('',#10106);
#2395=VERTEX_POINT('',#10110);
#2396=VERTEX_POINT('',#10112);
#2397=VERTEX_POINT('',#10114);
#2398=VERTEX_POINT('',#10121);
#2399=VERTEX_POINT('',#10136);
#2400=VERTEX_POINT('',#10140);
#2401=VERTEX_POINT('',#10156);
#2402=VERTEX_POINT('',#10158);
#2403=VERTEX_POINT('',#10163);
#2404=VERTEX_POINT('',#10171);
#2405=VERTEX_POINT('',#10175);
#2406=VERTEX_POINT('',#10177);
#2407=VERTEX_POINT('',#10179);
#2408=VERTEX_POINT('',#10186);
#2409=VERTEX_POINT('',#10212);
#2410=VERTEX_POINT('',#10217);
#2411=VERTEX_POINT('',#10231);
#2412=VERTEX_POINT('',#10246);
#2413=VERTEX_POINT('',#10251);
#2414=VERTEX_POINT('',#10253);
#2415=VERTEX_POINT('',#10258);
#2416=VERTEX_POINT('',#10271);
#2417=VERTEX_POINT('',#10273);
#2418=VERTEX_POINT('',#10275);
#2419=VERTEX_POINT('',#10277);
#2420=VERTEX_POINT('',#10289);
#2421=VERTEX_POINT('',#10293);
#2422=VERTEX_POINT('',#10305);
#2423=VERTEX_POINT('',#10306);
#2424=VERTEX_POINT('',#10311);
#2425=VERTEX_POINT('',#10315);
#2426=VERTEX_POINT('',#10317);
#2427=VERTEX_POINT('',#10321);
#2428=VERTEX_POINT('',#10325);
#2429=VERTEX_POINT('',#10329);
#2430=VERTEX_POINT('',#10331);
#2431=VERTEX_POINT('',#10333);
#2432=VERTEX_POINT('',#10335);
#2433=VERTEX_POINT('',#10337);
#2434=VERTEX_POINT('',#10339);
#2435=VERTEX_POINT('',#10341);
#2436=VERTEX_POINT('',#10343);
#2437=VERTEX_POINT('',#10345);
#2438=VERTEX_POINT('',#10347);
#2439=VERTEX_POINT('',#10349);
#2440=VERTEX_POINT('',#10351);
#2441=VERTEX_POINT('',#10353);
#2442=VERTEX_POINT('',#10364);
#2443=VERTEX_POINT('',#10366);
#2444=VERTEX_POINT('',#10402);
#2445=VERTEX_POINT('',#10406);
#2446=VERTEX_POINT('',#10420);
#2447=VERTEX_POINT('',#10424);
#2448=VERTEX_POINT('',#10460);
#2449=VERTEX_POINT('',#10461);
#2450=VERTEX_POINT('',#10466);
#2451=VERTEX_POINT('',#10470);
#2452=VERTEX_POINT('',#10474);
#2453=VERTEX_POINT('',#10478);
#2454=VERTEX_POINT('',#10482);
#2455=VERTEX_POINT('',#10486);
#2456=VERTEX_POINT('',#10544);
#2457=VERTEX_POINT('',#10559);
#2458=VERTEX_POINT('',#10561);
#2459=VERTEX_POINT('',#10598);
#2460=VERTEX_POINT('',#10600);
#2461=VERTEX_POINT('',#10609);
#2462=VERTEX_POINT('',#10615);
#2463=VERTEX_POINT('',#10617);
#2464=VERTEX_POINT('',#10619);
#2465=VERTEX_POINT('',#10621);
#2466=VERTEX_POINT('',#10623);
#2467=VERTEX_POINT('',#10633);
#2468=VERTEX_POINT('',#10670);
#2469=VERTEX_POINT('',#10680);
#2470=VERTEX_POINT('',#10681);
#2471=VERTEX_POINT('',#10683);
#2472=VERTEX_POINT('',#10685);
#2473=VERTEX_POINT('',#10689);
#2474=VERTEX_POINT('',#10691);
#2475=VERTEX_POINT('',#10695);
#2476=VERTEX_POINT('',#10696);
#2477=VERTEX_POINT('',#10698);
#2478=VERTEX_POINT('',#10700);
#2479=VERTEX_POINT('',#10704);
#2480=VERTEX_POINT('',#10706);
#2481=VERTEX_POINT('',#10710);
#2482=VERTEX_POINT('',#10711);
#2483=VERTEX_POINT('',#10713);
#2484=VERTEX_POINT('',#10715);
#2485=VERTEX_POINT('',#10717);
#2486=VERTEX_POINT('',#10723);
#2487=VERTEX_POINT('',#10725);
#2488=VERTEX_POINT('',#10727);
#2489=VERTEX_POINT('',#10729);
#2490=VERTEX_POINT('',#10731);
#2491=VERTEX_POINT('',#10733);
#2492=VERTEX_POINT('',#10739);
#2493=VERTEX_POINT('',#10741);
#2494=VERTEX_POINT('',#10743);
#2495=VERTEX_POINT('',#10745);
#2496=VERTEX_POINT('',#10747);
#2497=VERTEX_POINT('',#10749);
#2498=VERTEX_POINT('',#10760);
#2499=VERTEX_POINT('',#10762);
#2500=VERTEX_POINT('',#10764);
#2501=VERTEX_POINT('',#10766);
#2502=VERTEX_POINT('',#10777);
#2503=VERTEX_POINT('',#10780);
#2504=VERTEX_POINT('',#10781);
#2505=VERTEX_POINT('',#10783);
#2506=VERTEX_POINT('',#10785);
#2507=VERTEX_POINT('',#10789);
#2508=VERTEX_POINT('',#10803);
#2509=VERTEX_POINT('',#10810);
#2510=VERTEX_POINT('',#10812);
#2511=VERTEX_POINT('',#10819);
#2512=VERTEX_POINT('',#10838);
#2513=VERTEX_POINT('',#10842);
#2514=VERTEX_POINT('',#10855);
#2515=VERTEX_POINT('',#10857);
#2516=VERTEX_POINT('',#10859);
#2517=VERTEX_POINT('',#10895);
#2518=VERTEX_POINT('',#10897);
#2519=VERTEX_POINT('',#10914);
#2520=VERTEX_POINT('',#10918);
#2521=VERTEX_POINT('',#10925);
#2522=VERTEX_POINT('',#10926);
#2523=VERTEX_POINT('',#10929);
#2524=VERTEX_POINT('',#10931);
#2525=VERTEX_POINT('',#10934);
#2526=VERTEX_POINT('',#10936);
#2527=VERTEX_POINT('',#10938);
#2528=VERTEX_POINT('',#10940);
#2529=VERTEX_POINT('',#10942);
#2530=VERTEX_POINT('',#10944);
#2531=VERTEX_POINT('',#10947);
#2532=VERTEX_POINT('',#10949);
#2533=VERTEX_POINT('',#10953);
#2534=VERTEX_POINT('',#10957);
#2535=VERTEX_POINT('',#10959);
#2536=VERTEX_POINT('',#10963);
#2537=VERTEX_POINT('',#10967);
#2538=VERTEX_POINT('',#10969);
#2539=VERTEX_POINT('',#10973);
#2540=VERTEX_POINT('',#10977);
#2541=VERTEX_POINT('',#10979);
#2542=VERTEX_POINT('',#10983);
#2543=VERTEX_POINT('',#10987);
#2544=VERTEX_POINT('',#10989);
#2545=VERTEX_POINT('',#10993);
#2546=VERTEX_POINT('',#10997);
#2547=VERTEX_POINT('',#10999);
#2548=VERTEX_POINT('',#11003);
#2549=VERTEX_POINT('',#11007);
#2550=VERTEX_POINT('',#11010);
#2551=VERTEX_POINT('',#11011);
#2552=VERTEX_POINT('',#11013);
#2553=VERTEX_POINT('',#11050);
#2554=VERTEX_POINT('',#11053);
#2555=VERTEX_POINT('',#11054);
#2556=VERTEX_POINT('',#11056);
#2557=VERTEX_POINT('',#11067);
#2558=VERTEX_POINT('',#11081);
#2559=VERTEX_POINT('',#11084);
#2560=VERTEX_POINT('',#11088);
#2561=VERTEX_POINT('',#11091);
#2562=VERTEX_POINT('',#11092);
#2563=VERTEX_POINT('',#11102);
#2564=VERTEX_POINT('',#11115);
#2565=VERTEX_POINT('',#11118);
#2566=VERTEX_POINT('',#11119);
#2567=VERTEX_POINT('',#11121);
#2568=VERTEX_POINT('',#11158);
#2569=VERTEX_POINT('',#11161);
#2570=VERTEX_POINT('',#11165);
#2571=VERTEX_POINT('',#11168);
#2572=VERTEX_POINT('',#11169);
#2573=VERTEX_POINT('',#11192);
#2574=VERTEX_POINT('',#11195);
#2575=VERTEX_POINT('',#11199);
#2576=VERTEX_POINT('',#11202);
#2577=VERTEX_POINT('',#11206);
#2578=VERTEX_POINT('',#11209);
#2579=VERTEX_POINT('',#11213);
#2580=VERTEX_POINT('',#11216);
#2581=VERTEX_POINT('',#11217);
#2582=VERTEX_POINT('',#11240);
#2583=VERTEX_POINT('',#11243);
#2584=VERTEX_POINT('',#11247);
#2585=VERTEX_POINT('',#11248);
#2586=VERTEX_POINT('',#11260);
#2587=VERTEX_POINT('',#11262);
#2588=VERTEX_POINT('',#11265);
#2589=VERTEX_POINT('',#11272);
#2590=VERTEX_POINT('',#11278);
#2591=VERTEX_POINT('',#11284);
#2592=VERTEX_POINT('',#11292);
#2593=VERTEX_POINT('',#11293);
#2594=VERTEX_POINT('',#11295);
#2595=VERTEX_POINT('',#11297);
#2596=VERTEX_POINT('',#11304);
#2597=VERTEX_POINT('',#11306);
#2598=VERTEX_POINT('',#11310);
#2599=VERTEX_POINT('',#11311);
#2600=VERTEX_POINT('',#11313);
#2601=VERTEX_POINT('',#11315);
#2602=VERTEX_POINT('',#11317);
#2603=VERTEX_POINT('',#11319);
#2604=VERTEX_POINT('',#11350);
#2605=VERTEX_POINT('',#11352);
#2606=VERTEX_POINT('',#11356);
#2607=VERTEX_POINT('',#11358);
#2608=VERTEX_POINT('',#11360);
#2609=VERTEX_POINT('',#11362);
#2610=VERTEX_POINT('',#11391);
#2611=VERTEX_POINT('',#11392);
#2612=VERTEX_POINT('',#11394);
#2613=VERTEX_POINT('',#11396);
#2614=VERTEX_POINT('',#11400);
#2615=VERTEX_POINT('',#11401);
#2616=VERTEX_POINT('',#11406);
#2617=VERTEX_POINT('',#11410);
#2618=VERTEX_POINT('',#11414);
#2619=VERTEX_POINT('',#11415);
#2620=VERTEX_POINT('',#11417);
#2621=VERTEX_POINT('',#11419);
#2622=VERTEX_POINT('',#11421);
#2623=VERTEX_POINT('',#11427);
#2624=VERTEX_POINT('',#11428);
#2625=VERTEX_POINT('',#11433);
#2626=VERTEX_POINT('',#11434);
#2627=VERTEX_POINT('',#11436);
#2628=VERTEX_POINT('',#11460);
#2629=VERTEX_POINT('',#11467);
#2630=VERTEX_POINT('',#11479);
#2631=VERTEX_POINT('',#11480);
#2632=VERTEX_POINT('',#11487);
#2633=VERTEX_POINT('',#11496);
#2634=VERTEX_POINT('',#11505);
#2635=VERTEX_POINT('',#11509);
#2636=VERTEX_POINT('',#11526);
#2637=VERTEX_POINT('',#11527);
#2638=VERTEX_POINT('',#11543);
#2639=VERTEX_POINT('',#11545);
#2640=VERTEX_POINT('',#11798);
#2641=VERTEX_POINT('',#11811);
#2642=VERTEX_POINT('',#11831);
#2643=VERTEX_POINT('',#11838);
#2644=VERTEX_POINT('',#11859);
#2645=VERTEX_POINT('',#11877);
#2646=VERTEX_POINT('',#11923);
#2647=VERTEX_POINT('',#11965);
#2648=VERTEX_POINT('',#11967);
#2649=VERTEX_POINT('',#11985);
#2650=VERTEX_POINT('',#12022);
#2651=VERTEX_POINT('',#12074);
#2652=VERTEX_POINT('',#12196);
#2653=VERTEX_POINT('',#12202);
#2654=VERTEX_POINT('',#12248);
#2655=VERTEX_POINT('',#12249);
#2656=VERTEX_POINT('',#12251);
#2657=VERTEX_POINT('',#12253);
#2658=VERTEX_POINT('',#12257);
#2659=VERTEX_POINT('',#12258);
#2660=VERTEX_POINT('',#12263);
#2661=VERTEX_POINT('',#12265);
#2662=VERTEX_POINT('',#12270);
#2663=VERTEX_POINT('',#12279);
#2664=VERTEX_POINT('',#12286);
#2665=VERTEX_POINT('',#12295);
#2666=VERTEX_POINT('',#12300);
#2667=VERTEX_POINT('',#12309);
#2668=EDGE_CURVE('',#2173,#2174,#2038,.T.);
#2669=EDGE_CURVE('',#2173,#2175,#2039,.T.);
#2670=EDGE_CURVE('',#2175,#2176,#2040,.T.);
#2671=EDGE_CURVE('',#2174,#2176,#1739,.T.);
#2672=EDGE_CURVE('',#2173,#2177,#2041,.T.);
#2673=EDGE_CURVE('',#2178,#2177,#1740,.T.);
#2674=EDGE_CURVE('',#2178,#2175,#2042,.T.);
#2675=EDGE_CURVE('',#2173,#2179,#2043,.T.);
#2676=EDGE_CURVE('',#2179,#2180,#2044,.T.);
#2677=EDGE_CURVE('',#2177,#2180,#1741,.T.);
#2678=EDGE_CURVE('',#2173,#2181,#2045,.T.);
#2679=EDGE_CURVE('',#2182,#2181,#1742,.T.);
#2680=EDGE_CURVE('',#2182,#2183,#2046,.T.);
#2681=EDGE_CURVE('',#2183,#2179,#2047,.T.);
#2682=EDGE_CURVE('',#2173,#2184,#2048,.T.);
#2683=EDGE_CURVE('',#2184,#2185,#2049,.T.);
#2684=EDGE_CURVE('',#2181,#2185,#1743,.T.);
#2685=EDGE_CURVE('',#2186,#2187,#2050,.T.);
#2686=EDGE_CURVE('',#2186,#2188,#2051,.T.);
#2687=EDGE_CURVE('',#2188,#2189,#2052,.T.);
#2688=EDGE_CURVE('',#2189,#2190,#2053,.T.);
#2689=EDGE_CURVE('',#2187,#2190,#1744,.T.);
#2690=EDGE_CURVE('',#2186,#2191,#2054,.T.);
#2691=EDGE_CURVE('',#2192,#2191,#1745,.T.);
#2692=EDGE_CURVE('',#2192,#2188,#2055,.T.);
#2693=EDGE_CURVE('',#2186,#2193,#2056,.T.);
#2694=EDGE_CURVE('',#2193,#2194,#2057,.T.);
#2695=EDGE_CURVE('',#2191,#2194,#1746,.T.);
#2696=EDGE_CURVE('',#2186,#2195,#2058,.T.);
#2697=EDGE_CURVE('',#2196,#2195,#1747,.T.);
#2698=EDGE_CURVE('',#2196,#2193,#2059,.T.);
#2699=EDGE_CURVE('',#2186,#2197,#2060,.T.);
#2700=EDGE_CURVE('',#2197,#2198,#2061,.T.);
#2701=EDGE_CURVE('',#2195,#2198,#1748,.T.);
#2702=EDGE_CURVE('',#2199,#2199,#1749,.T.);
#2703=EDGE_CURVE('',#2199,#2200,#203,.T.);
#2704=EDGE_CURVE('',#2200,#2200,#1750,.T.);
#2705=EDGE_CURVE('',#2201,#2201,#1751,.T.);
#2706=EDGE_CURVE('',#2201,#2202,#204,.T.);
#2707=EDGE_CURVE('',#2202,#2202,#1752,.T.);
#2708=EDGE_CURVE('',#2203,#2203,#1753,.T.);
#2709=EDGE_CURVE('',#2203,#2204,#205,.T.);
#2710=EDGE_CURVE('',#2204,#2204,#1754,.T.);
#2711=EDGE_CURVE('',#2205,#2205,#1755,.T.);
#2712=EDGE_CURVE('',#2205,#2206,#206,.T.);
#2713=EDGE_CURVE('',#2206,#2206,#1756,.T.);
#2714=EDGE_CURVE('',#2207,#2207,#1757,.T.);
#2715=EDGE_CURVE('',#2207,#2208,#207,.T.);
#2716=EDGE_CURVE('',#2208,#2208,#1758,.T.);
#2717=EDGE_CURVE('',#2209,#2209,#1759,.T.);
#2718=EDGE_CURVE('',#2209,#2210,#208,.T.);
#2719=EDGE_CURVE('',#2210,#2210,#1760,.T.);
#2720=EDGE_CURVE('',#2211,#2211,#1761,.T.);
#2721=EDGE_CURVE('',#2211,#2212,#209,.T.);
#2722=EDGE_CURVE('',#2212,#2212,#1762,.T.);
#2723=EDGE_CURVE('',#2213,#2213,#1763,.T.);
#2724=EDGE_CURVE('',#2213,#2214,#210,.T.);
#2725=EDGE_CURVE('',#2214,#2214,#1764,.T.);
#2726=EDGE_CURVE('',#2215,#2215,#1765,.T.);
#2727=EDGE_CURVE('',#2215,#2216,#211,.T.);
#2728=EDGE_CURVE('',#2216,#2216,#1766,.T.);
#2729=EDGE_CURVE('',#2217,#2218,#1767,.F.);
#2730=EDGE_CURVE('',#2219,#2217,#1768,.T.);
#2731=EDGE_CURVE('',#2219,#2220,#1769,.T.);
#2732=EDGE_CURVE('',#2218,#2220,#1770,.T.);
#2733=EDGE_CURVE('',#2221,#2219,#212,.T.);
#2734=EDGE_CURVE('',#2217,#2222,#213,.T.);
#2735=EDGE_CURVE('',#2222,#2221,#81,.T.);
#2736=EDGE_CURVE('',#2223,#2224,#1771,.F.);
#2737=EDGE_CURVE('',#2225,#2223,#1772,.F.);
#2738=EDGE_CURVE('',#2224,#2225,#1773,.F.);
#2739=EDGE_CURVE('',#2223,#2217,#214,.T.);
#2740=EDGE_CURVE('',#2218,#2225,#215,.T.);
#2741=EDGE_CURVE('',#2226,#2227,#1774,.T.);
#2742=EDGE_CURVE('',#2228,#2227,#1775,.T.);
#2743=EDGE_CURVE('',#2229,#2228,#1776,.F.);
#2744=EDGE_CURVE('',#2226,#2229,#1777,.T.);
#2745=EDGE_CURVE('',#2230,#2187,#1778,.T.);
#2746=EDGE_CURVE('',#2230,#2197,#2062,.T.);
#2747=EDGE_CURVE('',#2231,#2232,#1779,.F.);
#2748=EDGE_CURVE('',#2233,#2231,#1780,.F.);
#2749=EDGE_CURVE('',#2232,#2233,#1781,.F.);
#2750=EDGE_CURVE('',#2231,#2229,#216,.T.);
#2751=EDGE_CURVE('',#2228,#2233,#217,.T.);
#2752=EDGE_CURVE('',#2234,#2174,#1782,.T.);
#2753=EDGE_CURVE('',#2234,#2184,#2063,.T.);
#2754=EDGE_CURVE('',#2180,#2192,#218,.T.);
#2755=EDGE_CURVE('',#2194,#2178,#219,.T.);
#2756=EDGE_CURVE('',#2233,#2234,#220,.T.);
#2757=EDGE_CURVE('',#2176,#2232,#221,.T.);
#2758=EDGE_CURVE('',#2235,#2182,#222,.T.);
#2759=EDGE_CURVE('',#2185,#2236,#223,.T.);
#2760=EDGE_CURVE('',#2236,#2235,#82,.T.);
#2761=EDGE_CURVE('',#2225,#2231,#224,.T.);
#2762=EDGE_CURVE('',#2232,#2224,#225,.T.);
#2763=EDGE_CURVE('',#2236,#2228,#226,.T.);
#2764=EDGE_CURVE('',#2227,#2235,#227,.T.);
#2765=EDGE_CURVE('',#2222,#2230,#228,.T.);
#2766=EDGE_CURVE('',#2190,#2221,#229,.T.);
#2767=EDGE_CURVE('',#2198,#2223,#230,.T.);
#2768=EDGE_CURVE('',#2224,#2196,#231,.T.);
#2769=EDGE_CURVE('',#2220,#2226,#232,.T.);
#2770=EDGE_CURVE('',#2229,#2218,#233,.T.);
#2771=EDGE_CURVE('',#2237,#2189,#234,.T.);
#2772=EDGE_CURVE('',#2237,#2238,#235,.T.);
#2773=EDGE_CURVE('',#2221,#2238,#236,.T.);
#2774=EDGE_CURVE('',#2183,#2239,#237,.T.);
#2775=EDGE_CURVE('',#2239,#2240,#1783,.T.);
#2776=EDGE_CURVE('',#2240,#2241,#238,.T.);
#2777=EDGE_CURVE('',#2241,#2237,#1784,.T.);
#2778=EDGE_CURVE('',#2238,#2242,#239,.T.);
#2779=EDGE_CURVE('',#2242,#2243,#240,.T.);
#2780=EDGE_CURVE('',#2243,#2244,#241,.T.);
#2781=EDGE_CURVE('',#2245,#2244,#2064,.T.);
#2782=EDGE_CURVE('',#2245,#2235,#242,.T.);
#2783=EDGE_CURVE('',#2246,#2246,#1785,.T.);
#2784=EDGE_CURVE('',#2247,#2247,#1786,.T.);
#2785=EDGE_CURVE('',#2248,#2249,#1787,.T.);
#2786=EDGE_CURVE('',#2249,#2250,#243,.T.);
#2787=EDGE_CURVE('',#2250,#2251,#1788,.T.);
#2788=EDGE_CURVE('',#2251,#2248,#244,.T.);
#2789=EDGE_CURVE('',#2252,#2253,#2065,.F.);
#2790=EDGE_CURVE('',#2252,#2251,#2066,.T.);
#2791=EDGE_CURVE('',#2250,#2254,#2067,.T.);
#2792=EDGE_CURVE('',#2254,#2253,#2068,.T.);
#2793=EDGE_CURVE('',#2255,#2256,#245,.T.);
#2794=EDGE_CURVE('',#2257,#2256,#1789,.T.);
#2795=EDGE_CURVE('',#2240,#2257,#246,.T.);
#2796=EDGE_CURVE('',#2258,#2240,#1790,.T.);
#2797=EDGE_CURVE('',#2258,#2259,#247,.T.);
#2798=EDGE_CURVE('',#2259,#2260,#1791,.T.);
#2799=EDGE_CURVE('',#2260,#2261,#248,.T.);
#2800=EDGE_CURVE('',#2261,#2262,#2069,.T.);
#2801=EDGE_CURVE('',#2262,#2263,#2070,.T.);
#2802=EDGE_CURVE('',#2263,#2264,#249,.T.);
#2803=EDGE_CURVE('',#2265,#2264,#2071,.F.);
#2804=EDGE_CURVE('',#2265,#2266,#2072,.T.);
#2805=EDGE_CURVE('',#2266,#2267,#250,.T.);
#2806=EDGE_CURVE('',#2267,#2268,#2073,.T.);
#2807=EDGE_CURVE('',#2268,#2269,#2074,.T.);
#2808=EDGE_CURVE('',#2269,#2270,#251,.T.);
#2809=EDGE_CURVE('',#2271,#2270,#2075,.F.);
#2810=EDGE_CURVE('',#2271,#2272,#2076,.T.);
#2811=EDGE_CURVE('',#2272,#2273,#252,.T.);
#2812=EDGE_CURVE('',#2273,#2274,#2077,.T.);
#2813=EDGE_CURVE('',#2274,#2275,#2078,.T.);
#2814=EDGE_CURVE('',#2275,#2276,#253,.T.);
#2815=EDGE_CURVE('',#2277,#2276,#2079,.F.);
#2816=EDGE_CURVE('',#2277,#2278,#2080,.T.);
#2817=EDGE_CURVE('',#2278,#2279,#254,.T.);
#2818=EDGE_CURVE('',#2279,#2255,#1792,.T.);
#2819=EDGE_CURVE('',#2249,#2280,#255,.T.);
#2820=EDGE_CURVE('',#2254,#2280,#256,.T.);
#2821=EDGE_CURVE('',#2281,#2282,#2081,.F.);
#2822=EDGE_CURVE('',#2281,#2283,#1793,.T.);
#2823=EDGE_CURVE('',#2283,#2257,#1794,.T.);
#2824=EDGE_CURVE('',#2256,#2282,#2082,.T.);
#2825=EDGE_CURVE('',#2284,#2285,#1795,.T.);
#2826=EDGE_CURVE('',#2285,#2257,#257,.T.);
#2827=EDGE_CURVE('',#2283,#2284,#258,.T.);
#2828=EDGE_CURVE('',#2286,#2281,#259,.T.);
#2829=EDGE_CURVE('',#2284,#2286,#260,.T.);
#2830=EDGE_CURVE('',#2287,#2288,#1796,.F.);
#2831=EDGE_CURVE('',#2287,#2289,#261,.T.);
#2832=EDGE_CURVE('',#2289,#2290,#1797,.T.);
#2833=EDGE_CURVE('',#2290,#2288,#262,.T.);
#2834=EDGE_CURVE('',#2259,#2291,#2083,.T.);
#2835=EDGE_CURVE('',#2291,#2290,#1798,.T.);
#2836=EDGE_CURVE('',#2289,#2259,#1799,.T.);
#2837=EDGE_CURVE('',#2258,#2244,#2084,.F.);
#2838=EDGE_CURVE('',#2239,#2245,#1800,.T.);
#2839=EDGE_CURVE('',#2292,#2293,#1801,.T.);
#2840=EDGE_CURVE('',#2293,#2294,#263,.T.);
#2841=EDGE_CURVE('',#2294,#2295,#1802,.T.);
#2842=EDGE_CURVE('',#2295,#2292,#264,.T.);
#2843=EDGE_CURVE('',#2296,#2295,#265,.T.);
#2844=EDGE_CURVE('',#2297,#2296,#266,.T.);
#2845=EDGE_CURVE('',#2292,#2297,#267,.T.);
#2846=EDGE_CURVE('',#2294,#2298,#268,.T.);
#2847=EDGE_CURVE('',#2299,#2298,#1803,.T.);
#2848=EDGE_CURVE('',#2299,#2300,#269,.T.);
#2849=EDGE_CURVE('',#2300,#2301,#1804,.T.);
#2850=EDGE_CURVE('',#2302,#2301,#2085,.T.);
#2851=EDGE_CURVE('',#2303,#2302,#270,.T.);
#2852=EDGE_CURVE('',#2304,#2303,#2086,.T.);
#2853=EDGE_CURVE('',#2304,#2305,#1805,.T.);
#2854=EDGE_CURVE('',#2305,#2306,#271,.T.);
#2855=EDGE_CURVE('',#2307,#2306,#1806,.T.);
#2856=EDGE_CURVE('',#2307,#2308,#272,.T.);
#2857=EDGE_CURVE('',#2309,#2308,#1807,.T.);
#2858=EDGE_CURVE('',#2309,#2310,#273,.T.);
#2859=EDGE_CURVE('',#2311,#2310,#1808,.T.);
#2860=EDGE_CURVE('',#2311,#2312,#274,.T.);
#2861=EDGE_CURVE('',#2313,#2312,#1809,.T.);
#2862=EDGE_CURVE('',#2313,#2314,#275,.T.);
#2863=EDGE_CURVE('',#2315,#2314,#1810,.T.);
#2864=EDGE_CURVE('',#2315,#2316,#276,.T.);
#2865=EDGE_CURVE('',#2296,#2316,#1811,.T.);
#2866=EDGE_CURVE('',#2317,#2297,#1812,.T.);
#2867=EDGE_CURVE('',#2316,#2317,#277,.T.);
#2868=EDGE_CURVE('',#2318,#2315,#278,.T.);
#2869=EDGE_CURVE('',#2317,#2318,#279,.T.);
#2870=EDGE_CURVE('',#2314,#2319,#280,.T.);
#2871=EDGE_CURVE('',#2319,#2318,#1813,.T.);
#2872=EDGE_CURVE('',#2320,#2313,#281,.T.);
#2873=EDGE_CURVE('',#2319,#2320,#282,.T.);
#2874=EDGE_CURVE('',#2298,#2321,#283,.T.);
#2875=EDGE_CURVE('',#2321,#2322,#1814,.T.);
#2876=EDGE_CURVE('',#2322,#2299,#284,.T.);
#2877=EDGE_CURVE('',#2321,#2293,#285,.T.);
#2878=EDGE_CURVE('',#2323,#2324,#1815,.T.);
#2879=EDGE_CURVE('',#2325,#2324,#286,.T.);
#2880=EDGE_CURVE('',#2325,#2326,#2087,.F.);
#2881=EDGE_CURVE('',#2326,#2327,#1816,.T.);
#2882=EDGE_CURVE('',#2327,#2323,#287,.T.);
#2883=EDGE_CURVE('',#2328,#2329,#1817,.T.);
#2884=EDGE_CURVE('',#2329,#2330,#288,.T.);
#2885=EDGE_CURVE('',#2330,#2331,#1818,.T.);
#2886=EDGE_CURVE('',#2331,#2332,#289,.T.);
#2887=EDGE_CURVE('',#2332,#2333,#1819,.T.);
#2888=EDGE_CURVE('',#2333,#2334,#290,.T.);
#2889=EDGE_CURVE('',#2334,#2335,#1820,.T.);
#2890=EDGE_CURVE('',#2335,#2328,#291,.T.);
#2891=EDGE_CURVE('',#2336,#2320,#1821,.T.);
#2892=EDGE_CURVE('',#2336,#2337,#292,.T.);
#2893=EDGE_CURVE('',#2338,#2337,#1822,.T.);
#2894=EDGE_CURVE('',#2338,#2339,#293,.T.);
#2895=EDGE_CURVE('',#2340,#2339,#1823,.T.);
#2896=EDGE_CURVE('',#2340,#2341,#294,.T.);
#2897=EDGE_CURVE('',#2342,#2341,#1824,.T.);
#2898=EDGE_CURVE('',#2342,#2343,#295,.T.);
#2899=EDGE_CURVE('',#2343,#2344,#1825,.T.);
#2900=EDGE_CURVE('',#2344,#2345,#296,.T.);
#2901=EDGE_CURVE('',#2346,#2345,#1826,.T.);
#2902=EDGE_CURVE('',#2347,#2346,#1827,.T.);
#2903=EDGE_CURVE('',#2347,#2348,#297,.T.);
#2904=EDGE_CURVE('',#2349,#2348,#1828,.T.);
#2905=EDGE_CURVE('',#2350,#2349,#1829,.T.);
#2906=EDGE_CURVE('',#2350,#2351,#298,.T.);
#2907=EDGE_CURVE('',#2352,#2351,#1830,.T.);
#2908=EDGE_CURVE('',#2353,#2352,#1831,.T.);
#2909=EDGE_CURVE('',#2353,#2354,#299,.T.);
#2910=EDGE_CURVE('',#2355,#2354,#1832,.T.);
#2911=EDGE_CURVE('',#2356,#2355,#1833,.T.);
#2912=EDGE_CURVE('',#2356,#2357,#300,.T.);
#2913=EDGE_CURVE('',#2358,#2357,#1834,.T.);
#2914=EDGE_CURVE('',#2359,#2358,#1835,.T.);
#2915=EDGE_CURVE('',#2359,#2360,#301,.T.);
#2916=EDGE_CURVE('',#2361,#2360,#1836,.T.);
#2917=EDGE_CURVE('',#2362,#2361,#1837,.T.);
#2918=EDGE_CURVE('',#2362,#2363,#302,.T.);
#2919=EDGE_CURVE('',#2363,#2364,#1838,.T.);
#2920=EDGE_CURVE('',#2364,#2365,#303,.T.);
#2921=EDGE_CURVE('',#2366,#2365,#1839,.T.);
#2922=EDGE_CURVE('',#2366,#2367,#304,.T.);
#2923=EDGE_CURVE('',#2368,#2367,#1840,.T.);
#2924=EDGE_CURVE('',#2368,#2369,#305,.T.);
#2925=EDGE_CURVE('',#2370,#2369,#1841,.T.);
#2926=EDGE_CURVE('',#2370,#2371,#306,.T.);
#2927=EDGE_CURVE('',#2372,#2371,#1842,.T.);
#2928=EDGE_CURVE('',#2372,#2373,#307,.T.);
#2929=EDGE_CURVE('',#2374,#2373,#1843,.T.);
#2930=EDGE_CURVE('',#2374,#2375,#308,.T.);
#2931=EDGE_CURVE('',#2376,#2375,#1844,.T.);
#2932=EDGE_CURVE('',#2376,#2377,#309,.T.);
#2933=EDGE_CURVE('',#2378,#2377,#1845,.T.);
#2934=EDGE_CURVE('',#2378,#2379,#310,.T.);
#2935=EDGE_CURVE('',#2380,#2379,#1846,.T.);
#2936=EDGE_CURVE('',#2380,#2381,#311,.T.);
#2937=EDGE_CURVE('',#2381,#2382,#1847,.T.);
#2938=EDGE_CURVE('',#2382,#2383,#312,.T.);
#2939=EDGE_CURVE('',#2384,#2383,#1848,.T.);
#2940=EDGE_CURVE('',#2385,#2384,#1849,.T.);
#2941=EDGE_CURVE('',#2385,#2386,#313,.T.);
#2942=EDGE_CURVE('',#2387,#2386,#1850,.T.);
#2943=EDGE_CURVE('',#2388,#2387,#1851,.T.);
#2944=EDGE_CURVE('',#2388,#2389,#314,.T.);
#2945=EDGE_CURVE('',#2324,#2389,#1852,.T.);
#2946=EDGE_CURVE('',#2323,#2390,#315,.T.);
#2947=EDGE_CURVE('',#2391,#2390,#1853,.T.);
#2948=EDGE_CURVE('',#2392,#2391,#1854,.T.);
#2949=EDGE_CURVE('',#2392,#2393,#316,.T.);
#2950=EDGE_CURVE('',#2393,#2394,#1855,.T.);
#2951=EDGE_CURVE('',#2394,#2322,#317,.T.);
#2952=EDGE_CURVE('',#2390,#2395,#318,.T.);
#2953=EDGE_CURVE('',#2395,#2396,#1856,.T.);
#2954=EDGE_CURVE('',#2397,#2396,#2088,.T.);
#2955=EDGE_CURVE('',#2391,#2397,#319,.T.);
#2956=EDGE_CURVE('',#2398,#2397,#2089,.T.);
#2957=EDGE_CURVE('',#2398,#2392,#320,.T.);
#2958=EDGE_CURVE('',#2399,#2398,#321,.T.);
#2959=EDGE_CURVE('',#2393,#2399,#322,.T.);
#2960=EDGE_CURVE('',#2325,#2400,#2090,.T.);
#2961=EDGE_CURVE('',#2389,#2400,#323,.T.);
#2962=EDGE_CURVE('',#2396,#2326,#324,.T.);
#2963=EDGE_CURVE('',#2400,#2401,#325,.T.);
#2964=EDGE_CURVE('',#2401,#2402,#2091,.T.);
#2965=EDGE_CURVE('',#2402,#2403,#2092,.T.);
#2966=EDGE_CURVE('',#2404,#2403,#326,.T.);
#2967=EDGE_CURVE('',#2404,#2399,#1857,.T.);
#2968=EDGE_CURVE('',#2405,#2388,#327,.T.);
#2969=EDGE_CURVE('',#2406,#2405,#328,.T.);
#2970=EDGE_CURVE('',#2407,#2406,#2093,.T.);
#2971=EDGE_CURVE('',#2408,#2407,#329,.T.);
#2972=EDGE_CURVE('',#2401,#2408,#2094,.T.);
#2973=EDGE_CURVE('',#2312,#2336,#330,.T.);
#2974=EDGE_CURVE('',#2337,#2311,#331,.T.);
#2975=EDGE_CURVE('',#2310,#2338,#332,.T.);
#2976=EDGE_CURVE('',#2339,#2309,#333,.T.);
#2977=EDGE_CURVE('',#2308,#2340,#334,.T.);
#2978=EDGE_CURVE('',#2341,#2307,#335,.T.);
#2979=EDGE_CURVE('',#2306,#2342,#336,.T.);
#2980=EDGE_CURVE('',#2305,#2343,#337,.T.);
#2981=EDGE_CURVE('',#2348,#2409,#338,.T.);
#2982=EDGE_CURVE('',#2409,#2275,#1858,.T.);
#2983=EDGE_CURVE('',#2349,#2274,#339,.T.);
#2984=EDGE_CURVE('',#2409,#2410,#340,.T.);
#2985=EDGE_CURVE('',#2276,#2410,#1859,.T.);
#2986=EDGE_CURVE('',#2410,#2347,#341,.T.);
#2987=EDGE_CURVE('',#2273,#2350,#342,.T.);
#2988=EDGE_CURVE('',#2351,#2272,#343,.T.);
#2989=EDGE_CURVE('',#2277,#2346,#344,.T.);
#2990=EDGE_CURVE('',#2345,#2278,#345,.T.);
#2991=EDGE_CURVE('',#2405,#2411,#2095,.T.);
#2992=EDGE_CURVE('',#2411,#2387,#346,.T.);
#2993=EDGE_CURVE('',#2411,#2412,#2096,.T.);
#2994=EDGE_CURVE('',#2412,#2413,#347,.T.);
#2995=EDGE_CURVE('',#2414,#2413,#2097,.F.);
#2996=EDGE_CURVE('',#2414,#2415,#2098,.T.);
#2997=EDGE_CURVE('',#2415,#2416,#348,.T.);
#2998=EDGE_CURVE('',#2416,#2417,#1860,.T.);
#2999=EDGE_CURVE('',#2418,#2417,#349,.T.);
#3000=EDGE_CURVE('',#2418,#2419,#2099,.T.);
#3001=EDGE_CURVE('',#2419,#2406,#2100,.T.);
#3002=EDGE_CURVE('',#2386,#2420,#350,.T.);
#3003=EDGE_CURVE('',#2420,#2412,#1861,.T.);
#3004=EDGE_CURVE('',#2420,#2421,#351,.T.);
#3005=EDGE_CURVE('',#2413,#2421,#1862,.T.);
#3006=EDGE_CURVE('',#2421,#2385,#352,.T.);
#3007=EDGE_CURVE('',#2414,#2384,#353,.T.);
#3008=EDGE_CURVE('',#2383,#2415,#354,.T.);
#3009=EDGE_CURVE('',#2416,#2382,#355,.T.);
#3010=EDGE_CURVE('',#2422,#2423,#1863,.T.);
#3011=EDGE_CURVE('',#2423,#2380,#356,.T.);
#3012=EDGE_CURVE('',#2379,#2422,#357,.T.);
#3013=EDGE_CURVE('',#2424,#2423,#358,.T.);
#3014=EDGE_CURVE('',#2424,#2381,#359,.T.);
#3015=EDGE_CURVE('',#2377,#2425,#360,.T.);
#3016=EDGE_CURVE('',#2425,#2426,#1864,.T.);
#3017=EDGE_CURVE('',#2426,#2378,#361,.T.);
#3018=EDGE_CURVE('',#2427,#2376,#362,.T.);
#3019=EDGE_CURVE('',#2425,#2427,#363,.T.);
#3020=EDGE_CURVE('',#2375,#2428,#364,.T.);
#3021=EDGE_CURVE('',#2428,#2427,#1865,.T.);
#3022=EDGE_CURVE('',#2428,#2429,#365,.T.);
#3023=EDGE_CURVE('',#2430,#2429,#1866,.T.);
#3024=EDGE_CURVE('',#2430,#2431,#366,.T.);
#3025=EDGE_CURVE('',#2432,#2431,#1867,.T.);
#3026=EDGE_CURVE('',#2432,#2433,#367,.T.);
#3027=EDGE_CURVE('',#2434,#2433,#1868,.T.);
#3028=EDGE_CURVE('',#2434,#2435,#368,.T.);
#3029=EDGE_CURVE('',#2436,#2435,#1869,.T.);
#3030=EDGE_CURVE('',#2436,#2437,#369,.T.);
#3031=EDGE_CURVE('',#2438,#2437,#1870,.T.);
#3032=EDGE_CURVE('',#2438,#2439,#370,.T.);
#3033=EDGE_CURVE('',#2439,#2440,#1871,.T.);
#3034=EDGE_CURVE('',#2441,#2440,#2101,.T.);
#3035=EDGE_CURVE('',#2442,#2441,#371,.T.);
#3036=EDGE_CURVE('',#2443,#2442,#2102,.T.);
#3037=EDGE_CURVE('',#2443,#2424,#1872,.T.);
#3038=EDGE_CURVE('',#2422,#2426,#372,.T.);
#3039=EDGE_CURVE('',#2429,#2374,#373,.T.);
#3040=EDGE_CURVE('',#2373,#2430,#374,.T.);
#3041=EDGE_CURVE('',#2369,#2434,#375,.T.);
#3042=EDGE_CURVE('',#2433,#2370,#376,.T.);
#3043=EDGE_CURVE('',#2435,#2368,#377,.T.);
#3044=EDGE_CURVE('',#2431,#2372,#378,.T.);
#3045=EDGE_CURVE('',#2371,#2432,#379,.T.);
#3046=EDGE_CURVE('',#2367,#2436,#380,.T.);
#3047=EDGE_CURVE('',#2437,#2366,#381,.T.);
#3048=EDGE_CURVE('',#2365,#2438,#382,.T.);
#3049=EDGE_CURVE('',#2261,#2362,#383,.T.);
#3050=EDGE_CURVE('',#2262,#2361,#384,.T.);
#3051=EDGE_CURVE('',#2360,#2444,#385,.T.);
#3052=EDGE_CURVE('',#2444,#2263,#1873,.T.);
#3053=EDGE_CURVE('',#2444,#2445,#386,.T.);
#3054=EDGE_CURVE('',#2264,#2445,#1874,.T.);
#3055=EDGE_CURVE('',#2445,#2359,#387,.T.);
#3056=EDGE_CURVE('',#2265,#2358,#388,.T.);
#3057=EDGE_CURVE('',#2357,#2266,#389,.T.);
#3058=EDGE_CURVE('',#2267,#2356,#390,.T.);
#3059=EDGE_CURVE('',#2268,#2355,#391,.T.);
#3060=EDGE_CURVE('',#2354,#2446,#392,.T.);
#3061=EDGE_CURVE('',#2446,#2269,#1875,.T.);
#3062=EDGE_CURVE('',#2446,#2447,#393,.T.);
#3063=EDGE_CURVE('',#2270,#2447,#1876,.T.);
#3064=EDGE_CURVE('',#2447,#2353,#394,.T.);
#3065=EDGE_CURVE('',#2271,#2352,#395,.T.);
#3066=EDGE_CURVE('',#2260,#2363,#396,.T.);
#3067=EDGE_CURVE('',#2440,#2260,#2103,.T.);
#3068=EDGE_CURVE('',#2439,#2364,#397,.T.);
#3069=EDGE_CURVE('',#2416,#2443,#2104,.T.);
#3070=EDGE_CURVE('',#2395,#2327,#398,.T.);
#3071=EDGE_CURVE('',#2448,#2449,#399,.T.);
#3072=EDGE_CURVE('',#2448,#2332,#400,.T.);
#3073=EDGE_CURVE('',#2449,#2331,#401,.T.);
#3074=EDGE_CURVE('',#2449,#2450,#1877,.T.);
#3075=EDGE_CURVE('',#2450,#2330,#402,.T.);
#3076=EDGE_CURVE('',#2451,#2448,#1878,.T.);
#3077=EDGE_CURVE('',#2451,#2333,#403,.T.);
#3078=EDGE_CURVE('',#2450,#2452,#404,.T.);
#3079=EDGE_CURVE('',#2452,#2329,#405,.T.);
#3080=EDGE_CURVE('',#2453,#2451,#406,.T.);
#3081=EDGE_CURVE('',#2453,#2334,#407,.T.);
#3082=EDGE_CURVE('',#2452,#2454,#1879,.T.);
#3083=EDGE_CURVE('',#2328,#2454,#408,.T.);
#3084=EDGE_CURVE('',#2455,#2453,#1880,.T.);
#3085=EDGE_CURVE('',#2455,#2335,#409,.T.);
#3086=EDGE_CURVE('',#2454,#2455,#410,.T.);
#3087=EDGE_CURVE('',#2279,#2344,#411,.T.);
#3088=EDGE_CURVE('',#2279,#2304,#2105,.T.);
#3089=EDGE_CURVE('',#2300,#2394,#412,.T.);
#3090=EDGE_CURVE('',#2301,#2399,#2106,.T.);
#3091=EDGE_CURVE('',#2252,#2255,#2107,.T.);
#3092=EDGE_CURVE('',#2303,#2251,#1881,.T.);
#3093=EDGE_CURVE('',#2302,#2404,#1882,.T.);
#3094=EDGE_CURVE('',#2456,#2404,#413,.T.);
#3095=EDGE_CURVE('',#2456,#2248,#1883,.T.);
#3096=EDGE_CURVE('',#2282,#2253,#414,.T.);
#3097=EDGE_CURVE('',#2457,#2457,#1884,.T.);
#3098=EDGE_CURVE('',#2457,#2458,#415,.T.);
#3099=EDGE_CURVE('',#2458,#2458,#2108,.T.);
#3100=EDGE_CURVE('',#2459,#2459,#1885,.T.);
#3101=EDGE_CURVE('',#2459,#2460,#416,.T.);
#3102=EDGE_CURVE('',#2460,#2460,#1886,.T.);
#3103=EDGE_CURVE('',#2285,#2456,#417,.T.);
#3104=EDGE_CURVE('',#2280,#2286,#418,.T.);
#3105=EDGE_CURVE('',#2403,#2461,#2109,.T.);
#3106=EDGE_CURVE('',#2461,#2462,#419,.T.);
#3107=EDGE_CURVE('',#2462,#2463,#420,.T.);
#3108=EDGE_CURVE('',#2464,#2463,#421,.T.);
#3109=EDGE_CURVE('',#2465,#2464,#422,.T.);
#3110=EDGE_CURVE('',#2466,#2465,#423,.T.);
#3111=EDGE_CURVE('',#2466,#2418,#2110,.T.);
#3112=EDGE_CURVE('',#2417,#2287,#424,.T.);
#3113=EDGE_CURVE('',#2287,#2241,#425,.T.);
#3114=EDGE_CURVE('',#2247,#2467,#426,.T.);
#3115=EDGE_CURVE('',#2467,#2467,#2111,.T.);
#3116=EDGE_CURVE('',#2246,#2468,#427,.T.);
#3117=EDGE_CURVE('',#2468,#2468,#1887,.T.);
#3118=EDGE_CURVE('',#2288,#2242,#428,.T.);
#3119=EDGE_CURVE('',#2291,#2243,#429,.T.);
#3120=EDGE_CURVE('',#2469,#2470,#1888,.T.);
#3121=EDGE_CURVE('',#2471,#2469,#430,.T.);
#3122=EDGE_CURVE('',#2471,#2472,#1889,.T.);
#3123=EDGE_CURVE('',#2472,#2470,#431,.T.);
#3124=EDGE_CURVE('',#2470,#2473,#1890,.T.);
#3125=EDGE_CURVE('',#2472,#2474,#1891,.T.);
#3126=EDGE_CURVE('',#2474,#2473,#432,.T.);
#3127=EDGE_CURVE('',#2475,#2476,#1892,.T.);
#3128=EDGE_CURVE('',#2477,#2475,#433,.T.);
#3129=EDGE_CURVE('',#2477,#2478,#1893,.T.);
#3130=EDGE_CURVE('',#2478,#2476,#434,.T.);
#3131=EDGE_CURVE('',#2476,#2479,#1894,.T.);
#3132=EDGE_CURVE('',#2478,#2480,#1895,.T.);
#3133=EDGE_CURVE('',#2480,#2479,#435,.T.);
#3134=EDGE_CURVE('',#2481,#2482,#436,.T.);
#3135=EDGE_CURVE('',#2483,#2482,#437,.T.);
#3136=EDGE_CURVE('',#2484,#2483,#438,.T.);
#3137=EDGE_CURVE('',#2485,#2484,#2112,.T.);
#3138=EDGE_CURVE('',#2486,#2485,#439,.T.);
#3139=EDGE_CURVE('',#2487,#2486,#440,.T.);
#3140=EDGE_CURVE('',#2488,#2487,#441,.T.);
#3141=EDGE_CURVE('',#2489,#2488,#442,.T.);
#3142=EDGE_CURVE('',#2490,#2489,#443,.T.);
#3143=EDGE_CURVE('',#2491,#2490,#2113,.T.);
#3144=EDGE_CURVE('',#2492,#2491,#444,.T.);
#3145=EDGE_CURVE('',#2493,#2492,#445,.T.);
#3146=EDGE_CURVE('',#2493,#2494,#446,.T.);
#3147=EDGE_CURVE('',#2495,#2494,#447,.T.);
#3148=EDGE_CURVE('',#2496,#2495,#448,.T.);
#3149=EDGE_CURVE('',#2497,#2496,#2114,.T.);
#3150=EDGE_CURVE('',#2497,#2498,#449,.T.);
#3151=EDGE_CURVE('',#2498,#2499,#450,.T.);
#3152=EDGE_CURVE('',#2499,#2500,#451,.T.);
#3153=EDGE_CURVE('',#2501,#2500,#2115,.T.);
#3154=EDGE_CURVE('',#2501,#2502,#452,.T.);
#3155=EDGE_CURVE('',#2502,#2481,#453,.T.);
#3156=EDGE_CURVE('',#2503,#2504,#454,.T.);
#3157=EDGE_CURVE('',#2503,#2505,#455,.T.);
#3158=EDGE_CURVE('',#2506,#2505,#456,.T.);
#3159=EDGE_CURVE('',#2504,#2506,#457,.T.);
#3160=EDGE_CURVE('',#2507,#2461,#1896,.F.);
#3161=EDGE_CURVE('',#2462,#2507,#458,.T.);
#3162=EDGE_CURVE('',#2500,#2507,#2116,.T.);
#3163=EDGE_CURVE('',#2463,#2499,#1897,.T.);
#3164=EDGE_CURVE('',#2508,#2501,#2117,.T.);
#3165=EDGE_CURVE('',#2509,#2508,#459,.T.);
#3166=EDGE_CURVE('',#2510,#2509,#460,.T.);
#3167=EDGE_CURVE('',#2502,#2510,#461,.T.);
#3168=EDGE_CURVE('',#2498,#2464,#1898,.T.);
#3169=EDGE_CURVE('',#2501,#2502,#462,.T.);
#3170=EDGE_CURVE('',#2511,#2502,#1899,.T.);
#3171=EDGE_CURVE('',#2501,#2511,#2118,.T.);
#3172=EDGE_CURVE('',#2512,#2511,#1900,.T.);
#3173=EDGE_CURVE('',#2512,#2508,#1901,.T.);
#3174=EDGE_CURVE('',#2466,#2513,#1902,.T.);
#3175=EDGE_CURVE('',#2465,#2513,#463,.T.);
#3176=EDGE_CURVE('',#2513,#2497,#2119,.T.);
#3177=EDGE_CURVE('',#2514,#2495,#464,.T.);
#3178=EDGE_CURVE('',#2515,#2514,#465,.T.);
#3179=EDGE_CURVE('',#2516,#2515,#466,.T.);
#3180=EDGE_CURVE('',#2496,#2516,#2120,.T.);
#3181=EDGE_CURVE('',#2496,#2495,#467,.T.);
#3182=EDGE_CURVE('',#2479,#2494,#1903,.T.);
#3183=EDGE_CURVE('',#2496,#2480,#2121,.T.);
#3184=EDGE_CURVE('',#2517,#2516,#1904,.T.);
#3185=EDGE_CURVE('',#2518,#2517,#1905,.T.);
#3186=EDGE_CURVE('',#2518,#2496,#2122,.T.);
#3187=EDGE_CURVE('',#2478,#2519,#1906,.T.);
#3188=EDGE_CURVE('',#2513,#2519,#1907,.T.);
#3189=EDGE_CURVE('',#2515,#2520,#2123,.T.);
#3190=EDGE_CURVE('',#2517,#2520,#468,.T.);
#3191=EDGE_CURVE('',#2521,#2522,#1908,.T.);
#3192=EDGE_CURVE('',#2505,#2521,#1909,.T.);
#3193=EDGE_CURVE('',#2523,#2503,#1910,.T.);
#3194=EDGE_CURVE('',#2524,#2523,#1911,.T.);
#3195=EDGE_CURVE('',#2522,#2524,#469,.T.);
#3196=EDGE_CURVE('',#2525,#2525,#1912,.T.);
#3197=EDGE_CURVE('',#2526,#2526,#1913,.T.);
#3198=EDGE_CURVE('',#2527,#2527,#1914,.T.);
#3199=EDGE_CURVE('',#2528,#2528,#1915,.T.);
#3200=EDGE_CURVE('',#2529,#2529,#1916,.T.);
#3201=EDGE_CURVE('',#2530,#2530,#1917,.T.);
#3202=EDGE_CURVE('',#2531,#2531,#1918,.T.);
#3203=EDGE_CURVE('',#2531,#2532,#470,.T.);
#3204=EDGE_CURVE('',#2532,#2532,#1919,.T.);
#3205=EDGE_CURVE('',#2525,#2533,#471,.T.);
#3206=EDGE_CURVE('',#2533,#2533,#1920,.T.);
#3207=EDGE_CURVE('',#2534,#2534,#1921,.T.);
#3208=EDGE_CURVE('',#2534,#2535,#472,.T.);
#3209=EDGE_CURVE('',#2535,#2535,#1922,.T.);
#3210=EDGE_CURVE('',#2526,#2536,#473,.T.);
#3211=EDGE_CURVE('',#2536,#2536,#1923,.T.);
#3212=EDGE_CURVE('',#2537,#2537,#1924,.T.);
#3213=EDGE_CURVE('',#2537,#2538,#474,.T.);
#3214=EDGE_CURVE('',#2538,#2538,#1925,.T.);
#3215=EDGE_CURVE('',#2527,#2539,#475,.T.);
#3216=EDGE_CURVE('',#2539,#2539,#1926,.T.);
#3217=EDGE_CURVE('',#2540,#2540,#1927,.T.);
#3218=EDGE_CURVE('',#2540,#2541,#476,.T.);
#3219=EDGE_CURVE('',#2541,#2541,#1928,.T.);
#3220=EDGE_CURVE('',#2528,#2542,#477,.T.);
#3221=EDGE_CURVE('',#2542,#2542,#1929,.T.);
#3222=EDGE_CURVE('',#2543,#2543,#1930,.T.);
#3223=EDGE_CURVE('',#2543,#2544,#478,.T.);
#3224=EDGE_CURVE('',#2544,#2544,#1931,.T.);
#3225=EDGE_CURVE('',#2529,#2545,#479,.T.);
#3226=EDGE_CURVE('',#2545,#2545,#1932,.T.);
#3227=EDGE_CURVE('',#2546,#2546,#1933,.T.);
#3228=EDGE_CURVE('',#2546,#2547,#480,.T.);
#3229=EDGE_CURVE('',#2547,#2547,#1934,.T.);
#3230=EDGE_CURVE('',#2530,#2548,#481,.T.);
#3231=EDGE_CURVE('',#2548,#2548,#1935,.T.);
#3232=EDGE_CURVE('',#2549,#2549,#1936,.T.);
#3233=EDGE_CURVE('',#2550,#2551,#1937,.T.);
#3234=EDGE_CURVE('',#2550,#2552,#2124,.F.);
#3235=EDGE_CURVE('',#2552,#2549,#482,.T.);
#3236=EDGE_CURVE('',#2552,#2551,#2125,.F.);
#3237=EDGE_CURVE('',#2553,#2553,#1938,.T.);
#3238=EDGE_CURVE('',#2554,#2555,#1939,.T.);
#3239=EDGE_CURVE('',#2556,#2554,#2126,.T.);
#3240=EDGE_CURVE('',#2557,#2556,#2127,.T.);
#3241=EDGE_CURVE('',#2555,#2557,#1940,.T.);
#3242=EDGE_CURVE('',#2555,#2553,#483,.T.);
#3243=EDGE_CURVE('',#2558,#2558,#1941,.T.);
#3244=EDGE_CURVE('',#2559,#2559,#1942,.T.);
#3245=EDGE_CURVE('',#2559,#2558,#484,.T.);
#3246=EDGE_CURVE('',#2560,#2560,#1943,.T.);
#3247=EDGE_CURVE('',#2561,#2562,#2128,.T.);
#3248=EDGE_CURVE('',#2561,#2560,#485,.T.);
#3249=EDGE_CURVE('',#2563,#2561,#2129,.T.);
#3250=EDGE_CURVE('',#2562,#2563,#1944,.T.);
#3251=EDGE_CURVE('',#2564,#2564,#1945,.T.);
#3252=EDGE_CURVE('',#2565,#2566,#1946,.T.);
#3253=EDGE_CURVE('',#2565,#2567,#2130,.F.);
#3254=EDGE_CURVE('',#2567,#2564,#486,.T.);
#3255=EDGE_CURVE('',#2567,#2566,#2131,.F.);
#3256=EDGE_CURVE('',#2568,#2568,#1947,.T.);
#3257=EDGE_CURVE('',#2569,#2569,#1948,.T.);
#3258=EDGE_CURVE('',#2569,#2568,#487,.T.);
#3259=EDGE_CURVE('',#2570,#2570,#1949,.T.);
#3260=EDGE_CURVE('',#2571,#2572,#1950,.T.);
#3261=EDGE_CURVE('',#2571,#2572,#2132,.F.);
#3262=EDGE_CURVE('',#2572,#2570,#488,.T.);
#3263=EDGE_CURVE('',#2573,#2573,#1951,.T.);
#3264=EDGE_CURVE('',#2574,#2574,#1952,.T.);
#3265=EDGE_CURVE('',#2574,#2573,#489,.T.);
#3266=EDGE_CURVE('',#2575,#2575,#1953,.T.);
#3267=EDGE_CURVE('',#2576,#2576,#1954,.T.);
#3268=EDGE_CURVE('',#2576,#2575,#490,.T.);
#3269=EDGE_CURVE('',#2577,#2577,#1955,.T.);
#3270=EDGE_CURVE('',#2578,#2578,#1956,.T.);
#3271=EDGE_CURVE('',#2578,#2577,#491,.T.);
#3272=EDGE_CURVE('',#2579,#2579,#1957,.T.);
#3273=EDGE_CURVE('',#2580,#2581,#1958,.T.);
#3274=EDGE_CURVE('',#2580,#2581,#2133,.F.);
#3275=EDGE_CURVE('',#2581,#2579,#492,.T.);
#3276=EDGE_CURVE('',#2582,#2582,#1959,.T.);
#3277=EDGE_CURVE('',#2583,#2583,#1960,.T.);
#3278=EDGE_CURVE('',#2583,#2582,#493,.T.);
#3279=EDGE_CURVE('',#2584,#2585,#2134,.T.);
#3280=EDGE_CURVE('',#2490,#2584,#2135,.T.);
#3281=EDGE_CURVE('',#2586,#2489,#1961,.T.);
#3282=EDGE_CURVE('',#2586,#2587,#494,.T.);
#3283=EDGE_CURVE('',#2486,#2587,#1962,.T.);
#3284=EDGE_CURVE('',#2588,#2485,#2136,.T.);
#3285=EDGE_CURVE('',#2589,#2588,#2137,.T.);
#3286=EDGE_CURVE('',#2590,#2589,#2138,.T.);
#3287=EDGE_CURVE('',#2591,#2590,#495,.T.);
#3288=EDGE_CURVE('',#2585,#2591,#2139,.T.);
#3289=EDGE_CURVE('',#2592,#2593,#496,.T.);
#3290=EDGE_CURVE('',#2594,#2592,#497,.T.);
#3291=EDGE_CURVE('',#2595,#2594,#498,.T.);
#3292=EDGE_CURVE('',#2593,#2595,#499,.T.);
#3293=EDGE_CURVE('',#2488,#2592,#1963,.T.);
#3294=EDGE_CURVE('',#2594,#2487,#1964,.T.);
#3295=EDGE_CURVE('',#2596,#2586,#500,.T.);
#3296=EDGE_CURVE('',#2597,#2596,#501,.T.);
#3297=EDGE_CURVE('',#2587,#2597,#502,.T.);
#3298=EDGE_CURVE('',#2598,#2599,#503,.T.);
#3299=EDGE_CURVE('',#2600,#2598,#1965,.T.);
#3300=EDGE_CURVE('',#2601,#2600,#504,.T.);
#3301=EDGE_CURVE('',#2602,#2601,#1966,.T.);
#3302=EDGE_CURVE('',#2603,#2602,#505,.T.);
#3303=EDGE_CURVE('',#2599,#2603,#506,.T.);
#3304=EDGE_CURVE('',#2599,#2595,#1967,.T.);
#3305=EDGE_CURVE('',#2598,#2594,#1968,.T.);
#3306=EDGE_CURVE('',#2600,#2487,#1969,.T.);
#3307=EDGE_CURVE('',#2601,#2486,#1970,.T.);
#3308=EDGE_CURVE('',#2602,#2587,#1971,.T.);
#3309=EDGE_CURVE('',#2597,#2603,#1972,.T.);
#3310=EDGE_CURVE('',#2604,#2596,#1973,.T.);
#3311=EDGE_CURVE('',#2604,#2605,#507,.T.);
#3312=EDGE_CURVE('',#2593,#2605,#1974,.T.);
#3313=EDGE_CURVE('',#2606,#2604,#508,.T.);
#3314=EDGE_CURVE('',#2607,#2606,#1975,.T.);
#3315=EDGE_CURVE('',#2608,#2607,#509,.T.);
#3316=EDGE_CURVE('',#2609,#2608,#1976,.T.);
#3317=EDGE_CURVE('',#2605,#2609,#510,.T.);
#3318=EDGE_CURVE('',#2606,#2586,#1977,.T.);
#3319=EDGE_CURVE('',#2607,#2489,#1978,.T.);
#3320=EDGE_CURVE('',#2608,#2488,#1979,.T.);
#3321=EDGE_CURVE('',#2609,#2592,#1980,.T.);
#3322=EDGE_CURVE('',#2610,#2611,#1981,.T.);
#3323=EDGE_CURVE('',#2610,#2612,#511,.T.);
#3324=EDGE_CURVE('',#2613,#2612,#1982,.T.);
#3325=EDGE_CURVE('',#2613,#2611,#512,.T.);
#3326=EDGE_CURVE('',#2614,#2615,#1983,.T.);
#3327=EDGE_CURVE('',#2615,#2524,#513,.T.);
#3328=EDGE_CURVE('',#2523,#2614,#514,.T.);
#3329=EDGE_CURVE('',#2522,#2616,#515,.T.);
#3330=EDGE_CURVE('',#2615,#2616,#516,.T.);
#3331=EDGE_CURVE('',#2616,#2617,#1984,.T.);
#3332=EDGE_CURVE('',#2617,#2521,#517,.T.);
#3333=EDGE_CURVE('',#2618,#2619,#518,.F.);
#3334=EDGE_CURVE('',#2618,#2620,#1985,.F.);
#3335=EDGE_CURVE('',#2621,#2620,#1986,.T.);
#3336=EDGE_CURVE('',#2622,#2621,#519,.T.);
#3337=EDGE_CURVE('',#2554,#2622,#1987,.T.);
#3338=EDGE_CURVE('',#2565,#2557,#1988,.T.);
#3339=EDGE_CURVE('',#2619,#2566,#1989,.T.);
#3340=EDGE_CURVE('',#2623,#2624,#1990,.T.);
#3341=EDGE_CURVE('',#2624,#2621,#520,.T.);
#3342=EDGE_CURVE('',#2620,#2623,#521,.T.);
#3343=EDGE_CURVE('',#2625,#2626,#522,.T.);
#3344=EDGE_CURVE('',#2625,#2627,#523,.T.);
#3345=EDGE_CURVE('',#2611,#2627,#2140,.T.);
#3346=EDGE_CURVE('',#2622,#2613,#2141,.T.);
#3347=EDGE_CURVE('',#2624,#2626,#524,.T.);
#3348=EDGE_CURVE('',#2628,#2493,#1991,.T.);
#3349=EDGE_CURVE('',#2626,#2628,#1992,.T.);
#3350=EDGE_CURVE('',#2482,#2623,#1993,.T.);
#3351=EDGE_CURVE('',#2481,#2469,#1994,.T.);
#3352=EDGE_CURVE('',#2473,#2475,#525,.T.);
#3353=EDGE_CURVE('',#2629,#2625,#1995,.T.);
#3354=EDGE_CURVE('',#2628,#2629,#526,.T.);
#3355=EDGE_CURVE('',#2630,#2631,#2142,.T.);
#3356=EDGE_CURVE('',#2632,#2630,#2143,.T.);
#3357=EDGE_CURVE('',#2613,#2632,#1996,.T.);
#3358=EDGE_CURVE('',#2612,#2631,#1997,.T.);
#3359=EDGE_CURVE('',#2631,#2633,#2144,.T.);
#3360=EDGE_CURVE('',#2612,#2633,#527,.T.);
#3361=EDGE_CURVE('',#2633,#2634,#528,.T.);
#3362=EDGE_CURVE('',#2634,#2610,#529,.T.);
#3363=EDGE_CURVE('',#2634,#2635,#2145,.T.);
#3364=EDGE_CURVE('',#2635,#2610,#1998,.T.);
#3365=EDGE_CURVE('',#2636,#2637,#2146,.T.);
#3366=EDGE_CURVE('',#2635,#2636,#2147,.T.);
#3367=EDGE_CURVE('',#2637,#2611,#1999,.T.);
#3368=EDGE_CURVE('',#2562,#2551,#2000,.T.);
#3369=EDGE_CURVE('',#2627,#2563,#2001,.T.);
#3370=EDGE_CURVE('',#2638,#2629,#2002,.T.);
#3371=EDGE_CURVE('',#2639,#2638,#530,.T.);
#3372=EDGE_CURVE('',#2550,#2639,#2003,.T.);
#3373=EDGE_CURVE('',#2635,#2584,#2004,.T.);
#3374=EDGE_CURVE('',#2490,#2636,#2005,.T.);
#3375=EDGE_CURVE('',#2630,#2485,#2006,.T.);
#3376=EDGE_CURVE('',#2588,#2631,#2007,.T.);
#3377=EDGE_CURVE('',#2632,#2484,#2008,.T.);
#3378=EDGE_CURVE('',#2634,#2591,#2009,.T.);
#3379=EDGE_CURVE('',#2633,#2590,#2010,.T.);
#3380=EDGE_CURVE('',#2491,#2637,#2011,.T.);
#3381=EDGE_CURVE('',#2556,#2632,#2012,.T.);
#3382=EDGE_CURVE('',#2619,#2484,#2013,.T.);
#3383=EDGE_CURVE('',#2483,#2618,#2148,.F.);
#3384=EDGE_CURVE('',#2639,#2491,#2014,.T.);
#3385=EDGE_CURVE('',#2492,#2638,#2149,.T.);
#3386=EDGE_CURVE('',#2561,#2637,#2015,.T.);
#3387=EDGE_CURVE('',#2640,#2614,#2016,.T.);
#3388=EDGE_CURVE('',#2640,#2504,#2150,.T.);
#3389=EDGE_CURVE('',#2617,#2641,#2017,.T.);
#3390=EDGE_CURVE('',#2506,#2641,#2151,.T.);
#3391=EDGE_CURVE('',#2580,#2572,#531,.T.);
#3392=EDGE_CURVE('',#2641,#2581,#532,.T.);
#3393=EDGE_CURVE('',#2571,#2640,#533,.T.);
#3394=EDGE_CURVE('',#2520,#2514,#2018,.T.);
#3395=EDGE_CURVE('',#2642,#2509,#2152,.T.);
#3396=EDGE_CURVE('',#2510,#2642,#2019,.T.);
#3397=EDGE_CURVE('',#2643,#2477,#2153,.T.);
#3398=EDGE_CURVE('',#2519,#2643,#2020,.T.);
#3399=EDGE_CURVE('',#2642,#2512,#534,.T.);
#3400=EDGE_CURVE('',#2644,#2507,#2021,.F.);
#3401=EDGE_CURVE('',#2472,#2644,#2022,.T.);
#3402=EDGE_CURVE('',#2471,#2501,#2154,.T.);
#3403=EDGE_CURVE('',#2645,#2644,#2023,.T.);
#3404=EDGE_CURVE('',#2474,#2645,#2155,.T.);
#3405=EDGE_CURVE('',#2646,#2519,#2156,.T.);
#3406=EDGE_CURVE('',#2418,#2646,#2157,.T.);
#3407=EDGE_CURVE('',#2647,#2408,#2024,.T.);
#3408=EDGE_CURVE('',#2648,#2647,#2158,.T.);
#3409=EDGE_CURVE('',#2402,#2648,#2159,.T.);
#3410=EDGE_CURVE('',#2649,#2407,#2160,.T.);
#3411=EDGE_CURVE('',#2647,#2649,#535,.T.);
#3412=EDGE_CURVE('',#2650,#2419,#2161,.T.);
#3413=EDGE_CURVE('',#2649,#2650,#2162,.T.);
#3414=EDGE_CURVE('',#2651,#2403,#2163,.T.);
#3415=EDGE_CURVE('',#2644,#2651,#2164,.T.);
#3416=EDGE_CURVE('',#2651,#2648,#2165,.T.);
#3417=EDGE_CURVE('',#2650,#2646,#2166,.T.);
#3418=EDGE_CURVE('',#2652,#2643,#2025,.T.);
#3419=EDGE_CURVE('',#2650,#2652,#2026,.T.);
#3420=EDGE_CURVE('',#2649,#2652,#536,.T.);
#3421=EDGE_CURVE('',#2652,#2653,#537,.T.);
#3422=EDGE_CURVE('',#2653,#2647,#538,.T.);
#3423=EDGE_CURVE('',#2653,#2648,#2027,.T.);
#3424=EDGE_CURVE('',#2645,#2653,#2028,.T.);
#3425=EDGE_CURVE('',#2495,#2518,#2029,.T.);
#3426=EDGE_CURVE('',#2645,#2643,#539,.T.);
#3427=EDGE_CURVE('',#2441,#2289,#2030,.T.);
#3428=EDGE_CURVE('',#2442,#2417,#2031,.T.);
#3429=EDGE_CURVE('',#2654,#2655,#540,.T.);
#3430=EDGE_CURVE('',#2656,#2654,#541,.T.);
#3431=EDGE_CURVE('',#2657,#2656,#542,.T.);
#3432=EDGE_CURVE('',#2655,#2657,#543,.T.);
#3433=EDGE_CURVE('',#2658,#2659,#544,.T.);
#3434=EDGE_CURVE('',#2654,#2658,#545,.T.);
#3435=EDGE_CURVE('',#2659,#2655,#546,.T.);
#3436=EDGE_CURVE('',#2660,#2659,#547,.T.);
#3437=EDGE_CURVE('',#2661,#2660,#548,.T.);
#3438=EDGE_CURVE('',#2658,#2661,#549,.T.);
#3439=EDGE_CURVE('',#2654,#2655,#550,.T.);
#3440=EDGE_CURVE('',#2655,#2662,#2032,.T.);
#3441=EDGE_CURVE('',#2654,#2662,#2167,.T.);
#3442=EDGE_CURVE('',#2658,#2663,#2168,.T.);
#3443=EDGE_CURVE('',#2664,#2663,#551,.T.);
#3444=EDGE_CURVE('',#2664,#2654,#2169,.T.);
#3445=EDGE_CURVE('',#2665,#2661,#2170,.T.);
#3446=EDGE_CURVE('',#2666,#2665,#552,.T.);
#3447=EDGE_CURVE('',#2666,#2658,#2171,.T.);
#3448=EDGE_CURVE('',#2667,#2662,#553,.T.);
#3449=EDGE_CURVE('',#2656,#2667,#2172,.T.);
#3450=EDGE_CURVE('',#2658,#2659,#554,.T.);
#3451=EDGE_CURVE('',#2659,#2663,#2033,.T.);
#3452=EDGE_CURVE('',#2665,#2660,#2034,.T.);
#3453=EDGE_CURVE('',#2664,#2655,#2035,.T.);
#3454=EDGE_CURVE('',#2657,#2667,#2036,.T.);
#3455=EDGE_CURVE('',#2666,#2659,#2037,.T.);
#3456=ORIENTED_EDGE('',*,*,#2668,.F.);
#3457=ORIENTED_EDGE('',*,*,#2669,.T.);
#3458=ORIENTED_EDGE('',*,*,#2670,.T.);
#3459=ORIENTED_EDGE('',*,*,#2671,.F.);
#3460=ORIENTED_EDGE('',*,*,#2669,.F.);
#3461=ORIENTED_EDGE('',*,*,#2672,.T.);
#3462=ORIENTED_EDGE('',*,*,#2673,.F.);
#3463=ORIENTED_EDGE('',*,*,#2674,.T.);
#3464=ORIENTED_EDGE('',*,*,#2672,.F.);
#3465=ORIENTED_EDGE('',*,*,#2675,.T.);
#3466=ORIENTED_EDGE('',*,*,#2676,.T.);
#3467=ORIENTED_EDGE('',*,*,#2677,.F.);
#3468=ORIENTED_EDGE('',*,*,#2675,.F.);
#3469=ORIENTED_EDGE('',*,*,#2678,.T.);
#3470=ORIENTED_EDGE('',*,*,#2679,.F.);
#3471=ORIENTED_EDGE('',*,*,#2680,.T.);
#3472=ORIENTED_EDGE('',*,*,#2681,.T.);
#3473=ORIENTED_EDGE('',*,*,#2678,.F.);
#3474=ORIENTED_EDGE('',*,*,#2682,.T.);
#3475=ORIENTED_EDGE('',*,*,#2683,.T.);
#3476=ORIENTED_EDGE('',*,*,#2684,.F.);
#3477=ORIENTED_EDGE('',*,*,#2685,.F.);
#3478=ORIENTED_EDGE('',*,*,#2686,.T.);
#3479=ORIENTED_EDGE('',*,*,#2687,.T.);
#3480=ORIENTED_EDGE('',*,*,#2688,.T.);
#3481=ORIENTED_EDGE('',*,*,#2689,.F.);
#3482=ORIENTED_EDGE('',*,*,#2686,.F.);
#3483=ORIENTED_EDGE('',*,*,#2690,.T.);
#3484=ORIENTED_EDGE('',*,*,#2691,.F.);
#3485=ORIENTED_EDGE('',*,*,#2692,.T.);
#3486=ORIENTED_EDGE('',*,*,#2690,.F.);
#3487=ORIENTED_EDGE('',*,*,#2693,.T.);
#3488=ORIENTED_EDGE('',*,*,#2694,.T.);
#3489=ORIENTED_EDGE('',*,*,#2695,.F.);
#3490=ORIENTED_EDGE('',*,*,#2693,.F.);
#3491=ORIENTED_EDGE('',*,*,#2696,.T.);
#3492=ORIENTED_EDGE('',*,*,#2697,.F.);
#3493=ORIENTED_EDGE('',*,*,#2698,.T.);
#3494=ORIENTED_EDGE('',*,*,#2696,.F.);
#3495=ORIENTED_EDGE('',*,*,#2699,.T.);
#3496=ORIENTED_EDGE('',*,*,#2700,.T.);
#3497=ORIENTED_EDGE('',*,*,#2701,.F.);
#3498=ORIENTED_EDGE('',*,*,#2702,.F.);
#3499=ORIENTED_EDGE('',*,*,#2703,.T.);
#3500=ORIENTED_EDGE('',*,*,#2704,.T.);
#3501=ORIENTED_EDGE('',*,*,#2703,.F.);
#3502=ORIENTED_EDGE('',*,*,#2704,.F.);
#3503=ORIENTED_EDGE('',*,*,#2705,.F.);
#3504=ORIENTED_EDGE('',*,*,#2706,.T.);
#3505=ORIENTED_EDGE('',*,*,#2707,.T.);
#3506=ORIENTED_EDGE('',*,*,#2706,.F.);
#3507=ORIENTED_EDGE('',*,*,#2707,.F.);
#3508=ORIENTED_EDGE('',*,*,#2708,.F.);
#3509=ORIENTED_EDGE('',*,*,#2709,.T.);
#3510=ORIENTED_EDGE('',*,*,#2710,.T.);
#3511=ORIENTED_EDGE('',*,*,#2709,.F.);
#3512=ORIENTED_EDGE('',*,*,#2710,.F.);
#3513=ORIENTED_EDGE('',*,*,#2711,.F.);
#3514=ORIENTED_EDGE('',*,*,#2712,.T.);
#3515=ORIENTED_EDGE('',*,*,#2713,.T.);
#3516=ORIENTED_EDGE('',*,*,#2712,.F.);
#3517=ORIENTED_EDGE('',*,*,#2713,.F.);
#3518=ORIENTED_EDGE('',*,*,#2714,.F.);
#3519=ORIENTED_EDGE('',*,*,#2715,.T.);
#3520=ORIENTED_EDGE('',*,*,#2716,.T.);
#3521=ORIENTED_EDGE('',*,*,#2715,.F.);
#3522=ORIENTED_EDGE('',*,*,#2716,.F.);
#3523=ORIENTED_EDGE('',*,*,#2717,.F.);
#3524=ORIENTED_EDGE('',*,*,#2718,.T.);
#3525=ORIENTED_EDGE('',*,*,#2719,.T.);
#3526=ORIENTED_EDGE('',*,*,#2718,.F.);
#3527=ORIENTED_EDGE('',*,*,#2719,.F.);
#3528=ORIENTED_EDGE('',*,*,#2720,.F.);
#3529=ORIENTED_EDGE('',*,*,#2721,.T.);
#3530=ORIENTED_EDGE('',*,*,#2722,.T.);
#3531=ORIENTED_EDGE('',*,*,#2721,.F.);
#3532=ORIENTED_EDGE('',*,*,#2722,.F.);
#3533=ORIENTED_EDGE('',*,*,#2723,.F.);
#3534=ORIENTED_EDGE('',*,*,#2724,.T.);
#3535=ORIENTED_EDGE('',*,*,#2725,.T.);
#3536=ORIENTED_EDGE('',*,*,#2724,.F.);
#3537=ORIENTED_EDGE('',*,*,#2725,.F.);
#3538=ORIENTED_EDGE('',*,*,#2726,.F.);
#3539=ORIENTED_EDGE('',*,*,#2727,.T.);
#3540=ORIENTED_EDGE('',*,*,#2728,.T.);
#3541=ORIENTED_EDGE('',*,*,#2727,.F.);
#3542=ORIENTED_EDGE('',*,*,#2728,.F.);
#3543=ORIENTED_EDGE('',*,*,#2729,.F.);
#3544=ORIENTED_EDGE('',*,*,#2730,.F.);
#3545=ORIENTED_EDGE('',*,*,#2731,.T.);
#3546=ORIENTED_EDGE('',*,*,#2732,.F.);
#3547=ORIENTED_EDGE('',*,*,#2733,.T.);
#3548=ORIENTED_EDGE('',*,*,#2730,.T.);
#3549=ORIENTED_EDGE('',*,*,#2734,.T.);
#3550=ORIENTED_EDGE('',*,*,#2735,.T.);
#3551=ORIENTED_EDGE('',*,*,#2736,.F.);
#3552=ORIENTED_EDGE('',*,*,#2737,.F.);
#3553=ORIENTED_EDGE('',*,*,#2738,.F.);
#3554=ORIENTED_EDGE('',*,*,#2737,.T.);
#3555=ORIENTED_EDGE('',*,*,#2739,.T.);
#3556=ORIENTED_EDGE('',*,*,#2729,.T.);
#3557=ORIENTED_EDGE('',*,*,#2740,.T.);
#3558=ORIENTED_EDGE('',*,*,#2741,.T.);
#3559=ORIENTED_EDGE('',*,*,#2742,.F.);
#3560=ORIENTED_EDGE('',*,*,#2743,.F.);
#3561=ORIENTED_EDGE('',*,*,#2744,.F.);
#3562=ORIENTED_EDGE('',*,*,#2685,.T.);
#3563=ORIENTED_EDGE('',*,*,#2745,.F.);
#3564=ORIENTED_EDGE('',*,*,#2746,.T.);
#3565=ORIENTED_EDGE('',*,*,#2699,.F.);
#3566=ORIENTED_EDGE('',*,*,#2747,.F.);
#3567=ORIENTED_EDGE('',*,*,#2748,.F.);
#3568=ORIENTED_EDGE('',*,*,#2749,.F.);
#3569=ORIENTED_EDGE('',*,*,#2748,.T.);
#3570=ORIENTED_EDGE('',*,*,#2750,.T.);
#3571=ORIENTED_EDGE('',*,*,#2743,.T.);
#3572=ORIENTED_EDGE('',*,*,#2751,.T.);
#3573=ORIENTED_EDGE('',*,*,#2668,.T.);
#3574=ORIENTED_EDGE('',*,*,#2752,.F.);
#3575=ORIENTED_EDGE('',*,*,#2753,.T.);
#3576=ORIENTED_EDGE('',*,*,#2682,.F.);
#3577=ORIENTED_EDGE('',*,*,#2673,.T.);
#3578=ORIENTED_EDGE('',*,*,#2677,.T.);
#3579=ORIENTED_EDGE('',*,*,#2754,.T.);
#3580=ORIENTED_EDGE('',*,*,#2691,.T.);
#3581=ORIENTED_EDGE('',*,*,#2695,.T.);
#3582=ORIENTED_EDGE('',*,*,#2755,.T.);
#3583=ORIENTED_EDGE('',*,*,#2749,.T.);
#3584=ORIENTED_EDGE('',*,*,#2756,.T.);
#3585=ORIENTED_EDGE('',*,*,#2752,.T.);
#3586=ORIENTED_EDGE('',*,*,#2671,.T.);
#3587=ORIENTED_EDGE('',*,*,#2757,.T.);
#3588=ORIENTED_EDGE('',*,*,#2758,.T.);
#3589=ORIENTED_EDGE('',*,*,#2679,.T.);
#3590=ORIENTED_EDGE('',*,*,#2684,.T.);
#3591=ORIENTED_EDGE('',*,*,#2759,.T.);
#3592=ORIENTED_EDGE('',*,*,#2760,.T.);
#3593=ORIENTED_EDGE('',*,*,#2738,.T.);
#3594=ORIENTED_EDGE('',*,*,#2761,.T.);
#3595=ORIENTED_EDGE('',*,*,#2747,.T.);
#3596=ORIENTED_EDGE('',*,*,#2762,.T.);
#3597=ORIENTED_EDGE('',*,*,#2763,.T.);
#3598=ORIENTED_EDGE('',*,*,#2742,.T.);
#3599=ORIENTED_EDGE('',*,*,#2764,.T.);
#3600=ORIENTED_EDGE('',*,*,#2760,.F.);
#3601=ORIENTED_EDGE('',*,*,#2765,.T.);
#3602=ORIENTED_EDGE('',*,*,#2745,.T.);
#3603=ORIENTED_EDGE('',*,*,#2689,.T.);
#3604=ORIENTED_EDGE('',*,*,#2766,.T.);
#3605=ORIENTED_EDGE('',*,*,#2735,.F.);
#3606=ORIENTED_EDGE('',*,*,#2697,.T.);
#3607=ORIENTED_EDGE('',*,*,#2701,.T.);
#3608=ORIENTED_EDGE('',*,*,#2767,.T.);
#3609=ORIENTED_EDGE('',*,*,#2736,.T.);
#3610=ORIENTED_EDGE('',*,*,#2768,.T.);
#3611=ORIENTED_EDGE('',*,*,#2732,.T.);
#3612=ORIENTED_EDGE('',*,*,#2769,.T.);
#3613=ORIENTED_EDGE('',*,*,#2744,.T.);
#3614=ORIENTED_EDGE('',*,*,#2770,.T.);
#3615=ORIENTED_EDGE('',*,*,#2766,.F.);
#3616=ORIENTED_EDGE('',*,*,#2688,.F.);
#3617=ORIENTED_EDGE('',*,*,#2771,.F.);
#3618=ORIENTED_EDGE('',*,*,#2772,.T.);
#3619=ORIENTED_EDGE('',*,*,#2773,.F.);
#3620=ORIENTED_EDGE('',*,*,#2692,.F.);
#3621=ORIENTED_EDGE('',*,*,#2754,.F.);
#3622=ORIENTED_EDGE('',*,*,#2676,.F.);
#3623=ORIENTED_EDGE('',*,*,#2681,.F.);
#3624=ORIENTED_EDGE('',*,*,#2774,.T.);
#3625=ORIENTED_EDGE('',*,*,#2775,.T.);
#3626=ORIENTED_EDGE('',*,*,#2776,.T.);
#3627=ORIENTED_EDGE('',*,*,#2777,.T.);
#3628=ORIENTED_EDGE('',*,*,#2771,.T.);
#3629=ORIENTED_EDGE('',*,*,#2687,.F.);
#3630=ORIENTED_EDGE('',*,*,#2746,.F.);
#3631=ORIENTED_EDGE('',*,*,#2765,.F.);
#3632=ORIENTED_EDGE('',*,*,#2734,.F.);
#3633=ORIENTED_EDGE('',*,*,#2739,.F.);
#3634=ORIENTED_EDGE('',*,*,#2767,.F.);
#3635=ORIENTED_EDGE('',*,*,#2700,.F.);
#3636=ORIENTED_EDGE('',*,*,#2750,.F.);
#3637=ORIENTED_EDGE('',*,*,#2761,.F.);
#3638=ORIENTED_EDGE('',*,*,#2740,.F.);
#3639=ORIENTED_EDGE('',*,*,#2770,.F.);
#3640=ORIENTED_EDGE('',*,*,#2753,.F.);
#3641=ORIENTED_EDGE('',*,*,#2756,.F.);
#3642=ORIENTED_EDGE('',*,*,#2751,.F.);
#3643=ORIENTED_EDGE('',*,*,#2763,.F.);
#3644=ORIENTED_EDGE('',*,*,#2759,.F.);
#3645=ORIENTED_EDGE('',*,*,#2683,.F.);
#3646=ORIENTED_EDGE('',*,*,#2674,.F.);
#3647=ORIENTED_EDGE('',*,*,#2755,.F.);
#3648=ORIENTED_EDGE('',*,*,#2694,.F.);
#3649=ORIENTED_EDGE('',*,*,#2698,.F.);
#3650=ORIENTED_EDGE('',*,*,#2768,.F.);
#3651=ORIENTED_EDGE('',*,*,#2762,.F.);
#3652=ORIENTED_EDGE('',*,*,#2757,.F.);
#3653=ORIENTED_EDGE('',*,*,#2670,.F.);
#3654=ORIENTED_EDGE('',*,*,#2733,.F.);
#3655=ORIENTED_EDGE('',*,*,#2773,.T.);
#3656=ORIENTED_EDGE('',*,*,#2778,.T.);
#3657=ORIENTED_EDGE('',*,*,#2779,.T.);
#3658=ORIENTED_EDGE('',*,*,#2780,.T.);
#3659=ORIENTED_EDGE('',*,*,#2781,.F.);
#3660=ORIENTED_EDGE('',*,*,#2782,.T.);
#3661=ORIENTED_EDGE('',*,*,#2764,.F.);
#3662=ORIENTED_EDGE('',*,*,#2741,.F.);
#3663=ORIENTED_EDGE('',*,*,#2769,.F.);
#3664=ORIENTED_EDGE('',*,*,#2731,.F.);
#3665=ORIENTED_EDGE('',*,*,#2783,.T.);
#3666=ORIENTED_EDGE('',*,*,#2784,.T.);
#3667=ORIENTED_EDGE('',*,*,#2785,.T.);
#3668=ORIENTED_EDGE('',*,*,#2786,.T.);
#3669=ORIENTED_EDGE('',*,*,#2787,.T.);
#3670=ORIENTED_EDGE('',*,*,#2788,.T.);
#3671=ORIENTED_EDGE('',*,*,#2789,.F.);
#3672=ORIENTED_EDGE('',*,*,#2790,.T.);
#3673=ORIENTED_EDGE('',*,*,#2787,.F.);
#3674=ORIENTED_EDGE('',*,*,#2791,.T.);
#3675=ORIENTED_EDGE('',*,*,#2792,.T.);
#3676=ORIENTED_EDGE('',*,*,#2793,.T.);
#3677=ORIENTED_EDGE('',*,*,#2794,.F.);
#3678=ORIENTED_EDGE('',*,*,#2795,.F.);
#3679=ORIENTED_EDGE('',*,*,#2796,.F.);
#3680=ORIENTED_EDGE('',*,*,#2797,.T.);
#3681=ORIENTED_EDGE('',*,*,#2798,.T.);
#3682=ORIENTED_EDGE('',*,*,#2799,.T.);
#3683=ORIENTED_EDGE('',*,*,#2800,.T.);
#3684=ORIENTED_EDGE('',*,*,#2801,.T.);
#3685=ORIENTED_EDGE('',*,*,#2802,.T.);
#3686=ORIENTED_EDGE('',*,*,#2803,.F.);
#3687=ORIENTED_EDGE('',*,*,#2804,.T.);
#3688=ORIENTED_EDGE('',*,*,#2805,.T.);
#3689=ORIENTED_EDGE('',*,*,#2806,.T.);
#3690=ORIENTED_EDGE('',*,*,#2807,.T.);
#3691=ORIENTED_EDGE('',*,*,#2808,.T.);
#3692=ORIENTED_EDGE('',*,*,#2809,.F.);
#3693=ORIENTED_EDGE('',*,*,#2810,.T.);
#3694=ORIENTED_EDGE('',*,*,#2811,.T.);
#3695=ORIENTED_EDGE('',*,*,#2812,.T.);
#3696=ORIENTED_EDGE('',*,*,#2813,.T.);
#3697=ORIENTED_EDGE('',*,*,#2814,.T.);
#3698=ORIENTED_EDGE('',*,*,#2815,.F.);
#3699=ORIENTED_EDGE('',*,*,#2816,.T.);
#3700=ORIENTED_EDGE('',*,*,#2817,.T.);
#3701=ORIENTED_EDGE('',*,*,#2818,.T.);
#3702=ORIENTED_EDGE('',*,*,#2791,.F.);
#3703=ORIENTED_EDGE('',*,*,#2786,.F.);
#3704=ORIENTED_EDGE('',*,*,#2819,.T.);
#3705=ORIENTED_EDGE('',*,*,#2820,.F.);
#3706=ORIENTED_EDGE('',*,*,#2821,.F.);
#3707=ORIENTED_EDGE('',*,*,#2822,.T.);
#3708=ORIENTED_EDGE('',*,*,#2823,.T.);
#3709=ORIENTED_EDGE('',*,*,#2794,.T.);
#3710=ORIENTED_EDGE('',*,*,#2824,.T.);
#3711=ORIENTED_EDGE('',*,*,#2825,.T.);
#3712=ORIENTED_EDGE('',*,*,#2826,.T.);
#3713=ORIENTED_EDGE('',*,*,#2823,.F.);
#3714=ORIENTED_EDGE('',*,*,#2827,.T.);
#3715=ORIENTED_EDGE('',*,*,#2827,.F.);
#3716=ORIENTED_EDGE('',*,*,#2822,.F.);
#3717=ORIENTED_EDGE('',*,*,#2828,.F.);
#3718=ORIENTED_EDGE('',*,*,#2829,.F.);
#3719=ORIENTED_EDGE('',*,*,#2830,.F.);
#3720=ORIENTED_EDGE('',*,*,#2831,.T.);
#3721=ORIENTED_EDGE('',*,*,#2832,.T.);
#3722=ORIENTED_EDGE('',*,*,#2833,.T.);
#3723=ORIENTED_EDGE('',*,*,#2834,.T.);
#3724=ORIENTED_EDGE('',*,*,#2835,.T.);
#3725=ORIENTED_EDGE('',*,*,#2832,.F.);
#3726=ORIENTED_EDGE('',*,*,#2836,.T.);
#3727=ORIENTED_EDGE('',*,*,#2837,.F.);
#3728=ORIENTED_EDGE('',*,*,#2796,.T.);
#3729=ORIENTED_EDGE('',*,*,#2775,.F.);
#3730=ORIENTED_EDGE('',*,*,#2838,.T.);
#3731=ORIENTED_EDGE('',*,*,#2781,.T.);
#3732=ORIENTED_EDGE('',*,*,#2758,.F.);
#3733=ORIENTED_EDGE('',*,*,#2782,.F.);
#3734=ORIENTED_EDGE('',*,*,#2838,.F.);
#3735=ORIENTED_EDGE('',*,*,#2774,.F.);
#3736=ORIENTED_EDGE('',*,*,#2680,.F.);
#3737=ORIENTED_EDGE('',*,*,#2839,.T.);
#3738=ORIENTED_EDGE('',*,*,#2840,.T.);
#3739=ORIENTED_EDGE('',*,*,#2841,.T.);
#3740=ORIENTED_EDGE('',*,*,#2842,.T.);
#3741=ORIENTED_EDGE('',*,*,#2842,.F.);
#3742=ORIENTED_EDGE('',*,*,#2843,.F.);
#3743=ORIENTED_EDGE('',*,*,#2844,.F.);
#3744=ORIENTED_EDGE('',*,*,#2845,.F.);
#3745=ORIENTED_EDGE('',*,*,#2841,.F.);
#3746=ORIENTED_EDGE('',*,*,#2846,.T.);
#3747=ORIENTED_EDGE('',*,*,#2847,.F.);
#3748=ORIENTED_EDGE('',*,*,#2848,.T.);
#3749=ORIENTED_EDGE('',*,*,#2849,.T.);
#3750=ORIENTED_EDGE('',*,*,#2850,.F.);
#3751=ORIENTED_EDGE('',*,*,#2851,.F.);
#3752=ORIENTED_EDGE('',*,*,#2852,.F.);
#3753=ORIENTED_EDGE('',*,*,#2853,.T.);
#3754=ORIENTED_EDGE('',*,*,#2854,.T.);
#3755=ORIENTED_EDGE('',*,*,#2855,.F.);
#3756=ORIENTED_EDGE('',*,*,#2856,.T.);
#3757=ORIENTED_EDGE('',*,*,#2857,.F.);
#3758=ORIENTED_EDGE('',*,*,#2858,.T.);
#3759=ORIENTED_EDGE('',*,*,#2859,.F.);
#3760=ORIENTED_EDGE('',*,*,#2860,.T.);
#3761=ORIENTED_EDGE('',*,*,#2861,.F.);
#3762=ORIENTED_EDGE('',*,*,#2862,.T.);
#3763=ORIENTED_EDGE('',*,*,#2863,.F.);
#3764=ORIENTED_EDGE('',*,*,#2864,.T.);
#3765=ORIENTED_EDGE('',*,*,#2865,.F.);
#3766=ORIENTED_EDGE('',*,*,#2843,.T.);
#3767=ORIENTED_EDGE('',*,*,#2866,.T.);
#3768=ORIENTED_EDGE('',*,*,#2844,.T.);
#3769=ORIENTED_EDGE('',*,*,#2865,.T.);
#3770=ORIENTED_EDGE('',*,*,#2867,.T.);
#3771=ORIENTED_EDGE('',*,*,#2867,.F.);
#3772=ORIENTED_EDGE('',*,*,#2864,.F.);
#3773=ORIENTED_EDGE('',*,*,#2868,.F.);
#3774=ORIENTED_EDGE('',*,*,#2869,.F.);
#3775=ORIENTED_EDGE('',*,*,#2863,.T.);
#3776=ORIENTED_EDGE('',*,*,#2870,.T.);
#3777=ORIENTED_EDGE('',*,*,#2871,.T.);
#3778=ORIENTED_EDGE('',*,*,#2868,.T.);
#3779=ORIENTED_EDGE('',*,*,#2870,.F.);
#3780=ORIENTED_EDGE('',*,*,#2862,.F.);
#3781=ORIENTED_EDGE('',*,*,#2872,.F.);
#3782=ORIENTED_EDGE('',*,*,#2873,.F.);
#3783=ORIENTED_EDGE('',*,*,#2847,.T.);
#3784=ORIENTED_EDGE('',*,*,#2874,.T.);
#3785=ORIENTED_EDGE('',*,*,#2875,.T.);
#3786=ORIENTED_EDGE('',*,*,#2876,.T.);
#3787=ORIENTED_EDGE('',*,*,#2840,.F.);
#3788=ORIENTED_EDGE('',*,*,#2877,.F.);
#3789=ORIENTED_EDGE('',*,*,#2874,.F.);
#3790=ORIENTED_EDGE('',*,*,#2846,.F.);
#3791=ORIENTED_EDGE('',*,*,#2878,.T.);
#3792=ORIENTED_EDGE('',*,*,#2879,.F.);
#3793=ORIENTED_EDGE('',*,*,#2880,.T.);
#3794=ORIENTED_EDGE('',*,*,#2881,.T.);
#3795=ORIENTED_EDGE('',*,*,#2882,.T.);
#3796=ORIENTED_EDGE('',*,*,#2883,.T.);
#3797=ORIENTED_EDGE('',*,*,#2884,.T.);
#3798=ORIENTED_EDGE('',*,*,#2885,.T.);
#3799=ORIENTED_EDGE('',*,*,#2886,.T.);
#3800=ORIENTED_EDGE('',*,*,#2887,.T.);
#3801=ORIENTED_EDGE('',*,*,#2888,.T.);
#3802=ORIENTED_EDGE('',*,*,#2889,.T.);
#3803=ORIENTED_EDGE('',*,*,#2890,.T.);
#3804=ORIENTED_EDGE('',*,*,#2839,.F.);
#3805=ORIENTED_EDGE('',*,*,#2845,.T.);
#3806=ORIENTED_EDGE('',*,*,#2866,.F.);
#3807=ORIENTED_EDGE('',*,*,#2869,.T.);
#3808=ORIENTED_EDGE('',*,*,#2871,.F.);
#3809=ORIENTED_EDGE('',*,*,#2873,.T.);
#3810=ORIENTED_EDGE('',*,*,#2891,.F.);
#3811=ORIENTED_EDGE('',*,*,#2892,.T.);
#3812=ORIENTED_EDGE('',*,*,#2893,.F.);
#3813=ORIENTED_EDGE('',*,*,#2894,.T.);
#3814=ORIENTED_EDGE('',*,*,#2895,.F.);
#3815=ORIENTED_EDGE('',*,*,#2896,.T.);
#3816=ORIENTED_EDGE('',*,*,#2897,.F.);
#3817=ORIENTED_EDGE('',*,*,#2898,.T.);
#3818=ORIENTED_EDGE('',*,*,#2899,.T.);
#3819=ORIENTED_EDGE('',*,*,#2900,.T.);
#3820=ORIENTED_EDGE('',*,*,#2901,.F.);
#3821=ORIENTED_EDGE('',*,*,#2902,.F.);
#3822=ORIENTED_EDGE('',*,*,#2903,.T.);
#3823=ORIENTED_EDGE('',*,*,#2904,.F.);
#3824=ORIENTED_EDGE('',*,*,#2905,.F.);
#3825=ORIENTED_EDGE('',*,*,#2906,.T.);
#3826=ORIENTED_EDGE('',*,*,#2907,.F.);
#3827=ORIENTED_EDGE('',*,*,#2908,.F.);
#3828=ORIENTED_EDGE('',*,*,#2909,.T.);
#3829=ORIENTED_EDGE('',*,*,#2910,.F.);
#3830=ORIENTED_EDGE('',*,*,#2911,.F.);
#3831=ORIENTED_EDGE('',*,*,#2912,.T.);
#3832=ORIENTED_EDGE('',*,*,#2913,.F.);
#3833=ORIENTED_EDGE('',*,*,#2914,.F.);
#3834=ORIENTED_EDGE('',*,*,#2915,.T.);
#3835=ORIENTED_EDGE('',*,*,#2916,.F.);
#3836=ORIENTED_EDGE('',*,*,#2917,.F.);
#3837=ORIENTED_EDGE('',*,*,#2918,.T.);
#3838=ORIENTED_EDGE('',*,*,#2919,.T.);
#3839=ORIENTED_EDGE('',*,*,#2920,.T.);
#3840=ORIENTED_EDGE('',*,*,#2921,.F.);
#3841=ORIENTED_EDGE('',*,*,#2922,.T.);
#3842=ORIENTED_EDGE('',*,*,#2923,.F.);
#3843=ORIENTED_EDGE('',*,*,#2924,.T.);
#3844=ORIENTED_EDGE('',*,*,#2925,.F.);
#3845=ORIENTED_EDGE('',*,*,#2926,.T.);
#3846=ORIENTED_EDGE('',*,*,#2927,.F.);
#3847=ORIENTED_EDGE('',*,*,#2928,.T.);
#3848=ORIENTED_EDGE('',*,*,#2929,.F.);
#3849=ORIENTED_EDGE('',*,*,#2930,.T.);
#3850=ORIENTED_EDGE('',*,*,#2931,.F.);
#3851=ORIENTED_EDGE('',*,*,#2932,.T.);
#3852=ORIENTED_EDGE('',*,*,#2933,.F.);
#3853=ORIENTED_EDGE('',*,*,#2934,.T.);
#3854=ORIENTED_EDGE('',*,*,#2935,.F.);
#3855=ORIENTED_EDGE('',*,*,#2936,.T.);
#3856=ORIENTED_EDGE('',*,*,#2937,.T.);
#3857=ORIENTED_EDGE('',*,*,#2938,.T.);
#3858=ORIENTED_EDGE('',*,*,#2939,.F.);
#3859=ORIENTED_EDGE('',*,*,#2940,.F.);
#3860=ORIENTED_EDGE('',*,*,#2941,.T.);
#3861=ORIENTED_EDGE('',*,*,#2942,.F.);
#3862=ORIENTED_EDGE('',*,*,#2943,.F.);
#3863=ORIENTED_EDGE('',*,*,#2944,.T.);
#3864=ORIENTED_EDGE('',*,*,#2945,.F.);
#3865=ORIENTED_EDGE('',*,*,#2878,.F.);
#3866=ORIENTED_EDGE('',*,*,#2946,.T.);
#3867=ORIENTED_EDGE('',*,*,#2947,.F.);
#3868=ORIENTED_EDGE('',*,*,#2948,.F.);
#3869=ORIENTED_EDGE('',*,*,#2949,.T.);
#3870=ORIENTED_EDGE('',*,*,#2950,.T.);
#3871=ORIENTED_EDGE('',*,*,#2951,.T.);
#3872=ORIENTED_EDGE('',*,*,#2875,.F.);
#3873=ORIENTED_EDGE('',*,*,#2877,.T.);
#3874=ORIENTED_EDGE('',*,*,#2947,.T.);
#3875=ORIENTED_EDGE('',*,*,#2952,.T.);
#3876=ORIENTED_EDGE('',*,*,#2953,.T.);
#3877=ORIENTED_EDGE('',*,*,#2954,.F.);
#3878=ORIENTED_EDGE('',*,*,#2955,.F.);
#3879=ORIENTED_EDGE('',*,*,#2956,.F.);
#3880=ORIENTED_EDGE('',*,*,#2957,.T.);
#3881=ORIENTED_EDGE('',*,*,#2948,.T.);
#3882=ORIENTED_EDGE('',*,*,#2955,.T.);
#3883=ORIENTED_EDGE('',*,*,#2957,.F.);
#3884=ORIENTED_EDGE('',*,*,#2958,.F.);
#3885=ORIENTED_EDGE('',*,*,#2959,.F.);
#3886=ORIENTED_EDGE('',*,*,#2949,.F.);
#3887=ORIENTED_EDGE('',*,*,#2960,.F.);
#3888=ORIENTED_EDGE('',*,*,#2879,.T.);
#3889=ORIENTED_EDGE('',*,*,#2945,.T.);
#3890=ORIENTED_EDGE('',*,*,#2961,.T.);
#3891=ORIENTED_EDGE('',*,*,#2956,.T.);
#3892=ORIENTED_EDGE('',*,*,#2954,.T.);
#3893=ORIENTED_EDGE('',*,*,#2962,.T.);
#3894=ORIENTED_EDGE('',*,*,#2880,.F.);
#3895=ORIENTED_EDGE('',*,*,#2960,.T.);
#3896=ORIENTED_EDGE('',*,*,#2963,.T.);
#3897=ORIENTED_EDGE('',*,*,#2964,.T.);
#3898=ORIENTED_EDGE('',*,*,#2965,.T.);
#3899=ORIENTED_EDGE('',*,*,#2966,.F.);
#3900=ORIENTED_EDGE('',*,*,#2967,.T.);
#3901=ORIENTED_EDGE('',*,*,#2958,.T.);
#3902=ORIENTED_EDGE('',*,*,#2961,.F.);
#3903=ORIENTED_EDGE('',*,*,#2944,.F.);
#3904=ORIENTED_EDGE('',*,*,#2968,.F.);
#3905=ORIENTED_EDGE('',*,*,#2969,.F.);
#3906=ORIENTED_EDGE('',*,*,#2970,.F.);
#3907=ORIENTED_EDGE('',*,*,#2971,.F.);
#3908=ORIENTED_EDGE('',*,*,#2972,.F.);
#3909=ORIENTED_EDGE('',*,*,#2963,.F.);
#3910=ORIENTED_EDGE('',*,*,#2861,.T.);
#3911=ORIENTED_EDGE('',*,*,#2973,.T.);
#3912=ORIENTED_EDGE('',*,*,#2891,.T.);
#3913=ORIENTED_EDGE('',*,*,#2872,.T.);
#3914=ORIENTED_EDGE('',*,*,#2973,.F.);
#3915=ORIENTED_EDGE('',*,*,#2860,.F.);
#3916=ORIENTED_EDGE('',*,*,#2974,.F.);
#3917=ORIENTED_EDGE('',*,*,#2892,.F.);
#3918=ORIENTED_EDGE('',*,*,#2893,.T.);
#3919=ORIENTED_EDGE('',*,*,#2974,.T.);
#3920=ORIENTED_EDGE('',*,*,#2859,.T.);
#3921=ORIENTED_EDGE('',*,*,#2975,.T.);
#3922=ORIENTED_EDGE('',*,*,#2895,.T.);
#3923=ORIENTED_EDGE('',*,*,#2976,.T.);
#3924=ORIENTED_EDGE('',*,*,#2857,.T.);
#3925=ORIENTED_EDGE('',*,*,#2977,.T.);
#3926=ORIENTED_EDGE('',*,*,#2977,.F.);
#3927=ORIENTED_EDGE('',*,*,#2856,.F.);
#3928=ORIENTED_EDGE('',*,*,#2978,.F.);
#3929=ORIENTED_EDGE('',*,*,#2896,.F.);
#3930=ORIENTED_EDGE('',*,*,#2855,.T.);
#3931=ORIENTED_EDGE('',*,*,#2979,.T.);
#3932=ORIENTED_EDGE('',*,*,#2897,.T.);
#3933=ORIENTED_EDGE('',*,*,#2978,.T.);
#3934=ORIENTED_EDGE('',*,*,#2979,.F.);
#3935=ORIENTED_EDGE('',*,*,#2854,.F.);
#3936=ORIENTED_EDGE('',*,*,#2980,.T.);
#3937=ORIENTED_EDGE('',*,*,#2898,.F.);
#3938=ORIENTED_EDGE('',*,*,#2904,.T.);
#3939=ORIENTED_EDGE('',*,*,#2981,.T.);
#3940=ORIENTED_EDGE('',*,*,#2982,.T.);
#3941=ORIENTED_EDGE('',*,*,#2813,.F.);
#3942=ORIENTED_EDGE('',*,*,#2983,.F.);
#3943=ORIENTED_EDGE('',*,*,#2982,.F.);
#3944=ORIENTED_EDGE('',*,*,#2984,.T.);
#3945=ORIENTED_EDGE('',*,*,#2985,.F.);
#3946=ORIENTED_EDGE('',*,*,#2814,.F.);
#3947=ORIENTED_EDGE('',*,*,#2981,.F.);
#3948=ORIENTED_EDGE('',*,*,#2903,.F.);
#3949=ORIENTED_EDGE('',*,*,#2986,.F.);
#3950=ORIENTED_EDGE('',*,*,#2984,.F.);
#3951=ORIENTED_EDGE('',*,*,#2812,.F.);
#3952=ORIENTED_EDGE('',*,*,#2987,.T.);
#3953=ORIENTED_EDGE('',*,*,#2905,.T.);
#3954=ORIENTED_EDGE('',*,*,#2983,.T.);
#3955=ORIENTED_EDGE('',*,*,#2987,.F.);
#3956=ORIENTED_EDGE('',*,*,#2811,.F.);
#3957=ORIENTED_EDGE('',*,*,#2988,.F.);
#3958=ORIENTED_EDGE('',*,*,#2906,.F.);
#3959=ORIENTED_EDGE('',*,*,#2902,.T.);
#3960=ORIENTED_EDGE('',*,*,#2989,.F.);
#3961=ORIENTED_EDGE('',*,*,#2815,.T.);
#3962=ORIENTED_EDGE('',*,*,#2985,.T.);
#3963=ORIENTED_EDGE('',*,*,#2986,.T.);
#3964=ORIENTED_EDGE('',*,*,#2816,.F.);
#3965=ORIENTED_EDGE('',*,*,#2989,.T.);
#3966=ORIENTED_EDGE('',*,*,#2901,.T.);
#3967=ORIENTED_EDGE('',*,*,#2990,.T.);
#3968=ORIENTED_EDGE('',*,*,#2991,.F.);
#3969=ORIENTED_EDGE('',*,*,#2968,.T.);
#3970=ORIENTED_EDGE('',*,*,#2943,.T.);
#3971=ORIENTED_EDGE('',*,*,#2992,.F.);
#3972=ORIENTED_EDGE('',*,*,#2991,.T.);
#3973=ORIENTED_EDGE('',*,*,#2993,.T.);
#3974=ORIENTED_EDGE('',*,*,#2994,.T.);
#3975=ORIENTED_EDGE('',*,*,#2995,.F.);
#3976=ORIENTED_EDGE('',*,*,#2996,.T.);
#3977=ORIENTED_EDGE('',*,*,#2997,.T.);
#3978=ORIENTED_EDGE('',*,*,#2998,.T.);
#3979=ORIENTED_EDGE('',*,*,#2999,.F.);
#3980=ORIENTED_EDGE('',*,*,#3000,.T.);
#3981=ORIENTED_EDGE('',*,*,#3001,.T.);
#3982=ORIENTED_EDGE('',*,*,#2969,.T.);
#3983=ORIENTED_EDGE('',*,*,#2942,.T.);
#3984=ORIENTED_EDGE('',*,*,#3002,.T.);
#3985=ORIENTED_EDGE('',*,*,#3003,.T.);
#3986=ORIENTED_EDGE('',*,*,#2993,.F.);
#3987=ORIENTED_EDGE('',*,*,#2992,.T.);
#3988=ORIENTED_EDGE('',*,*,#3003,.F.);
#3989=ORIENTED_EDGE('',*,*,#3004,.T.);
#3990=ORIENTED_EDGE('',*,*,#3005,.F.);
#3991=ORIENTED_EDGE('',*,*,#2994,.F.);
#3992=ORIENTED_EDGE('',*,*,#3002,.F.);
#3993=ORIENTED_EDGE('',*,*,#2941,.F.);
#3994=ORIENTED_EDGE('',*,*,#3006,.F.);
#3995=ORIENTED_EDGE('',*,*,#3004,.F.);
#3996=ORIENTED_EDGE('',*,*,#2940,.T.);
#3997=ORIENTED_EDGE('',*,*,#3007,.F.);
#3998=ORIENTED_EDGE('',*,*,#2995,.T.);
#3999=ORIENTED_EDGE('',*,*,#3005,.T.);
#4000=ORIENTED_EDGE('',*,*,#3006,.T.);
#4001=ORIENTED_EDGE('',*,*,#2996,.F.);
#4002=ORIENTED_EDGE('',*,*,#3007,.T.);
#4003=ORIENTED_EDGE('',*,*,#2939,.T.);
#4004=ORIENTED_EDGE('',*,*,#3008,.T.);
#4005=ORIENTED_EDGE('',*,*,#3008,.F.);
#4006=ORIENTED_EDGE('',*,*,#2938,.F.);
#4007=ORIENTED_EDGE('',*,*,#3009,.F.);
#4008=ORIENTED_EDGE('',*,*,#2997,.F.);
#4009=ORIENTED_EDGE('',*,*,#3010,.T.);
#4010=ORIENTED_EDGE('',*,*,#3011,.T.);
#4011=ORIENTED_EDGE('',*,*,#2935,.T.);
#4012=ORIENTED_EDGE('',*,*,#3012,.T.);
#4013=ORIENTED_EDGE('',*,*,#3011,.F.);
#4014=ORIENTED_EDGE('',*,*,#3013,.F.);
#4015=ORIENTED_EDGE('',*,*,#3014,.T.);
#4016=ORIENTED_EDGE('',*,*,#2936,.F.);
#4017=ORIENTED_EDGE('',*,*,#2933,.T.);
#4018=ORIENTED_EDGE('',*,*,#3015,.T.);
#4019=ORIENTED_EDGE('',*,*,#3016,.T.);
#4020=ORIENTED_EDGE('',*,*,#3017,.T.);
#4021=ORIENTED_EDGE('',*,*,#3015,.F.);
#4022=ORIENTED_EDGE('',*,*,#2932,.F.);
#4023=ORIENTED_EDGE('',*,*,#3018,.F.);
#4024=ORIENTED_EDGE('',*,*,#3019,.F.);
#4025=ORIENTED_EDGE('',*,*,#2931,.T.);
#4026=ORIENTED_EDGE('',*,*,#3020,.T.);
#4027=ORIENTED_EDGE('',*,*,#3021,.T.);
#4028=ORIENTED_EDGE('',*,*,#3018,.T.);
#4029=ORIENTED_EDGE('',*,*,#3016,.F.);
#4030=ORIENTED_EDGE('',*,*,#3019,.T.);
#4031=ORIENTED_EDGE('',*,*,#3021,.F.);
#4032=ORIENTED_EDGE('',*,*,#3022,.T.);
#4033=ORIENTED_EDGE('',*,*,#3023,.F.);
#4034=ORIENTED_EDGE('',*,*,#3024,.T.);
#4035=ORIENTED_EDGE('',*,*,#3025,.F.);
#4036=ORIENTED_EDGE('',*,*,#3026,.T.);
#4037=ORIENTED_EDGE('',*,*,#3027,.F.);
#4038=ORIENTED_EDGE('',*,*,#3028,.T.);
#4039=ORIENTED_EDGE('',*,*,#3029,.F.);
#4040=ORIENTED_EDGE('',*,*,#3030,.T.);
#4041=ORIENTED_EDGE('',*,*,#3031,.F.);
#4042=ORIENTED_EDGE('',*,*,#3032,.T.);
#4043=ORIENTED_EDGE('',*,*,#3033,.T.);
#4044=ORIENTED_EDGE('',*,*,#3034,.F.);
#4045=ORIENTED_EDGE('',*,*,#3035,.F.);
#4046=ORIENTED_EDGE('',*,*,#3036,.F.);
#4047=ORIENTED_EDGE('',*,*,#3037,.T.);
#4048=ORIENTED_EDGE('',*,*,#3013,.T.);
#4049=ORIENTED_EDGE('',*,*,#3010,.F.);
#4050=ORIENTED_EDGE('',*,*,#3038,.T.);
#4051=ORIENTED_EDGE('',*,*,#3020,.F.);
#4052=ORIENTED_EDGE('',*,*,#2930,.F.);
#4053=ORIENTED_EDGE('',*,*,#3039,.F.);
#4054=ORIENTED_EDGE('',*,*,#3022,.F.);
#4055=ORIENTED_EDGE('',*,*,#3023,.T.);
#4056=ORIENTED_EDGE('',*,*,#3039,.T.);
#4057=ORIENTED_EDGE('',*,*,#2929,.T.);
#4058=ORIENTED_EDGE('',*,*,#3040,.T.);
#4059=ORIENTED_EDGE('',*,*,#2925,.T.);
#4060=ORIENTED_EDGE('',*,*,#3041,.T.);
#4061=ORIENTED_EDGE('',*,*,#3027,.T.);
#4062=ORIENTED_EDGE('',*,*,#3042,.T.);
#4063=ORIENTED_EDGE('',*,*,#3041,.F.);
#4064=ORIENTED_EDGE('',*,*,#2924,.F.);
#4065=ORIENTED_EDGE('',*,*,#3043,.F.);
#4066=ORIENTED_EDGE('',*,*,#3028,.F.);
#4067=ORIENTED_EDGE('',*,*,#3025,.T.);
#4068=ORIENTED_EDGE('',*,*,#3044,.T.);
#4069=ORIENTED_EDGE('',*,*,#2927,.T.);
#4070=ORIENTED_EDGE('',*,*,#3045,.T.);
#4071=ORIENTED_EDGE('',*,*,#3040,.F.);
#4072=ORIENTED_EDGE('',*,*,#2928,.F.);
#4073=ORIENTED_EDGE('',*,*,#3044,.F.);
#4074=ORIENTED_EDGE('',*,*,#3024,.F.);
#4075=ORIENTED_EDGE('',*,*,#2923,.T.);
#4076=ORIENTED_EDGE('',*,*,#3046,.T.);
#4077=ORIENTED_EDGE('',*,*,#3029,.T.);
#4078=ORIENTED_EDGE('',*,*,#3043,.T.);
#4079=ORIENTED_EDGE('',*,*,#3046,.F.);
#4080=ORIENTED_EDGE('',*,*,#2922,.F.);
#4081=ORIENTED_EDGE('',*,*,#3047,.F.);
#4082=ORIENTED_EDGE('',*,*,#3030,.F.);
#4083=ORIENTED_EDGE('',*,*,#3031,.T.);
#4084=ORIENTED_EDGE('',*,*,#3047,.T.);
#4085=ORIENTED_EDGE('',*,*,#2921,.T.);
#4086=ORIENTED_EDGE('',*,*,#3048,.T.);
#4087=ORIENTED_EDGE('',*,*,#2800,.F.);
#4088=ORIENTED_EDGE('',*,*,#3049,.T.);
#4089=ORIENTED_EDGE('',*,*,#2917,.T.);
#4090=ORIENTED_EDGE('',*,*,#3050,.F.);
#4091=ORIENTED_EDGE('',*,*,#2916,.T.);
#4092=ORIENTED_EDGE('',*,*,#3051,.T.);
#4093=ORIENTED_EDGE('',*,*,#3052,.T.);
#4094=ORIENTED_EDGE('',*,*,#2801,.F.);
#4095=ORIENTED_EDGE('',*,*,#3050,.T.);
#4096=ORIENTED_EDGE('',*,*,#3052,.F.);
#4097=ORIENTED_EDGE('',*,*,#3053,.T.);
#4098=ORIENTED_EDGE('',*,*,#3054,.F.);
#4099=ORIENTED_EDGE('',*,*,#2802,.F.);
#4100=ORIENTED_EDGE('',*,*,#3051,.F.);
#4101=ORIENTED_EDGE('',*,*,#2915,.F.);
#4102=ORIENTED_EDGE('',*,*,#3055,.F.);
#4103=ORIENTED_EDGE('',*,*,#3053,.F.);
#4104=ORIENTED_EDGE('',*,*,#2914,.T.);
#4105=ORIENTED_EDGE('',*,*,#3056,.F.);
#4106=ORIENTED_EDGE('',*,*,#2803,.T.);
#4107=ORIENTED_EDGE('',*,*,#3054,.T.);
#4108=ORIENTED_EDGE('',*,*,#3055,.T.);
#4109=ORIENTED_EDGE('',*,*,#2804,.F.);
#4110=ORIENTED_EDGE('',*,*,#3056,.T.);
#4111=ORIENTED_EDGE('',*,*,#2913,.T.);
#4112=ORIENTED_EDGE('',*,*,#3057,.T.);
#4113=ORIENTED_EDGE('',*,*,#3057,.F.);
#4114=ORIENTED_EDGE('',*,*,#2912,.F.);
#4115=ORIENTED_EDGE('',*,*,#3058,.F.);
#4116=ORIENTED_EDGE('',*,*,#2805,.F.);
#4117=ORIENTED_EDGE('',*,*,#2806,.F.);
#4118=ORIENTED_EDGE('',*,*,#3058,.T.);
#4119=ORIENTED_EDGE('',*,*,#2911,.T.);
#4120=ORIENTED_EDGE('',*,*,#3059,.F.);
#4121=ORIENTED_EDGE('',*,*,#2910,.T.);
#4122=ORIENTED_EDGE('',*,*,#3060,.T.);
#4123=ORIENTED_EDGE('',*,*,#3061,.T.);
#4124=ORIENTED_EDGE('',*,*,#2807,.F.);
#4125=ORIENTED_EDGE('',*,*,#3059,.T.);
#4126=ORIENTED_EDGE('',*,*,#3061,.F.);
#4127=ORIENTED_EDGE('',*,*,#3062,.T.);
#4128=ORIENTED_EDGE('',*,*,#3063,.F.);
#4129=ORIENTED_EDGE('',*,*,#2808,.F.);
#4130=ORIENTED_EDGE('',*,*,#3060,.F.);
#4131=ORIENTED_EDGE('',*,*,#2909,.F.);
#4132=ORIENTED_EDGE('',*,*,#3064,.F.);
#4133=ORIENTED_EDGE('',*,*,#3062,.F.);
#4134=ORIENTED_EDGE('',*,*,#2908,.T.);
#4135=ORIENTED_EDGE('',*,*,#3065,.F.);
#4136=ORIENTED_EDGE('',*,*,#2809,.T.);
#4137=ORIENTED_EDGE('',*,*,#3063,.T.);
#4138=ORIENTED_EDGE('',*,*,#3064,.T.);
#4139=ORIENTED_EDGE('',*,*,#2810,.F.);
#4140=ORIENTED_EDGE('',*,*,#3065,.T.);
#4141=ORIENTED_EDGE('',*,*,#2907,.T.);
#4142=ORIENTED_EDGE('',*,*,#2988,.T.);
#4143=ORIENTED_EDGE('',*,*,#3049,.F.);
#4144=ORIENTED_EDGE('',*,*,#2799,.F.);
#4145=ORIENTED_EDGE('',*,*,#3066,.T.);
#4146=ORIENTED_EDGE('',*,*,#2918,.F.);
#4147=ORIENTED_EDGE('',*,*,#3067,.F.);
#4148=ORIENTED_EDGE('',*,*,#3033,.F.);
#4149=ORIENTED_EDGE('',*,*,#3068,.T.);
#4150=ORIENTED_EDGE('',*,*,#2919,.F.);
#4151=ORIENTED_EDGE('',*,*,#3066,.F.);
#4152=ORIENTED_EDGE('',*,*,#3069,.F.);
#4153=ORIENTED_EDGE('',*,*,#3009,.T.);
#4154=ORIENTED_EDGE('',*,*,#2937,.F.);
#4155=ORIENTED_EDGE('',*,*,#3014,.F.);
#4156=ORIENTED_EDGE('',*,*,#3037,.F.);
#4157=ORIENTED_EDGE('',*,*,#2881,.F.);
#4158=ORIENTED_EDGE('',*,*,#2962,.F.);
#4159=ORIENTED_EDGE('',*,*,#2953,.F.);
#4160=ORIENTED_EDGE('',*,*,#3070,.T.);
#4161=ORIENTED_EDGE('',*,*,#3071,.F.);
#4162=ORIENTED_EDGE('',*,*,#3072,.T.);
#4163=ORIENTED_EDGE('',*,*,#2886,.F.);
#4164=ORIENTED_EDGE('',*,*,#3073,.F.);
#4165=ORIENTED_EDGE('',*,*,#2708,.T.);
#4166=ORIENTED_EDGE('',*,*,#2711,.T.);
#4167=ORIENTED_EDGE('',*,*,#2714,.T.);
#4168=ORIENTED_EDGE('',*,*,#3074,.F.);
#4169=ORIENTED_EDGE('',*,*,#3073,.T.);
#4170=ORIENTED_EDGE('',*,*,#2885,.F.);
#4171=ORIENTED_EDGE('',*,*,#3075,.F.);
#4172=ORIENTED_EDGE('',*,*,#3076,.F.);
#4173=ORIENTED_EDGE('',*,*,#3077,.T.);
#4174=ORIENTED_EDGE('',*,*,#2887,.F.);
#4175=ORIENTED_EDGE('',*,*,#3072,.F.);
#4176=ORIENTED_EDGE('',*,*,#3078,.F.);
#4177=ORIENTED_EDGE('',*,*,#3075,.T.);
#4178=ORIENTED_EDGE('',*,*,#2884,.F.);
#4179=ORIENTED_EDGE('',*,*,#3079,.F.);
#4180=ORIENTED_EDGE('',*,*,#2717,.T.);
#4181=ORIENTED_EDGE('',*,*,#2720,.T.);
#4182=ORIENTED_EDGE('',*,*,#3080,.F.);
#4183=ORIENTED_EDGE('',*,*,#3081,.T.);
#4184=ORIENTED_EDGE('',*,*,#2888,.F.);
#4185=ORIENTED_EDGE('',*,*,#3077,.F.);
#4186=ORIENTED_EDGE('',*,*,#2723,.T.);
#4187=ORIENTED_EDGE('',*,*,#2726,.T.);
#4188=ORIENTED_EDGE('',*,*,#3082,.F.);
#4189=ORIENTED_EDGE('',*,*,#3079,.T.);
#4190=ORIENTED_EDGE('',*,*,#2883,.F.);
#4191=ORIENTED_EDGE('',*,*,#3083,.T.);
#4192=ORIENTED_EDGE('',*,*,#3084,.F.);
#4193=ORIENTED_EDGE('',*,*,#3085,.T.);
#4194=ORIENTED_EDGE('',*,*,#2889,.F.);
#4195=ORIENTED_EDGE('',*,*,#3081,.F.);
#4196=ORIENTED_EDGE('',*,*,#3086,.F.);
#4197=ORIENTED_EDGE('',*,*,#3083,.F.);
#4198=ORIENTED_EDGE('',*,*,#2890,.F.);
#4199=ORIENTED_EDGE('',*,*,#3085,.F.);
#4200=ORIENTED_EDGE('',*,*,#2702,.T.);
#4201=ORIENTED_EDGE('',*,*,#2705,.T.);
#4202=ORIENTED_EDGE('',*,*,#2882,.F.);
#4203=ORIENTED_EDGE('',*,*,#3070,.F.);
#4204=ORIENTED_EDGE('',*,*,#2952,.F.);
#4205=ORIENTED_EDGE('',*,*,#2946,.F.);
#4206=ORIENTED_EDGE('',*,*,#3012,.F.);
#4207=ORIENTED_EDGE('',*,*,#2934,.F.);
#4208=ORIENTED_EDGE('',*,*,#3017,.F.);
#4209=ORIENTED_EDGE('',*,*,#3038,.F.);
#4210=ORIENTED_EDGE('',*,*,#3042,.F.);
#4211=ORIENTED_EDGE('',*,*,#3026,.F.);
#4212=ORIENTED_EDGE('',*,*,#3045,.F.);
#4213=ORIENTED_EDGE('',*,*,#2926,.F.);
#4214=ORIENTED_EDGE('',*,*,#3048,.F.);
#4215=ORIENTED_EDGE('',*,*,#2920,.F.);
#4216=ORIENTED_EDGE('',*,*,#3068,.F.);
#4217=ORIENTED_EDGE('',*,*,#3032,.F.);
#4218=ORIENTED_EDGE('',*,*,#2990,.F.);
#4219=ORIENTED_EDGE('',*,*,#2900,.F.);
#4220=ORIENTED_EDGE('',*,*,#3087,.F.);
#4221=ORIENTED_EDGE('',*,*,#2817,.F.);
#4222=ORIENTED_EDGE('',*,*,#3088,.F.);
#4223=ORIENTED_EDGE('',*,*,#3087,.T.);
#4224=ORIENTED_EDGE('',*,*,#2899,.F.);
#4225=ORIENTED_EDGE('',*,*,#2980,.F.);
#4226=ORIENTED_EDGE('',*,*,#2853,.F.);
#4227=ORIENTED_EDGE('',*,*,#2975,.F.);
#4228=ORIENTED_EDGE('',*,*,#2858,.F.);
#4229=ORIENTED_EDGE('',*,*,#2976,.F.);
#4230=ORIENTED_EDGE('',*,*,#2894,.F.);
#4231=ORIENTED_EDGE('',*,*,#2876,.F.);
#4232=ORIENTED_EDGE('',*,*,#2951,.F.);
#4233=ORIENTED_EDGE('',*,*,#3089,.F.);
#4234=ORIENTED_EDGE('',*,*,#2848,.F.);
#4235=ORIENTED_EDGE('',*,*,#3090,.F.);
#4236=ORIENTED_EDGE('',*,*,#2849,.F.);
#4237=ORIENTED_EDGE('',*,*,#3089,.T.);
#4238=ORIENTED_EDGE('',*,*,#2950,.F.);
#4239=ORIENTED_EDGE('',*,*,#2959,.T.);
#4240=ORIENTED_EDGE('',*,*,#3091,.T.);
#4241=ORIENTED_EDGE('',*,*,#2818,.F.);
#4242=ORIENTED_EDGE('',*,*,#3088,.T.);
#4243=ORIENTED_EDGE('',*,*,#2852,.T.);
#4244=ORIENTED_EDGE('',*,*,#3092,.T.);
#4245=ORIENTED_EDGE('',*,*,#2790,.F.);
#4246=ORIENTED_EDGE('',*,*,#2788,.F.);
#4247=ORIENTED_EDGE('',*,*,#3092,.F.);
#4248=ORIENTED_EDGE('',*,*,#2851,.T.);
#4249=ORIENTED_EDGE('',*,*,#3093,.T.);
#4250=ORIENTED_EDGE('',*,*,#3094,.F.);
#4251=ORIENTED_EDGE('',*,*,#3095,.T.);
#4252=ORIENTED_EDGE('',*,*,#2850,.T.);
#4253=ORIENTED_EDGE('',*,*,#3090,.T.);
#4254=ORIENTED_EDGE('',*,*,#2967,.F.);
#4255=ORIENTED_EDGE('',*,*,#3093,.F.);
#4256=ORIENTED_EDGE('',*,*,#2793,.F.);
#4257=ORIENTED_EDGE('',*,*,#3091,.F.);
#4258=ORIENTED_EDGE('',*,*,#2789,.T.);
#4259=ORIENTED_EDGE('',*,*,#3096,.F.);
#4260=ORIENTED_EDGE('',*,*,#2824,.F.);
#4261=ORIENTED_EDGE('',*,*,#3097,.F.);
#4262=ORIENTED_EDGE('',*,*,#3098,.T.);
#4263=ORIENTED_EDGE('',*,*,#3099,.F.);
#4264=ORIENTED_EDGE('',*,*,#3098,.F.);
#4265=ORIENTED_EDGE('',*,*,#3100,.F.);
#4266=ORIENTED_EDGE('',*,*,#3101,.T.);
#4267=ORIENTED_EDGE('',*,*,#3102,.F.);
#4268=ORIENTED_EDGE('',*,*,#3101,.F.);
#4269=ORIENTED_EDGE('',*,*,#3103,.F.);
#4270=ORIENTED_EDGE('',*,*,#2825,.F.);
#4271=ORIENTED_EDGE('',*,*,#2829,.T.);
#4272=ORIENTED_EDGE('',*,*,#3104,.F.);
#4273=ORIENTED_EDGE('',*,*,#2819,.F.);
#4274=ORIENTED_EDGE('',*,*,#2785,.F.);
#4275=ORIENTED_EDGE('',*,*,#3095,.F.);
#4276=ORIENTED_EDGE('',*,*,#3096,.T.);
#4277=ORIENTED_EDGE('',*,*,#2792,.F.);
#4278=ORIENTED_EDGE('',*,*,#2820,.T.);
#4279=ORIENTED_EDGE('',*,*,#3104,.T.);
#4280=ORIENTED_EDGE('',*,*,#2828,.T.);
#4281=ORIENTED_EDGE('',*,*,#2821,.T.);
#4282=ORIENTED_EDGE('',*,*,#3100,.T.);
#4283=ORIENTED_EDGE('',*,*,#3097,.T.);
#4284=ORIENTED_EDGE('',*,*,#3099,.T.);
#4285=ORIENTED_EDGE('',*,*,#3103,.T.);
#4286=ORIENTED_EDGE('',*,*,#3094,.T.);
#4287=ORIENTED_EDGE('',*,*,#2966,.T.);
#4288=ORIENTED_EDGE('',*,*,#3105,.T.);
#4289=ORIENTED_EDGE('',*,*,#3106,.T.);
#4290=ORIENTED_EDGE('',*,*,#3107,.T.);
#4291=ORIENTED_EDGE('',*,*,#3108,.F.);
#4292=ORIENTED_EDGE('',*,*,#3109,.F.);
#4293=ORIENTED_EDGE('',*,*,#3110,.F.);
#4294=ORIENTED_EDGE('',*,*,#3111,.T.);
#4295=ORIENTED_EDGE('',*,*,#2999,.T.);
#4296=ORIENTED_EDGE('',*,*,#3112,.T.);
#4297=ORIENTED_EDGE('',*,*,#3113,.T.);
#4298=ORIENTED_EDGE('',*,*,#2776,.F.);
#4299=ORIENTED_EDGE('',*,*,#2795,.T.);
#4300=ORIENTED_EDGE('',*,*,#2826,.F.);
#4301=ORIENTED_EDGE('',*,*,#2784,.F.);
#4302=ORIENTED_EDGE('',*,*,#3114,.T.);
#4303=ORIENTED_EDGE('',*,*,#3115,.F.);
#4304=ORIENTED_EDGE('',*,*,#3114,.F.);
#4305=ORIENTED_EDGE('',*,*,#2783,.F.);
#4306=ORIENTED_EDGE('',*,*,#3116,.T.);
#4307=ORIENTED_EDGE('',*,*,#3117,.F.);
#4308=ORIENTED_EDGE('',*,*,#3116,.F.);
#4309=ORIENTED_EDGE('',*,*,#3113,.F.);
#4310=ORIENTED_EDGE('',*,*,#2830,.T.);
#4311=ORIENTED_EDGE('',*,*,#3118,.T.);
#4312=ORIENTED_EDGE('',*,*,#2778,.F.);
#4313=ORIENTED_EDGE('',*,*,#2772,.F.);
#4314=ORIENTED_EDGE('',*,*,#2777,.F.);
#4315=ORIENTED_EDGE('',*,*,#2797,.F.);
#4316=ORIENTED_EDGE('',*,*,#2837,.T.);
#4317=ORIENTED_EDGE('',*,*,#2780,.F.);
#4318=ORIENTED_EDGE('',*,*,#3119,.F.);
#4319=ORIENTED_EDGE('',*,*,#2834,.F.);
#4320=ORIENTED_EDGE('',*,*,#2835,.F.);
#4321=ORIENTED_EDGE('',*,*,#3119,.T.);
#4322=ORIENTED_EDGE('',*,*,#2779,.F.);
#4323=ORIENTED_EDGE('',*,*,#3118,.F.);
#4324=ORIENTED_EDGE('',*,*,#2833,.F.);
#4325=ORIENTED_EDGE('',*,*,#3117,.T.);
#4326=ORIENTED_EDGE('',*,*,#3120,.F.);
#4327=ORIENTED_EDGE('',*,*,#3121,.F.);
#4328=ORIENTED_EDGE('',*,*,#3122,.T.);
#4329=ORIENTED_EDGE('',*,*,#3123,.T.);
#4330=ORIENTED_EDGE('',*,*,#3124,.F.);
#4331=ORIENTED_EDGE('',*,*,#3123,.F.);
#4332=ORIENTED_EDGE('',*,*,#3125,.T.);
#4333=ORIENTED_EDGE('',*,*,#3126,.T.);
#4334=ORIENTED_EDGE('',*,*,#3127,.F.);
#4335=ORIENTED_EDGE('',*,*,#3128,.F.);
#4336=ORIENTED_EDGE('',*,*,#3129,.T.);
#4337=ORIENTED_EDGE('',*,*,#3130,.T.);
#4338=ORIENTED_EDGE('',*,*,#3131,.F.);
#4339=ORIENTED_EDGE('',*,*,#3130,.F.);
#4340=ORIENTED_EDGE('',*,*,#3132,.T.);
#4341=ORIENTED_EDGE('',*,*,#3133,.T.);
#4342=ORIENTED_EDGE('',*,*,#3134,.T.);
#4343=ORIENTED_EDGE('',*,*,#3135,.F.);
#4344=ORIENTED_EDGE('',*,*,#3136,.F.);
#4345=ORIENTED_EDGE('',*,*,#3137,.F.);
#4346=ORIENTED_EDGE('',*,*,#3138,.F.);
#4347=ORIENTED_EDGE('',*,*,#3139,.F.);
#4348=ORIENTED_EDGE('',*,*,#3140,.F.);
#4349=ORIENTED_EDGE('',*,*,#3141,.F.);
#4350=ORIENTED_EDGE('',*,*,#3142,.F.);
#4351=ORIENTED_EDGE('',*,*,#3143,.F.);
#4352=ORIENTED_EDGE('',*,*,#3144,.F.);
#4353=ORIENTED_EDGE('',*,*,#3145,.F.);
#4354=ORIENTED_EDGE('',*,*,#3146,.T.);
#4355=ORIENTED_EDGE('',*,*,#3147,.F.);
#4356=ORIENTED_EDGE('',*,*,#3148,.F.);
#4357=ORIENTED_EDGE('',*,*,#3149,.F.);
#4358=ORIENTED_EDGE('',*,*,#3150,.T.);
#4359=ORIENTED_EDGE('',*,*,#3151,.T.);
#4360=ORIENTED_EDGE('',*,*,#3152,.T.);
#4361=ORIENTED_EDGE('',*,*,#3153,.F.);
#4362=ORIENTED_EDGE('',*,*,#3154,.T.);
#4363=ORIENTED_EDGE('',*,*,#3155,.T.);
#4364=ORIENTED_EDGE('',*,*,#3156,.F.);
#4365=ORIENTED_EDGE('',*,*,#3157,.T.);
#4366=ORIENTED_EDGE('',*,*,#3158,.F.);
#4367=ORIENTED_EDGE('',*,*,#3159,.F.);
#4368=ORIENTED_EDGE('',*,*,#3160,.F.);
#4369=ORIENTED_EDGE('',*,*,#3161,.F.);
#4370=ORIENTED_EDGE('',*,*,#3106,.F.);
#4371=ORIENTED_EDGE('',*,*,#3162,.F.);
#4372=ORIENTED_EDGE('',*,*,#3152,.F.);
#4373=ORIENTED_EDGE('',*,*,#3163,.F.);
#4374=ORIENTED_EDGE('',*,*,#3107,.F.);
#4375=ORIENTED_EDGE('',*,*,#3161,.T.);
#4376=ORIENTED_EDGE('',*,*,#3154,.F.);
#4377=ORIENTED_EDGE('',*,*,#3164,.F.);
#4378=ORIENTED_EDGE('',*,*,#3165,.F.);
#4379=ORIENTED_EDGE('',*,*,#3166,.F.);
#4380=ORIENTED_EDGE('',*,*,#3167,.F.);
#4381=ORIENTED_EDGE('',*,*,#3163,.T.);
#4382=ORIENTED_EDGE('',*,*,#3151,.F.);
#4383=ORIENTED_EDGE('',*,*,#3168,.T.);
#4384=ORIENTED_EDGE('',*,*,#3108,.T.);
#4385=ORIENTED_EDGE('',*,*,#3169,.T.);
#4386=ORIENTED_EDGE('',*,*,#3170,.F.);
#4387=ORIENTED_EDGE('',*,*,#3171,.F.);
#4388=ORIENTED_EDGE('',*,*,#3164,.T.);
#4389=ORIENTED_EDGE('',*,*,#3171,.T.);
#4390=ORIENTED_EDGE('',*,*,#3172,.F.);
#4391=ORIENTED_EDGE('',*,*,#3173,.T.);
#4392=ORIENTED_EDGE('',*,*,#3174,.F.);
#4393=ORIENTED_EDGE('',*,*,#3110,.T.);
#4394=ORIENTED_EDGE('',*,*,#3175,.T.);
#4395=ORIENTED_EDGE('',*,*,#3176,.F.);
#4396=ORIENTED_EDGE('',*,*,#3175,.F.);
#4397=ORIENTED_EDGE('',*,*,#3109,.T.);
#4398=ORIENTED_EDGE('',*,*,#3168,.F.);
#4399=ORIENTED_EDGE('',*,*,#3150,.F.);
#4400=ORIENTED_EDGE('',*,*,#3177,.F.);
#4401=ORIENTED_EDGE('',*,*,#3178,.F.);
#4402=ORIENTED_EDGE('',*,*,#3179,.F.);
#4403=ORIENTED_EDGE('',*,*,#3180,.F.);
#4404=ORIENTED_EDGE('',*,*,#3148,.T.);
#4405=ORIENTED_EDGE('',*,*,#3181,.T.);
#4406=ORIENTED_EDGE('',*,*,#3147,.T.);
#4407=ORIENTED_EDGE('',*,*,#3182,.F.);
#4408=ORIENTED_EDGE('',*,*,#3133,.F.);
#4409=ORIENTED_EDGE('',*,*,#3183,.F.);
#4410=ORIENTED_EDGE('',*,*,#3180,.T.);
#4411=ORIENTED_EDGE('',*,*,#3184,.F.);
#4412=ORIENTED_EDGE('',*,*,#3185,.F.);
#4413=ORIENTED_EDGE('',*,*,#3186,.T.);
#4414=ORIENTED_EDGE('',*,*,#3176,.T.);
#4415=ORIENTED_EDGE('',*,*,#3149,.T.);
#4416=ORIENTED_EDGE('',*,*,#3183,.T.);
#4417=ORIENTED_EDGE('',*,*,#3132,.F.);
#4418=ORIENTED_EDGE('',*,*,#3187,.T.);
#4419=ORIENTED_EDGE('',*,*,#3188,.F.);
#4420=ORIENTED_EDGE('',*,*,#3179,.T.);
#4421=ORIENTED_EDGE('',*,*,#3189,.T.);
#4422=ORIENTED_EDGE('',*,*,#3190,.F.);
#4423=ORIENTED_EDGE('',*,*,#3184,.T.);
#4424=ORIENTED_EDGE('',*,*,#3191,.F.);
#4425=ORIENTED_EDGE('',*,*,#3192,.F.);
#4426=ORIENTED_EDGE('',*,*,#3157,.F.);
#4427=ORIENTED_EDGE('',*,*,#3193,.F.);
#4428=ORIENTED_EDGE('',*,*,#3194,.F.);
#4429=ORIENTED_EDGE('',*,*,#3195,.F.);
#4430=ORIENTED_EDGE('',*,*,#3196,.T.);
#4431=ORIENTED_EDGE('',*,*,#3197,.T.);
#4432=ORIENTED_EDGE('',*,*,#3198,.T.);
#4433=ORIENTED_EDGE('',*,*,#3199,.T.);
#4434=ORIENTED_EDGE('',*,*,#3200,.T.);
#4435=ORIENTED_EDGE('',*,*,#3201,.T.);
#4436=ORIENTED_EDGE('',*,*,#3202,.T.);
#4437=ORIENTED_EDGE('',*,*,#3203,.T.);
#4438=ORIENTED_EDGE('',*,*,#3204,.F.);
#4439=ORIENTED_EDGE('',*,*,#3203,.F.);
#4440=ORIENTED_EDGE('',*,*,#3196,.F.);
#4441=ORIENTED_EDGE('',*,*,#3205,.T.);
#4442=ORIENTED_EDGE('',*,*,#3206,.T.);
#4443=ORIENTED_EDGE('',*,*,#3205,.F.);
#4444=ORIENTED_EDGE('',*,*,#3207,.T.);
#4445=ORIENTED_EDGE('',*,*,#3208,.T.);
#4446=ORIENTED_EDGE('',*,*,#3209,.F.);
#4447=ORIENTED_EDGE('',*,*,#3208,.F.);
#4448=ORIENTED_EDGE('',*,*,#3197,.F.);
#4449=ORIENTED_EDGE('',*,*,#3210,.T.);
#4450=ORIENTED_EDGE('',*,*,#3211,.T.);
#4451=ORIENTED_EDGE('',*,*,#3210,.F.);
#4452=ORIENTED_EDGE('',*,*,#3212,.T.);
#4453=ORIENTED_EDGE('',*,*,#3213,.T.);
#4454=ORIENTED_EDGE('',*,*,#3214,.F.);
#4455=ORIENTED_EDGE('',*,*,#3213,.F.);
#4456=ORIENTED_EDGE('',*,*,#3198,.F.);
#4457=ORIENTED_EDGE('',*,*,#3215,.T.);
#4458=ORIENTED_EDGE('',*,*,#3216,.T.);
#4459=ORIENTED_EDGE('',*,*,#3215,.F.);
#4460=ORIENTED_EDGE('',*,*,#3217,.T.);
#4461=ORIENTED_EDGE('',*,*,#3218,.T.);
#4462=ORIENTED_EDGE('',*,*,#3219,.F.);
#4463=ORIENTED_EDGE('',*,*,#3218,.F.);
#4464=ORIENTED_EDGE('',*,*,#3199,.F.);
#4465=ORIENTED_EDGE('',*,*,#3220,.T.);
#4466=ORIENTED_EDGE('',*,*,#3221,.T.);
#4467=ORIENTED_EDGE('',*,*,#3220,.F.);
#4468=ORIENTED_EDGE('',*,*,#3222,.T.);
#4469=ORIENTED_EDGE('',*,*,#3223,.T.);
#4470=ORIENTED_EDGE('',*,*,#3224,.F.);
#4471=ORIENTED_EDGE('',*,*,#3223,.F.);
#4472=ORIENTED_EDGE('',*,*,#3200,.F.);
#4473=ORIENTED_EDGE('',*,*,#3225,.T.);
#4474=ORIENTED_EDGE('',*,*,#3226,.T.);
#4475=ORIENTED_EDGE('',*,*,#3225,.F.);
#4476=ORIENTED_EDGE('',*,*,#3227,.T.);
#4477=ORIENTED_EDGE('',*,*,#3228,.T.);
#4478=ORIENTED_EDGE('',*,*,#3229,.F.);
#4479=ORIENTED_EDGE('',*,*,#3228,.F.);
#4480=ORIENTED_EDGE('',*,*,#3201,.F.);
#4481=ORIENTED_EDGE('',*,*,#3230,.T.);
#4482=ORIENTED_EDGE('',*,*,#3231,.T.);
#4483=ORIENTED_EDGE('',*,*,#3230,.F.);
#4484=ORIENTED_EDGE('',*,*,#3232,.F.);
#4485=ORIENTED_EDGE('',*,*,#3202,.F.);
#4486=ORIENTED_EDGE('',*,*,#3233,.F.);
#4487=ORIENTED_EDGE('',*,*,#3234,.T.);
#4488=ORIENTED_EDGE('',*,*,#3235,.T.);
#4489=ORIENTED_EDGE('',*,*,#3232,.T.);
#4490=ORIENTED_EDGE('',*,*,#3235,.F.);
#4491=ORIENTED_EDGE('',*,*,#3236,.T.);
#4492=ORIENTED_EDGE('',*,*,#3237,.F.);
#4493=ORIENTED_EDGE('',*,*,#3207,.F.);
#4494=ORIENTED_EDGE('',*,*,#3238,.F.);
#4495=ORIENTED_EDGE('',*,*,#3239,.F.);
#4496=ORIENTED_EDGE('',*,*,#3240,.F.);
#4497=ORIENTED_EDGE('',*,*,#3241,.F.);
#4498=ORIENTED_EDGE('',*,*,#3242,.T.);
#4499=ORIENTED_EDGE('',*,*,#3237,.T.);
#4500=ORIENTED_EDGE('',*,*,#3242,.F.);
#4501=ORIENTED_EDGE('',*,*,#3243,.F.);
#4502=ORIENTED_EDGE('',*,*,#3212,.F.);
#4503=ORIENTED_EDGE('',*,*,#3244,.F.);
#4504=ORIENTED_EDGE('',*,*,#3245,.T.);
#4505=ORIENTED_EDGE('',*,*,#3243,.T.);
#4506=ORIENTED_EDGE('',*,*,#3245,.F.);
#4507=ORIENTED_EDGE('',*,*,#3246,.F.);
#4508=ORIENTED_EDGE('',*,*,#3217,.F.);
#4509=ORIENTED_EDGE('',*,*,#3247,.F.);
#4510=ORIENTED_EDGE('',*,*,#3248,.T.);
#4511=ORIENTED_EDGE('',*,*,#3246,.T.);
#4512=ORIENTED_EDGE('',*,*,#3248,.F.);
#4513=ORIENTED_EDGE('',*,*,#3249,.F.);
#4514=ORIENTED_EDGE('',*,*,#3250,.F.);
#4515=ORIENTED_EDGE('',*,*,#3251,.F.);
#4516=ORIENTED_EDGE('',*,*,#3222,.F.);
#4517=ORIENTED_EDGE('',*,*,#3252,.F.);
#4518=ORIENTED_EDGE('',*,*,#3253,.T.);
#4519=ORIENTED_EDGE('',*,*,#3254,.T.);
#4520=ORIENTED_EDGE('',*,*,#3251,.T.);
#4521=ORIENTED_EDGE('',*,*,#3254,.F.);
#4522=ORIENTED_EDGE('',*,*,#3255,.T.);
#4523=ORIENTED_EDGE('',*,*,#3256,.F.);
#4524=ORIENTED_EDGE('',*,*,#3227,.F.);
#4525=ORIENTED_EDGE('',*,*,#3257,.F.);
#4526=ORIENTED_EDGE('',*,*,#3258,.T.);
#4527=ORIENTED_EDGE('',*,*,#3256,.T.);
#4528=ORIENTED_EDGE('',*,*,#3258,.F.);
#4529=ORIENTED_EDGE('',*,*,#3259,.F.);
#4530=ORIENTED_EDGE('',*,*,#3226,.F.);
#4531=ORIENTED_EDGE('',*,*,#3260,.F.);
#4532=ORIENTED_EDGE('',*,*,#3261,.T.);
#4533=ORIENTED_EDGE('',*,*,#3262,.T.);
#4534=ORIENTED_EDGE('',*,*,#3259,.T.);
#4535=ORIENTED_EDGE('',*,*,#3262,.F.);
#4536=ORIENTED_EDGE('',*,*,#3263,.F.);
#4537=ORIENTED_EDGE('',*,*,#3221,.F.);
#4538=ORIENTED_EDGE('',*,*,#3264,.F.);
#4539=ORIENTED_EDGE('',*,*,#3265,.T.);
#4540=ORIENTED_EDGE('',*,*,#3263,.T.);
#4541=ORIENTED_EDGE('',*,*,#3265,.F.);
#4542=ORIENTED_EDGE('',*,*,#3266,.F.);
#4543=ORIENTED_EDGE('',*,*,#3231,.F.);
#4544=ORIENTED_EDGE('',*,*,#3267,.F.);
#4545=ORIENTED_EDGE('',*,*,#3268,.T.);
#4546=ORIENTED_EDGE('',*,*,#3266,.T.);
#4547=ORIENTED_EDGE('',*,*,#3268,.F.);
#4548=ORIENTED_EDGE('',*,*,#3269,.F.);
#4549=ORIENTED_EDGE('',*,*,#3211,.F.);
#4550=ORIENTED_EDGE('',*,*,#3270,.F.);
#4551=ORIENTED_EDGE('',*,*,#3271,.T.);
#4552=ORIENTED_EDGE('',*,*,#3269,.T.);
#4553=ORIENTED_EDGE('',*,*,#3271,.F.);
#4554=ORIENTED_EDGE('',*,*,#3272,.F.);
#4555=ORIENTED_EDGE('',*,*,#3206,.F.);
#4556=ORIENTED_EDGE('',*,*,#3273,.F.);
#4557=ORIENTED_EDGE('',*,*,#3274,.T.);
#4558=ORIENTED_EDGE('',*,*,#3275,.T.);
#4559=ORIENTED_EDGE('',*,*,#3272,.T.);
#4560=ORIENTED_EDGE('',*,*,#3275,.F.);
#4561=ORIENTED_EDGE('',*,*,#3276,.F.);
#4562=ORIENTED_EDGE('',*,*,#3216,.F.);
#4563=ORIENTED_EDGE('',*,*,#3277,.F.);
#4564=ORIENTED_EDGE('',*,*,#3278,.T.);
#4565=ORIENTED_EDGE('',*,*,#3276,.T.);
#4566=ORIENTED_EDGE('',*,*,#3278,.F.);
#4567=ORIENTED_EDGE('',*,*,#3279,.F.);
#4568=ORIENTED_EDGE('',*,*,#3280,.F.);
#4569=ORIENTED_EDGE('',*,*,#3142,.T.);
#4570=ORIENTED_EDGE('',*,*,#3281,.F.);
#4571=ORIENTED_EDGE('',*,*,#3282,.T.);
#4572=ORIENTED_EDGE('',*,*,#3283,.F.);
#4573=ORIENTED_EDGE('',*,*,#3138,.T.);
#4574=ORIENTED_EDGE('',*,*,#3284,.F.);
#4575=ORIENTED_EDGE('',*,*,#3285,.F.);
#4576=ORIENTED_EDGE('',*,*,#3286,.F.);
#4577=ORIENTED_EDGE('',*,*,#3287,.F.);
#4578=ORIENTED_EDGE('',*,*,#3288,.F.);
#4579=ORIENTED_EDGE('',*,*,#3289,.F.);
#4580=ORIENTED_EDGE('',*,*,#3290,.F.);
#4581=ORIENTED_EDGE('',*,*,#3291,.F.);
#4582=ORIENTED_EDGE('',*,*,#3292,.F.);
#4583=ORIENTED_EDGE('',*,*,#3293,.F.);
#4584=ORIENTED_EDGE('',*,*,#3140,.T.);
#4585=ORIENTED_EDGE('',*,*,#3294,.F.);
#4586=ORIENTED_EDGE('',*,*,#3290,.T.);
#4587=ORIENTED_EDGE('',*,*,#3295,.F.);
#4588=ORIENTED_EDGE('',*,*,#3296,.F.);
#4589=ORIENTED_EDGE('',*,*,#3297,.F.);
#4590=ORIENTED_EDGE('',*,*,#3282,.F.);
#4591=ORIENTED_EDGE('',*,*,#3298,.F.);
#4592=ORIENTED_EDGE('',*,*,#3299,.F.);
#4593=ORIENTED_EDGE('',*,*,#3300,.F.);
#4594=ORIENTED_EDGE('',*,*,#3301,.F.);
#4595=ORIENTED_EDGE('',*,*,#3302,.F.);
#4596=ORIENTED_EDGE('',*,*,#3303,.F.);
#4597=ORIENTED_EDGE('',*,*,#3304,.T.);
#4598=ORIENTED_EDGE('',*,*,#3291,.T.);
#4599=ORIENTED_EDGE('',*,*,#3305,.F.);
#4600=ORIENTED_EDGE('',*,*,#3298,.T.);
#4601=ORIENTED_EDGE('',*,*,#3305,.T.);
#4602=ORIENTED_EDGE('',*,*,#3294,.T.);
#4603=ORIENTED_EDGE('',*,*,#3306,.F.);
#4604=ORIENTED_EDGE('',*,*,#3299,.T.);
#4605=ORIENTED_EDGE('',*,*,#3306,.T.);
#4606=ORIENTED_EDGE('',*,*,#3139,.T.);
#4607=ORIENTED_EDGE('',*,*,#3307,.F.);
#4608=ORIENTED_EDGE('',*,*,#3300,.T.);
#4609=ORIENTED_EDGE('',*,*,#3307,.T.);
#4610=ORIENTED_EDGE('',*,*,#3283,.T.);
#4611=ORIENTED_EDGE('',*,*,#3308,.F.);
#4612=ORIENTED_EDGE('',*,*,#3301,.T.);
#4613=ORIENTED_EDGE('',*,*,#3309,.T.);
#4614=ORIENTED_EDGE('',*,*,#3302,.T.);
#4615=ORIENTED_EDGE('',*,*,#3308,.T.);
#4616=ORIENTED_EDGE('',*,*,#3297,.T.);
#4617=ORIENTED_EDGE('',*,*,#3310,.F.);
#4618=ORIENTED_EDGE('',*,*,#3311,.T.);
#4619=ORIENTED_EDGE('',*,*,#3312,.F.);
#4620=ORIENTED_EDGE('',*,*,#3292,.T.);
#4621=ORIENTED_EDGE('',*,*,#3304,.F.);
#4622=ORIENTED_EDGE('',*,*,#3303,.T.);
#4623=ORIENTED_EDGE('',*,*,#3309,.F.);
#4624=ORIENTED_EDGE('',*,*,#3296,.T.);
#4625=ORIENTED_EDGE('',*,*,#3078,.T.);
#4626=ORIENTED_EDGE('',*,*,#3082,.T.);
#4627=ORIENTED_EDGE('',*,*,#3086,.T.);
#4628=ORIENTED_EDGE('',*,*,#3084,.T.);
#4629=ORIENTED_EDGE('',*,*,#3080,.T.);
#4630=ORIENTED_EDGE('',*,*,#3076,.T.);
#4631=ORIENTED_EDGE('',*,*,#3071,.T.);
#4632=ORIENTED_EDGE('',*,*,#3074,.T.);
#4633=ORIENTED_EDGE('',*,*,#3313,.F.);
#4634=ORIENTED_EDGE('',*,*,#3314,.F.);
#4635=ORIENTED_EDGE('',*,*,#3315,.F.);
#4636=ORIENTED_EDGE('',*,*,#3316,.F.);
#4637=ORIENTED_EDGE('',*,*,#3317,.F.);
#4638=ORIENTED_EDGE('',*,*,#3311,.F.);
#4639=ORIENTED_EDGE('',*,*,#3310,.T.);
#4640=ORIENTED_EDGE('',*,*,#3295,.T.);
#4641=ORIENTED_EDGE('',*,*,#3318,.F.);
#4642=ORIENTED_EDGE('',*,*,#3313,.T.);
#4643=ORIENTED_EDGE('',*,*,#3318,.T.);
#4644=ORIENTED_EDGE('',*,*,#3281,.T.);
#4645=ORIENTED_EDGE('',*,*,#3319,.F.);
#4646=ORIENTED_EDGE('',*,*,#3314,.T.);
#4647=ORIENTED_EDGE('',*,*,#3319,.T.);
#4648=ORIENTED_EDGE('',*,*,#3141,.T.);
#4649=ORIENTED_EDGE('',*,*,#3320,.F.);
#4650=ORIENTED_EDGE('',*,*,#3315,.T.);
#4651=ORIENTED_EDGE('',*,*,#3320,.T.);
#4652=ORIENTED_EDGE('',*,*,#3293,.T.);
#4653=ORIENTED_EDGE('',*,*,#3321,.F.);
#4654=ORIENTED_EDGE('',*,*,#3316,.T.);
#4655=ORIENTED_EDGE('',*,*,#3312,.T.);
#4656=ORIENTED_EDGE('',*,*,#3317,.T.);
#4657=ORIENTED_EDGE('',*,*,#3321,.T.);
#4658=ORIENTED_EDGE('',*,*,#3289,.T.);
#4659=ORIENTED_EDGE('',*,*,#3322,.F.);
#4660=ORIENTED_EDGE('',*,*,#3323,.T.);
#4661=ORIENTED_EDGE('',*,*,#3324,.F.);
#4662=ORIENTED_EDGE('',*,*,#3325,.T.);
#4663=ORIENTED_EDGE('',*,*,#3326,.T.);
#4664=ORIENTED_EDGE('',*,*,#3327,.T.);
#4665=ORIENTED_EDGE('',*,*,#3194,.T.);
#4666=ORIENTED_EDGE('',*,*,#3328,.T.);
#4667=ORIENTED_EDGE('',*,*,#3329,.F.);
#4668=ORIENTED_EDGE('',*,*,#3195,.T.);
#4669=ORIENTED_EDGE('',*,*,#3327,.F.);
#4670=ORIENTED_EDGE('',*,*,#3330,.T.);
#4671=ORIENTED_EDGE('',*,*,#3191,.T.);
#4672=ORIENTED_EDGE('',*,*,#3329,.T.);
#4673=ORIENTED_EDGE('',*,*,#3331,.T.);
#4674=ORIENTED_EDGE('',*,*,#3332,.T.);
#4675=ORIENTED_EDGE('',*,*,#3333,.F.);
#4676=ORIENTED_EDGE('',*,*,#3334,.T.);
#4677=ORIENTED_EDGE('',*,*,#3335,.F.);
#4678=ORIENTED_EDGE('',*,*,#3336,.F.);
#4679=ORIENTED_EDGE('',*,*,#3337,.F.);
#4680=ORIENTED_EDGE('',*,*,#3238,.T.);
#4681=ORIENTED_EDGE('',*,*,#3241,.T.);
#4682=ORIENTED_EDGE('',*,*,#3338,.F.);
#4683=ORIENTED_EDGE('',*,*,#3252,.T.);
#4684=ORIENTED_EDGE('',*,*,#3339,.F.);
#4685=ORIENTED_EDGE('',*,*,#3244,.T.);
#4686=ORIENTED_EDGE('',*,*,#3340,.T.);
#4687=ORIENTED_EDGE('',*,*,#3341,.T.);
#4688=ORIENTED_EDGE('',*,*,#3335,.T.);
#4689=ORIENTED_EDGE('',*,*,#3342,.T.);
#4690=ORIENTED_EDGE('',*,*,#3343,.F.);
#4691=ORIENTED_EDGE('',*,*,#3344,.T.);
#4692=ORIENTED_EDGE('',*,*,#3345,.F.);
#4693=ORIENTED_EDGE('',*,*,#3325,.F.);
#4694=ORIENTED_EDGE('',*,*,#3346,.F.);
#4695=ORIENTED_EDGE('',*,*,#3336,.T.);
#4696=ORIENTED_EDGE('',*,*,#3341,.F.);
#4697=ORIENTED_EDGE('',*,*,#3347,.T.);
#4698=ORIENTED_EDGE('',*,*,#3182,.T.);
#4699=ORIENTED_EDGE('',*,*,#3146,.F.);
#4700=ORIENTED_EDGE('',*,*,#3348,.F.);
#4701=ORIENTED_EDGE('',*,*,#3349,.F.);
#4702=ORIENTED_EDGE('',*,*,#3347,.F.);
#4703=ORIENTED_EDGE('',*,*,#3340,.F.);
#4704=ORIENTED_EDGE('',*,*,#3350,.F.);
#4705=ORIENTED_EDGE('',*,*,#3134,.F.);
#4706=ORIENTED_EDGE('',*,*,#3351,.T.);
#4707=ORIENTED_EDGE('',*,*,#3120,.T.);
#4708=ORIENTED_EDGE('',*,*,#3124,.T.);
#4709=ORIENTED_EDGE('',*,*,#3352,.T.);
#4710=ORIENTED_EDGE('',*,*,#3127,.T.);
#4711=ORIENTED_EDGE('',*,*,#3131,.T.);
#4712=ORIENTED_EDGE('',*,*,#3229,.T.);
#4713=ORIENTED_EDGE('',*,*,#3224,.T.);
#4714=ORIENTED_EDGE('',*,*,#3219,.T.);
#4715=ORIENTED_EDGE('',*,*,#3214,.T.);
#4716=ORIENTED_EDGE('',*,*,#3209,.T.);
#4717=ORIENTED_EDGE('',*,*,#3204,.T.);
#4718=ORIENTED_EDGE('',*,*,#3353,.T.);
#4719=ORIENTED_EDGE('',*,*,#3343,.T.);
#4720=ORIENTED_EDGE('',*,*,#3349,.T.);
#4721=ORIENTED_EDGE('',*,*,#3354,.T.);
#4722=ORIENTED_EDGE('',*,*,#3355,.F.);
#4723=ORIENTED_EDGE('',*,*,#3356,.F.);
#4724=ORIENTED_EDGE('',*,*,#3357,.F.);
#4725=ORIENTED_EDGE('',*,*,#3324,.T.);
#4726=ORIENTED_EDGE('',*,*,#3358,.T.);
#4727=ORIENTED_EDGE('',*,*,#3359,.F.);
#4728=ORIENTED_EDGE('',*,*,#3358,.F.);
#4729=ORIENTED_EDGE('',*,*,#3360,.T.);
#4730=ORIENTED_EDGE('',*,*,#3361,.F.);
#4731=ORIENTED_EDGE('',*,*,#3360,.F.);
#4732=ORIENTED_EDGE('',*,*,#3323,.F.);
#4733=ORIENTED_EDGE('',*,*,#3362,.F.);
#4734=ORIENTED_EDGE('',*,*,#3363,.F.);
#4735=ORIENTED_EDGE('',*,*,#3362,.T.);
#4736=ORIENTED_EDGE('',*,*,#3364,.F.);
#4737=ORIENTED_EDGE('',*,*,#3365,.F.);
#4738=ORIENTED_EDGE('',*,*,#3366,.F.);
#4739=ORIENTED_EDGE('',*,*,#3364,.T.);
#4740=ORIENTED_EDGE('',*,*,#3322,.T.);
#4741=ORIENTED_EDGE('',*,*,#3367,.F.);
#4742=ORIENTED_EDGE('',*,*,#3368,.F.);
#4743=ORIENTED_EDGE('',*,*,#3250,.T.);
#4744=ORIENTED_EDGE('',*,*,#3369,.F.);
#4745=ORIENTED_EDGE('',*,*,#3344,.F.);
#4746=ORIENTED_EDGE('',*,*,#3353,.F.);
#4747=ORIENTED_EDGE('',*,*,#3370,.F.);
#4748=ORIENTED_EDGE('',*,*,#3371,.F.);
#4749=ORIENTED_EDGE('',*,*,#3372,.F.);
#4750=ORIENTED_EDGE('',*,*,#3233,.T.);
#4751=ORIENTED_EDGE('',*,*,#3257,.T.);
#4752=ORIENTED_EDGE('',*,*,#3373,.F.);
#4753=ORIENTED_EDGE('',*,*,#3366,.T.);
#4754=ORIENTED_EDGE('',*,*,#3374,.F.);
#4755=ORIENTED_EDGE('',*,*,#3280,.T.);
#4756=ORIENTED_EDGE('',*,*,#3375,.F.);
#4757=ORIENTED_EDGE('',*,*,#3355,.T.);
#4758=ORIENTED_EDGE('',*,*,#3376,.F.);
#4759=ORIENTED_EDGE('',*,*,#3284,.T.);
#4760=ORIENTED_EDGE('',*,*,#3375,.T.);
#4761=ORIENTED_EDGE('',*,*,#3137,.T.);
#4762=ORIENTED_EDGE('',*,*,#3377,.F.);
#4763=ORIENTED_EDGE('',*,*,#3356,.T.);
#4764=ORIENTED_EDGE('',*,*,#3378,.F.);
#4765=ORIENTED_EDGE('',*,*,#3363,.T.);
#4766=ORIENTED_EDGE('',*,*,#3373,.T.);
#4767=ORIENTED_EDGE('',*,*,#3279,.T.);
#4768=ORIENTED_EDGE('',*,*,#3288,.T.);
#4769=ORIENTED_EDGE('',*,*,#3378,.T.);
#4770=ORIENTED_EDGE('',*,*,#3287,.T.);
#4771=ORIENTED_EDGE('',*,*,#3379,.F.);
#4772=ORIENTED_EDGE('',*,*,#3361,.T.);
#4773=ORIENTED_EDGE('',*,*,#3376,.T.);
#4774=ORIENTED_EDGE('',*,*,#3359,.T.);
#4775=ORIENTED_EDGE('',*,*,#3379,.T.);
#4776=ORIENTED_EDGE('',*,*,#3286,.T.);
#4777=ORIENTED_EDGE('',*,*,#3285,.T.);
#4778=ORIENTED_EDGE('',*,*,#3374,.T.);
#4779=ORIENTED_EDGE('',*,*,#3365,.T.);
#4780=ORIENTED_EDGE('',*,*,#3380,.F.);
#4781=ORIENTED_EDGE('',*,*,#3143,.T.);
#4782=ORIENTED_EDGE('',*,*,#3337,.T.);
#4783=ORIENTED_EDGE('',*,*,#3346,.T.);
#4784=ORIENTED_EDGE('',*,*,#3357,.T.);
#4785=ORIENTED_EDGE('',*,*,#3381,.F.);
#4786=ORIENTED_EDGE('',*,*,#3239,.T.);
#4787=ORIENTED_EDGE('',*,*,#3253,.F.);
#4788=ORIENTED_EDGE('',*,*,#3338,.T.);
#4789=ORIENTED_EDGE('',*,*,#3240,.T.);
#4790=ORIENTED_EDGE('',*,*,#3381,.T.);
#4791=ORIENTED_EDGE('',*,*,#3377,.T.);
#4792=ORIENTED_EDGE('',*,*,#3382,.F.);
#4793=ORIENTED_EDGE('',*,*,#3339,.T.);
#4794=ORIENTED_EDGE('',*,*,#3255,.F.);
#4795=ORIENTED_EDGE('',*,*,#3382,.T.);
#4796=ORIENTED_EDGE('',*,*,#3136,.T.);
#4797=ORIENTED_EDGE('',*,*,#3383,.T.);
#4798=ORIENTED_EDGE('',*,*,#3333,.T.);
#4799=ORIENTED_EDGE('',*,*,#3384,.F.);
#4800=ORIENTED_EDGE('',*,*,#3371,.T.);
#4801=ORIENTED_EDGE('',*,*,#3385,.F.);
#4802=ORIENTED_EDGE('',*,*,#3144,.T.);
#4803=ORIENTED_EDGE('',*,*,#3234,.F.);
#4804=ORIENTED_EDGE('',*,*,#3372,.T.);
#4805=ORIENTED_EDGE('',*,*,#3384,.T.);
#4806=ORIENTED_EDGE('',*,*,#3380,.T.);
#4807=ORIENTED_EDGE('',*,*,#3386,.F.);
#4808=ORIENTED_EDGE('',*,*,#3247,.T.);
#4809=ORIENTED_EDGE('',*,*,#3368,.T.);
#4810=ORIENTED_EDGE('',*,*,#3236,.F.);
#4811=ORIENTED_EDGE('',*,*,#3367,.T.);
#4812=ORIENTED_EDGE('',*,*,#3345,.T.);
#4813=ORIENTED_EDGE('',*,*,#3369,.T.);
#4814=ORIENTED_EDGE('',*,*,#3249,.T.);
#4815=ORIENTED_EDGE('',*,*,#3386,.T.);
#4816=ORIENTED_EDGE('',*,*,#3383,.F.);
#4817=ORIENTED_EDGE('',*,*,#3135,.T.);
#4818=ORIENTED_EDGE('',*,*,#3350,.T.);
#4819=ORIENTED_EDGE('',*,*,#3342,.F.);
#4820=ORIENTED_EDGE('',*,*,#3334,.F.);
#4821=ORIENTED_EDGE('',*,*,#3370,.T.);
#4822=ORIENTED_EDGE('',*,*,#3354,.F.);
#4823=ORIENTED_EDGE('',*,*,#3348,.T.);
#4824=ORIENTED_EDGE('',*,*,#3145,.T.);
#4825=ORIENTED_EDGE('',*,*,#3385,.T.);
#4826=ORIENTED_EDGE('',*,*,#3387,.T.);
#4827=ORIENTED_EDGE('',*,*,#3328,.F.);
#4828=ORIENTED_EDGE('',*,*,#3193,.T.);
#4829=ORIENTED_EDGE('',*,*,#3156,.T.);
#4830=ORIENTED_EDGE('',*,*,#3388,.F.);
#4831=ORIENTED_EDGE('',*,*,#3192,.T.);
#4832=ORIENTED_EDGE('',*,*,#3332,.F.);
#4833=ORIENTED_EDGE('',*,*,#3389,.T.);
#4834=ORIENTED_EDGE('',*,*,#3390,.F.);
#4835=ORIENTED_EDGE('',*,*,#3158,.T.);
#4836=ORIENTED_EDGE('',*,*,#3391,.F.);
#4837=ORIENTED_EDGE('',*,*,#3273,.T.);
#4838=ORIENTED_EDGE('',*,*,#3392,.F.);
#4839=ORIENTED_EDGE('',*,*,#3389,.F.);
#4840=ORIENTED_EDGE('',*,*,#3331,.F.);
#4841=ORIENTED_EDGE('',*,*,#3330,.F.);
#4842=ORIENTED_EDGE('',*,*,#3326,.F.);
#4843=ORIENTED_EDGE('',*,*,#3387,.F.);
#4844=ORIENTED_EDGE('',*,*,#3393,.F.);
#4845=ORIENTED_EDGE('',*,*,#3260,.T.);
#4846=ORIENTED_EDGE('',*,*,#3277,.T.);
#4847=ORIENTED_EDGE('',*,*,#3270,.T.);
#4848=ORIENTED_EDGE('',*,*,#3267,.T.);
#4849=ORIENTED_EDGE('',*,*,#3264,.T.);
#4850=ORIENTED_EDGE('',*,*,#3261,.F.);
#4851=ORIENTED_EDGE('',*,*,#3393,.T.);
#4852=ORIENTED_EDGE('',*,*,#3388,.T.);
#4853=ORIENTED_EDGE('',*,*,#3159,.T.);
#4854=ORIENTED_EDGE('',*,*,#3390,.T.);
#4855=ORIENTED_EDGE('',*,*,#3392,.T.);
#4856=ORIENTED_EDGE('',*,*,#3274,.F.);
#4857=ORIENTED_EDGE('',*,*,#3391,.T.);
#4858=ORIENTED_EDGE('',*,*,#3178,.T.);
#4859=ORIENTED_EDGE('',*,*,#3394,.F.);
#4860=ORIENTED_EDGE('',*,*,#3189,.F.);
#4861=ORIENTED_EDGE('',*,*,#3166,.T.);
#4862=ORIENTED_EDGE('',*,*,#3395,.F.);
#4863=ORIENTED_EDGE('',*,*,#3396,.F.);
#4864=ORIENTED_EDGE('',*,*,#3397,.F.);
#4865=ORIENTED_EDGE('',*,*,#3398,.F.);
#4866=ORIENTED_EDGE('',*,*,#3187,.F.);
#4867=ORIENTED_EDGE('',*,*,#3129,.F.);
#4868=ORIENTED_EDGE('',*,*,#3165,.T.);
#4869=ORIENTED_EDGE('',*,*,#3173,.F.);
#4870=ORIENTED_EDGE('',*,*,#3399,.F.);
#4871=ORIENTED_EDGE('',*,*,#3395,.T.);
#4872=ORIENTED_EDGE('',*,*,#3162,.T.);
#4873=ORIENTED_EDGE('',*,*,#3400,.F.);
#4874=ORIENTED_EDGE('',*,*,#3401,.F.);
#4875=ORIENTED_EDGE('',*,*,#3122,.F.);
#4876=ORIENTED_EDGE('',*,*,#3402,.T.);
#4877=ORIENTED_EDGE('',*,*,#3153,.T.);
#4878=ORIENTED_EDGE('',*,*,#3403,.F.);
#4879=ORIENTED_EDGE('',*,*,#3404,.F.);
#4880=ORIENTED_EDGE('',*,*,#3125,.F.);
#4881=ORIENTED_EDGE('',*,*,#3401,.T.);
#4882=ORIENTED_EDGE('',*,*,#3102,.T.);
#4883=ORIENTED_EDGE('',*,*,#3111,.F.);
#4884=ORIENTED_EDGE('',*,*,#3174,.T.);
#4885=ORIENTED_EDGE('',*,*,#3188,.T.);
#4886=ORIENTED_EDGE('',*,*,#3405,.F.);
#4887=ORIENTED_EDGE('',*,*,#3406,.F.);
#4888=ORIENTED_EDGE('',*,*,#2972,.T.);
#4889=ORIENTED_EDGE('',*,*,#3407,.F.);
#4890=ORIENTED_EDGE('',*,*,#3408,.F.);
#4891=ORIENTED_EDGE('',*,*,#3409,.F.);
#4892=ORIENTED_EDGE('',*,*,#2964,.F.);
#4893=ORIENTED_EDGE('',*,*,#2971,.T.);
#4894=ORIENTED_EDGE('',*,*,#3410,.F.);
#4895=ORIENTED_EDGE('',*,*,#3411,.F.);
#4896=ORIENTED_EDGE('',*,*,#3407,.T.);
#4897=ORIENTED_EDGE('',*,*,#2970,.T.);
#4898=ORIENTED_EDGE('',*,*,#3001,.F.);
#4899=ORIENTED_EDGE('',*,*,#3412,.F.);
#4900=ORIENTED_EDGE('',*,*,#3413,.F.);
#4901=ORIENTED_EDGE('',*,*,#3410,.T.);
#4902=ORIENTED_EDGE('',*,*,#3105,.F.);
#4903=ORIENTED_EDGE('',*,*,#3414,.F.);
#4904=ORIENTED_EDGE('',*,*,#3415,.F.);
#4905=ORIENTED_EDGE('',*,*,#3400,.T.);
#4906=ORIENTED_EDGE('',*,*,#3160,.T.);
#4907=ORIENTED_EDGE('',*,*,#2965,.F.);
#4908=ORIENTED_EDGE('',*,*,#3409,.T.);
#4909=ORIENTED_EDGE('',*,*,#3416,.F.);
#4910=ORIENTED_EDGE('',*,*,#3414,.T.);
#4911=ORIENTED_EDGE('',*,*,#3417,.F.);
#4912=ORIENTED_EDGE('',*,*,#3412,.T.);
#4913=ORIENTED_EDGE('',*,*,#3000,.F.);
#4914=ORIENTED_EDGE('',*,*,#3406,.T.);
#4915=ORIENTED_EDGE('',*,*,#3417,.T.);
#4916=ORIENTED_EDGE('',*,*,#3405,.T.);
#4917=ORIENTED_EDGE('',*,*,#3398,.T.);
#4918=ORIENTED_EDGE('',*,*,#3418,.F.);
#4919=ORIENTED_EDGE('',*,*,#3419,.F.);
#4920=ORIENTED_EDGE('',*,*,#3420,.F.);
#4921=ORIENTED_EDGE('',*,*,#3413,.T.);
#4922=ORIENTED_EDGE('',*,*,#3419,.T.);
#4923=ORIENTED_EDGE('',*,*,#3411,.T.);
#4924=ORIENTED_EDGE('',*,*,#3420,.T.);
#4925=ORIENTED_EDGE('',*,*,#3421,.T.);
#4926=ORIENTED_EDGE('',*,*,#3422,.T.);
#4927=ORIENTED_EDGE('',*,*,#3423,.T.);
#4928=ORIENTED_EDGE('',*,*,#3408,.T.);
#4929=ORIENTED_EDGE('',*,*,#3422,.F.);
#4930=ORIENTED_EDGE('',*,*,#3415,.T.);
#4931=ORIENTED_EDGE('',*,*,#3416,.T.);
#4932=ORIENTED_EDGE('',*,*,#3423,.F.);
#4933=ORIENTED_EDGE('',*,*,#3424,.F.);
#4934=ORIENTED_EDGE('',*,*,#3403,.T.);
#4935=ORIENTED_EDGE('',*,*,#3190,.T.);
#4936=ORIENTED_EDGE('',*,*,#3394,.T.);
#4937=ORIENTED_EDGE('',*,*,#3177,.T.);
#4938=ORIENTED_EDGE('',*,*,#3425,.T.);
#4939=ORIENTED_EDGE('',*,*,#3185,.T.);
#4940=ORIENTED_EDGE('',*,*,#3167,.T.);
#4941=ORIENTED_EDGE('',*,*,#3396,.T.);
#4942=ORIENTED_EDGE('',*,*,#3399,.T.);
#4943=ORIENTED_EDGE('',*,*,#3172,.T.);
#4944=ORIENTED_EDGE('',*,*,#3170,.T.);
#4945=ORIENTED_EDGE('',*,*,#3397,.T.);
#4946=ORIENTED_EDGE('',*,*,#3128,.T.);
#4947=ORIENTED_EDGE('',*,*,#3352,.F.);
#4948=ORIENTED_EDGE('',*,*,#3126,.F.);
#4949=ORIENTED_EDGE('',*,*,#3404,.T.);
#4950=ORIENTED_EDGE('',*,*,#3426,.T.);
#4951=ORIENTED_EDGE('',*,*,#3426,.F.);
#4952=ORIENTED_EDGE('',*,*,#3424,.T.);
#4953=ORIENTED_EDGE('',*,*,#3421,.F.);
#4954=ORIENTED_EDGE('',*,*,#3418,.T.);
#4955=ORIENTED_EDGE('',*,*,#3067,.T.);
#4956=ORIENTED_EDGE('',*,*,#2798,.F.);
#4957=ORIENTED_EDGE('',*,*,#2836,.F.);
#4958=ORIENTED_EDGE('',*,*,#3427,.F.);
#4959=ORIENTED_EDGE('',*,*,#3034,.T.);
#4960=ORIENTED_EDGE('',*,*,#3035,.T.);
#4961=ORIENTED_EDGE('',*,*,#3427,.T.);
#4962=ORIENTED_EDGE('',*,*,#2831,.F.);
#4963=ORIENTED_EDGE('',*,*,#3112,.F.);
#4964=ORIENTED_EDGE('',*,*,#3428,.F.);
#4965=ORIENTED_EDGE('',*,*,#3036,.T.);
#4966=ORIENTED_EDGE('',*,*,#3428,.T.);
#4967=ORIENTED_EDGE('',*,*,#2998,.F.);
#4968=ORIENTED_EDGE('',*,*,#3069,.T.);
#4969=ORIENTED_EDGE('',*,*,#3115,.T.);
#4970=ORIENTED_EDGE('',*,*,#3169,.F.);
#4971=ORIENTED_EDGE('',*,*,#3402,.F.);
#4972=ORIENTED_EDGE('',*,*,#3121,.T.);
#4973=ORIENTED_EDGE('',*,*,#3351,.F.);
#4974=ORIENTED_EDGE('',*,*,#3155,.F.);
#4975=ORIENTED_EDGE('',*,*,#3181,.F.);
#4976=ORIENTED_EDGE('',*,*,#3186,.F.);
#4977=ORIENTED_EDGE('',*,*,#3425,.F.);
#4978=ORIENTED_EDGE('',*,*,#3429,.F.);
#4979=ORIENTED_EDGE('',*,*,#3430,.F.);
#4980=ORIENTED_EDGE('',*,*,#3431,.F.);
#4981=ORIENTED_EDGE('',*,*,#3432,.F.);
#4982=ORIENTED_EDGE('',*,*,#3433,.F.);
#4983=ORIENTED_EDGE('',*,*,#3434,.F.);
#4984=ORIENTED_EDGE('',*,*,#3429,.T.);
#4985=ORIENTED_EDGE('',*,*,#3435,.F.);
#4986=ORIENTED_EDGE('',*,*,#3436,.F.);
#4987=ORIENTED_EDGE('',*,*,#3437,.F.);
#4988=ORIENTED_EDGE('',*,*,#3438,.F.);
#4989=ORIENTED_EDGE('',*,*,#3433,.T.);
#4990=ORIENTED_EDGE('',*,*,#3439,.T.);
#4991=ORIENTED_EDGE('',*,*,#3440,.T.);
#4992=ORIENTED_EDGE('',*,*,#3441,.F.);
#4993=ORIENTED_EDGE('',*,*,#3434,.T.);
#4994=ORIENTED_EDGE('',*,*,#3442,.T.);
#4995=ORIENTED_EDGE('',*,*,#3443,.F.);
#4996=ORIENTED_EDGE('',*,*,#3444,.T.);
#4997=ORIENTED_EDGE('',*,*,#3438,.T.);
#4998=ORIENTED_EDGE('',*,*,#3445,.F.);
#4999=ORIENTED_EDGE('',*,*,#3446,.F.);
#5000=ORIENTED_EDGE('',*,*,#3447,.T.);
#5001=ORIENTED_EDGE('',*,*,#3430,.T.);
#5002=ORIENTED_EDGE('',*,*,#3441,.T.);
#5003=ORIENTED_EDGE('',*,*,#3448,.F.);
#5004=ORIENTED_EDGE('',*,*,#3449,.F.);
#5005=ORIENTED_EDGE('',*,*,#3450,.T.);
#5006=ORIENTED_EDGE('',*,*,#3451,.T.);
#5007=ORIENTED_EDGE('',*,*,#3442,.F.);
#5008=ORIENTED_EDGE('',*,*,#3437,.T.);
#5009=ORIENTED_EDGE('',*,*,#3452,.F.);
#5010=ORIENTED_EDGE('',*,*,#3445,.T.);
#5011=ORIENTED_EDGE('',*,*,#3453,.F.);
#5012=ORIENTED_EDGE('',*,*,#3443,.T.);
#5013=ORIENTED_EDGE('',*,*,#3451,.F.);
#5014=ORIENTED_EDGE('',*,*,#3435,.T.);
#5015=ORIENTED_EDGE('',*,*,#3432,.T.);
#5016=ORIENTED_EDGE('',*,*,#3454,.T.);
#5017=ORIENTED_EDGE('',*,*,#3448,.T.);
#5018=ORIENTED_EDGE('',*,*,#3440,.F.);
#5019=ORIENTED_EDGE('',*,*,#3446,.T.);
#5020=ORIENTED_EDGE('',*,*,#3452,.T.);
#5021=ORIENTED_EDGE('',*,*,#3436,.T.);
#5022=ORIENTED_EDGE('',*,*,#3455,.F.);
#5023=ORIENTED_EDGE('',*,*,#3450,.F.);
#5024=ORIENTED_EDGE('',*,*,#3447,.F.);
#5025=ORIENTED_EDGE('',*,*,#3455,.T.);
#5026=ORIENTED_EDGE('',*,*,#3439,.F.);
#5027=ORIENTED_EDGE('',*,*,#3444,.F.);
#5028=ORIENTED_EDGE('',*,*,#3453,.T.);
#5029=ORIENTED_EDGE('',*,*,#3431,.T.);
#5030=ORIENTED_EDGE('',*,*,#3449,.T.);
#5031=ORIENTED_EDGE('',*,*,#3454,.F.);
#5032=B_SPLINE_SURFACE_WITH_KNOTS('',3,3,((#7470,#7471,#7472,#7473,#7474,
#7475,#7476,#7477,#7478,#7479,#7480,#7481,#7482,#7483),(#7484,#7485,#7486,
#7487,#7488,#7489,#7490,#7491,#7492,#7493,#7494,#7495,#7496,#7497),(#7498,
#7499,#7500,#7501,#7502,#7503,#7504,#7505,#7506,#7507,#7508,#7509,#7510,
#7511),(#7512,#7513,#7514,#7515,#7516,#7517,#7518,#7519,#7520,#7521,#7522,
#7523,#7524,#7525),(#7526,#7527,#7528,#7529,#7530,#7531,#7532,#7533,#7534,
#7535,#7536,#7537,#7538,#7539),(#7540,#7541,#7542,#7543,#7544,#7545,#7546,
#7547,#7548,#7549,#7550,#7551,#7552,#7553)),.UNSPECIFIED.,.F.,.F.,.F.,(4,
1,1,4),(4,1,1,1,1,1,1,1,1,1,1,4),(0.,0.333333333333333,0.666666666666667,
1.),(0.,0.0909090909090909,0.181818181818182,0.272727272727273,0.363636363636364,
0.454545454545455,0.545454545454545,0.636363636363636,0.727272727272727,
0.818181818181818,0.909090909090909,1.),.UNSPECIFIED.);
#5033=B_SPLINE_SURFACE_WITH_KNOTS('',3,3,((#7622,#7623,#7624,#7625,#7626,
#7627),(#7628,#7629,#7630,#7631,#7632,#7633),(#7634,#7635,#7636,#7637,#7638,
#7639),(#7640,#7641,#7642,#7643,#7644,#7645),(#7646,#7647,#7648,#7649,#7650,
#7651),(#7652,#7653,#7654,#7655,#7656,#7657),(#7658,#7659,#7660,#7661,#7662,
#7663),(#7664,#7665,#7666,#7667,#7668,#7669),(#7670,#7671,#7672,#7673,#7674,
#7675),(#7676,#7677,#7678,#7679,#7680,#7681),(#7682,#7683,#7684,#7685,#7686,
#7687),(#7688,#7689,#7690,#7691,#7692,#7693),(#7694,#7695,#7696,#7697,#7698,
#7699),(#7700,#7701,#7702,#7703,#7704,#7705)),.UNSPECIFIED.,.F.,.F.,.F.,
(4,1,1,1,1,1,1,1,1,1,1,4),(4,1,1,4),(0.,0.0909090909090909,0.181818181818182,
0.272727272727273,0.363636363636364,0.454545454545455,0.545454545454545,
0.636363636363636,0.727272727272727,0.818181818181818,0.909090909090909,
1.),(0.,0.333333333333333,0.666666666666667,1.),.UNSPECIFIED.);
#5034=B_SPLINE_SURFACE_WITH_KNOTS('',3,3,((#7760,#7761,#7762,#7763,#7764,
#7765,#7766,#7767,#7768,#7769,#7770,#7771,#7772,#7773),(#7774,#7775,#7776,
#7777,#7778,#7779,#7780,#7781,#7782,#7783,#7784,#7785,#7786,#7787),(#7788,
#7789,#7790,#7791,#7792,#7793,#7794,#7795,#7796,#7797,#7798,#7799,#7800,
#7801),(#7802,#7803,#7804,#7805,#7806,#7807,#7808,#7809,#7810,#7811,#7812,
#7813,#7814,#7815),(#7816,#7817,#7818,#7819,#7820,#7821,#7822,#7823,#7824,
#7825,#7826,#7827,#7828,#7829),(#7830,#7831,#7832,#7833,#7834,#7835,#7836,
#7837,#7838,#7839,#7840,#7841,#7842,#7843)),.UNSPECIFIED.,.F.,.F.,.F.,(4,
1,1,4),(4,1,1,1,1,1,1,1,1,1,1,4),(0.,0.333333333333333,0.666666666666667,
1.),(0.,0.0909090909090909,0.181818181818182,0.272727272727273,0.363636363636364,
0.454545454545455,0.545454545454545,0.636363636363636,0.727272727272727,
0.818181818181818,0.909090909090909,1.),.UNSPECIFIED.);
#5035=B_SPLINE_SURFACE_WITH_KNOTS('',3,3,((#7959,#7960,#7961,#7962,#7963,
#7964),(#7965,#7966,#7967,#7968,#7969,#7970),(#7971,#7972,#7973,#7974,#7975,
#7976),(#7977,#7978,#7979,#7980,#7981,#7982),(#7983,#7984,#7985,#7986,#7987,
#7988),(#7989,#7990,#7991,#7992,#7993,#7994),(#7995,#7996,#7997,#7998,#7999,
#8000),(#8001,#8002,#8003,#8004,#8005,#8006),(#8007,#8008,#8009,#8010,#8011,
#8012),(#8013,#8014,#8015,#8016,#8017,#8018),(#8019,#8020,#8021,#8022,#8023,
#8024),(#8025,#8026,#8027,#8028,#8029,#8030),(#8031,#8032,#8033,#8034,#8035,
#8036),(#8037,#8038,#8039,#8040,#8041,#8042)),.UNSPECIFIED.,.F.,.F.,.F.,
(4,1,1,1,1,1,1,1,1,1,1,4),(4,1,1,4),(0.,0.0909090909090909,0.181818181818182,
0.272727272727273,0.363636363636364,0.454545454545455,0.545454545454545,
0.636363636363636,0.727272727272727,0.818181818181818,0.909090909090909,
1.),(0.,0.333333333333333,0.666666666666667,1.),.UNSPECIFIED.);
#5036=B_SPLINE_SURFACE_WITH_KNOTS('',3,3,((#8198,#8199,#8200,#8201,#8202,
#8203,#8204,#8205,#8206,#8207,#8208,#8209,#8210,#8211),(#8212,#8213,#8214,
#8215,#8216,#8217,#8218,#8219,#8220,#8221,#8222,#8223,#8224,#8225),(#8226,
#8227,#8228,#8229,#8230,#8231,#8232,#8233,#8234,#8235,#8236,#8237,#8238,
#8239),(#8240,#8241,#8242,#8243,#8244,#8245,#8246,#8247,#8248,#8249,#8250,
#8251,#8252,#8253),(#8254,#8255,#8256,#8257,#8258,#8259,#8260,#8261,#8262,
#8263,#8264,#8265,#8266,#8267),(#8268,#8269,#8270,#8271,#8272,#8273,#8274,
#8275,#8276,#8277,#8278,#8279,#8280,#8281)),.UNSPECIFIED.,.F.,.F.,.F.,(4,
1,1,4),(4,1,1,1,1,1,1,1,1,1,1,4),(0.,0.333333333333333,0.666666666666667,
1.),(0.,0.0909090909090909,0.181818181818182,0.272727272727273,0.363636363636364,
0.454545454545455,0.545454545454545,0.636363636363636,0.727272727272727,
0.818181818181818,0.909090909090909,1.),.UNSPECIFIED.);
#5037=B_SPLINE_SURFACE_WITH_KNOTS('',3,3,((#8334,#8335,#8336,#8337,#8338,
#8339,#8340,#8341,#8342,#8343,#8344,#8345,#8346,#8347,#8348,#8349,#8350,
#8351,#8352),(#8353,#8354,#8355,#8356,#8357,#8358,#8359,#8360,#8361,#8362,
#8363,#8364,#8365,#8366,#8367,#8368,#8369,#8370,#8371),(#8372,#8373,#8374,
#8375,#8376,#8377,#8378,#8379,#8380,#8381,#8382,#8383,#8384,#8385,#8386,
#8387,#8388,#8389,#8390),(#8391,#8392,#8393,#8394,#8395,#8396,#8397,#8398,
#8399,#8400,#8401,#8402,#8403,#8404,#8405,#8406,#8407,#8408,#8409),(#8410,
#8411,#8412,#8413,#8414,#8415,#8416,#8417,#8418,#8419,#8420,#8421,#8422,
#8423,#8424,#8425,#8426,#8427,#8428),(#8429,#8430,#8431,#8432,#8433,#8434,
#8435,#8436,#8437,#8438,#8439,#8440,#8441,#8442,#8443,#8444,#8445,#8446,
#8447)),.UNSPECIFIED.,.F.,.F.,.F.,(4,1,1,4),(4,1,1,1,1,1,1,1,1,1,1,1,1,
1,1,1,4),(0.,0.333333333333333,0.666666666666667,1.),(0.,0.0625,0.125,0.1875,
0.25,0.3125,0.375,0.4375,0.5,0.5625,0.625,0.6875,0.75,0.8125,0.875,0.9375,
1.),.UNSPECIFIED.);
#5038=B_SPLINE_SURFACE_WITH_KNOTS('',3,3,((#8616,#8617,#8618,#8619,#8620,
#8621),(#8622,#8623,#8624,#8625,#8626,#8627),(#8628,#8629,#8630,#8631,#8632,
#8633),(#8634,#8635,#8636,#8637,#8638,#8639),(#8640,#8641,#8642,#8643,#8644,
#8645),(#8646,#8647,#8648,#8649,#8650,#8651),(#8652,#8653,#8654,#8655,#8656,
#8657),(#8658,#8659,#8660,#8661,#8662,#8663),(#8664,#8665,#8666,#8667,#8668,
#8669),(#8670,#8671,#8672,#8673,#8674,#8675),(#8676,#8677,#8678,#8679,#8680,
#8681),(#8682,#8683,#8684,#8685,#8686,#8687),(#8688,#8689,#8690,#8691,#8692,
#8693),(#8694,#8695,#8696,#8697,#8698,#8699)),.UNSPECIFIED.,.F.,.F.,.F.,
(4,1,1,1,1,1,1,1,1,1,1,4),(4,1,1,4),(0.,0.0909090909090909,0.181818181818182,
0.272727272727273,0.363636363636364,0.454545454545455,0.545454545454545,
0.636363636363636,0.727272727272727,0.818181818181818,0.909090909090909,
1.),(0.,0.333333333333333,0.666666666666667,1.),.UNSPECIFIED.);
#5039=B_SPLINE_SURFACE_WITH_KNOTS('',3,3,((#8823,#8824,#8825,#8826,#8827,
#8828,#8829,#8830,#8831,#8832,#8833,#8834,#8835,#8836),(#8837,#8838,#8839,
#8840,#8841,#8842,#8843,#8844,#8845,#8846,#8847,#8848,#8849,#8850),(#8851,
#8852,#8853,#8854,#8855,#8856,#8857,#8858,#8859,#8860,#8861,#8862,#8863,
#8864),(#8865,#8866,#8867,#8868,#8869,#8870,#8871,#8872,#8873,#8874,#8875,
#8876,#8877,#8878),(#8879,#8880,#8881,#8882,#8883,#8884,#8885,#8886,#8887,
#8888,#8889,#8890,#8891,#8892),(#8893,#8894,#8895,#8896,#8897,#8898,#8899,
#8900,#8901,#8902,#8903,#8904,#8905,#8906)),.UNSPECIFIED.,.F.,.F.,.F.,(4,
1,1,4),(4,1,1,1,1,1,1,1,1,1,1,4),(0.,0.333333333333333,0.666666666666667,
1.),(0.,0.0909090909090909,0.181818181818182,0.272727272727273,0.363636363636364,
0.454545454545455,0.545454545454545,0.636363636363636,0.727272727272727,
0.818181818181818,0.909090909090909,1.),.UNSPECIFIED.);
#5040=B_SPLINE_SURFACE_WITH_KNOTS('',3,3,((#8959,#8960,#8961,#8962,#8963,
#8964),(#8965,#8966,#8967,#8968,#8969,#8970),(#8971,#8972,#8973,#8974,#8975,
#8976),(#8977,#8978,#8979,#8980,#8981,#8982),(#8983,#8984,#8985,#8986,#8987,
#8988),(#8989,#8990,#8991,#8992,#8993,#8994),(#8995,#8996,#8997,#8998,#8999,
#9000)),.UNSPECIFIED.,.F.,.F.,.F.,(4,1,1,1,4),(4,1,1,4),(0.,0.25,0.5,0.75,
1.),(0.,0.333333333333333,0.666666666666667,1.),.UNSPECIFIED.);
#5041=B_SPLINE_SURFACE_WITH_KNOTS('',3,3,((#9048,#9049,#9050,#9051,#9052,
#9053,#9054),(#9055,#9056,#9057,#9058,#9059,#9060,#9061),(#9062,#9063,#9064,
#9065,#9066,#9067,#9068),(#9069,#9070,#9071,#9072,#9073,#9074,#9075),(#9076,
#9077,#9078,#9079,#9080,#9081,#9082),(#9083,#9084,#9085,#9086,#9087,#9088,
#9089)),.UNSPECIFIED.,.F.,.F.,.F.,(4,1,1,4),(4,1,1,1,4),(0.,0.333333333333333,
0.666666666666667,1.),(0.,0.25,0.5,0.75,1.),.UNSPECIFIED.);
#5042=B_SPLINE_SURFACE_WITH_KNOTS('',3,3,((#9239,#9240,#9241,#9242,#9243,
#9244),(#9245,#9246,#9247,#9248,#9249,#9250),(#9251,#9252,#9253,#9254,#9255,
#9256),(#9257,#9258,#9259,#9260,#9261,#9262),(#9263,#9264,#9265,#9266,#9267,
#9268),(#9269,#9270,#9271,#9272,#9273,#9274),(#9275,#9276,#9277,#9278,#9279,
#9280),(#9281,#9282,#9283,#9284,#9285,#9286),(#9287,#9288,#9289,#9290,#9291,
#9292),(#9293,#9294,#9295,#9296,#9297,#9298),(#9299,#9300,#9301,#9302,#9303,
#9304),(#9305,#9306,#9307,#9308,#9309,#9310),(#9311,#9312,#9313,#9314,#9315,
#9316),(#9317,#9318,#9319,#9320,#9321,#9322),(#9323,#9324,#9325,#9326,#9327,
#9328),(#9329,#9330,#9331,#9332,#9333,#9334),(#9335,#9336,#9337,#9338,#9339,
#9340),(#9341,#9342,#9343,#9344,#9345,#9346),(#9347,#9348,#9349,#9350,#9351,
#9352)),.UNSPECIFIED.,.F.,.F.,.F.,(4,1,1,1,1,1,1,1,1,1,1,1,1,1,1,1,4),(4,
1,1,4),(0.,0.0625,0.125,0.1875,0.25,0.3125,0.375,0.4375,0.5,0.5625,0.625,
0.6875,0.75,0.8125,0.875,0.9375,1.),(0.,0.333333333333333,0.666666666666667,
1.),.UNSPECIFIED.);
#5043=B_SPLINE_SURFACE_WITH_KNOTS('',3,3,((#9402,#9403,#9404,#9405,#9406,
#9407),(#9408,#9409,#9410,#9411,#9412,#9413),(#9414,#9415,#9416,#9417,#9418,
#9419),(#9420,#9421,#9422,#9423,#9424,#9425),(#9426,#9427,#9428,#9429,#9430,
#9431),(#9432,#9433,#9434,#9435,#9436,#9437),(#9438,#9439,#9440,#9441,#9442,
#9443),(#9444,#9445,#9446,#9447,#9448,#9449),(#9450,#9451,#9452,#9453,#9454,
#9455),(#9456,#9457,#9458,#9459,#9460,#9461),(#9462,#9463,#9464,#9465,#9466,
#9467),(#9468,#9469,#9470,#9471,#9472,#9473),(#9474,#9475,#9476,#9477,#9478,
#9479),(#9480,#9481,#9482,#9483,#9484,#9485)),.UNSPECIFIED.,.F.,.F.,.F.,
(4,1,1,1,1,1,1,1,1,1,1,4),(4,1,1,4),(0.,0.0909090909090909,0.181818181818182,
0.272727272727273,0.363636363636364,0.454545454545455,0.545454545454545,
0.636363636363636,0.727272727272727,0.818181818181818,0.909090909090909,
1.),(0.,0.333333333333333,0.666666666666667,1.),.UNSPECIFIED.);
#5044=B_SPLINE_SURFACE_WITH_KNOTS('',3,3,((#9596,#9597,#9598,#9599,#9600),
(#9601,#9602,#9603,#9604,#9605),(#9606,#9607,#9608,#9609,#9610),(#9611,
#9612,#9613,#9614,#9615),(#9616,#9617,#9618,#9619,#9620),(#9621,#9622,#9623,
#9624,#9625)),.UNSPECIFIED.,.F.,.F.,.F.,(4,1,1,4),(4,1,4),(0.,0.285714285714286,
0.571428571428571,1.),(-0.90781127694458,-0.638105865956318,-0.278498651305303),
 .UNSPECIFIED.);
#5045=B_SPLINE_SURFACE_WITH_KNOTS('',3,3,((#11548,#11549,#11550,#11551,
#11552,#11553),(#11554,#11555,#11556,#11557,#11558,#11559),(#11560,#11561,
#11562,#11563,#11564,#11565),(#11566,#11567,#11568,#11569,#11570,#11571),
(#11572,#11573,#11574,#11575,#11576,#11577),(#11578,#11579,#11580,#11581,
#11582,#11583)),.UNSPECIFIED.,.F.,.F.,.F.,(4,1,1,4),(4,1,1,4),(0.,0.285714285714286,
0.571428571428571,1.),(0.,0.248002482992501,0.744007448977502,1.73601738094751),
 .UNSPECIFIED.);
#5046=B_SPLINE_SURFACE_WITH_KNOTS('',3,3,((#11586,#11587,#11588,#11589,
#11590,#11591),(#11592,#11593,#11594,#11595,#11596,#11597),(#11598,#11599,
#11600,#11601,#11602,#11603),(#11604,#11605,#11606,#11607,#11608,#11609),
(#11610,#11611,#11612,#11613,#11614,#11615),(#11616,#11617,#11618,#11619,
#11620,#11621)),.UNSPECIFIED.,.F.,.F.,.F.,(4,1,1,4),(4,1,1,4),(0.,0.285714285714286,
0.571428571428571,1.),(0.,0.744002958330916,1.24000493055153,1.73600690277214),
 .UNSPECIFIED.);
#5047=B_SPLINE_SURFACE_WITH_KNOTS('',3,3,((#11624,#11625,#11626,#11627,
#11628),(#11629,#11630,#11631,#11632,#11633),(#11634,#11635,#11636,#11637,
#11638),(#11639,#11640,#11641,#11642,#11643),(#11644,#11645,#11646,#11647,
#11648),(#11649,#11650,#11651,#11652,#11653)),.UNSPECIFIED.,.F.,.F.,.F.,
(4,1,1,4),(4,1,4),(0.,0.285714285714286,0.571428571428571,1.),(-2.44249065417534E-15,
0.231473908127159,0.40507933922253),.UNSPECIFIED.);
#5048=B_SPLINE_SURFACE_WITH_KNOTS('',3,3,((#11655,#11656,#11657,#11658,
#11659,#11660),(#11661,#11662,#11663,#11664,#11665,#11666),(#11667,#11668,
#11669,#11670,#11671,#11672),(#11673,#11674,#11675,#11676,#11677,#11678),
(#11679,#11680,#11681,#11682,#11683,#11684)),.UNSPECIFIED.,.F.,.F.,.F.,
(4,1,4),(4,1,1,4),(0.,0.571428571428571,1.),(0.,0.739313604750777,1.2321893412513,
1.72506507775181),.UNSPECIFIED.);
#5049=B_SPLINE_SURFACE_WITH_KNOTS('',3,3,((#11688,#11689,#11690,#11691,
#11692,#11693),(#11694,#11695,#11696,#11697,#11698,#11699),(#11700,#11701,
#11702,#11703,#11704,#11705),(#11706,#11707,#11708,#11709,#11710,#11711),
(#11712,#11713,#11714,#11715,#11716,#11717)),.UNSPECIFIED.,.F.,.F.,.F.,
(4,1,4),(4,1,1,4),(0.,0.571428571428571,1.),(0.,0.492875736500518,0.739313604750777,
1.72506507775181),.UNSPECIFIED.);
#5050=B_SPLINE_SURFACE_WITH_KNOTS('',3,3,((#11718,#11719,#11720,#11721,
#11722),(#11723,#11724,#11725,#11726,#11727),(#11728,#11729,#11730,#11731,
#11732),(#11733,#11734,#11735,#11736,#11737),(#11738,#11739,#11740,#11741,
#11742),(#11743,#11744,#11745,#11746,#11747)),.UNSPECIFIED.,.F.,.F.,.F.,
(4,1,1,4),(4,1,4),(0.,0.285714285714286,0.571428571428571,1.),(7.06102436629818,
7.23460381172692,7.46604307229858),.UNSPECIFIED.);
#5051=B_SPLINE_SURFACE_WITH_KNOTS('',3,3,((#11888,#11889,#11890,#11891,
#11892),(#11893,#11894,#11895,#11896,#11897),(#11898,#11899,#11900,#11901,
#11902),(#11903,#11904,#11905,#11906,#11907),(#11908,#11909,#11910,#11911,
#11912),(#11913,#11914,#11915,#11916,#11917),(#11918,#11919,#11920,#11921,
#11922)),.UNSPECIFIED.,.F.,.F.,.F.,(4,1,1,1,4),(4,1,4),(0.,0.285714285714286,
0.571428571428571,0.785714285714286,1.),(7.06102436629818,7.23460381172692,
7.46604307229858),.UNSPECIFIED.);
#5052=B_SPLINE_SURFACE_WITH_KNOTS('',3,3,((#11935,#11936,#11937,#11938,
#11939,#11940),(#11941,#11942,#11943,#11944,#11945,#11946),(#11947,#11948,
#11949,#11950,#11951,#11952),(#11953,#11954,#11955,#11956,#11957,#11958),
(#11959,#11960,#11961,#11962,#11963,#11964)),.UNSPECIFIED.,.F.,.F.,.F.,
(4,1,4),(4,1,1,4),(0.,0.571428571428571,1.),(0.,0.492875736500518,0.739313604750777,
1.72506507775181),.UNSPECIFIED.);
#5053=B_SPLINE_SURFACE_WITH_KNOTS('',3,3,((#11992,#11993,#11994,#11995,
#11996,#11997),(#11998,#11999,#12000,#12001,#12002,#12003),(#12004,#12005,
#12006,#12007,#12008,#12009),(#12010,#12011,#12012,#12013,#12014,#12015),
(#12016,#12017,#12018,#12019,#12020,#12021)),.UNSPECIFIED.,.F.,.F.,.F.,
(4,1,4),(4,1,1,4),(0.,0.571428571428571,1.),(0.,0.739313604750777,1.2321893412513,
1.72506507775181),.UNSPECIFIED.);
#5054=B_SPLINE_SURFACE_WITH_KNOTS('',3,3,((#12039,#12040,#12041,#12042,
#12043),(#12044,#12045,#12046,#12047,#12048),(#12049,#12050,#12051,#12052,
#12053),(#12054,#12055,#12056,#12057,#12058),(#12059,#12060,#12061,#12062,
#12063),(#12064,#12065,#12066,#12067,#12068),(#12069,#12070,#12071,#12072,
#12073)),.UNSPECIFIED.,.F.,.F.,.F.,(4,1,1,1,4),(4,1,4),(0.,0.285714285714286,
0.571428571428571,0.785714285714286,1.),(-1.32489505477763E-16,0.23147390812716,
0.40507933922253),.UNSPECIFIED.);
#5055=B_SPLINE_SURFACE_WITH_KNOTS('',3,3,((#12086,#12087,#12088,#12089,
#12090,#12091,#12092),(#12093,#12094,#12095,#12096,#12097,#12098,#12099),
(#12100,#12101,#12102,#12103,#12104,#12105,#12106),(#12107,#12108,#12109,
#12110,#12111,#12112,#12113),(#12114,#12115,#12116,#12117,#12118,#12119,
#12120),(#12121,#12122,#12123,#12124,#12125,#12126,#12127)),
 .UNSPECIFIED.,.F.,.F.,.F.,(4,1,1,4),(4,1,1,1,4),(0.,0.285714285714286,
0.571428571428571,1.),(0.,0.744002958330916,1.24000493055153,1.48800591666183,
1.73600690277214),.UNSPECIFIED.);
#5056=B_SPLINE_SURFACE_WITH_KNOTS('',3,3,((#12141,#12142,#12143,#12144,
#12145,#12146),(#12147,#12148,#12149,#12150,#12151,#12152),(#12153,#12154,
#12155,#12156,#12157,#12158),(#12159,#12160,#12161,#12162,#12163,#12164),
(#12165,#12166,#12167,#12168,#12169,#12170),(#12171,#12172,#12173,#12174,
#12175,#12176)),.UNSPECIFIED.,.F.,.F.,.F.,(4,1,1,4),(4,1,1,4),(0.,0.285714285714286,
0.571428571428571,1.),(0.,0.248002482992501,0.744007448977502,1.73601738094751),
 .UNSPECIFIED.);
#5057=ADVANCED_FACE('',(#1059),#5032,.T.);
#5058=ADVANCED_FACE('',(#1060),#5033,.T.);
#5059=ADVANCED_FACE('',(#1061),#5034,.T.);
#5060=ADVANCED_FACE('',(#1062),#5035,.T.);
#5061=ADVANCED_FACE('',(#1063),#5036,.T.);
#5062=ADVANCED_FACE('',(#1064),#5037,.T.);
#5063=ADVANCED_FACE('',(#1065),#5038,.T.);
#5064=ADVANCED_FACE('',(#1066),#5039,.T.);
#5065=ADVANCED_FACE('',(#1067),#5040,.T.);
#5066=ADVANCED_FACE('',(#1068),#5041,.T.);
#5067=ADVANCED_FACE('',(#1069),#907,.F.);
#5068=ADVANCED_FACE('',(#1070),#92,.T.);
#5069=ADVANCED_FACE('',(#1071),#908,.F.);
#5070=ADVANCED_FACE('',(#1072),#93,.T.);
#5071=ADVANCED_FACE('',(#1073),#909,.F.);
#5072=ADVANCED_FACE('',(#1074),#94,.T.);
#5073=ADVANCED_FACE('',(#1075),#910,.F.);
#5074=ADVANCED_FACE('',(#1076),#95,.T.);
#5075=ADVANCED_FACE('',(#1077),#911,.F.);
#5076=ADVANCED_FACE('',(#1078),#96,.T.);
#5077=ADVANCED_FACE('',(#1079),#912,.F.);
#5078=ADVANCED_FACE('',(#1080),#97,.T.);
#5079=ADVANCED_FACE('',(#1081),#913,.F.);
#5080=ADVANCED_FACE('',(#1082),#98,.T.);
#5081=ADVANCED_FACE('',(#1083),#914,.F.);
#5082=ADVANCED_FACE('',(#1084),#99,.T.);
#5083=ADVANCED_FACE('',(#1085),#915,.F.);
#5084=ADVANCED_FACE('',(#1086),#100,.T.);
#5085=ADVANCED_FACE('',(#1087),#83,.T.);
#5086=ADVANCED_FACE('',(#1088),#916,.T.);
#5087=ADVANCED_FACE('',(#1089),#79,.F.);
#5088=ADVANCED_FACE('',(#1090),#917,.F.);
#5089=ADVANCED_FACE('',(#1091),#84,.T.);
#5090=ADVANCED_FACE('',(#1092),#5042,.T.);
#5091=ADVANCED_FACE('',(#1093),#80,.F.);
#5092=ADVANCED_FACE('',(#1094),#918,.F.);
#5093=ADVANCED_FACE('',(#1095),#5043,.T.);
#5094=ADVANCED_FACE('',(#1096),#919,.T.);
#5095=ADVANCED_FACE('',(#1097),#920,.F.);
#5096=ADVANCED_FACE('',(#1098),#921,.T.);
#5097=ADVANCED_FACE('',(#1099),#922,.F.);
#5098=ADVANCED_FACE('',(#1100),#923,.T.);
#5099=ADVANCED_FACE('',(#1101),#924,.T.);
#5100=ADVANCED_FACE('',(#1102),#925,.F.);
#5101=ADVANCED_FACE('',(#1103),#926,.T.);
#5102=ADVANCED_FACE('',(#1104),#101,.T.);
#5103=ADVANCED_FACE('',(#1105),#927,.F.);
#5104=ADVANCED_FACE('',(#1106),#102,.F.);
#5105=ADVANCED_FACE('',(#1107),#103,.F.);
#5106=ADVANCED_FACE('',(#1108),#104,.F.);
#5107=ADVANCED_FACE('',(#1109),#105,.F.);
#5108=ADVANCED_FACE('',(#1110,#33,#34),#106,.T.);
#5109=ADVANCED_FACE('',(#1111),#928,.F.);
#5110=ADVANCED_FACE('',(#1112),#5044,.T.);
#5111=ADVANCED_FACE('',(#1113),#929,.F.);
#5112=ADVANCED_FACE('',(#1114),#107,.T.);
#5113=ADVANCED_FACE('',(#1115),#85,.F.);
#5114=ADVANCED_FACE('',(#1116),#930,.F.);
#5115=ADVANCED_FACE('',(#1117),#108,.T.);
#5116=ADVANCED_FACE('',(#1118),#931,.F.);
#5117=ADVANCED_FACE('',(#1119),#86,.F.);
#5118=ADVANCED_FACE('',(#1120),#87,.F.);
#5119=ADVANCED_FACE('',(#1121),#109,.T.);
#5120=ADVANCED_FACE('',(#1122),#932,.T.);
#5121=ADVANCED_FACE('',(#1123),#110,.T.);
#5122=ADVANCED_FACE('',(#1124),#111,.F.);
#5123=ADVANCED_FACE('',(#1125),#933,.T.);
#5124=ADVANCED_FACE('',(#1126),#112,.T.);
#5125=ADVANCED_FACE('',(#1127),#934,.F.);
#5126=ADVANCED_FACE('',(#1128),#113,.T.);
#5127=ADVANCED_FACE('',(#1129),#935,.F.);
#5128=ADVANCED_FACE('',(#1130),#114,.T.);
#5129=ADVANCED_FACE('',(#1131),#936,.T.);
#5130=ADVANCED_FACE('',(#1132,#35),#115,.T.);
#5131=ADVANCED_FACE('',(#1133),#937,.T.);
#5132=ADVANCED_FACE('',(#1134),#938,.F.);
#5133=ADVANCED_FACE('',(#1135),#116,.T.);
#5134=ADVANCED_FACE('',(#1136),#939,.F.);
#5135=ADVANCED_FACE('',(#1137),#940,.F.);
#5136=ADVANCED_FACE('',(#1138),#117,.T.);
#5137=ADVANCED_FACE('',(#1139),#941,.F.);
#5138=ADVANCED_FACE('',(#1140),#118,.T.);
#5139=ADVANCED_FACE('',(#1141),#942,.T.);
#5140=ADVANCED_FACE('',(#1142),#943,.T.);
#5141=ADVANCED_FACE('',(#1143),#119,.T.);
#5142=ADVANCED_FACE('',(#1144),#944,.F.);
#5143=ADVANCED_FACE('',(#1145),#120,.T.);
#5144=ADVANCED_FACE('',(#1146),#945,.T.);
#5145=ADVANCED_FACE('',(#1147),#121,.F.);
#5146=ADVANCED_FACE('',(#1148),#122,.T.);
#5147=ADVANCED_FACE('',(#1149),#946,.F.);
#5148=ADVANCED_FACE('',(#1150),#123,.T.);
#5149=ADVANCED_FACE('',(#1151),#947,.T.);
#5150=ADVANCED_FACE('',(#1152),#948,.F.);
#5151=ADVANCED_FACE('',(#1153),#949,.F.);
#5152=ADVANCED_FACE('',(#1154),#950,.F.);
#5153=ADVANCED_FACE('',(#1155),#951,.T.);
#5154=ADVANCED_FACE('',(#1156),#124,.F.);
#5155=ADVANCED_FACE('',(#1157),#125,.T.);
#5156=ADVANCED_FACE('',(#1158),#952,.T.);
#5157=ADVANCED_FACE('',(#1159),#953,.F.);
#5158=ADVANCED_FACE('',(#1160),#126,.T.);
#5159=ADVANCED_FACE('',(#1161),#954,.F.);
#5160=ADVANCED_FACE('',(#1162),#127,.T.);
#5161=ADVANCED_FACE('',(#1163),#955,.T.);
#5162=ADVANCED_FACE('',(#1164),#128,.T.);
#5163=ADVANCED_FACE('',(#1165),#956,.T.);
#5164=ADVANCED_FACE('',(#1166),#129,.F.);
#5165=ADVANCED_FACE('',(#1167),#130,.T.);
#5166=ADVANCED_FACE('',(#1168),#957,.F.);
#5167=ADVANCED_FACE('',(#1169),#958,.T.);
#5168=ADVANCED_FACE('',(#1170),#131,.T.);
#5169=ADVANCED_FACE('',(#1171),#959,.F.);
#5170=ADVANCED_FACE('',(#1172),#132,.T.);
#5171=ADVANCED_FACE('',(#1173),#960,.T.);
#5172=ADVANCED_FACE('',(#1174),#133,.T.);
#5173=ADVANCED_FACE('',(#1175),#961,.F.);
#5174=ADVANCED_FACE('',(#1176),#962,.F.);
#5175=ADVANCED_FACE('',(#1177),#963,.T.);
#5176=ADVANCED_FACE('',(#1178),#134,.F.);
#5177=ADVANCED_FACE('',(#1179),#135,.T.);
#5178=ADVANCED_FACE('',(#1180),#964,.T.);
#5179=ADVANCED_FACE('',(#1181),#965,.F.);
#5180=ADVANCED_FACE('',(#1182),#136,.T.);
#5181=ADVANCED_FACE('',(#1183),#966,.F.);
#5182=ADVANCED_FACE('',(#1184),#967,.T.);
#5183=ADVANCED_FACE('',(#1185),#137,.F.);
#5184=ADVANCED_FACE('',(#1186),#138,.T.);
#5185=ADVANCED_FACE('',(#1187),#968,.T.);
#5186=ADVANCED_FACE('',(#1188),#969,.F.);
#5187=ADVANCED_FACE('',(#1189),#139,.T.);
#5188=ADVANCED_FACE('',(#1190),#970,.F.);
#5189=ADVANCED_FACE('',(#1191),#971,.F.);
#5190=ADVANCED_FACE('',(#1192),#140,.F.);
#5191=ADVANCED_FACE('',(#1193,#36,#37,#38),#141,.T.);
#5192=ADVANCED_FACE('',(#1194),#972,.T.);
#5193=ADVANCED_FACE('',(#1195),#973,.T.);
#5194=ADVANCED_FACE('',(#1196,#39,#40),#142,.T.);
#5195=ADVANCED_FACE('',(#1197,#41,#42),#143,.T.);
#5196=ADVANCED_FACE('',(#1198),#974,.T.);
#5197=ADVANCED_FACE('',(#1199),#975,.T.);
#5198=ADVANCED_FACE('',(#1200,#43,#44),#144,.T.);
#5199=ADVANCED_FACE('',(#1201),#145,.T.);
#5200=ADVANCED_FACE('',(#1202),#146,.T.);
#5201=ADVANCED_FACE('',(#1203),#147,.T.);
#5202=ADVANCED_FACE('',(#1204),#148,.T.);
#5203=ADVANCED_FACE('',(#1205),#149,.T.);
#5204=ADVANCED_FACE('',(#1206),#976,.F.);
#5205=ADVANCED_FACE('',(#1207),#150,.T.);
#5206=ADVANCED_FACE('',(#1208),#151,.T.);
#5207=ADVANCED_FACE('',(#1209),#977,.F.);
#5208=ADVANCED_FACE('',(#1210),#15,.T.);
#5209=ADVANCED_FACE('',(#1211),#978,.F.);
#5210=ADVANCED_FACE('',(#1212),#16,.T.);
#5211=ADVANCED_FACE('',(#1213),#152,.T.);
#5212=ADVANCED_FACE('',(#1214),#979,.F.);
#5213=ADVANCED_FACE('',(#1215),#980,.F.);
#5214=ADVANCED_FACE('',(#1216),#153,.T.);
#5215=ADVANCED_FACE('',(#1217,#45,#46),#154,.T.);
#5216=ADVANCED_FACE('',(#1218),#981,.F.);
#5217=ADVANCED_FACE('',(#1219),#155,.T.);
#5218=ADVANCED_FACE('',(#1220),#982,.F.);
#5219=ADVANCED_FACE('',(#1221),#983,.F.);
#5220=ADVANCED_FACE('',(#1222),#156,.T.);
#5221=ADVANCED_FACE('',(#1223),#157,.T.);
#5222=ADVANCED_FACE('',(#1224),#158,.T.);
#5223=ADVANCED_FACE('',(#1225),#159,.T.);
#5224=ADVANCED_FACE('',(#1226),#984,.T.);
#5225=ADVANCED_FACE('',(#1227),#985,.F.);
#5226=ADVANCED_FACE('',(#1228),#986,.F.);
#5227=ADVANCED_FACE('',(#1229),#987,.T.);
#5228=ADVANCED_FACE('',(#1230,#47),#160,.F.);
#5229=ADVANCED_FACE('',(#1231),#161,.T.);
#5230=ADVANCED_FACE('',(#1232),#162,.T.);
#5231=ADVANCED_FACE('',(#1233),#163,.T.);
#5232=ADVANCED_FACE('',(#1234),#988,.T.);
#5233=ADVANCED_FACE('',(#1235),#989,.T.);
#5234=ADVANCED_FACE('',(#1236),#17,.F.);
#5235=ADVANCED_FACE('',(#1237),#164,.T.);
#5236=ADVANCED_FACE('',(#1238),#165,.T.);
#5237=ADVANCED_FACE('',(#1239),#166,.T.);
#5238=ADVANCED_FACE('',(#1240),#990,.T.);
#5239=ADVANCED_FACE('',(#1241),#18,.F.);
#5240=ADVANCED_FACE('',(#1242),#19,.F.);
#5241=ADVANCED_FACE('',(#1243),#991,.T.);
#5242=ADVANCED_FACE('',(#1244,#48,#49,#50,#51,#52,#53),#167,.T.);
#5243=ADVANCED_FACE('',(#1245),#992,.F.);
#5244=ADVANCED_FACE('',(#1246),#993,.F.);
#5245=ADVANCED_FACE('',(#1247),#994,.F.);
#5246=ADVANCED_FACE('',(#1248),#995,.F.);
#5247=ADVANCED_FACE('',(#1249),#996,.F.);
#5248=ADVANCED_FACE('',(#1250),#997,.F.);
#5249=ADVANCED_FACE('',(#1251),#998,.F.);
#5250=ADVANCED_FACE('',(#1252),#999,.F.);
#5251=ADVANCED_FACE('',(#1253),#1000,.F.);
#5252=ADVANCED_FACE('',(#1254),#1001,.F.);
#5253=ADVANCED_FACE('',(#1255),#1002,.F.);
#5254=ADVANCED_FACE('',(#1256),#1003,.F.);
#5255=ADVANCED_FACE('',(#1257,#54),#168,.T.);
#5256=ADVANCED_FACE('',(#1258),#1004,.F.);
#5257=ADVANCED_FACE('',(#1259,#55),#169,.T.);
#5258=ADVANCED_FACE('',(#1260),#1005,.F.);
#5259=ADVANCED_FACE('',(#1261,#56),#170,.T.);
#5260=ADVANCED_FACE('',(#1262),#1006,.F.);
#5261=ADVANCED_FACE('',(#1263,#57),#171,.T.);
#5262=ADVANCED_FACE('',(#1264),#1007,.F.);
#5263=ADVANCED_FACE('',(#1265,#58),#172,.T.);
#5264=ADVANCED_FACE('',(#1266),#1008,.F.);
#5265=ADVANCED_FACE('',(#1267,#59),#173,.T.);
#5266=ADVANCED_FACE('',(#1268),#1009,.F.);
#5267=ADVANCED_FACE('',(#1269,#60),#174,.T.);
#5268=ADVANCED_FACE('',(#1270),#1010,.F.);
#5269=ADVANCED_FACE('',(#1271,#61),#175,.T.);
#5270=ADVANCED_FACE('',(#1272),#1011,.F.);
#5271=ADVANCED_FACE('',(#1273,#62),#176,.T.);
#5272=ADVANCED_FACE('',(#1274),#1012,.F.);
#5273=ADVANCED_FACE('',(#1275,#63),#177,.T.);
#5274=ADVANCED_FACE('',(#1276),#1013,.F.);
#5275=ADVANCED_FACE('',(#1277,#64),#178,.T.);
#5276=ADVANCED_FACE('',(#1278),#1014,.F.);
#5277=ADVANCED_FACE('',(#1279,#65),#179,.T.);
#5278=ADVANCED_FACE('',(#1280),#1015,.F.);
#5279=ADVANCED_FACE('',(#1281),#1016,.T.);
#5280=ADVANCED_FACE('',(#1282),#180,.T.);
#5281=ADVANCED_FACE('',(#1283),#1017,.T.);
#5282=ADVANCED_FACE('',(#1284),#181,.T.);
#5283=ADVANCED_FACE('',(#1285),#182,.T.);
#5284=ADVANCED_FACE('',(#1286),#1018,.T.);
#5285=ADVANCED_FACE('',(#1287),#20,.F.);
#5286=ADVANCED_FACE('',(#1288),#1019,.T.);
#5287=ADVANCED_FACE('',(#1289),#21,.F.);
#5288=ADVANCED_FACE('',(#1290),#1020,.T.);
#5289=ADVANCED_FACE('',(#1291,#66),#183,.T.);
#5290=ADVANCED_FACE('',(#1292),#184,.T.);
#5291=ADVANCED_FACE('',(#1293),#1021,.T.);
#5292=ADVANCED_FACE('',(#1294),#22,.F.);
#5293=ADVANCED_FACE('',(#1295),#1022,.T.);
#5294=ADVANCED_FACE('',(#1296),#23,.F.);
#5295=ADVANCED_FACE('',(#1297),#1023,.T.);
#5296=ADVANCED_FACE('',(#1298),#1024,.T.);
#5297=ADVANCED_FACE('',(#1299),#1025,.T.);
#5298=ADVANCED_FACE('',(#1300),#185,.T.);
#5299=ADVANCED_FACE('',(#1301),#1026,.T.);
#5300=ADVANCED_FACE('',(#1302,#67),#186,.T.);
#5301=ADVANCED_FACE('',(#1303),#1027,.T.);
#5302=ADVANCED_FACE('',(#1304),#187,.T.);
#5303=ADVANCED_FACE('',(#1305,#68,#69,#70,#71,#72,#73),#188,.T.);
#5304=ADVANCED_FACE('',(#1306),#1028,.T.);
#5305=ADVANCED_FACE('',(#1307),#24,.F.);
#5306=ADVANCED_FACE('',(#1308),#1029,.T.);
#5307=ADVANCED_FACE('',(#1309),#189,.T.);
#5308=ADVANCED_FACE('',(#1310),#1030,.T.);
#5309=ADVANCED_FACE('',(#1311),#25,.F.);
#5310=ADVANCED_FACE('',(#1312,#74),#190,.T.);
#5311=ADVANCED_FACE('',(#1313),#5045,.T.);
#5312=ADVANCED_FACE('',(#1314),#5046,.T.);
#5313=ADVANCED_FACE('',(#1315),#5047,.T.);
#5314=ADVANCED_FACE('',(#1316),#5048,.T.);
#5315=ADVANCED_FACE('',(#1317),#1031,.F.);
#5316=ADVANCED_FACE('',(#1318),#5049,.T.);
#5317=ADVANCED_FACE('',(#1319),#5050,.T.);
#5318=ADVANCED_FACE('',(#1320),#88,.F.);
#5319=ADVANCED_FACE('',(#1321),#26,.T.);
#5320=ADVANCED_FACE('',(#1322),#1032,.F.);
#5321=ADVANCED_FACE('',(#1323),#1033,.F.);
#5322=ADVANCED_FACE('',(#1324),#27,.T.);
#5323=ADVANCED_FACE('',(#1325),#89,.F.);
#5324=ADVANCED_FACE('',(#1326),#1034,.F.);
#5325=ADVANCED_FACE('',(#1327),#1035,.F.);
#5326=ADVANCED_FACE('',(#1328),#1036,.F.);
#5327=ADVANCED_FACE('',(#1329),#1037,.F.);
#5328=ADVANCED_FACE('',(#1330,#75,#76,#77,#78),#191,.T.);
#5329=ADVANCED_FACE('',(#1331),#1038,.F.);
#5330=ADVANCED_FACE('',(#1332),#1039,.T.);
#5331=ADVANCED_FACE('',(#1333),#1040,.T.);
#5332=ADVANCED_FACE('',(#1334),#90,.T.);
#5333=ADVANCED_FACE('',(#1335),#1041,.T.);
#5334=ADVANCED_FACE('',(#1336),#28,.F.);
#5335=ADVANCED_FACE('',(#1337),#91,.T.);
#5336=ADVANCED_FACE('',(#1338),#192,.T.);
#5337=ADVANCED_FACE('',(#1339),#5051,.F.);
#5338=ADVANCED_FACE('',(#1340),#5052,.F.);
#5339=ADVANCED_FACE('',(#1341),#1042,.T.);
#5340=ADVANCED_FACE('',(#1342),#5053,.F.);
#5341=ADVANCED_FACE('',(#1343),#5054,.F.);
#5342=ADVANCED_FACE('',(#1344),#5055,.F.);
#5343=ADVANCED_FACE('',(#1345),#5056,.F.);
#5344=ADVANCED_FACE('',(#1346),#29,.T.);
#5345=ADVANCED_FACE('',(#1347),#1043,.F.);
#5346=ADVANCED_FACE('',(#1348),#193,.F.);
#5347=ADVANCED_FACE('',(#1349),#1044,.F.);
#5348=ADVANCED_FACE('',(#1350),#30,.T.);
#5349=ADVANCED_FACE('',(#1351),#194,.F.);
#5350=ADVANCED_FACE('',(#1352),#195,.F.);
#5351=ADVANCED_FACE('',(#1353),#196,.F.);
#5352=ADVANCED_FACE('',(#1354),#1045,.F.);
#5353=ADVANCED_FACE('',(#1355),#31,.T.);
#5354=ADVANCED_FACE('',(#1356),#1046,.F.);
#5355=ADVANCED_FACE('',(#1357),#32,.T.);
#5356=ADVANCED_FACE('',(#1358),#1047,.F.);
#5357=ADVANCED_FACE('',(#1359),#1048,.T.);
#5358=ADVANCED_FACE('',(#1360),#1049,.T.);
#5359=ADVANCED_FACE('',(#1361),#197,.T.);
#5360=ADVANCED_FACE('',(#1362),#198,.T.);
#5361=ADVANCED_FACE('',(#1363),#199,.T.);
#5362=ADVANCED_FACE('',(#1364),#1050,.T.);
#5363=ADVANCED_FACE('',(#1365),#1051,.T.);
#5364=ADVANCED_FACE('',(#1366),#1052,.T.);
#5365=ADVANCED_FACE('',(#1367),#1053,.T.);
#5366=ADVANCED_FACE('',(#1368),#1054,.T.);
#5367=ADVANCED_FACE('',(#1369),#1055,.T.);
#5368=ADVANCED_FACE('',(#1370),#200,.F.);
#5369=ADVANCED_FACE('',(#1371),#201,.F.);
#5370=ADVANCED_FACE('',(#1372),#202,.F.);
#5371=ADVANCED_FACE('',(#1373),#1056,.T.);
#5372=ADVANCED_FACE('',(#1374),#1057,.T.);
#5373=ADVANCED_FACE('',(#1375),#1058,.T.);
#5374=CLOSED_SHELL('',(#5057,#5058,#5059,#5060,#5061,#5062,#5063,#5064,
#5065,#5066,#5067,#5068,#5069,#5070,#5071,#5072,#5073,#5074,#5075,#5076,
#5077,#5078,#5079,#5080,#5081,#5082,#5083,#5084,#5085,#5086,#5087,#5088,
#5089,#5090,#5091,#5092,#5093,#5094,#5095,#5096,#5097,#5098,#5099,#5100,
#5101,#5102,#5103,#5104,#5105,#5106,#5107,#5108,#5109,#5110,#5111,#5112,
#5113,#5114,#5115,#5116,#5117,#5118,#5119,#5120,#5121,#5122,#5123,#5124,
#5125,#5126,#5127,#5128,#5129,#5130,#5131,#5132,#5133,#5134,#5135,#5136,
#5137,#5138,#5139,#5140,#5141,#5142,#5143,#5144,#5145,#5146,#5147,#5148,
#5149,#5150,#5151,#5152,#5153,#5154,#5155,#5156,#5157,#5158,#5159,#5160,
#5161,#5162,#5163,#5164,#5165,#5166,#5167,#5168,#5169,#5170,#5171,#5172,
#5173,#5174,#5175,#5176,#5177,#5178,#5179,#5180,#5181,#5182,#5183,#5184,
#5185,#5186,#5187,#5188,#5189,#5190,#5191,#5192,#5193,#5194,#5195,#5196,
#5197,#5198,#5199,#5200,#5201,#5202,#5203,#5204,#5205,#5206,#5207,#5208,
#5209,#5210,#5211,#5212,#5213,#5214,#5215,#5216,#5217,#5218,#5219,#5220,
#5221,#5222,#5223,#5224,#5225,#5226,#5227,#5228,#5229,#5230,#5231,#5232,
#5233,#5234,#5235,#5236,#5237,#5238,#5239,#5240,#5241,#5242,#5243,#5244,
#5245,#5246,#5247,#5248,#5249,#5250,#5251,#5252,#5253,#5254,#5255,#5256,
#5257,#5258,#5259,#5260,#5261,#5262,#5263,#5264,#5265,#5266,#5267,#5268,
#5269,#5270,#5271,#5272,#5273,#5274,#5275,#5276,#5277,#5278,#5279,#5280,
#5281,#5282,#5283,#5284,#5285,#5286,#5287,#5288,#5289,#5290,#5291,#5292,
#5293,#5294,#5295,#5296,#5297,#5298,#5299,#5300,#5301,#5302,#5303,#5304,
#5305,#5306,#5307,#5308,#5309,#5310,#5311,#5312,#5313,#5314,#5315,#5316,
#5317,#5318,#5319,#5320,#5321,#5322,#5323,#5324,#5325,#5326,#5327,#5328,
#5329,#5330,#5331,#5332,#5333,#5334,#5335,#5336,#5337,#5338,#5339,#5340,
#5341,#5342,#5343,#5344,#5345,#5346,#5347,#5348,#5349,#5350,#5351,#5352,
#5353,#5354,#5355,#5356,#5357,#5358));
#5375=CLOSED_SHELL('',(#5359,#5360,#5361,#5362,#5363,#5364,#5365,#5366,
#5367,#5368,#5369,#5370,#5371,#5372,#5373));
#5376=BREP_WITH_VOIDS('Body1',#5374,(#14));
#5377=DERIVED_UNIT_ELEMENT(#5379,1.);
#5378=DERIVED_UNIT_ELEMENT(#12334,-3.);
#5379=(
MASS_UNIT()
NAMED_UNIT(*)
SI_UNIT(.KILO.,.GRAM.)
);
#5380=DERIVED_UNIT((#5377,#5378));
#5381=MEASURE_REPRESENTATION_ITEM('density measure',
POSITIVE_RATIO_MEASURE(7850.),#5380);
#5382=PROPERTY_DEFINITION_REPRESENTATION(#5387,#5384);
#5383=PROPERTY_DEFINITION_REPRESENTATION(#5388,#5385);
#5384=REPRESENTATION('material name',(#5386),#12331);
#5385=REPRESENTATION('density',(#5381),#12331);
#5386=DESCRIPTIVE_REPRESENTATION_ITEM('Steel','Steel');
#5387=PROPERTY_DEFINITION('material property','material name',#12341);
#5388=PROPERTY_DEFINITION('material property','density of part',#12341);
#5389=AXIS2_PLACEMENT_3D('',#7469,#5965,#5966);
#5390=AXIS2_PLACEMENT_3D('',#7621,#5967,#5968);
#5391=AXIS2_PLACEMENT_3D('',#7722,#5969,#5970);
#5392=AXIS2_PLACEMENT_3D('',#7958,#5971,#5972);
#5393=AXIS2_PLACEMENT_3D('',#8059,#5973,#5974);
#5394=AXIS2_PLACEMENT_3D('',#8333,#5975,#5976);
#5395=AXIS2_PLACEMENT_3D('',#8615,#5977,#5978);
#5396=AXIS2_PLACEMENT_3D('',#8716,#5979,#5980);
#5397=AXIS2_PLACEMENT_3D('',#8958,#5981,#5982);
#5398=AXIS2_PLACEMENT_3D('',#9010,#5983,#5984);
#5399=AXIS2_PLACEMENT_3D('',#9141,#5985,#5986);
#5400=AXIS2_PLACEMENT_3D('',#9142,#5987,#5988);
#5401=AXIS2_PLACEMENT_3D('',#9144,#5989,#5990);
#5402=AXIS2_PLACEMENT_3D('',#9147,#5992,#5993);
#5403=AXIS2_PLACEMENT_3D('',#9148,#5994,#5995);
#5404=AXIS2_PLACEMENT_3D('',#9149,#5996,#5997);
#5405=AXIS2_PLACEMENT_3D('',#9151,#5998,#5999);
#5406=AXIS2_PLACEMENT_3D('',#9154,#6001,#6002);
#5407=AXIS2_PLACEMENT_3D('',#9155,#6003,#6004);
#5408=AXIS2_PLACEMENT_3D('',#9156,#6005,#6006);
#5409=AXIS2_PLACEMENT_3D('',#9158,#6007,#6008);
#5410=AXIS2_PLACEMENT_3D('',#9161,#6010,#6011);
#5411=AXIS2_PLACEMENT_3D('',#9162,#6012,#6013);
#5412=AXIS2_PLACEMENT_3D('',#9163,#6014,#6015);
#5413=AXIS2_PLACEMENT_3D('',#9165,#6016,#6017);
#5414=AXIS2_PLACEMENT_3D('',#9168,#6019,#6020);
#5415=AXIS2_PLACEMENT_3D('',#9169,#6021,#6022);
#5416=AXIS2_PLACEMENT_3D('',#9170,#6023,#6024);
#5417=AXIS2_PLACEMENT_3D('',#9172,#6025,#6026);
#5418=AXIS2_PLACEMENT_3D('',#9175,#6028,#6029);
#5419=AXIS2_PLACEMENT_3D('',#9176,#6030,#6031);
#5420=AXIS2_PLACEMENT_3D('',#9177,#6032,#6033);
#5421=AXIS2_PLACEMENT_3D('',#9179,#6034,#6035);
#5422=AXIS2_PLACEMENT_3D('',#9182,#6037,#6038);
#5423=AXIS2_PLACEMENT_3D('',#9183,#6039,#6040);
#5424=AXIS2_PLACEMENT_3D('',#9184,#6041,#6042);
#5425=AXIS2_PLACEMENT_3D('',#9186,#6043,#6044);
#5426=AXIS2_PLACEMENT_3D('',#9189,#6046,#6047);
#5427=AXIS2_PLACEMENT_3D('',#9190,#6048,#6049);
#5428=AXIS2_PLACEMENT_3D('',#9191,#6050,#6051);
#5429=AXIS2_PLACEMENT_3D('',#9193,#6052,#6053);
#5430=AXIS2_PLACEMENT_3D('',#9196,#6055,#6056);
#5431=AXIS2_PLACEMENT_3D('',#9197,#6057,#6058);
#5432=AXIS2_PLACEMENT_3D('',#9198,#6059,#6060);
#5433=AXIS2_PLACEMENT_3D('',#9200,#6061,#6062);
#5434=AXIS2_PLACEMENT_3D('',#9203,#6064,#6065);
#5435=AXIS2_PLACEMENT_3D('',#9204,#6066,#6067);
#5436=AXIS2_PLACEMENT_3D('',#9205,#6068,#6069);
#5437=AXIS2_PLACEMENT_3D('',#9208,#6070,#6071);
#5438=AXIS2_PLACEMENT_3D('',#9210,#6072,#6073);
#5439=AXIS2_PLACEMENT_3D('',#9212,#6074,#6075);
#5440=AXIS2_PLACEMENT_3D('',#9213,#6076,#6077);
#5441=AXIS2_PLACEMENT_3D('',#9214,#6078,#6079);
#5442=AXIS2_PLACEMENT_3D('',#9219,#6082,#6083);
#5443=AXIS2_PLACEMENT_3D('',#9220,#6084,#6085);
#5444=AXIS2_PLACEMENT_3D('',#9223,#6086,#6087);
#5445=AXIS2_PLACEMENT_3D('',#9225,#6088,#6089);
#5446=AXIS2_PLACEMENT_3D('',#9226,#6090,#6091);
#5447=AXIS2_PLACEMENT_3D('',#9227,#6092,#6093);
#5448=AXIS2_PLACEMENT_3D('',#9230,#6096,#6097);
#5449=AXIS2_PLACEMENT_3D('',#9233,#6098,#6099);
#5450=AXIS2_PLACEMENT_3D('',#9235,#6100,#6101);
#5451=AXIS2_PLACEMENT_3D('',#9237,#6102,#6103);
#5452=AXIS2_PLACEMENT_3D('',#9238,#6104,#6105);
#5453=AXIS2_PLACEMENT_3D('',#9354,#6106,#6107);
#5454=AXIS2_PLACEMENT_3D('',#9392,#6108,#6109);
#5455=AXIS2_PLACEMENT_3D('',#9395,#6110,#6111);
#5456=AXIS2_PLACEMENT_3D('',#9397,#6112,#6113);
#5457=AXIS2_PLACEMENT_3D('',#9398,#6114,#6115);
#5458=AXIS2_PLACEMENT_3D('',#9399,#6116,#6117);
#5459=AXIS2_PLACEMENT_3D('',#9487,#6120,#6121);
#5460=AXIS2_PLACEMENT_3D('',#9525,#6122,#6123);
#5461=AXIS2_PLACEMENT_3D('',#9528,#6126,#6127);
#5462=AXIS2_PLACEMENT_3D('',#9531,#6130,#6131);
#5463=AXIS2_PLACEMENT_3D('',#9536,#6134,#6135);
#5464=AXIS2_PLACEMENT_3D('',#9537,#6136,#6137);
#5465=AXIS2_PLACEMENT_3D('',#9540,#6140,#6141);
#5466=AXIS2_PLACEMENT_3D('',#9543,#6144,#6145);
#5467=AXIS2_PLACEMENT_3D('',#9546,#6148,#6149);
#5468=AXIS2_PLACEMENT_3D('',#9549,#6152,#6153);
#5469=AXIS2_PLACEMENT_3D('',#9552,#6156,#6157);
#5470=AXIS2_PLACEMENT_3D('',#9558,#6161,#6162);
#5471=AXIS2_PLACEMENT_3D('',#9562,#6164,#6165);
#5472=AXIS2_PLACEMENT_3D('',#9565,#6167,#6168);
#5473=AXIS2_PLACEMENT_3D('',#9566,#6169,#6170);
#5474=AXIS2_PLACEMENT_3D('',#9567,#6171,#6172);
#5475=AXIS2_PLACEMENT_3D('',#9568,#6173,#6174);
#5476=AXIS2_PLACEMENT_3D('',#9569,#6175,#6176);
#5477=AXIS2_PLACEMENT_3D('',#9570,#6177,#6178);
#5478=AXIS2_PLACEMENT_3D('',#9584,#6183,#6184);
#5479=AXIS2_PLACEMENT_3D('',#9586,#6185,#6186);
#5480=AXIS2_PLACEMENT_3D('',#9587,#6187,#6188);
#5481=AXIS2_PLACEMENT_3D('',#9590,#6189,#6190);
#5482=AXIS2_PLACEMENT_3D('',#9594,#6192,#6193);
#5483=AXIS2_PLACEMENT_3D('',#9657,#6195,#6196);
#5484=AXIS2_PLACEMENT_3D('',#9662,#6198,#6199);
#5485=AXIS2_PLACEMENT_3D('',#9665,#6201,#6202);
#5486=AXIS2_PLACEMENT_3D('',#9669,#6204,#6205);
#5487=AXIS2_PLACEMENT_3D('',#9792,#6213,#6214);
#5488=AXIS2_PLACEMENT_3D('',#9793,#6215,#6216);
#5489=AXIS2_PLACEMENT_3D('',#9797,#6219,#6220);
#5490=AXIS2_PLACEMENT_3D('',#9805,#6221,#6222);
#5491=AXIS2_PLACEMENT_3D('',#9806,#6223,#6224);
#5492=AXIS2_PLACEMENT_3D('',#9817,#6225,#6226);
#5493=AXIS2_PLACEMENT_3D('',#9820,#6227,#6228);
#5494=AXIS2_PLACEMENT_3D('',#9823,#6231,#6232);
#5495=AXIS2_PLACEMENT_3D('',#9827,#6235,#6236);
#5496=AXIS2_PLACEMENT_3D('',#9830,#6237,#6238);
#5497=AXIS2_PLACEMENT_3D('',#9834,#6240,#6241);
#5498=AXIS2_PLACEMENT_3D('',#9836,#6243,#6244);
#5499=AXIS2_PLACEMENT_3D('',#9846,#6245,#6246);
#5500=AXIS2_PLACEMENT_3D('',#9847,#6247,#6248);
#5501=AXIS2_PLACEMENT_3D('',#9848,#6249,#6250);
#5502=AXIS2_PLACEMENT_3D('',#9859,#6251,#6252);
#5503=AXIS2_PLACEMENT_3D('',#9860,#6253,#6254);
#5504=AXIS2_PLACEMENT_3D('',#9861,#6255,#6256);
#5505=AXIS2_PLACEMENT_3D('',#9864,#6257,#6258);
#5506=AXIS2_PLACEMENT_3D('',#9868,#6260,#6261);
#5507=AXIS2_PLACEMENT_3D('',#9870,#6263,#6264);
#5508=AXIS2_PLACEMENT_3D('',#9876,#6268,#6269);
#5509=AXIS2_PLACEMENT_3D('',#9880,#6271,#6272);
#5510=AXIS2_PLACEMENT_3D('',#9884,#6274,#6275);
#5511=AXIS2_PLACEMENT_3D('',#9910,#6277,#6278);
#5512=AXIS2_PLACEMENT_3D('',#9914,#6280,#6281);
#5513=AXIS2_PLACEMENT_3D('',#9918,#6283,#6284);
#5514=AXIS2_PLACEMENT_3D('',#9922,#6286,#6287);
#5515=AXIS2_PLACEMENT_3D('',#9926,#6289,#6290);
#5516=AXIS2_PLACEMENT_3D('',#9930,#6292,#6293);
#5517=AXIS2_PLACEMENT_3D('',#9933,#6295,#6296);
#5518=AXIS2_PLACEMENT_3D('',#9934,#6297,#6298);
#5519=AXIS2_PLACEMENT_3D('',#9936,#6299,#6300);
#5520=AXIS2_PLACEMENT_3D('',#9938,#6302,#6303);
#5521=AXIS2_PLACEMENT_3D('',#9942,#6306,#6307);
#5522=AXIS2_PLACEMENT_3D('',#9945,#6309,#6310);
#5523=AXIS2_PLACEMENT_3D('',#9946,#6311,#6312);
#5524=AXIS2_PLACEMENT_3D('',#9950,#6315,#6316);
#5525=AXIS2_PLACEMENT_3D('',#9954,#6318,#6319);
#5526=AXIS2_PLACEMENT_3D('',#9956,#6321,#6322);
#5527=AXIS2_PLACEMENT_3D('',#9958,#6324,#6325);
#5528=AXIS2_PLACEMENT_3D('',#9961,#6326,#6327);
#5529=AXIS2_PLACEMENT_3D('',#9970,#6329,#6330);
#5530=AXIS2_PLACEMENT_3D('',#9972,#6332,#6333);
#5531=AXIS2_PLACEMENT_3D('',#9975,#6334,#6335);
#5532=AXIS2_PLACEMENT_3D('',#9979,#6337,#6338);
#5533=AXIS2_PLACEMENT_3D('',#9983,#6340,#6341);
#5534=AXIS2_PLACEMENT_3D('',#9987,#6343,#6344);
#5535=AXIS2_PLACEMENT_3D('',#9990,#6346,#6347);
#5536=AXIS2_PLACEMENT_3D('',#9994,#6349,#6350);
#5537=AXIS2_PLACEMENT_3D('',#9998,#6352,#6353);
#5538=AXIS2_PLACEMENT_3D('',#10002,#6355,#6356);
#5539=AXIS2_PLACEMENT_3D('',#10006,#6358,#6359);
#5540=AXIS2_PLACEMENT_3D('',#10010,#6361,#6362);
#5541=AXIS2_PLACEMENT_3D('',#10012,#6363,#6364);
#5542=AXIS2_PLACEMENT_3D('',#10016,#6366,#6367);
#5543=AXIS2_PLACEMENT_3D('',#10018,#6368,#6369);
#5544=AXIS2_PLACEMENT_3D('',#10022,#6371,#6372);
#5545=AXIS2_PLACEMENT_3D('',#10024,#6373,#6374);
#5546=AXIS2_PLACEMENT_3D('',#10028,#6376,#6377);
#5547=AXIS2_PLACEMENT_3D('',#10030,#6378,#6379);
#5548=AXIS2_PLACEMENT_3D('',#10034,#6381,#6382);
#5549=AXIS2_PLACEMENT_3D('',#10036,#6383,#6384);
#5550=AXIS2_PLACEMENT_3D('',#10040,#6386,#6387);
#5551=AXIS2_PLACEMENT_3D('',#10042,#6388,#6389);
#5552=AXIS2_PLACEMENT_3D('',#10046,#6391,#6392);
#5553=AXIS2_PLACEMENT_3D('',#10050,#6394,#6395);
#5554=AXIS2_PLACEMENT_3D('',#10054,#6397,#6398);
#5555=AXIS2_PLACEMENT_3D('',#10058,#6400,#6401);
#5556=AXIS2_PLACEMENT_3D('',#10062,#6403,#6404);
#5557=AXIS2_PLACEMENT_3D('',#10066,#6406,#6407);
#5558=AXIS2_PLACEMENT_3D('',#10070,#6409,#6410);
#5559=AXIS2_PLACEMENT_3D('',#10074,#6412,#6413);
#5560=AXIS2_PLACEMENT_3D('',#10078,#6415,#6416);
#5561=AXIS2_PLACEMENT_3D('',#10082,#6418,#6419);
#5562=AXIS2_PLACEMENT_3D('',#10086,#6421,#6422);
#5563=AXIS2_PLACEMENT_3D('',#10088,#6423,#6424);
#5564=AXIS2_PLACEMENT_3D('',#10092,#6426,#6427);
#5565=AXIS2_PLACEMENT_3D('',#10094,#6428,#6429);
#5566=AXIS2_PLACEMENT_3D('',#10097,#6431,#6432);
#5567=AXIS2_PLACEMENT_3D('',#10101,#6434,#6435);
#5568=AXIS2_PLACEMENT_3D('',#10103,#6436,#6437);
#5569=AXIS2_PLACEMENT_3D('',#10107,#6439,#6440);
#5570=AXIS2_PLACEMENT_3D('',#10109,#6442,#6443);
#5571=AXIS2_PLACEMENT_3D('',#10113,#6445,#6446);
#5572=AXIS2_PLACEMENT_3D('',#10120,#6448,#6449);
#5573=AXIS2_PLACEMENT_3D('',#10135,#6451,#6452);
#5574=AXIS2_PLACEMENT_3D('',#10139,#6455,#6456);
#5575=AXIS2_PLACEMENT_3D('',#10154,#6458,#6459);
#5576=AXIS2_PLACEMENT_3D('',#10173,#6463,#6464);
#5577=AXIS2_PLACEMENT_3D('',#10174,#6465,#6466);
#5578=AXIS2_PLACEMENT_3D('',#10196,#6470,#6471);
#5579=AXIS2_PLACEMENT_3D('',#10198,#6473,#6474);
#5580=AXIS2_PLACEMENT_3D('',#10200,#6476,#6477);
#5581=AXIS2_PLACEMENT_3D('',#10202,#6479,#6480);
#5582=AXIS2_PLACEMENT_3D('',#10205,#6483,#6484);
#5583=AXIS2_PLACEMENT_3D('',#10207,#6486,#6487);
#5584=AXIS2_PLACEMENT_3D('',#10209,#6489,#6490);
#5585=AXIS2_PLACEMENT_3D('',#10211,#6492,#6493);
#5586=AXIS2_PLACEMENT_3D('',#10214,#6495,#6496);
#5587=AXIS2_PLACEMENT_3D('',#10216,#6498,#6499);
#5588=AXIS2_PLACEMENT_3D('',#10219,#6501,#6502);
#5589=AXIS2_PLACEMENT_3D('',#10220,#6503,#6504);
#5590=AXIS2_PLACEMENT_3D('',#10222,#6506,#6507);
#5591=AXIS2_PLACEMENT_3D('',#10224,#6509,#6510);
#5592=AXIS2_PLACEMENT_3D('',#10226,#6512,#6513);
#5593=AXIS2_PLACEMENT_3D('',#10228,#6515,#6516);
#5594=AXIS2_PLACEMENT_3D('',#10230,#6518,#6519);
#5595=AXIS2_PLACEMENT_3D('',#10245,#6521,#6522);
#5596=AXIS2_PLACEMENT_3D('',#10274,#6525,#6526);
#5597=AXIS2_PLACEMENT_3D('',#10288,#6528,#6529);
#5598=AXIS2_PLACEMENT_3D('',#10291,#6531,#6532);
#5599=AXIS2_PLACEMENT_3D('',#10292,#6533,#6534);
#5600=AXIS2_PLACEMENT_3D('',#10295,#6536,#6537);
#5601=AXIS2_PLACEMENT_3D('',#10296,#6538,#6539);
#5602=AXIS2_PLACEMENT_3D('',#10298,#6541,#6542);
#5603=AXIS2_PLACEMENT_3D('',#10300,#6544,#6545);
#5604=AXIS2_PLACEMENT_3D('',#10302,#6547,#6548);
#5605=AXIS2_PLACEMENT_3D('',#10304,#6550,#6551);
#5606=AXIS2_PLACEMENT_3D('',#10307,#6552,#6553);
#5607=AXIS2_PLACEMENT_3D('',#10310,#6556,#6557);
#5608=AXIS2_PLACEMENT_3D('',#10314,#6560,#6561);
#5609=AXIS2_PLACEMENT_3D('',#10318,#6563,#6564);
#5610=AXIS2_PLACEMENT_3D('',#10320,#6566,#6567);
#5611=AXIS2_PLACEMENT_3D('',#10324,#6570,#6571);
#5612=AXIS2_PLACEMENT_3D('',#10327,#6573,#6574);
#5613=AXIS2_PLACEMENT_3D('',#10328,#6575,#6576);
#5614=AXIS2_PLACEMENT_3D('',#10332,#6578,#6579);
#5615=AXIS2_PLACEMENT_3D('',#10336,#6581,#6582);
#5616=AXIS2_PLACEMENT_3D('',#10340,#6584,#6585);
#5617=AXIS2_PLACEMENT_3D('',#10344,#6587,#6588);
#5618=AXIS2_PLACEMENT_3D('',#10348,#6590,#6591);
#5619=AXIS2_PLACEMENT_3D('',#10352,#6593,#6594);
#5620=AXIS2_PLACEMENT_3D('',#10377,#6596,#6597);
#5621=AXIS2_PLACEMENT_3D('',#10379,#6599,#6600);
#5622=AXIS2_PLACEMENT_3D('',#10381,#6602,#6603);
#5623=AXIS2_PLACEMENT_3D('',#10383,#6605,#6606);
#5624=AXIS2_PLACEMENT_3D('',#10386,#6609,#6610);
#5625=AXIS2_PLACEMENT_3D('',#10388,#6612,#6613);
#5626=AXIS2_PLACEMENT_3D('',#10391,#6616,#6617);
#5627=AXIS2_PLACEMENT_3D('',#10392,#6618,#6619);
#5628=AXIS2_PLACEMENT_3D('',#10394,#6621,#6622);
#5629=AXIS2_PLACEMENT_3D('',#10396,#6624,#6625);
#5630=AXIS2_PLACEMENT_3D('',#10398,#6627,#6628);
#5631=AXIS2_PLACEMENT_3D('',#10401,#6631,#6632);
#5632=AXIS2_PLACEMENT_3D('',#10404,#6634,#6635);
#5633=AXIS2_PLACEMENT_3D('',#10405,#6636,#6637);
#5634=AXIS2_PLACEMENT_3D('',#10408,#6639,#6640);
#5635=AXIS2_PLACEMENT_3D('',#10409,#6641,#6642);
#5636=AXIS2_PLACEMENT_3D('',#10411,#6644,#6645);
#5637=AXIS2_PLACEMENT_3D('',#10413,#6647,#6648);
#5638=AXIS2_PLACEMENT_3D('',#10415,#6650,#6651);
#5639=AXIS2_PLACEMENT_3D('',#10417,#6653,#6654);
#5640=AXIS2_PLACEMENT_3D('',#10419,#6656,#6657);
#5641=AXIS2_PLACEMENT_3D('',#10422,#6659,#6660);
#5642=AXIS2_PLACEMENT_3D('',#10423,#6661,#6662);
#5643=AXIS2_PLACEMENT_3D('',#10426,#6664,#6665);
#5644=AXIS2_PLACEMENT_3D('',#10427,#6666,#6667);
#5645=AXIS2_PLACEMENT_3D('',#10429,#6669,#6670);
#5646=AXIS2_PLACEMENT_3D('',#10431,#6672,#6673);
#5647=AXIS2_PLACEMENT_3D('',#10432,#6674,#6675);
#5648=AXIS2_PLACEMENT_3D('',#10434,#6677,#6678);
#5649=AXIS2_PLACEMENT_3D('',#10446,#6680,#6681);
#5650=AXIS2_PLACEMENT_3D('',#10457,#6682,#6683);
#5651=AXIS2_PLACEMENT_3D('',#10459,#6685,#6686);
#5652=AXIS2_PLACEMENT_3D('',#10465,#6690,#6691);
#5653=AXIS2_PLACEMENT_3D('',#10467,#6692,#6693);
#5654=AXIS2_PLACEMENT_3D('',#10469,#6695,#6696);
#5655=AXIS2_PLACEMENT_3D('',#10471,#6697,#6698);
#5656=AXIS2_PLACEMENT_3D('',#10473,#6700,#6701);
#5657=AXIS2_PLACEMENT_3D('',#10477,#6704,#6705);
#5658=AXIS2_PLACEMENT_3D('',#10481,#6708,#6709);
#5659=AXIS2_PLACEMENT_3D('',#10483,#6710,#6711);
#5660=AXIS2_PLACEMENT_3D('',#10485,#6713,#6714);
#5661=AXIS2_PLACEMENT_3D('',#10487,#6715,#6716);
#5662=AXIS2_PLACEMENT_3D('',#10489,#6718,#6719);
#5663=AXIS2_PLACEMENT_3D('',#10491,#6721,#6722);
#5664=AXIS2_PLACEMENT_3D('',#10492,#6723,#6724);
#5665=AXIS2_PLACEMENT_3D('',#10493,#6725,#6726);
#5666=AXIS2_PLACEMENT_3D('',#10494,#6727,#6728);
#5667=AXIS2_PLACEMENT_3D('',#10495,#6729,#6730);
#5668=AXIS2_PLACEMENT_3D('',#10497,#6732,#6733);
#5669=AXIS2_PLACEMENT_3D('',#10508,#6734,#6735);
#5670=AXIS2_PLACEMENT_3D('',#10509,#6736,#6737);
#5671=AXIS2_PLACEMENT_3D('',#10511,#6739,#6740);
#5672=AXIS2_PLACEMENT_3D('',#10541,#6741,#6742);
#5673=AXIS2_PLACEMENT_3D('',#10542,#6743,#6744);
#5674=AXIS2_PLACEMENT_3D('',#10543,#6745,#6746);
#5675=AXIS2_PLACEMENT_3D('',#10546,#6748,#6749);
#5676=AXIS2_PLACEMENT_3D('',#10556,#6750,#6751);
#5677=AXIS2_PLACEMENT_3D('',#10558,#6753,#6754);
#5678=AXIS2_PLACEMENT_3D('',#10560,#6755,#6756);
#5679=AXIS2_PLACEMENT_3D('',#10597,#6758,#6759);
#5680=AXIS2_PLACEMENT_3D('',#10599,#6760,#6761);
#5681=AXIS2_PLACEMENT_3D('',#10602,#6763,#6764);
#5682=AXIS2_PLACEMENT_3D('',#10603,#6765,#6766);
#5683=AXIS2_PLACEMENT_3D('',#10606,#6769,#6770);
#5684=AXIS2_PLACEMENT_3D('',#10607,#6771,#6772);
#5685=AXIS2_PLACEMENT_3D('',#10608,#6773,#6774);
#5686=AXIS2_PLACEMENT_3D('',#10632,#6782,#6783);
#5687=AXIS2_PLACEMENT_3D('',#10669,#6785,#6786);
#5688=AXIS2_PLACEMENT_3D('',#10672,#6788,#6789);
#5689=AXIS2_PLACEMENT_3D('',#10673,#6790,#6791);
#5690=AXIS2_PLACEMENT_3D('',#10675,#6793,#6794);
#5691=AXIS2_PLACEMENT_3D('',#10677,#6796,#6797);
#5692=AXIS2_PLACEMENT_3D('',#10678,#6798,#6799);
#5693=AXIS2_PLACEMENT_3D('',#10679,#6800,#6801);
#5694=AXIS2_PLACEMENT_3D('',#10682,#6802,#6803);
#5695=AXIS2_PLACEMENT_3D('',#10686,#6805,#6806);
#5696=AXIS2_PLACEMENT_3D('',#10688,#6808,#6809);
#5697=AXIS2_PLACEMENT_3D('',#10690,#6810,#6811);
#5698=AXIS2_PLACEMENT_3D('',#10692,#6812,#6813);
#5699=AXIS2_PLACEMENT_3D('',#10694,#6815,#6816);
#5700=AXIS2_PLACEMENT_3D('',#10697,#6817,#6818);
#5701=AXIS2_PLACEMENT_3D('',#10701,#6820,#6821);
#5702=AXIS2_PLACEMENT_3D('',#10703,#6823,#6824);
#5703=AXIS2_PLACEMENT_3D('',#10705,#6825,#6826);
#5704=AXIS2_PLACEMENT_3D('',#10707,#6827,#6828);
#5705=AXIS2_PLACEMENT_3D('',#10709,#6830,#6831);
#5706=AXIS2_PLACEMENT_3D('',#10788,#6854,#6855);
#5707=AXIS2_PLACEMENT_3D('',#10790,#6856,#6857);
#5708=AXIS2_PLACEMENT_3D('',#10792,#6859,#6860);
#5709=AXIS2_PLACEMENT_3D('',#10801,#6861,#6862);
#5710=AXIS2_PLACEMENT_3D('',#10802,#6863,#6864);
#5711=AXIS2_PLACEMENT_3D('',#10815,#6868,#6869);
#5712=AXIS2_PLACEMENT_3D('',#10816,#6870,#6871);
#5713=AXIS2_PLACEMENT_3D('',#10817,#6872,#6873);
#5714=AXIS2_PLACEMENT_3D('',#10820,#6875,#6876);
#5715=AXIS2_PLACEMENT_3D('',#10839,#6877,#6878);
#5716=AXIS2_PLACEMENT_3D('',#10840,#6879,#6880);
#5717=AXIS2_PLACEMENT_3D('',#10841,#6881,#6882);
#5718=AXIS2_PLACEMENT_3D('',#10843,#6883,#6884);
#5719=AXIS2_PLACEMENT_3D('',#10845,#6886,#6887);
#5720=AXIS2_PLACEMENT_3D('',#10854,#6888,#6889);
#5721=AXIS2_PLACEMENT_3D('',#10867,#6893,#6894);
#5722=AXIS2_PLACEMENT_3D('',#10869,#6896,#6897);
#5723=AXIS2_PLACEMENT_3D('',#10896,#6898,#6899);
#5724=AXIS2_PLACEMENT_3D('',#10898,#6900,#6901);
#5725=AXIS2_PLACEMENT_3D('',#10915,#6902,#6903);
#5726=AXIS2_PLACEMENT_3D('',#10916,#6904,#6905);
#5727=AXIS2_PLACEMENT_3D('',#10917,#6906,#6907);
#5728=AXIS2_PLACEMENT_3D('',#10924,#6909,#6910);
#5729=AXIS2_PLACEMENT_3D('',#10927,#6911,#6912);
#5730=AXIS2_PLACEMENT_3D('',#10928,#6913,#6914);
#5731=AXIS2_PLACEMENT_3D('',#10930,#6915,#6916);
#5732=AXIS2_PLACEMENT_3D('',#10932,#6917,#6918);
#5733=AXIS2_PLACEMENT_3D('',#10935,#6920,#6921);
#5734=AXIS2_PLACEMENT_3D('',#10937,#6922,#6923);
#5735=AXIS2_PLACEMENT_3D('',#10939,#6924,#6925);
#5736=AXIS2_PLACEMENT_3D('',#10941,#6926,#6927);
#5737=AXIS2_PLACEMENT_3D('',#10943,#6928,#6929);
#5738=AXIS2_PLACEMENT_3D('',#10945,#6930,#6931);
#5739=AXIS2_PLACEMENT_3D('',#10946,#6932,#6933);
#5740=AXIS2_PLACEMENT_3D('',#10948,#6934,#6935);
#5741=AXIS2_PLACEMENT_3D('',#10951,#6937,#6938);
#5742=AXIS2_PLACEMENT_3D('',#10952,#6939,#6940);
#5743=AXIS2_PLACEMENT_3D('',#10955,#6942,#6943);
#5744=AXIS2_PLACEMENT_3D('',#10956,#6944,#6945);
#5745=AXIS2_PLACEMENT_3D('',#10958,#6946,#6947);
#5746=AXIS2_PLACEMENT_3D('',#10961,#6949,#6950);
#5747=AXIS2_PLACEMENT_3D('',#10962,#6951,#6952);
#5748=AXIS2_PLACEMENT_3D('',#10965,#6954,#6955);
#5749=AXIS2_PLACEMENT_3D('',#10966,#6956,#6957);
#5750=AXIS2_PLACEMENT_3D('',#10968,#6958,#6959);
#5751=AXIS2_PLACEMENT_3D('',#10971,#6961,#6962);
#5752=AXIS2_PLACEMENT_3D('',#10972,#6963,#6964);
#5753=AXIS2_PLACEMENT_3D('',#10975,#6966,#6967);
#5754=AXIS2_PLACEMENT_3D('',#10976,#6968,#6969);
#5755=AXIS2_PLACEMENT_3D('',#10978,#6970,#6971);
#5756=AXIS2_PLACEMENT_3D('',#10981,#6973,#6974);
#5757=AXIS2_PLACEMENT_3D('',#10982,#6975,#6976);
#5758=AXIS2_PLACEMENT_3D('',#10985,#6978,#6979);
#5759=AXIS2_PLACEMENT_3D('',#10986,#6980,#6981);
#5760=AXIS2_PLACEMENT_3D('',#10988,#6982,#6983);
#5761=AXIS2_PLACEMENT_3D('',#10991,#6985,#6986);
#5762=AXIS2_PLACEMENT_3D('',#10992,#6987,#6988);
#5763=AXIS2_PLACEMENT_3D('',#10995,#6990,#6991);
#5764=AXIS2_PLACEMENT_3D('',#10996,#6992,#6993);
#5765=AXIS2_PLACEMENT_3D('',#10998,#6994,#6995);
#5766=AXIS2_PLACEMENT_3D('',#11001,#6997,#6998);
#5767=AXIS2_PLACEMENT_3D('',#11002,#6999,#7000);
#5768=AXIS2_PLACEMENT_3D('',#11005,#7002,#7003);
#5769=AXIS2_PLACEMENT_3D('',#11006,#7004,#7005);
#5770=AXIS2_PLACEMENT_3D('',#11008,#7006,#7007);
#5771=AXIS2_PLACEMENT_3D('',#11009,#7008,#7009);
#5772=AXIS2_PLACEMENT_3D('',#11012,#7010,#7011);
#5773=AXIS2_PLACEMENT_3D('',#11049,#7013,#7014);
#5774=AXIS2_PLACEMENT_3D('',#11051,#7015,#7016);
#5775=AXIS2_PLACEMENT_3D('',#11052,#7017,#7018);
#5776=AXIS2_PLACEMENT_3D('',#11055,#7019,#7020);
#5777=AXIS2_PLACEMENT_3D('',#11078,#7021,#7022);
#5778=AXIS2_PLACEMENT_3D('',#11080,#7024,#7025);
#5779=AXIS2_PLACEMENT_3D('',#11082,#7026,#7027);
#5780=AXIS2_PLACEMENT_3D('',#11083,#7028,#7029);
#5781=AXIS2_PLACEMENT_3D('',#11085,#7030,#7031);
#5782=AXIS2_PLACEMENT_3D('',#11087,#7033,#7034);
#5783=AXIS2_PLACEMENT_3D('',#11089,#7035,#7036);
#5784=AXIS2_PLACEMENT_3D('',#11090,#7037,#7038);
#5785=AXIS2_PLACEMENT_3D('',#11113,#7040,#7041);
#5786=AXIS2_PLACEMENT_3D('',#11114,#7042,#7043);
#5787=AXIS2_PLACEMENT_3D('',#11116,#7044,#7045);
#5788=AXIS2_PLACEMENT_3D('',#11117,#7046,#7047);
#5789=AXIS2_PLACEMENT_3D('',#11120,#7048,#7049);
#5790=AXIS2_PLACEMENT_3D('',#11157,#7051,#7052);
#5791=AXIS2_PLACEMENT_3D('',#11159,#7053,#7054);
#5792=AXIS2_PLACEMENT_3D('',#11160,#7055,#7056);
#5793=AXIS2_PLACEMENT_3D('',#11162,#7057,#7058);
#5794=AXIS2_PLACEMENT_3D('',#11164,#7060,#7061);
#5795=AXIS2_PLACEMENT_3D('',#11166,#7062,#7063);
#5796=AXIS2_PLACEMENT_3D('',#11167,#7064,#7065);
#5797=AXIS2_PLACEMENT_3D('',#11170,#7066,#7067);
#5798=AXIS2_PLACEMENT_3D('',#11191,#7069,#7070);
#5799=AXIS2_PLACEMENT_3D('',#11193,#7071,#7072);
#5800=AXIS2_PLACEMENT_3D('',#11194,#7073,#7074);
#5801=AXIS2_PLACEMENT_3D('',#11196,#7075,#7076);
#5802=AXIS2_PLACEMENT_3D('',#11198,#7078,#7079);
#5803=AXIS2_PLACEMENT_3D('',#11200,#7080,#7081);
#5804=AXIS2_PLACEMENT_3D('',#11201,#7082,#7083);
#5805=AXIS2_PLACEMENT_3D('',#11203,#7084,#7085);
#5806=AXIS2_PLACEMENT_3D('',#11205,#7087,#7088);
#5807=AXIS2_PLACEMENT_3D('',#11207,#7089,#7090);
#5808=AXIS2_PLACEMENT_3D('',#11208,#7091,#7092);
#5809=AXIS2_PLACEMENT_3D('',#11210,#7093,#7094);
#5810=AXIS2_PLACEMENT_3D('',#11212,#7096,#7097);
#5811=AXIS2_PLACEMENT_3D('',#11214,#7098,#7099);
#5812=AXIS2_PLACEMENT_3D('',#11215,#7100,#7101);
#5813=AXIS2_PLACEMENT_3D('',#11218,#7102,#7103);
#5814=AXIS2_PLACEMENT_3D('',#11239,#7105,#7106);
#5815=AXIS2_PLACEMENT_3D('',#11241,#7107,#7108);
#5816=AXIS2_PLACEMENT_3D('',#11242,#7109,#7110);
#5817=AXIS2_PLACEMENT_3D('',#11244,#7111,#7112);
#5818=AXIS2_PLACEMENT_3D('',#11246,#7114,#7115);
#5819=AXIS2_PLACEMENT_3D('',#11261,#7116,#7117);
#5820=AXIS2_PLACEMENT_3D('',#11264,#7119,#7120);
#5821=AXIS2_PLACEMENT_3D('',#11291,#7122,#7123);
#5822=AXIS2_PLACEMENT_3D('',#11300,#7128,#7129);
#5823=AXIS2_PLACEMENT_3D('',#11301,#7130,#7131);
#5824=AXIS2_PLACEMENT_3D('',#11302,#7132,#7133);
#5825=AXIS2_PLACEMENT_3D('',#11303,#7134,#7135);
#5826=AXIS2_PLACEMENT_3D('',#11309,#7139,#7140);
#5827=AXIS2_PLACEMENT_3D('',#11314,#7142,#7143);
#5828=AXIS2_PLACEMENT_3D('',#11318,#7145,#7146);
#5829=AXIS2_PLACEMENT_3D('',#11322,#7149,#7150);
#5830=AXIS2_PLACEMENT_3D('',#11323,#7151,#7152);
#5831=AXIS2_PLACEMENT_3D('',#11324,#7153,#7154);
#5832=AXIS2_PLACEMENT_3D('',#11334,#7155,#7156);
#5833=AXIS2_PLACEMENT_3D('',#11335,#7157,#7158);
#5834=AXIS2_PLACEMENT_3D('',#11336,#7159,#7160);
#5835=AXIS2_PLACEMENT_3D('',#11346,#7161,#7162);
#5836=AXIS2_PLACEMENT_3D('',#11347,#7163,#7164);
#5837=AXIS2_PLACEMENT_3D('',#11348,#7165,#7166);
#5838=AXIS2_PLACEMENT_3D('',#11349,#7167,#7168);
#5839=AXIS2_PLACEMENT_3D('',#11351,#7169,#7170);
#5840=AXIS2_PLACEMENT_3D('',#11354,#7172,#7173);
#5841=AXIS2_PLACEMENT_3D('',#11355,#7174,#7175);
#5842=AXIS2_PLACEMENT_3D('',#11359,#7177,#7178);
#5843=AXIS2_PLACEMENT_3D('',#11363,#7180,#7181);
#5844=AXIS2_PLACEMENT_3D('',#11365,#7183,#7184);
#5845=AXIS2_PLACEMENT_3D('',#11366,#7185,#7186);
#5846=AXIS2_PLACEMENT_3D('',#11376,#7187,#7188);
#5847=AXIS2_PLACEMENT_3D('',#11377,#7189,#7190);
#5848=AXIS2_PLACEMENT_3D('',#11378,#7191,#7192);
#5849=AXIS2_PLACEMENT_3D('',#11388,#7193,#7194);
#5850=AXIS2_PLACEMENT_3D('',#11389,#7195,#7196);
#5851=AXIS2_PLACEMENT_3D('',#11390,#7197,#7198);
#5852=AXIS2_PLACEMENT_3D('',#11393,#7199,#7200);
#5853=AXIS2_PLACEMENT_3D('',#11397,#7202,#7203);
#5854=AXIS2_PLACEMENT_3D('',#11399,#7205,#7206);
#5855=AXIS2_PLACEMENT_3D('',#11402,#7207,#7208);
#5856=AXIS2_PLACEMENT_3D('',#11405,#7211,#7212);
#5857=AXIS2_PLACEMENT_3D('',#11409,#7215,#7216);
#5858=AXIS2_PLACEMENT_3D('',#11411,#7217,#7218);
#5859=AXIS2_PLACEMENT_3D('',#11413,#7220,#7221);
#5860=AXIS2_PLACEMENT_3D('',#11418,#7223,#7224);
#5861=AXIS2_PLACEMENT_3D('',#11420,#7225,#7226);
#5862=AXIS2_PLACEMENT_3D('',#11423,#7228,#7229);
#5863=AXIS2_PLACEMENT_3D('',#11424,#7230,#7231);
#5864=AXIS2_PLACEMENT_3D('',#11425,#7232,#7233);
#5865=AXIS2_PLACEMENT_3D('',#11426,#7234,#7235);
#5866=AXIS2_PLACEMENT_3D('',#11429,#7236,#7237);
#5867=AXIS2_PLACEMENT_3D('',#11432,#7240,#7241);
#5868=AXIS2_PLACEMENT_3D('',#11459,#7245,#7246);
#5869=AXIS2_PLACEMENT_3D('',#11461,#7247,#7248);
#5870=AXIS2_PLACEMENT_3D('',#11462,#7249,#7250);
#5871=AXIS2_PLACEMENT_3D('',#11463,#7251,#7252);
#5872=AXIS2_PLACEMENT_3D('',#11464,#7253,#7254);
#5873=AXIS2_PLACEMENT_3D('',#11466,#7256,#7257);
#5874=AXIS2_PLACEMENT_3D('',#11468,#7258,#7259);
#5875=AXIS2_PLACEMENT_3D('',#11493,#7261,#7262);
#5876=AXIS2_PLACEMENT_3D('',#11494,#7263,#7264);
#5877=AXIS2_PLACEMENT_3D('',#11495,#7265,#7266);
#5878=AXIS2_PLACEMENT_3D('',#11504,#7268,#7269);
#5879=AXIS2_PLACEMENT_3D('',#11508,#7272,#7273);
#5880=AXIS2_PLACEMENT_3D('',#11516,#7274,#7275);
#5881=AXIS2_PLACEMENT_3D('',#11539,#7276,#7277);
#5882=AXIS2_PLACEMENT_3D('',#11540,#7278,#7279);
#5883=AXIS2_PLACEMENT_3D('',#11541,#7280,#7281);
#5884=AXIS2_PLACEMENT_3D('',#11542,#7282,#7283);
#5885=AXIS2_PLACEMENT_3D('',#11544,#7284,#7285);
#5886=AXIS2_PLACEMENT_3D('',#11547,#7287,#7288);
#5887=AXIS2_PLACEMENT_3D('',#11584,#7289,#7290);
#5888=AXIS2_PLACEMENT_3D('',#11585,#7291,#7292);
#5889=AXIS2_PLACEMENT_3D('',#11622,#7293,#7294);
#5890=AXIS2_PLACEMENT_3D('',#11623,#7295,#7296);
#5891=AXIS2_PLACEMENT_3D('',#11654,#7297,#7298);
#5892=AXIS2_PLACEMENT_3D('',#11685,#7299,#7300);
#5893=AXIS2_PLACEMENT_3D('',#11686,#7301,#7302);
#5894=AXIS2_PLACEMENT_3D('',#11687,#7303,#7304);
#5895=AXIS2_PLACEMENT_3D('',#11748,#7305,#7306);
#5896=AXIS2_PLACEMENT_3D('',#11749,#7307,#7308);
#5897=AXIS2_PLACEMENT_3D('',#11750,#7309,#7310);
#5898=AXIS2_PLACEMENT_3D('',#11760,#7311,#7312);
#5899=AXIS2_PLACEMENT_3D('',#11761,#7313,#7314);
#5900=AXIS2_PLACEMENT_3D('',#11772,#7315,#7316);
#5901=AXIS2_PLACEMENT_3D('',#11773,#7317,#7318);
#5902=AXIS2_PLACEMENT_3D('',#11793,#7319,#7320);
#5903=AXIS2_PLACEMENT_3D('',#11794,#7321,#7322);
#5904=AXIS2_PLACEMENT_3D('',#11795,#7323,#7324);
#5905=AXIS2_PLACEMENT_3D('',#11796,#7325,#7326);
#5906=AXIS2_PLACEMENT_3D('',#11797,#7327,#7328);
#5907=AXIS2_PLACEMENT_3D('',#11799,#7329,#7330);
#5908=AXIS2_PLACEMENT_3D('',#11810,#7331,#7332);
#5909=AXIS2_PLACEMENT_3D('',#11812,#7333,#7334);
#5910=AXIS2_PLACEMENT_3D('',#11823,#7335,#7336);
#5911=AXIS2_PLACEMENT_3D('',#11827,#7340,#7341);
#5912=AXIS2_PLACEMENT_3D('',#11828,#7342,#7343);
#5913=AXIS2_PLACEMENT_3D('',#11829,#7344,#7345);
#5914=AXIS2_PLACEMENT_3D('',#11830,#7346,#7347);
#5915=AXIS2_PLACEMENT_3D('',#11836,#7348,#7349);
#5916=AXIS2_PLACEMENT_3D('',#11837,#7350,#7351);
#5917=AXIS2_PLACEMENT_3D('',#11847,#7352,#7353);
#5918=AXIS2_PLACEMENT_3D('',#11848,#7354,#7355);
#5919=AXIS2_PLACEMENT_3D('',#11860,#7357,#7358);
#5920=AXIS2_PLACEMENT_3D('',#11861,#7359,#7360);
#5921=AXIS2_PLACEMENT_3D('',#11876,#7361,#7362);
#5922=AXIS2_PLACEMENT_3D('',#11878,#7363,#7364);
#5923=AXIS2_PLACEMENT_3D('',#11887,#7365,#7366);
#5924=AXIS2_PLACEMENT_3D('',#11966,#7367,#7368);
#5925=AXIS2_PLACEMENT_3D('',#11984,#7369,#7370);
#5926=AXIS2_PLACEMENT_3D('',#12197,#7372,#7373);
#5927=AXIS2_PLACEMENT_3D('',#12198,#7374,#7375);
#5928=AXIS2_PLACEMENT_3D('',#12199,#7376,#7377);
#5929=AXIS2_PLACEMENT_3D('',#12201,#7379,#7380);
#5930=AXIS2_PLACEMENT_3D('',#12205,#7383,#7384);
#5931=AXIS2_PLACEMENT_3D('',#12206,#7385,#7386);
#5932=AXIS2_PLACEMENT_3D('',#12216,#7387,#7388);
#5933=AXIS2_PLACEMENT_3D('',#12217,#7389,#7390);
#5934=AXIS2_PLACEMENT_3D('',#12218,#7391,#7392);
#5935=AXIS2_PLACEMENT_3D('',#12219,#7393,#7394);
#5936=AXIS2_PLACEMENT_3D('',#12220,#7395,#7396);
#5937=AXIS2_PLACEMENT_3D('',#12222,#7398,#7399);
#5938=AXIS2_PLACEMENT_3D('',#12232,#7400,#7401);
#5939=AXIS2_PLACEMENT_3D('',#12233,#7402,#7403);
#5940=AXIS2_PLACEMENT_3D('',#12234,#7404,#7405);
#5941=AXIS2_PLACEMENT_3D('',#12244,#7406,#7407);
#5942=AXIS2_PLACEMENT_3D('',#12245,#7408,#7409);
#5943=AXIS2_PLACEMENT_3D('',#12246,#7410,#7411);
#5944=AXIS2_PLACEMENT_3D('',#12247,#7412,#7413);
#5945=AXIS2_PLACEMENT_3D('',#12256,#7418,#7419);
#5946=AXIS2_PLACEMENT_3D('',#12262,#7423,#7424);
#5947=AXIS2_PLACEMENT_3D('',#12268,#7428,#7429);
#5948=AXIS2_PLACEMENT_3D('',#12271,#7431,#7432);
#5949=AXIS2_PLACEMENT_3D('',#12278,#7433,#7434);
#5950=AXIS2_PLACEMENT_3D('',#12294,#7436,#7437);
#5951=AXIS2_PLACEMENT_3D('',#12308,#7439,#7440);
#5952=AXIS2_PLACEMENT_3D('',#12315,#7442,#7443);
#5953=AXIS2_PLACEMENT_3D('',#12317,#7445,#7446);
#5954=AXIS2_PLACEMENT_3D('',#12318,#7447,#7448);
#5955=AXIS2_PLACEMENT_3D('',#12319,#7449,#7450);
#5956=AXIS2_PLACEMENT_3D('',#12320,#7451,#7452);
#5957=AXIS2_PLACEMENT_3D('',#12321,#7453,#7454);
#5958=AXIS2_PLACEMENT_3D('',#12322,#7455,#7456);
#5959=AXIS2_PLACEMENT_3D('',#12323,#7457,#7458);
#5960=AXIS2_PLACEMENT_3D('',#12324,#7459,#7460);
#5961=AXIS2_PLACEMENT_3D('',#12325,#7461,#7462);
#5962=AXIS2_PLACEMENT_3D('',#12326,#7463,#7464);
#5963=AXIS2_PLACEMENT_3D('',#12327,#7465,#7466);
#5964=AXIS2_PLACEMENT_3D('',#12328,#7467,#7468);
#5965=DIRECTION('axis',(0.,0.,1.));
#5966=DIRECTION('refdir',(1.,0.,0.));
#5967=DIRECTION('center_axis',(0.,1.,0.));
#5968=DIRECTION('ref_axis',(1.,0.,0.));
#5969=DIRECTION('center_axis',(-1.,0.,0.));
#5970=DIRECTION('ref_axis',(0.,0.,1.));
#5971=DIRECTION('center_axis',(-1.,0.,0.));
#5972=DIRECTION('ref_axis',(0.,0.,1.));
#5973=DIRECTION('center_axis',(0.,0.,1.));
#5974=DIRECTION('ref_axis',(0.,1.,0.));
#5975=DIRECTION('center_axis',(0.,0.,1.));
#5976=DIRECTION('ref_axis',(0.,1.,0.));
#5977=DIRECTION('center_axis',(0.,0.,1.));
#5978=DIRECTION('ref_axis',(1.,0.,0.));
#5979=DIRECTION('center_axis',(1.,0.,0.));
#5980=DIRECTION('ref_axis',(0.,0.989743318610785,0.14285714285716));
#5981=DIRECTION('center_axis',(1.,0.,0.));
#5982=DIRECTION('ref_axis',(0.,0.989743318610785,0.14285714285716));
#5983=DIRECTION('center_axis',(0.,1.,0.));
#5984=DIRECTION('ref_axis',(0.,0.,-1.));
#5985=DIRECTION('center_axis',(0.,1.,0.));
#5986=DIRECTION('ref_axis',(0.,0.,-1.));
#5987=DIRECTION('center_axis',(1.,0.,0.));
#5988=DIRECTION('ref_axis',(0.,-1.,0.));
#5989=DIRECTION('center_axis',(1.,3.11641550771974E-17,0.));
#5990=DIRECTION('ref_axis',(0.,-1.,0.));
#5991=DIRECTION('',(1.,0.,0.));
#5992=DIRECTION('center_axis',(1.,0.,0.));
#5993=DIRECTION('ref_axis',(0.,-1.,0.));
#5994=DIRECTION('center_axis',(-1.,0.,0.));
#5995=DIRECTION('ref_axis',(0.,-1.,0.));
#5996=DIRECTION('center_axis',(1.,0.,0.));
#5997=DIRECTION('ref_axis',(0.,-1.,0.));
#5998=DIRECTION('center_axis',(1.,3.11641550771974E-17,0.));
#5999=DIRECTION('ref_axis',(0.,-1.,0.));
#6000=DIRECTION('',(1.,0.,0.));
#6001=DIRECTION('center_axis',(1.,0.,0.));
#6002=DIRECTION('ref_axis',(0.,-1.,0.));
#6003=DIRECTION('center_axis',(-1.,0.,0.));
#6004=DIRECTION('ref_axis',(0.,-1.,0.));
#6005=DIRECTION('center_axis',(-1.,0.,0.));
#6006=DIRECTION('ref_axis',(0.,1.,0.));
#6007=DIRECTION('center_axis',(-1.,0.,0.));
#6008=DIRECTION('ref_axis',(0.,1.,0.));
#6009=DIRECTION('',(-1.,0.,0.));
#6010=DIRECTION('center_axis',(-1.,0.,0.));
#6011=DIRECTION('ref_axis',(0.,1.,0.));
#6012=DIRECTION('center_axis',(1.,0.,0.));
#6013=DIRECTION('ref_axis',(0.,1.,0.));
#6014=DIRECTION('center_axis',(-1.,0.,0.));
#6015=DIRECTION('ref_axis',(0.,1.,0.));
#6016=DIRECTION('center_axis',(-1.,0.,0.));
#6017=DIRECTION('ref_axis',(0.,1.,0.));
#6018=DIRECTION('',(-1.,0.,0.));
#6019=DIRECTION('center_axis',(-1.,0.,0.));
#6020=DIRECTION('ref_axis',(0.,1.,0.));
#6021=DIRECTION('center_axis',(1.,0.,0.));
#6022=DIRECTION('ref_axis',(0.,1.,0.));
#6023=DIRECTION('center_axis',(-1.,0.,0.));
#6024=DIRECTION('ref_axis',(0.,1.,0.));
#6025=DIRECTION('center_axis',(-1.,0.,0.));
#6026=DIRECTION('ref_axis',(0.,1.,0.));
#6027=DIRECTION('',(-1.,0.,0.));
#6028=DIRECTION('center_axis',(-1.,0.,0.));
#6029=DIRECTION('ref_axis',(0.,1.,0.));
#6030=DIRECTION('center_axis',(1.,0.,0.));
#6031=DIRECTION('ref_axis',(0.,1.,0.));
#6032=DIRECTION('center_axis',(0.,1.,0.));
#6033=DIRECTION('ref_axis',(1.,0.,0.));
#6034=DIRECTION('center_axis',(0.,1.,0.));
#6035=DIRECTION('ref_axis',(1.,0.,0.));
#6036=DIRECTION('',(0.,1.,0.));
#6037=DIRECTION('center_axis',(0.,1.,0.));
#6038=DIRECTION('ref_axis',(1.,0.,0.));
#6039=DIRECTION('center_axis',(0.,-1.,0.));
#6040=DIRECTION('ref_axis',(1.,0.,0.));
#6041=DIRECTION('center_axis',(0.,1.,0.));
#6042=DIRECTION('ref_axis',(1.,0.,0.));
#6043=DIRECTION('center_axis',(0.,1.,0.));
#6044=DIRECTION('ref_axis',(1.,0.,0.));
#6045=DIRECTION('',(0.,1.,0.));
#6046=DIRECTION('center_axis',(0.,1.,0.));
#6047=DIRECTION('ref_axis',(1.,0.,0.));
#6048=DIRECTION('center_axis',(0.,-1.,0.));
#6049=DIRECTION('ref_axis',(1.,0.,0.));
#6050=DIRECTION('center_axis',(0.,-1.,0.));
#6051=DIRECTION('ref_axis',(-1.,0.,0.));
#6052=DIRECTION('center_axis',(0.,-1.,0.));
#6053=DIRECTION('ref_axis',(-1.,0.,0.));
#6054=DIRECTION('',(0.,-1.,0.));
#6055=DIRECTION('center_axis',(0.,-1.,0.));
#6056=DIRECTION('ref_axis',(-1.,0.,0.));
#6057=DIRECTION('center_axis',(0.,1.,0.));
#6058=DIRECTION('ref_axis',(-1.,0.,0.));
#6059=DIRECTION('center_axis',(0.,-1.,0.));
#6060=DIRECTION('ref_axis',(-1.,0.,0.));
#6061=DIRECTION('center_axis',(0.,-1.,0.));
#6062=DIRECTION('ref_axis',(-1.,0.,0.));
#6063=DIRECTION('',(0.,-1.,0.));
#6064=DIRECTION('center_axis',(0.,-1.,0.));
#6065=DIRECTION('ref_axis',(-1.,0.,0.));
#6066=DIRECTION('center_axis',(0.,1.,0.));
#6067=DIRECTION('ref_axis',(-1.,0.,0.));
#6068=DIRECTION('center_axis',(0.,0.,-1.));
#6069=DIRECTION('ref_axis',(-1.,0.,0.));
#6070=DIRECTION('center_axis',(0.,0.,-1.));
#6071=DIRECTION('ref_axis',(-1.,0.,0.));
#6072=DIRECTION('center_axis',(0.,1.,0.));
#6073=DIRECTION('ref_axis',(0.,0.,1.));
#6074=DIRECTION('center_axis',(0.,0.,1.));
#6075=DIRECTION('ref_axis',(-0.707106781186549,-0.707106781186546,0.));
#6076=DIRECTION('center_axis',(1.,0.,0.));
#6077=DIRECTION('ref_axis',(0.,1.,0.));
#6078=DIRECTION('center_axis',(0.,1.,0.));
#6079=DIRECTION('ref_axis',(0.707106781186543,0.,0.707106781186552));
#6080=DIRECTION('',(0.,-1.,0.));
#6081=DIRECTION('',(0.,1.,0.));
#6082=DIRECTION('center_axis',(0.,-0.707106781186554,0.707106781186541));
#6083=DIRECTION('ref_axis',(0.,-0.707106781186541,-0.707106781186554));
#6084=DIRECTION('center_axis',(0.408248290463855,-0.81649658092773,0.408248290463862));
#6085=DIRECTION('ref_axis',(-0.577350269189619,-0.577350269189611,-0.577350269189647));
#6086=DIRECTION('center_axis',(0.,1.,8.88178419700113E-15));
#6087=DIRECTION('ref_axis',(-1.,0.,0.));
#6088=DIRECTION('center_axis',(0.,0.,1.));
#6089=DIRECTION('ref_axis',(0.,-1.,0.));
#6090=DIRECTION('center_axis',(1.,1.11022302462515E-15,0.));
#6091=DIRECTION('ref_axis',(0.,0.,-1.));
#6092=DIRECTION('center_axis',(0.,0.,-1.));
#6093=DIRECTION('ref_axis',(-0.707106781186549,-0.707106781186546,0.));
#6094=DIRECTION('',(0.,0.,1.));
#6095=DIRECTION('',(0.,0.,-1.));
#6096=DIRECTION('center_axis',(0.,0.,1.));
#6097=DIRECTION('ref_axis',(1.,0.,0.));
#6098=DIRECTION('center_axis',(0.,0.,1.));
#6099=DIRECTION('ref_axis',(0.707106781186549,-0.707106781186546,0.));
#6100=DIRECTION('center_axis',(0.,1.,0.));
#6101=DIRECTION('ref_axis',(-1.,0.,0.));
#6102=DIRECTION('center_axis',(0.,0.,-1.));
#6103=DIRECTION('ref_axis',(0.,-1.,0.));
#6104=DIRECTION('center_axis',(-1.,0.,0.));
#6105=DIRECTION('ref_axis',(0.,0.,1.));
#6106=DIRECTION('center_axis',(0.,0.,1.));
#6107=DIRECTION('ref_axis',(1.,0.,0.));
#6108=DIRECTION('center_axis',(-0.408248290463861,-0.816496580927728,0.408248290463861));
#6109=DIRECTION('ref_axis',(0.577350269189616,-0.577350269189617,-0.577350269189645));
#6110=DIRECTION('center_axis',(-1.,0.,0.));
#6111=DIRECTION('ref_axis',(0.,-1.,0.));
#6112=DIRECTION('center_axis',(0.,0.,1.));
#6113=DIRECTION('ref_axis',(1.,0.,0.));
#6114=DIRECTION('center_axis',(0.,1.,0.));
#6115=DIRECTION('ref_axis',(0.,0.,-1.));
#6116=DIRECTION('center_axis',(0.,0.,-1.));
#6117=DIRECTION('ref_axis',(0.707106781186542,-0.707106781186553,0.));
#6118=DIRECTION('',(0.,0.,1.));
#6119=DIRECTION('',(0.,0.,-1.));
#6120=DIRECTION('center_axis',(0.,1.,0.));
#6121=DIRECTION('ref_axis',(1.,0.,0.));
#6122=DIRECTION('center_axis',(1.,0.,0.));
#6123=DIRECTION('ref_axis',(0.,0.65465367070798,0.755928946018452));
#6124=DIRECTION('',(-1.,0.,0.));
#6125=DIRECTION('',(1.,0.,0.));
#6126=DIRECTION('center_axis',(0.,-1.,0.));
#6127=DIRECTION('ref_axis',(0.707106781186542,0.,-0.707106781186553));
#6128=DIRECTION('',(0.,1.,0.));
#6129=DIRECTION('',(0.,-1.,0.));
#6130=DIRECTION('center_axis',(0.,0.,1.));
#6131=DIRECTION('ref_axis',(-0.707106781186548,0.707106781186548,0.));
#6132=DIRECTION('',(0.,0.,-1.));
#6133=DIRECTION('',(0.,0.,1.));
#6134=DIRECTION('center_axis',(0.,0.707106781186554,-0.707106781186541));
#6135=DIRECTION('ref_axis',(0.,-0.707106781186541,-0.707106781186554));
#6136=DIRECTION('center_axis',(-1.,0.,0.));
#6137=DIRECTION('ref_axis',(0.,-0.707106781186548,-0.707106781186548));
#6138=DIRECTION('',(1.,0.,0.));
#6139=DIRECTION('',(-1.,0.,0.));
#6140=DIRECTION('center_axis',(0.,-1.,0.));
#6141=DIRECTION('ref_axis',(-0.707106781186543,0.,0.707106781186552));
#6142=DIRECTION('',(0.,-1.,0.));
#6143=DIRECTION('',(0.,1.,0.));
#6144=DIRECTION('center_axis',(0.,0.,-1.));
#6145=DIRECTION('ref_axis',(0.707106781186548,0.707106781186548,0.));
#6146=DIRECTION('',(0.,0.,-1.));
#6147=DIRECTION('',(0.,0.,1.));
#6148=DIRECTION('center_axis',(0.,1.,0.));
#6149=DIRECTION('ref_axis',(-0.707106781186542,0.,-0.707106781186553));
#6150=DIRECTION('',(0.,-1.,0.));
#6151=DIRECTION('',(0.,1.,0.));
#6152=DIRECTION('center_axis',(-1.,0.,0.));
#6153=DIRECTION('ref_axis',(0.,0.707106781186541,0.707106781186554));
#6154=DIRECTION('',(1.,0.,0.));
#6155=DIRECTION('',(-1.,0.,0.));
#6156=DIRECTION('center_axis',(0.,1.,0.));
#6157=DIRECTION('ref_axis',(-1.,0.,0.));
#6158=DIRECTION('',(1.,0.,0.));
#6159=DIRECTION('',(0.,0.,1.));
#6160=DIRECTION('',(-1.,0.,0.));
#6161=DIRECTION('center_axis',(1.,0.,0.));
#6162=DIRECTION('ref_axis',(0.,-0.707106781186546,-0.707106781186549));
#6163=DIRECTION('',(1.,0.,0.));
#6164=DIRECTION('center_axis',(1.,0.,0.));
#6165=DIRECTION('ref_axis',(0.,-1.,0.));
#6166=DIRECTION('',(-1.,0.,0.));
#6167=DIRECTION('center_axis',(-1.,0.,0.));
#6168=DIRECTION('ref_axis',(0.,-0.707106781186546,-0.707106781186549));
#6169=DIRECTION('center_axis',(-1.,0.,0.));
#6170=DIRECTION('ref_axis',(0.,1.,0.));
#6171=DIRECTION('center_axis',(0.,-1.,0.));
#6172=DIRECTION('ref_axis',(-1.,0.,0.));
#6173=DIRECTION('center_axis',(1.,0.,0.));
#6174=DIRECTION('ref_axis',(0.,-1.,0.));
#6175=DIRECTION('center_axis',(0.,0.,-1.));
#6176=DIRECTION('ref_axis',(-1.,0.,0.));
#6177=DIRECTION('center_axis',(0.,0.,1.));
#6178=DIRECTION('ref_axis',(-1.,0.,0.));
#6179=DIRECTION('',(0.,-1.,0.));
#6180=DIRECTION('',(1.,0.,0.));
#6181=DIRECTION('',(0.,1.,0.));
#6182=DIRECTION('',(-1.,0.,0.));
#6183=DIRECTION('center_axis',(0.,0.,-1.));
#6184=DIRECTION('ref_axis',(-1.,0.,0.));
#6185=DIRECTION('center_axis',(0.,0.,-1.));
#6186=DIRECTION('ref_axis',(-1.,0.,0.));
#6187=DIRECTION('center_axis',(1.,0.,0.));
#6188=DIRECTION('ref_axis',(0.,1.,0.));
#6189=DIRECTION('center_axis',(-1.,0.,0.));
#6190=DIRECTION('ref_axis',(0.,1.,0.));
#6191=DIRECTION('',(1.,0.,0.));
#6192=DIRECTION('center_axis',(1.,0.,0.));
#6193=DIRECTION('ref_axis',(0.,-1.,0.));
#6194=DIRECTION('',(-1.,0.,0.));
#6195=DIRECTION('center_axis',(0.,1.,0.));
#6196=DIRECTION('ref_axis',(0.707106781186547,0.,-0.707106781186547));
#6197=DIRECTION('',(0.,-1.,0.));
#6198=DIRECTION('center_axis',(0.,-1.,0.));
#6199=DIRECTION('ref_axis',(0.282317750879808,0.,-0.959320951266137));
#6200=DIRECTION('',(0.,1.,0.));
#6201=DIRECTION('center_axis',(0.,1.,0.));
#6202=DIRECTION('ref_axis',(0.282317750879808,0.,-0.959320951266137));
#6203=DIRECTION('',(0.,-1.,0.));
#6204=DIRECTION('center_axis',(0.,-1.,0.));
#6205=DIRECTION('ref_axis',(0.707106781186548,0.,-0.707106781186547));
#6206=DIRECTION('',(0.,1.,0.));
#6207=DIRECTION('',(0.,1.,0.));
#6208=DIRECTION('',(0.,1.,0.));
#6209=DIRECTION('',(0.,1.,0.));
#6210=DIRECTION('',(0.,1.,0.));
#6211=DIRECTION('',(0.,1.,0.));
#6212=DIRECTION('',(0.,1.,0.));
#6213=DIRECTION('center_axis',(0.,1.,0.));
#6214=DIRECTION('ref_axis',(0.707106781186548,0.,-0.707106781186547));
#6215=DIRECTION('center_axis',(0.,1.,0.));
#6216=DIRECTION('ref_axis',(-1.,0.,0.));
#6217=DIRECTION('',(0.,0.,1.));
#6218=DIRECTION('',(-1.,0.,0.));
#6219=DIRECTION('center_axis',(0.,1.,0.));
#6220=DIRECTION('ref_axis',(0.,0.,1.));
#6221=DIRECTION('center_axis',(0.,1.,0.));
#6222=DIRECTION('ref_axis',(0.282317750879808,0.,-0.959320951266137));
#6223=DIRECTION('center_axis',(-1.,0.,0.));
#6224=DIRECTION('ref_axis',(0.,1.,0.));
#6225=DIRECTION('center_axis',(-1.,0.,0.));
#6226=DIRECTION('ref_axis',(0.,0.707106781186548,-0.707106781186548));
#6227=DIRECTION('center_axis',(-1.,0.,0.));
#6228=DIRECTION('ref_axis',(0.,0.707106781186548,-0.707106781186548));
#6229=DIRECTION('',(1.,0.,0.));
#6230=DIRECTION('',(-1.,0.,0.));
#6231=DIRECTION('center_axis',(0.,-1.,0.));
#6232=DIRECTION('ref_axis',(1.,0.,0.));
#6233=DIRECTION('',(1.,0.,0.));
#6234=DIRECTION('',(0.,0.,1.));
#6235=DIRECTION('center_axis',(1.,0.,0.));
#6236=DIRECTION('ref_axis',(0.,0.666666666666668,-0.745355992499929));
#6237=DIRECTION('center_axis',(-1.,0.,0.));
#6238=DIRECTION('ref_axis',(0.,0.666666666666668,-0.745355992499929));
#6239=DIRECTION('',(1.,0.,0.));
#6240=DIRECTION('center_axis',(1.,-3.25665420556712E-14,1.45642003657174E-14));
#6241=DIRECTION('ref_axis',(3.25665420556713E-14,0.666666666666668,-0.745355992499929));
#6242=DIRECTION('',(-1.,0.,0.));
#6243=DIRECTION('center_axis',(0.,-1.,0.));
#6244=DIRECTION('ref_axis',(1.00202423682107E-14,0.,1.));
#6245=DIRECTION('center_axis',(0.,1.,0.));
#6246=DIRECTION('ref_axis',(1.00061763992081E-14,0.,1.));
#6247=DIRECTION('center_axis',(0.,-1.,0.));
#6248=DIRECTION('ref_axis',(0.707106781186548,0.,-0.707106781186547));
#6249=DIRECTION('center_axis',(0.,-1.,0.));
#6250=DIRECTION('ref_axis',(0.,0.,-1.));
#6251=DIRECTION('center_axis',(0.,-1.,0.));
#6252=DIRECTION('ref_axis',(0.282317750879808,0.,-0.959320951266137));
#6253=DIRECTION('center_axis',(0.,1.,0.));
#6254=DIRECTION('ref_axis',(-1.,0.,0.));
#6255=DIRECTION('center_axis',(0.,0.,1.));
#6256=DIRECTION('ref_axis',(-0.707106781186555,-0.70710678118654,0.));
#6257=DIRECTION('center_axis',(0.,0.,-1.));
#6258=DIRECTION('ref_axis',(-0.707106781186555,-0.70710678118654,0.));
#6259=DIRECTION('',(0.,0.,-1.));
#6260=DIRECTION('center_axis',(0.,0.,1.));
#6261=DIRECTION('ref_axis',(-0.707106781186555,-0.70710678118654,0.));
#6262=DIRECTION('',(0.,0.,1.));
#6263=DIRECTION('center_axis',(0.,-1.,0.));
#6264=DIRECTION('ref_axis',(1.,0.,0.));
#6265=DIRECTION('',(-1.,0.,0.));
#6266=DIRECTION('',(0.,0.,-1.));
#6267=DIRECTION('',(1.,0.,0.));
#6268=DIRECTION('center_axis',(0.,0.,1.));
#6269=DIRECTION('ref_axis',(-1.,0.,0.));
#6270=DIRECTION('',(0.,1.,0.));
#6271=DIRECTION('center_axis',(0.,0.,-1.));
#6272=DIRECTION('ref_axis',(0.707106781186555,0.70710678118654,0.));
#6273=DIRECTION('',(-1.,-1.99590656112388E-16,0.));
#6274=DIRECTION('center_axis',(0.,0.,1.));
#6275=DIRECTION('ref_axis',(8.88178419700136E-15,1.,0.));
#6276=DIRECTION('',(-1.,0.,0.));
#6277=DIRECTION('center_axis',(0.,0.,1.));
#6278=DIRECTION('ref_axis',(1.,-8.88178419700132E-15,0.));
#6279=DIRECTION('',(-1.,-1.99590656112388E-16,0.));
#6280=DIRECTION('center_axis',(0.,0.,-1.));
#6281=DIRECTION('ref_axis',(-0.707106781186541,0.707106781186554,0.));
#6282=DIRECTION('',(0.,-1.,0.));
#6283=DIRECTION('center_axis',(0.,0.,1.));
#6284=DIRECTION('ref_axis',(0.707106781186541,-0.707106781186554,0.));
#6285=DIRECTION('',(-1.,0.,0.));
#6286=DIRECTION('center_axis',(0.,0.,1.));
#6287=DIRECTION('ref_axis',(-0.707106781186554,-0.707106781186541,0.));
#6288=DIRECTION('',(0.,1.,0.));
#6289=DIRECTION('center_axis',(0.,0.,-1.));
#6290=DIRECTION('ref_axis',(0.707106781186541,0.707106781186554,0.));
#6291=DIRECTION('',(-1.,-1.99590656112388E-16,0.));
#6292=DIRECTION('center_axis',(0.,0.,-1.));
#6293=DIRECTION('ref_axis',(-0.707106781186555,0.70710678118654,0.));
#6294=DIRECTION('',(0.,-1.,0.));
#6295=DIRECTION('center_axis',(0.,0.,1.));
#6296=DIRECTION('ref_axis',(0.707106781186543,-0.707106781186552,0.));
#6297=DIRECTION('center_axis',(0.,0.,1.));
#6298=DIRECTION('ref_axis',(0.707106781186543,-0.707106781186552,0.));
#6299=DIRECTION('center_axis',(0.,0.,-1.));
#6300=DIRECTION('ref_axis',(0.707106781186543,-0.707106781186552,0.));
#6301=DIRECTION('',(0.,0.,1.));
#6302=DIRECTION('center_axis',(1.,0.,0.));
#6303=DIRECTION('ref_axis',(0.,1.,0.));
#6304=DIRECTION('',(0.,0.,-1.));
#6305=DIRECTION('',(0.,1.,0.));
#6306=DIRECTION('center_axis',(0.,0.,1.));
#6307=DIRECTION('ref_axis',(-0.707106781186555,0.70710678118654,0.));
#6308=DIRECTION('',(0.,0.,1.));
#6309=DIRECTION('center_axis',(0.,0.,1.));
#6310=DIRECTION('ref_axis',(-0.707106781186555,0.70710678118654,0.));
#6311=DIRECTION('center_axis',(1.99590656112388E-16,-1.,0.));
#6312=DIRECTION('ref_axis',(1.,1.99590656112388E-16,0.));
#6313=DIRECTION('',(0.,0.,-1.));
#6314=DIRECTION('',(1.,1.99590656112388E-16,0.));
#6315=DIRECTION('center_axis',(0.,0.,1.));
#6316=DIRECTION('ref_axis',(0.707106781186555,0.70710678118654,0.));
#6317=DIRECTION('',(0.,0.,1.));
#6318=DIRECTION('center_axis',(0.,0.,1.));
#6319=DIRECTION('ref_axis',(0.707106781186555,0.70710678118654,0.));
#6320=DIRECTION('',(0.,0.,-1.));
#6321=DIRECTION('center_axis',(-1.,0.,0.));
#6322=DIRECTION('ref_axis',(0.,-1.,0.));
#6323=DIRECTION('',(0.,-1.,0.));
#6324=DIRECTION('center_axis',(0.,0.,1.));
#6325=DIRECTION('ref_axis',(0.707106781186544,-0.707106781186551,0.));
#6326=DIRECTION('center_axis',(0.,0.,-1.));
#6327=DIRECTION('ref_axis',(0.707106781186544,-0.707106781186551,0.));
#6328=DIRECTION('',(0.,0.,1.));
#6329=DIRECTION('center_axis',(0.,0.,1.));
#6330=DIRECTION('ref_axis',(0.707106781186544,-0.707106781186551,0.));
#6331=DIRECTION('',(0.,0.,1.));
#6332=DIRECTION('center_axis',(0.,0.,1.));
#6333=DIRECTION('ref_axis',(-1.,0.,0.));
#6334=DIRECTION('center_axis',(0.,0.,1.));
#6335=DIRECTION('ref_axis',(-1.,0.,0.));
#6336=DIRECTION('',(1.,0.,0.));
#6337=DIRECTION('center_axis',(0.,0.,1.));
#6338=DIRECTION('ref_axis',(0.,-1.,0.));
#6339=DIRECTION('',(0.,1.,0.));
#6340=DIRECTION('center_axis',(0.,0.,1.));
#6341=DIRECTION('ref_axis',(1.,-5.07530525542931E-15,0.));
#6342=DIRECTION('',(-1.,0.,0.));
#6343=DIRECTION('center_axis',(0.,0.,1.));
#6344=DIRECTION('ref_axis',(5.07530525542932E-15,1.,0.));
#6345=DIRECTION('',(3.11641550771974E-17,-1.,0.));
#6346=DIRECTION('center_axis',(0.,0.,1.));
#6347=DIRECTION('ref_axis',(0.707106781186541,0.707106781186554,0.));
#6348=DIRECTION('',(0.,-1.,0.));
#6349=DIRECTION('center_axis',(0.,0.,-1.));
#6350=DIRECTION('ref_axis',(-0.707106781186554,-0.707106781186541,0.));
#6351=DIRECTION('',(1.,0.,0.));
#6352=DIRECTION('center_axis',(0.,0.,-1.));
#6353=DIRECTION('ref_axis',(0.707106781186541,-0.707106781186554,0.));
#6354=DIRECTION('',(0.,1.,0.));
#6355=DIRECTION('center_axis',(0.,0.,1.));
#6356=DIRECTION('ref_axis',(-0.707106781186541,0.707106781186554,0.));
#6357=DIRECTION('',(1.,1.99590656112388E-16,0.));
#6358=DIRECTION('center_axis',(0.,0.,-1.));
#6359=DIRECTION('ref_axis',(1.,-8.88178419700132E-15,0.));
#6360=DIRECTION('',(0.,-1.,0.));
#6361=DIRECTION('center_axis',(0.,0.,1.));
#6362=DIRECTION('ref_axis',(0.707106781186541,-0.707106781186554,0.));
#6363=DIRECTION('center_axis',(0.,0.,-1.));
#6364=DIRECTION('ref_axis',(-0.707106781186541,0.707106781186554,0.));
#6365=DIRECTION('',(0.,-1.,0.));
#6366=DIRECTION('center_axis',(0.,0.,-1.));
#6367=DIRECTION('ref_axis',(-0.707106781186541,-0.707106781186554,0.));
#6368=DIRECTION('center_axis',(0.,0.,1.));
#6369=DIRECTION('ref_axis',(0.707106781186541,0.707106781186554,0.));
#6370=DIRECTION('',(0.,-1.,0.));
#6371=DIRECTION('center_axis',(0.,0.,1.));
#6372=DIRECTION('ref_axis',(0.707106781186548,-0.707106781186548,0.));
#6373=DIRECTION('center_axis',(0.,0.,-1.));
#6374=DIRECTION('ref_axis',(-0.707106781186548,0.707106781186548,0.));
#6375=DIRECTION('',(0.,-1.,0.));
#6376=DIRECTION('center_axis',(0.,0.,-1.));
#6377=DIRECTION('ref_axis',(-0.707106781186548,-0.707106781186548,0.));
#6378=DIRECTION('center_axis',(0.,0.,1.));
#6379=DIRECTION('ref_axis',(0.707106781186548,0.707106781186548,0.));
#6380=DIRECTION('',(0.,-1.,0.));
#6381=DIRECTION('center_axis',(0.,0.,1.));
#6382=DIRECTION('ref_axis',(0.707106781186546,-0.707106781186549,0.));
#6383=DIRECTION('center_axis',(0.,0.,-1.));
#6384=DIRECTION('ref_axis',(-0.707106781186546,0.707106781186549,0.));
#6385=DIRECTION('',(0.,-1.,0.));
#6386=DIRECTION('center_axis',(0.,0.,-1.));
#6387=DIRECTION('ref_axis',(-0.707106781186544,-0.707106781186551,0.));
#6388=DIRECTION('center_axis',(0.,0.,1.));
#6389=DIRECTION('ref_axis',(0.707106781186548,0.707106781186548,0.));
#6390=DIRECTION('',(0.,-1.,0.));
#6391=DIRECTION('center_axis',(0.,0.,-1.));
#6392=DIRECTION('ref_axis',(0.,-1.,0.));
#6393=DIRECTION('',(-1.,0.,0.));
#6394=DIRECTION('center_axis',(0.,0.,1.));
#6395=DIRECTION('ref_axis',(-0.707106781186548,-0.707106781186548,0.));
#6396=DIRECTION('',(0.,1.,0.));
#6397=DIRECTION('center_axis',(0.,0.,-1.));
#6398=DIRECTION('ref_axis',(0.707106781186548,0.707106781186548,0.));
#6399=DIRECTION('',(-1.,0.,0.));
#6400=DIRECTION('center_axis',(0.,0.,-1.));
#6401=DIRECTION('ref_axis',(-0.707106781186548,0.707106781186548,0.));
#6402=DIRECTION('',(0.,-1.,0.));
#6403=DIRECTION('center_axis',(0.,0.,1.));
#6404=DIRECTION('ref_axis',(0.707106781186544,-0.707106781186551,0.));
#6405=DIRECTION('',(-1.,0.,0.));
#6406=DIRECTION('center_axis',(0.,0.,1.));
#6407=DIRECTION('ref_axis',(-0.707106781186548,-0.707106781186547,0.));
#6408=DIRECTION('',(0.,1.,0.));
#6409=DIRECTION('center_axis',(0.,0.,-1.));
#6410=DIRECTION('ref_axis',(0.707106781186549,0.707106781186546,0.));
#6411=DIRECTION('',(-1.,0.,0.));
#6412=DIRECTION('center_axis',(0.,0.,-1.));
#6413=DIRECTION('ref_axis',(-0.707106781186549,0.707106781186546,0.));
#6414=DIRECTION('',(0.,-1.,0.));
#6415=DIRECTION('center_axis',(0.,0.,1.));
#6416=DIRECTION('ref_axis',(0.707106781186546,-0.707106781186549,0.));
#6417=DIRECTION('',(-1.,0.,0.));
#6418=DIRECTION('center_axis',(0.,0.,-1.));
#6419=DIRECTION('ref_axis',(-1.,0.,0.));
#6420=DIRECTION('',(0.,1.,0.));
#6421=DIRECTION('center_axis',(0.,0.,1.));
#6422=DIRECTION('ref_axis',(-0.707106781186548,0.707106781186548,0.));
#6423=DIRECTION('center_axis',(0.,0.,-1.));
#6424=DIRECTION('ref_axis',(0.707106781186551,-0.707106781186544,0.));
#6425=DIRECTION('',(0.,1.,0.));
#6426=DIRECTION('center_axis',(0.,0.,-1.));
#6427=DIRECTION('ref_axis',(0.707106781186546,0.707106781186549,0.));
#6428=DIRECTION('center_axis',(0.,0.,1.));
#6429=DIRECTION('ref_axis',(-0.707106781186549,-0.707106781186546,0.));
#6430=DIRECTION('',(0.,1.,0.));
#6431=DIRECTION('center_axis',(0.,0.,1.));
#6432=DIRECTION('ref_axis',(-0.707106781186544,0.707106781186551,0.));
#6433=DIRECTION('',(0.,1.,0.));
#6434=DIRECTION('center_axis',(0.,0.,-1.));
#6435=DIRECTION('ref_axis',(0.707106781186541,0.707106781186554,0.));
#6436=DIRECTION('center_axis',(0.,0.,1.));
#6437=DIRECTION('ref_axis',(-0.707106781186544,-0.707106781186551,0.));
#6438=DIRECTION('',(0.,1.,0.));
#6439=DIRECTION('center_axis',(0.,0.,-1.));
#6440=DIRECTION('ref_axis',(8.88178419700136E-15,1.,0.));
#6441=DIRECTION('',(1.,1.99590656112388E-16,0.));
#6442=DIRECTION('center_axis',(0.,0.,1.));
#6443=DIRECTION('ref_axis',(0.707106781186541,0.707106781186554,0.));
#6444=DIRECTION('',(0.,0.,-1.));
#6445=DIRECTION('center_axis',(0.,0.,1.));
#6446=DIRECTION('ref_axis',(0.707106781186541,0.707106781186554,0.));
#6447=DIRECTION('',(0.,0.,-1.));
#6448=DIRECTION('center_axis',(0.,0.,1.));
#6449=DIRECTION('ref_axis',(-0.707106781186544,-0.707106781186551,0.));
#6450=DIRECTION('',(0.,0.,1.));
#6451=DIRECTION('center_axis',(1.,0.,0.));
#6452=DIRECTION('ref_axis',(0.,1.,0.));
#6453=DIRECTION('',(0.,-1.,0.));
#6454=DIRECTION('',(0.,0.,-1.));
#6455=DIRECTION('center_axis',(0.,0.,1.));
#6456=DIRECTION('ref_axis',(-0.707106781186544,0.707106781186551,0.));
#6457=DIRECTION('',(0.,0.,-1.));
#6458=DIRECTION('center_axis',(0.,-1.,0.));
#6459=DIRECTION('ref_axis',(-0.707106781186547,0.,-0.707106781186547));
#6460=DIRECTION('',(0.,-1.,0.));
#6461=DIRECTION('',(0.,-1.,0.));
#6462=DIRECTION('',(0.,-1.,0.));
#6463=DIRECTION('center_axis',(0.,1.,0.));
#6464=DIRECTION('ref_axis',(-0.707106781186548,0.,-0.707106781186547));
#6465=DIRECTION('center_axis',(1.,0.,0.));
#6466=DIRECTION('ref_axis',(0.,1.,0.));
#6467=DIRECTION('',(0.,0.,1.));
#6468=DIRECTION('',(0.,-1.,0.));
#6469=DIRECTION('',(0.,-1.,0.));
#6470=DIRECTION('center_axis',(0.,0.,1.));
#6471=DIRECTION('ref_axis',(0.707106781186541,0.707106781186554,0.));
#6472=DIRECTION('',(0.,0.,1.));
#6473=DIRECTION('center_axis',(-1.,0.,0.));
#6474=DIRECTION('ref_axis',(0.,-1.,0.));
#6475=DIRECTION('',(0.,0.,-1.));
#6476=DIRECTION('center_axis',(0.,0.,1.));
#6477=DIRECTION('ref_axis',(-0.707106781186554,-0.707106781186541,0.));
#6478=DIRECTION('',(0.,0.,1.));
#6479=DIRECTION('center_axis',(0.,0.,1.));
#6480=DIRECTION('ref_axis',(0.707106781186541,-0.707106781186554,0.));
#6481=DIRECTION('',(0.,0.,-1.));
#6482=DIRECTION('',(0.,0.,1.));
#6483=DIRECTION('center_axis',(1.,0.,0.));
#6484=DIRECTION('ref_axis',(0.,1.,0.));
#6485=DIRECTION('',(0.,0.,-1.));
#6486=DIRECTION('center_axis',(0.,0.,1.));
#6487=DIRECTION('ref_axis',(-0.707106781186541,0.707106781186554,0.));
#6488=DIRECTION('',(0.,0.,1.));
#6489=DIRECTION('center_axis',(1.99590656112388E-16,-1.,0.));
#6490=DIRECTION('ref_axis',(1.,1.99590656112388E-16,0.));
#6491=DIRECTION('',(0.,0.,1.));
#6492=DIRECTION('center_axis',(0.,0.,1.));
#6493=DIRECTION('ref_axis',(-0.707106781186541,-0.707106781186554,0.));
#6494=DIRECTION('',(0.,0.,-1.));
#6495=DIRECTION('center_axis',(0.,0.,1.));
#6496=DIRECTION('ref_axis',(-0.707106781186541,-0.707106781186554,0.));
#6497=DIRECTION('',(0.,0.,-1.));
#6498=DIRECTION('center_axis',(0.,0.,1.));
#6499=DIRECTION('ref_axis',(-1.,0.,0.));
#6500=DIRECTION('',(0.,1.,0.));
#6501=DIRECTION('center_axis',(0.,0.,1.));
#6502=DIRECTION('ref_axis',(-0.707106781186541,0.707106781186554,0.));
#6503=DIRECTION('center_axis',(-1.,0.,0.));
#6504=DIRECTION('ref_axis',(0.,-1.,0.));
#6505=DIRECTION('',(0.,0.,1.));
#6506=DIRECTION('center_axis',(0.,0.,1.));
#6507=DIRECTION('ref_axis',(0.707106781186541,0.707106781186554,0.));
#6508=DIRECTION('',(0.,0.,1.));
#6509=DIRECTION('center_axis',(-1.,0.,0.));
#6510=DIRECTION('ref_axis',(0.,-1.,0.));
#6511=DIRECTION('',(0.,0.,-1.));
#6512=DIRECTION('center_axis',(0.,0.,1.));
#6513=DIRECTION('ref_axis',(-0.707106781186541,0.707106781186554,0.));
#6514=DIRECTION('',(0.,0.,1.));
#6515=DIRECTION('center_axis',(0.,0.,1.));
#6516=DIRECTION('ref_axis',(0.707106781186541,-0.707106781186554,0.));
#6517=DIRECTION('',(0.,0.,-1.));
#6518=DIRECTION('center_axis',(0.,0.,1.));
#6519=DIRECTION('ref_axis',(-0.707106781186549,-0.707106781186546,0.));
#6520=DIRECTION('',(0.,0.,1.));
#6521=DIRECTION('center_axis',(0.,-1.,0.));
#6522=DIRECTION('ref_axis',(-0.707106781186547,0.,-0.707106781186547));
#6523=DIRECTION('',(0.,-1.,0.));
#6524=DIRECTION('',(0.,-1.,0.));
#6525=DIRECTION('center_axis',(0.,-1.,0.));
#6526=DIRECTION('ref_axis',(-0.707106781186548,0.,-0.707106781186547));
#6527=DIRECTION('',(0.,-1.,0.));
#6528=DIRECTION('center_axis',(0.,0.,1.));
#6529=DIRECTION('ref_axis',(0.707106781186546,0.707106781186549,0.));
#6530=DIRECTION('',(0.,0.,-1.));
#6531=DIRECTION('center_axis',(0.,0.,1.));
#6532=DIRECTION('ref_axis',(0.707106781186546,0.707106781186549,0.));
#6533=DIRECTION('center_axis',(0.,0.,1.));
#6534=DIRECTION('ref_axis',(-1.,0.,0.));
#6535=DIRECTION('',(0.,-1.,0.));
#6536=DIRECTION('center_axis',(0.,0.,1.));
#6537=DIRECTION('ref_axis',(0.707106781186551,-0.707106781186544,0.));
#6538=DIRECTION('center_axis',(1.,0.,0.));
#6539=DIRECTION('ref_axis',(0.,1.,0.));
#6540=DIRECTION('',(0.,0.,1.));
#6541=DIRECTION('center_axis',(0.,0.,1.));
#6542=DIRECTION('ref_axis',(0.707106781186551,-0.707106781186544,0.));
#6543=DIRECTION('',(0.,0.,1.));
#6544=DIRECTION('center_axis',(0.,0.,1.));
#6545=DIRECTION('ref_axis',(-0.707106781186548,0.707106781186548,0.));
#6546=DIRECTION('',(0.,0.,-1.));
#6547=DIRECTION('center_axis',(1.,0.,0.));
#6548=DIRECTION('ref_axis',(0.,1.,0.));
#6549=DIRECTION('',(0.,0.,1.));
#6550=DIRECTION('center_axis',(0.,0.,1.));
#6551=DIRECTION('ref_axis',(0.707106781186546,-0.707106781186549,0.));
#6552=DIRECTION('center_axis',(0.,0.,-1.));
#6553=DIRECTION('ref_axis',(0.707106781186546,-0.707106781186549,0.));
#6554=DIRECTION('',(0.,0.,1.));
#6555=DIRECTION('',(0.,0.,-1.));
#6556=DIRECTION('center_axis',(0.,1.,0.));
#6557=DIRECTION('ref_axis',(-1.,0.,0.));
#6558=DIRECTION('',(1.,0.,0.));
#6559=DIRECTION('',(0.,0.,1.));
#6560=DIRECTION('center_axis',(0.,0.,1.));
#6561=DIRECTION('ref_axis',(-0.707106781186549,0.707106781186546,0.));
#6562=DIRECTION('',(0.,0.,-1.));
#6563=DIRECTION('center_axis',(0.,0.,1.));
#6564=DIRECTION('ref_axis',(-0.707106781186549,0.707106781186546,0.));
#6565=DIRECTION('',(0.,0.,1.));
#6566=DIRECTION('center_axis',(0.,1.,0.));
#6567=DIRECTION('ref_axis',(-1.,0.,0.));
#6568=DIRECTION('',(0.,0.,1.));
#6569=DIRECTION('',(1.,0.,0.));
#6570=DIRECTION('center_axis',(0.,0.,1.));
#6571=DIRECTION('ref_axis',(0.707106781186549,0.707106781186546,0.));
#6572=DIRECTION('',(0.,0.,-1.));
#6573=DIRECTION('center_axis',(0.,0.,1.));
#6574=DIRECTION('ref_axis',(0.707106781186549,0.707106781186546,0.));
#6575=DIRECTION('center_axis',(0.,0.,1.));
#6576=DIRECTION('ref_axis',(-1.,0.,0.));
#6577=DIRECTION('',(0.,-1.,0.));
#6578=DIRECTION('center_axis',(0.,0.,-1.));
#6579=DIRECTION('ref_axis',(-0.707106781186548,-0.707106781186547,0.));
#6580=DIRECTION('',(1.,0.,0.));
#6581=DIRECTION('center_axis',(0.,0.,-1.));
#6582=DIRECTION('ref_axis',(0.707106781186544,-0.707106781186551,0.));
#6583=DIRECTION('',(0.,1.,0.));
#6584=DIRECTION('center_axis',(0.,0.,1.));
#6585=DIRECTION('ref_axis',(-0.707106781186548,0.707106781186548,0.));
#6586=DIRECTION('',(1.,0.,0.));
#6587=DIRECTION('center_axis',(0.,0.,1.));
#6588=DIRECTION('ref_axis',(0.707106781186548,0.707106781186548,0.));
#6589=DIRECTION('',(0.,-1.,0.));
#6590=DIRECTION('center_axis',(0.,0.,-1.));
#6591=DIRECTION('ref_axis',(-0.707106781186548,-0.707106781186548,0.));
#6592=DIRECTION('',(1.,0.,0.));
#6593=DIRECTION('center_axis',(0.,0.,1.));
#6594=DIRECTION('ref_axis',(0.,-1.,0.));
#6595=DIRECTION('',(1.,0.,0.));
#6596=DIRECTION('center_axis',(0.,0.,1.));
#6597=DIRECTION('ref_axis',(-1.,0.,0.));
#6598=DIRECTION('',(0.,1.,0.));
#6599=DIRECTION('center_axis',(1.,0.,0.));
#6600=DIRECTION('ref_axis',(0.,1.,0.));
#6601=DIRECTION('',(0.,0.,1.));
#6602=DIRECTION('center_axis',(0.,0.,1.));
#6603=DIRECTION('ref_axis',(-0.707106781186548,-0.707106781186547,0.));
#6604=DIRECTION('',(0.,0.,-1.));
#6605=DIRECTION('center_axis',(0.,0.,1.));
#6606=DIRECTION('ref_axis',(-0.707106781186548,0.707106781186548,0.));
#6607=DIRECTION('',(0.,0.,-1.));
#6608=DIRECTION('',(0.,0.,1.));
#6609=DIRECTION('center_axis',(0.,1.,0.));
#6610=DIRECTION('ref_axis',(-1.,0.,0.));
#6611=DIRECTION('',(0.,0.,1.));
#6612=DIRECTION('center_axis',(0.,0.,1.));
#6613=DIRECTION('ref_axis',(0.707106781186544,-0.707106781186551,0.));
#6614=DIRECTION('',(0.,0.,1.));
#6615=DIRECTION('',(0.,0.,-1.));
#6616=DIRECTION('center_axis',(0.,1.,0.));
#6617=DIRECTION('ref_axis',(-1.,0.,0.));
#6618=DIRECTION('center_axis',(0.,0.,1.));
#6619=DIRECTION('ref_axis',(0.707106781186548,0.707106781186548,0.));
#6620=DIRECTION('',(0.,0.,-1.));
#6621=DIRECTION('center_axis',(1.,0.,0.));
#6622=DIRECTION('ref_axis',(0.,1.,0.));
#6623=DIRECTION('',(0.,0.,1.));
#6624=DIRECTION('center_axis',(0.,0.,1.));
#6625=DIRECTION('ref_axis',(-0.707106781186548,-0.707106781186548,0.));
#6626=DIRECTION('',(0.,0.,-1.));
#6627=DIRECTION('center_axis',(0.,0.,1.));
#6628=DIRECTION('ref_axis',(0.707106781186548,0.707106781186548,0.));
#6629=DIRECTION('',(0.,0.,1.));
#6630=DIRECTION('',(0.,0.,1.));
#6631=DIRECTION('center_axis',(0.,0.,1.));
#6632=DIRECTION('ref_axis',(-0.707106781186544,-0.707106781186551,0.));
#6633=DIRECTION('',(0.,0.,-1.));
#6634=DIRECTION('center_axis',(0.,0.,1.));
#6635=DIRECTION('ref_axis',(-0.707106781186544,-0.707106781186551,0.));
#6636=DIRECTION('center_axis',(0.,0.,1.));
#6637=DIRECTION('ref_axis',(-1.,0.,0.));
#6638=DIRECTION('',(0.,1.,0.));
#6639=DIRECTION('center_axis',(0.,0.,1.));
#6640=DIRECTION('ref_axis',(-0.707106781186546,0.707106781186549,0.));
#6641=DIRECTION('center_axis',(-1.,0.,0.));
#6642=DIRECTION('ref_axis',(0.,-1.,0.));
#6643=DIRECTION('',(0.,0.,1.));
#6644=DIRECTION('center_axis',(0.,0.,1.));
#6645=DIRECTION('ref_axis',(-0.707106781186546,0.707106781186549,0.));
#6646=DIRECTION('',(0.,0.,1.));
#6647=DIRECTION('center_axis',(0.,0.,1.));
#6648=DIRECTION('ref_axis',(0.707106781186546,-0.707106781186549,0.));
#6649=DIRECTION('',(0.,0.,-1.));
#6650=DIRECTION('center_axis',(-1.,0.,0.));
#6651=DIRECTION('ref_axis',(0.,-1.,0.));
#6652=DIRECTION('',(0.,0.,1.));
#6653=DIRECTION('center_axis',(0.,0.,1.));
#6654=DIRECTION('ref_axis',(0.707106781186548,0.707106781186548,0.));
#6655=DIRECTION('',(0.,0.,1.));
#6656=DIRECTION('center_axis',(0.,0.,1.));
#6657=DIRECTION('ref_axis',(-0.707106781186548,-0.707106781186548,0.));
#6658=DIRECTION('',(0.,0.,-1.));
#6659=DIRECTION('center_axis',(0.,0.,1.));
#6660=DIRECTION('ref_axis',(-0.707106781186548,-0.707106781186548,0.));
#6661=DIRECTION('center_axis',(0.,0.,1.));
#6662=DIRECTION('ref_axis',(-1.,0.,0.));
#6663=DIRECTION('',(0.,1.,0.));
#6664=DIRECTION('center_axis',(0.,0.,1.));
#6665=DIRECTION('ref_axis',(-0.707106781186548,0.707106781186548,0.));
#6666=DIRECTION('center_axis',(-1.,0.,0.));
#6667=DIRECTION('ref_axis',(0.,-1.,0.));
#6668=DIRECTION('',(0.,0.,1.));
#6669=DIRECTION('center_axis',(0.,0.,1.));
#6670=DIRECTION('ref_axis',(-0.707106781186548,0.707106781186548,0.));
#6671=DIRECTION('',(0.,0.,1.));
#6672=DIRECTION('center_axis',(0.,0.,1.));
#6673=DIRECTION('ref_axis',(0.707106781186548,-0.707106781186548,0.));
#6674=DIRECTION('center_axis',(-1.,0.,0.));
#6675=DIRECTION('ref_axis',(0.,-1.,0.));
#6676=DIRECTION('',(0.,0.,1.));
#6677=DIRECTION('center_axis',(0.,0.,1.));
#6678=DIRECTION('ref_axis',(0.,-1.,0.));
#6679=DIRECTION('',(0.,0.,1.));
#6680=DIRECTION('center_axis',(0.,0.,1.));
#6681=DIRECTION('ref_axis',(-1.,0.,0.));
#6682=DIRECTION('center_axis',(0.,0.,1.));
#6683=DIRECTION('ref_axis',(-1.,0.,0.));
#6684=DIRECTION('',(0.,-1.,0.));
#6685=DIRECTION('center_axis',(1.,0.,0.));
#6686=DIRECTION('ref_axis',(0.,1.,0.));
#6687=DIRECTION('',(0.,-1.,0.));
#6688=DIRECTION('',(0.,0.,1.));
#6689=DIRECTION('',(0.,0.,1.));
#6690=DIRECTION('center_axis',(0.,0.,1.));
#6691=DIRECTION('ref_axis',(0.,-1.,0.));
#6692=DIRECTION('center_axis',(0.,0.,-1.));
#6693=DIRECTION('ref_axis',(-1.,0.,0.));
#6694=DIRECTION('',(0.,0.,1.));
#6695=DIRECTION('center_axis',(0.,0.,1.));
#6696=DIRECTION('ref_axis',(1.,-5.07530525542931E-15,0.));
#6697=DIRECTION('center_axis',(0.,0.,-1.));
#6698=DIRECTION('ref_axis',(-1.,0.,0.));
#6699=DIRECTION('',(0.,0.,1.));
#6700=DIRECTION('center_axis',(0.,-1.,0.));
#6701=DIRECTION('ref_axis',(1.,0.,0.));
#6702=DIRECTION('',(-1.,0.,0.));
#6703=DIRECTION('',(0.,0.,1.));
#6704=DIRECTION('center_axis',(0.,1.,0.));
#6705=DIRECTION('ref_axis',(-1.,0.,0.));
#6706=DIRECTION('',(1.,0.,0.));
#6707=DIRECTION('',(0.,0.,1.));
#6708=DIRECTION('center_axis',(0.,0.,1.));
#6709=DIRECTION('ref_axis',(-1.,0.,0.));
#6710=DIRECTION('center_axis',(0.,0.,-1.));
#6711=DIRECTION('ref_axis',(-1.,0.,0.));
#6712=DIRECTION('',(0.,0.,-1.));
#6713=DIRECTION('center_axis',(0.,0.,1.));
#6714=DIRECTION('ref_axis',(5.07530525542932E-15,1.,0.));
#6715=DIRECTION('center_axis',(0.,0.,-1.));
#6716=DIRECTION('ref_axis',(-1.,0.,0.));
#6717=DIRECTION('',(0.,0.,1.));
#6718=DIRECTION('center_axis',(-1.,-3.11641550771974E-17,0.));
#6719=DIRECTION('ref_axis',(3.11641550771974E-17,-1.,0.));
#6720=DIRECTION('',(0.,1.,0.));
#6721=DIRECTION('center_axis',(1.,0.,0.));
#6722=DIRECTION('ref_axis',(0.,1.,0.));
#6723=DIRECTION('center_axis',(-1.,0.,0.));
#6724=DIRECTION('ref_axis',(0.,-1.,0.));
#6725=DIRECTION('center_axis',(-1.,0.,0.));
#6726=DIRECTION('ref_axis',(0.,-1.,0.));
#6727=DIRECTION('center_axis',(0.,1.,0.));
#6728=DIRECTION('ref_axis',(-1.,0.,0.));
#6729=DIRECTION('center_axis',(-1.,0.,0.));
#6730=DIRECTION('ref_axis',(0.,-1.,0.));
#6731=DIRECTION('',(0.,0.,1.));
#6732=DIRECTION('center_axis',(0.,0.,1.));
#6733=DIRECTION('ref_axis',(1.,-8.88178419700132E-15,0.));
#6734=DIRECTION('center_axis',(0.,-1.,0.));
#6735=DIRECTION('ref_axis',(1.,0.,0.));
#6736=DIRECTION('center_axis',(1.99590656112388E-16,-1.,0.));
#6737=DIRECTION('ref_axis',(1.,1.99590656112388E-16,0.));
#6738=DIRECTION('',(0.,0.,1.));
#6739=DIRECTION('center_axis',(0.,0.,1.));
#6740=DIRECTION('ref_axis',(8.88178419700136E-15,1.,0.));
#6741=DIRECTION('center_axis',(-1.,0.,0.));
#6742=DIRECTION('ref_axis',(0.,1.,0.));
#6743=DIRECTION('center_axis',(-1.,0.,0.));
#6744=DIRECTION('ref_axis',(0.,0.707106781186547,-0.707106781186547));
#6745=DIRECTION('center_axis',(-1.,0.,0.));
#6746=DIRECTION('ref_axis',(0.,1.,0.));
#6747=DIRECTION('',(-1.,0.,0.));
#6748=DIRECTION('center_axis',(1.,0.,0.));
#6749=DIRECTION('ref_axis',(0.,0.707106781186547,-0.707106781186547));
#6750=DIRECTION('center_axis',(1.,0.,0.));
#6751=DIRECTION('ref_axis',(0.,1.,0.));
#6752=DIRECTION('',(0.,1.,0.));
#6753=DIRECTION('center_axis',(0.,0.,1.));
#6754=DIRECTION('ref_axis',(-1.,0.,0.));
#6755=DIRECTION('center_axis',(0.,0.,-1.));
#6756=DIRECTION('ref_axis',(-1.,0.,0.));
#6757=DIRECTION('',(0.,0.,-1.));
#6758=DIRECTION('center_axis',(0.,0.,1.));
#6759=DIRECTION('ref_axis',(-1.,0.,0.));
#6760=DIRECTION('center_axis',(0.,0.,-1.));
#6761=DIRECTION('ref_axis',(-1.,0.,0.));
#6762=DIRECTION('',(0.,0.,-1.));
#6763=DIRECTION('center_axis',(0.,0.,1.));
#6764=DIRECTION('ref_axis',(-1.,0.,0.));
#6765=DIRECTION('center_axis',(-1.,0.,0.));
#6766=DIRECTION('ref_axis',(0.,-1.,0.));
#6767=DIRECTION('',(0.,1.,0.));
#6768=DIRECTION('',(0.,-1.,0.));
#6769=DIRECTION('center_axis',(0.,0.,1.));
#6770=DIRECTION('ref_axis',(-1.,0.,0.));
#6771=DIRECTION('center_axis',(0.,1.,0.));
#6772=DIRECTION('ref_axis',(0.707106781186547,0.,-0.707106781186547));
#6773=DIRECTION('center_axis',(0.,0.,1.));
#6774=DIRECTION('ref_axis',(1.,0.,0.));
#6775=DIRECTION('',(0.,-1.,0.));
#6776=DIRECTION('',(1.,0.,0.));
#6777=DIRECTION('',(0.,1.,0.));
#6778=DIRECTION('',(1.,0.,0.));
#6779=DIRECTION('',(0.,1.,0.));
#6780=DIRECTION('',(1.,0.,0.));
#6781=DIRECTION('',(0.,1.,0.));
#6782=DIRECTION('center_axis',(0.,0.,1.));
#6783=DIRECTION('ref_axis',(-1.,0.,0.));
#6784=DIRECTION('',(0.,0.,-1.));
#6785=DIRECTION('center_axis',(0.,0.,1.));
#6786=DIRECTION('ref_axis',(-1.,0.,0.));
#6787=DIRECTION('',(0.,0.,-1.));
#6788=DIRECTION('center_axis',(0.,0.,1.));
#6789=DIRECTION('ref_axis',(-1.,0.,0.));
#6790=DIRECTION('center_axis',(-1.,0.,0.));
#6791=DIRECTION('ref_axis',(0.,-1.,0.));
#6792=DIRECTION('',(0.,0.,1.));
#6793=DIRECTION('center_axis',(1.,0.,0.));
#6794=DIRECTION('ref_axis',(0.,1.,0.));
#6795=DIRECTION('',(0.,0.,1.));
#6796=DIRECTION('center_axis',(0.,-1.,0.));
#6797=DIRECTION('ref_axis',(1.,0.,0.));
#6798=DIRECTION('center_axis',(0.,0.,1.));
#6799=DIRECTION('ref_axis',(1.,0.,0.));
#6800=DIRECTION('center_axis',(1.,0.,0.));
#6801=DIRECTION('ref_axis',(0.,0.,1.));
#6802=DIRECTION('center_axis',(1.,0.,0.));
#6803=DIRECTION('ref_axis',(0.,0.,1.));
#6804=DIRECTION('',(1.,0.,0.));
#6805=DIRECTION('center_axis',(1.,0.,0.));
#6806=DIRECTION('ref_axis',(0.,0.,1.));
#6807=DIRECTION('',(1.,0.,0.));
#6808=DIRECTION('center_axis',(1.,0.,0.));
#6809=DIRECTION('ref_axis',(0.,0.,1.));
#6810=DIRECTION('center_axis',(-1.,0.,0.));
#6811=DIRECTION('ref_axis',(0.,0.,1.));
#6812=DIRECTION('center_axis',(-1.,0.,0.));
#6813=DIRECTION('ref_axis',(0.,0.,1.));
#6814=DIRECTION('',(1.,0.,0.));
#6815=DIRECTION('center_axis',(1.,0.,0.));
#6816=DIRECTION('ref_axis',(0.,0.,1.));
#6817=DIRECTION('center_axis',(-1.,0.,0.));
#6818=DIRECTION('ref_axis',(0.,0.,1.));
#6819=DIRECTION('',(1.,0.,0.));
#6820=DIRECTION('center_axis',(-1.,0.,0.));
#6821=DIRECTION('ref_axis',(0.,0.,1.));
#6822=DIRECTION('',(1.,0.,0.));
#6823=DIRECTION('center_axis',(1.,0.,0.));
#6824=DIRECTION('ref_axis',(0.,0.,1.));
#6825=DIRECTION('center_axis',(1.,0.,0.));
#6826=DIRECTION('ref_axis',(0.,0.,1.));
#6827=DIRECTION('center_axis',(1.,0.,0.));
#6828=DIRECTION('ref_axis',(0.,0.,1.));
#6829=DIRECTION('',(1.,0.,0.));
#6830=DIRECTION('center_axis',(0.,0.,1.));
#6831=DIRECTION('ref_axis',(1.,0.,0.));
#6832=DIRECTION('',(0.,1.,0.));
#6833=DIRECTION('',(1.,0.,0.));
#6834=DIRECTION('',(0.,1.,0.));
#6835=DIRECTION('',(0.,-1.,0.));
#6836=DIRECTION('',(-1.,0.,0.));
#6837=DIRECTION('',(0.,1.,0.));
#6838=DIRECTION('',(1.,0.,0.));
#6839=DIRECTION('',(0.,-1.,0.));
#6840=DIRECTION('',(0.,1.,0.));
#6841=DIRECTION('',(-1.,0.,0.));
#6842=DIRECTION('',(0.,1.,0.));
#6843=DIRECTION('',(1.,0.,0.));
#6844=DIRECTION('',(1.,0.,0.));
#6845=DIRECTION('',(1.,0.,0.));
#6846=DIRECTION('',(0.,1.,0.));
#6847=DIRECTION('',(-1.,0.,0.));
#6848=DIRECTION('',(1.,0.,0.));
#6849=DIRECTION('',(1.,0.,0.));
#6850=DIRECTION('',(1.,0.,0.));
#6851=DIRECTION('',(0.,-1.,0.));
#6852=DIRECTION('',(-1.,0.,0.));
#6853=DIRECTION('',(0.,-1.,0.));
#6854=DIRECTION('center_axis',(-1.,0.,0.));
#6855=DIRECTION('ref_axis',(0.,1.,0.));
#6856=DIRECTION('center_axis',(1.,0.,0.));
#6857=DIRECTION('ref_axis',(0.,-1.,0.));
#6858=DIRECTION('',(0.,0.,-1.));
#6859=DIRECTION('center_axis',(0.,-1.,0.));
#6860=DIRECTION('ref_axis',(-1.,0.,0.));
#6861=DIRECTION('center_axis',(0.,-1.,0.));
#6862=DIRECTION('ref_axis',(0.,0.,-1.));
#6863=DIRECTION('center_axis',(0.,0.,-1.));
#6864=DIRECTION('ref_axis',(-1.,0.,0.));
#6865=DIRECTION('',(0.,-1.,0.));
#6866=DIRECTION('',(-1.,0.,0.));
#6867=DIRECTION('',(0.,1.,0.));
#6868=DIRECTION('center_axis',(0.,1.,0.));
#6869=DIRECTION('ref_axis',(0.,0.,-1.));
#6870=DIRECTION('center_axis',(0.,1.,0.));
#6871=DIRECTION('ref_axis',(0.,0.,-1.));
#6872=DIRECTION('center_axis',(1.,0.,0.));
#6873=DIRECTION('ref_axis',(0.,-1.,0.));
#6874=DIRECTION('',(1.,0.,0.));
#6875=DIRECTION('center_axis',(1.,0.,0.));
#6876=DIRECTION('ref_axis',(0.,-1.,0.));
#6877=DIRECTION('center_axis',(1.,0.,0.));
#6878=DIRECTION('ref_axis',(0.,0.,1.));
#6879=DIRECTION('center_axis',(0.,-1.,0.));
#6880=DIRECTION('ref_axis',(1.,0.,0.));
#6881=DIRECTION('center_axis',(-1.,0.,0.));
#6882=DIRECTION('ref_axis',(0.,1.,0.));
#6883=DIRECTION('center_axis',(-1.,0.,0.));
#6884=DIRECTION('ref_axis',(0.,1.,1.36642833800019E-15));
#6885=DIRECTION('',(0.,0.,-1.));
#6886=DIRECTION('center_axis',(0.,1.,0.));
#6887=DIRECTION('ref_axis',(1.,0.,0.));
#6888=DIRECTION('center_axis',(0.,0.,-1.));
#6889=DIRECTION('ref_axis',(-1.,0.,0.));
#6890=DIRECTION('',(0.,1.,0.));
#6891=DIRECTION('',(1.,0.,0.));
#6892=DIRECTION('',(0.,-1.,0.));
#6893=DIRECTION('center_axis',(1.,0.,0.));
#6894=DIRECTION('ref_axis',(0.,0.815768266205999,0.578378886069728));
#6895=DIRECTION('',(1.,0.,0.));
#6896=DIRECTION('center_axis',(1.,0.,0.));
#6897=DIRECTION('ref_axis',(0.,-1.,0.));
#6898=DIRECTION('center_axis',(0.,-1.,-1.11022302462516E-16));
#6899=DIRECTION('ref_axis',(1.,0.,0.));
#6900=DIRECTION('center_axis',(1.,0.,0.));
#6901=DIRECTION('ref_axis',(0.,0.,1.));
#6902=DIRECTION('center_axis',(0.,0.,1.));
#6903=DIRECTION('ref_axis',(1.,0.,0.));
#6904=DIRECTION('center_axis',(-1.,0.,0.));
#6905=DIRECTION('ref_axis',(0.,1.,1.36642833800019E-15));
#6906=DIRECTION('center_axis',(0.,-1.,0.));
#6907=DIRECTION('ref_axis',(0.707106781186548,0.,0.707106781186548));
#6908=DIRECTION('',(0.,-1.,0.));
#6909=DIRECTION('center_axis',(-1.,0.,0.));
#6910=DIRECTION('ref_axis',(0.,1.,0.));
#6911=DIRECTION('center_axis',(1.,0.,0.));
#6912=DIRECTION('ref_axis',(0.,-0.707106781186547,-0.707106781186547));
#6913=DIRECTION('center_axis',(-1.,0.,0.));
#6914=DIRECTION('ref_axis',(0.,0.707106781186547,0.707106781186547));
#6915=DIRECTION('center_axis',(-1.,0.,0.));
#6916=DIRECTION('ref_axis',(0.,-0.707106781186547,0.707106781186547));
#6917=DIRECTION('center_axis',(1.,0.,0.));
#6918=DIRECTION('ref_axis',(0.,0.707106781186547,-0.707106781186547));
#6919=DIRECTION('',(0.,1.,0.));
#6920=DIRECTION('center_axis',(1.,0.,0.));
#6921=DIRECTION('ref_axis',(0.,-1.,0.));
#6922=DIRECTION('center_axis',(1.,0.,0.));
#6923=DIRECTION('ref_axis',(0.,-1.,0.));
#6924=DIRECTION('center_axis',(1.,0.,0.));
#6925=DIRECTION('ref_axis',(0.,-1.,0.));
#6926=DIRECTION('center_axis',(1.,0.,0.));
#6927=DIRECTION('ref_axis',(0.,-1.,0.));
#6928=DIRECTION('center_axis',(1.,0.,0.));
#6929=DIRECTION('ref_axis',(0.,-1.,0.));
#6930=DIRECTION('center_axis',(1.,0.,0.));
#6931=DIRECTION('ref_axis',(0.,-1.,0.));
#6932=DIRECTION('center_axis',(1.,0.,0.));
#6933=DIRECTION('ref_axis',(0.,-1.,0.));
#6934=DIRECTION('center_axis',(-1.,0.,0.));
#6935=DIRECTION('ref_axis',(0.,-1.,0.));
#6936=DIRECTION('',(1.,0.,0.));
#6937=DIRECTION('center_axis',(-1.,0.,0.));
#6938=DIRECTION('ref_axis',(0.,-1.,0.));
#6939=DIRECTION('center_axis',(1.,0.,0.));
#6940=DIRECTION('ref_axis',(0.,-1.,0.));
#6941=DIRECTION('',(1.,0.,0.));
#6942=DIRECTION('center_axis',(1.,0.,0.));
#6943=DIRECTION('ref_axis',(0.,-1.,0.));
#6944=DIRECTION('center_axis',(1.,0.,0.));
#6945=DIRECTION('ref_axis',(0.,-1.,0.));
#6946=DIRECTION('center_axis',(-1.,0.,0.));
#6947=DIRECTION('ref_axis',(0.,-1.,0.));
#6948=DIRECTION('',(1.,0.,0.));
#6949=DIRECTION('center_axis',(-1.,0.,0.));
#6950=DIRECTION('ref_axis',(0.,-1.,0.));
#6951=DIRECTION('center_axis',(1.,0.,0.));
#6952=DIRECTION('ref_axis',(0.,-1.,0.));
#6953=DIRECTION('',(1.,0.,0.));
#6954=DIRECTION('center_axis',(1.,0.,0.));
#6955=DIRECTION('ref_axis',(0.,-1.,0.));
#6956=DIRECTION('center_axis',(1.,0.,0.));
#6957=DIRECTION('ref_axis',(0.,-1.,0.));
#6958=DIRECTION('center_axis',(-1.,0.,0.));
#6959=DIRECTION('ref_axis',(0.,-1.,0.));
#6960=DIRECTION('',(1.,0.,0.));
#6961=DIRECTION('center_axis',(-1.,0.,0.));
#6962=DIRECTION('ref_axis',(0.,-1.,0.));
#6963=DIRECTION('center_axis',(1.,0.,0.));
#6964=DIRECTION('ref_axis',(0.,-1.,0.));
#6965=DIRECTION('',(1.,0.,0.));
#6966=DIRECTION('center_axis',(1.,0.,0.));
#6967=DIRECTION('ref_axis',(0.,-1.,0.));
#6968=DIRECTION('center_axis',(1.,0.,0.));
#6969=DIRECTION('ref_axis',(0.,-1.,0.));
#6970=DIRECTION('center_axis',(-1.,0.,0.));
#6971=DIRECTION('ref_axis',(0.,-1.,0.));
#6972=DIRECTION('',(1.,0.,0.));
#6973=DIRECTION('center_axis',(-1.,0.,0.));
#6974=DIRECTION('ref_axis',(0.,-1.,0.));
#6975=DIRECTION('center_axis',(1.,0.,0.));
#6976=DIRECTION('ref_axis',(0.,-1.,0.));
#6977=DIRECTION('',(1.,0.,0.));
#6978=DIRECTION('center_axis',(1.,0.,0.));
#6979=DIRECTION('ref_axis',(0.,-1.,0.));
#6980=DIRECTION('center_axis',(1.,0.,0.));
#6981=DIRECTION('ref_axis',(0.,-1.,0.));
#6982=DIRECTION('center_axis',(-1.,0.,0.));
#6983=DIRECTION('ref_axis',(0.,-1.,0.));
#6984=DIRECTION('',(1.,0.,0.));
#6985=DIRECTION('center_axis',(-1.,0.,0.));
#6986=DIRECTION('ref_axis',(0.,-1.,0.));
#6987=DIRECTION('center_axis',(1.,0.,0.));
#6988=DIRECTION('ref_axis',(0.,-1.,0.));
#6989=DIRECTION('',(1.,0.,0.));
#6990=DIRECTION('center_axis',(1.,0.,0.));
#6991=DIRECTION('ref_axis',(0.,-1.,0.));
#6992=DIRECTION('center_axis',(1.,0.,0.));
#6993=DIRECTION('ref_axis',(0.,-1.,0.));
#6994=DIRECTION('center_axis',(-1.,0.,0.));
#6995=DIRECTION('ref_axis',(0.,-1.,0.));
#6996=DIRECTION('',(1.,0.,0.));
#6997=DIRECTION('center_axis',(-1.,0.,0.));
#6998=DIRECTION('ref_axis',(0.,-1.,0.));
#6999=DIRECTION('center_axis',(1.,0.,0.));
#7000=DIRECTION('ref_axis',(0.,-1.,0.));
#7001=DIRECTION('',(1.,0.,0.));
#7002=DIRECTION('center_axis',(1.,0.,0.));
#7003=DIRECTION('ref_axis',(0.,-1.,0.));
#7004=DIRECTION('center_axis',(-1.,0.,0.));
#7005=DIRECTION('ref_axis',(0.,-1.,0.));
#7006=DIRECTION('center_axis',(1.,0.,0.));
#7007=DIRECTION('ref_axis',(0.,-1.,0.));
#7008=DIRECTION('center_axis',(1.,0.,0.));
#7009=DIRECTION('ref_axis',(0.,-1.,0.));
#7010=DIRECTION('center_axis',(1.,0.,0.));
#7011=DIRECTION('ref_axis',(0.,-1.,0.));
#7012=DIRECTION('',(1.,0.,0.));
#7013=DIRECTION('center_axis',(-1.,0.,0.));
#7014=DIRECTION('ref_axis',(0.,-1.,0.));
#7015=DIRECTION('center_axis',(1.,0.,0.));
#7016=DIRECTION('ref_axis',(0.,-1.,0.));
#7017=DIRECTION('center_axis',(1.,0.,0.));
#7018=DIRECTION('ref_axis',(0.,-1.,0.));
#7019=DIRECTION('center_axis',(1.,0.,0.));
#7020=DIRECTION('ref_axis',(0.,-1.,0.));
#7021=DIRECTION('center_axis',(1.,0.,0.));
#7022=DIRECTION('ref_axis',(0.,-1.,0.));
#7023=DIRECTION('',(1.,0.,0.));
#7024=DIRECTION('center_axis',(-1.,0.,0.));
#7025=DIRECTION('ref_axis',(0.,-1.,0.));
#7026=DIRECTION('center_axis',(1.,0.,0.));
#7027=DIRECTION('ref_axis',(0.,-1.,0.));
#7028=DIRECTION('center_axis',(1.,0.,0.));
#7029=DIRECTION('ref_axis',(0.,-1.,0.));
#7030=DIRECTION('center_axis',(1.,0.,0.));
#7031=DIRECTION('ref_axis',(0.,-1.,0.));
#7032=DIRECTION('',(1.,0.,0.));
#7033=DIRECTION('center_axis',(-1.,0.,0.));
#7034=DIRECTION('ref_axis',(0.,-1.,0.));
#7035=DIRECTION('center_axis',(1.,0.,0.));
#7036=DIRECTION('ref_axis',(0.,-1.,0.));
#7037=DIRECTION('center_axis',(1.,0.,0.));
#7038=DIRECTION('ref_axis',(0.,-1.,0.));
#7039=DIRECTION('',(1.,0.,0.));
#7040=DIRECTION('center_axis',(1.,0.,0.));
#7041=DIRECTION('ref_axis',(0.,-1.,0.));
#7042=DIRECTION('center_axis',(-1.,0.,0.));
#7043=DIRECTION('ref_axis',(0.,-1.,0.));
#7044=DIRECTION('center_axis',(1.,0.,0.));
#7045=DIRECTION('ref_axis',(0.,-1.,0.));
#7046=DIRECTION('center_axis',(1.,0.,0.));
#7047=DIRECTION('ref_axis',(0.,-1.,0.));
#7048=DIRECTION('center_axis',(1.,0.,0.));
#7049=DIRECTION('ref_axis',(0.,-1.,0.));
#7050=DIRECTION('',(1.,0.,0.));
#7051=DIRECTION('center_axis',(-1.,0.,0.));
#7052=DIRECTION('ref_axis',(0.,-1.,0.));
#7053=DIRECTION('center_axis',(1.,0.,0.));
#7054=DIRECTION('ref_axis',(0.,-1.,0.));
#7055=DIRECTION('center_axis',(1.,0.,0.));
#7056=DIRECTION('ref_axis',(0.,-1.,0.));
#7057=DIRECTION('center_axis',(1.,0.,0.));
#7058=DIRECTION('ref_axis',(0.,-1.,0.));
#7059=DIRECTION('',(1.,0.,0.));
#7060=DIRECTION('center_axis',(1.,0.,0.));
#7061=DIRECTION('ref_axis',(0.,1.,0.));
#7062=DIRECTION('center_axis',(-1.,0.,0.));
#7063=DIRECTION('ref_axis',(0.,1.,0.));
#7064=DIRECTION('center_axis',(-1.,0.,0.));
#7065=DIRECTION('ref_axis',(0.,1.,0.));
#7066=DIRECTION('center_axis',(-1.,0.,0.));
#7067=DIRECTION('ref_axis',(0.,1.,0.));
#7068=DIRECTION('',(-1.,0.,0.));
#7069=DIRECTION('center_axis',(1.,0.,0.));
#7070=DIRECTION('ref_axis',(0.,1.,0.));
#7071=DIRECTION('center_axis',(-1.,0.,0.));
#7072=DIRECTION('ref_axis',(0.,1.,0.));
#7073=DIRECTION('center_axis',(-1.,0.,0.));
#7074=DIRECTION('ref_axis',(0.,1.,0.));
#7075=DIRECTION('center_axis',(-1.,0.,0.));
#7076=DIRECTION('ref_axis',(0.,1.,0.));
#7077=DIRECTION('',(-1.,0.,0.));
#7078=DIRECTION('center_axis',(1.,0.,0.));
#7079=DIRECTION('ref_axis',(0.,1.,0.));
#7080=DIRECTION('center_axis',(-1.,0.,0.));
#7081=DIRECTION('ref_axis',(0.,1.,0.));
#7082=DIRECTION('center_axis',(-1.,0.,0.));
#7083=DIRECTION('ref_axis',(0.,1.,0.));
#7084=DIRECTION('center_axis',(-1.,0.,0.));
#7085=DIRECTION('ref_axis',(0.,1.,0.));
#7086=DIRECTION('',(-1.,0.,0.));
#7087=DIRECTION('center_axis',(1.,0.,0.));
#7088=DIRECTION('ref_axis',(0.,1.,0.));
#7089=DIRECTION('center_axis',(-1.,0.,0.));
#7090=DIRECTION('ref_axis',(0.,1.,0.));
#7091=DIRECTION('center_axis',(-1.,0.,0.));
#7092=DIRECTION('ref_axis',(0.,1.,0.));
#7093=DIRECTION('center_axis',(-1.,0.,0.));
#7094=DIRECTION('ref_axis',(0.,1.,0.));
#7095=DIRECTION('',(-1.,0.,0.));
#7096=DIRECTION('center_axis',(1.,0.,0.));
#7097=DIRECTION('ref_axis',(0.,1.,0.));
#7098=DIRECTION('center_axis',(-1.,0.,0.));
#7099=DIRECTION('ref_axis',(0.,1.,0.));
#7100=DIRECTION('center_axis',(-1.,0.,0.));
#7101=DIRECTION('ref_axis',(0.,1.,0.));
#7102=DIRECTION('center_axis',(-1.,0.,0.));
#7103=DIRECTION('ref_axis',(0.,1.,0.));
#7104=DIRECTION('',(-1.,0.,0.));
#7105=DIRECTION('center_axis',(1.,0.,0.));
#7106=DIRECTION('ref_axis',(0.,1.,0.));
#7107=DIRECTION('center_axis',(-1.,0.,0.));
#7108=DIRECTION('ref_axis',(0.,1.,0.));
#7109=DIRECTION('center_axis',(-1.,0.,0.));
#7110=DIRECTION('ref_axis',(0.,1.,0.));
#7111=DIRECTION('center_axis',(-1.,0.,0.));
#7112=DIRECTION('ref_axis',(0.,1.,0.));
#7113=DIRECTION('',(-1.,0.,0.));
#7114=DIRECTION('center_axis',(0.,-1.,0.));
#7115=DIRECTION('ref_axis',(-0.707106781186547,0.,-0.707106781186547));
#7116=DIRECTION('center_axis',(0.,-1.,0.));
#7117=DIRECTION('ref_axis',(-0.707106781186548,0.,-0.707106781186547));
#7118=DIRECTION('',(0.,1.,0.));
#7119=DIRECTION('center_axis',(0.,1.,0.));
#7120=DIRECTION('ref_axis',(-0.707106781186548,0.,-0.707106781186547));
#7121=DIRECTION('',(0.,1.,0.));
#7122=DIRECTION('center_axis',(1.,0.,0.));
#7123=DIRECTION('ref_axis',(0.,1.,0.));
#7124=DIRECTION('',(0.,0.,1.));
#7125=DIRECTION('',(0.,-1.,0.));
#7126=DIRECTION('',(0.,0.,-1.));
#7127=DIRECTION('',(0.,1.,0.));
#7128=DIRECTION('center_axis',(0.,1.,0.));
#7129=DIRECTION('ref_axis',(0.707106781186547,0.,-0.707106781186547));
#7130=DIRECTION('center_axis',(0.,-1.,0.));
#7131=DIRECTION('ref_axis',(0.707106781186548,0.,-0.707106781186547));
#7132=DIRECTION('center_axis',(0.,1.,0.));
#7133=DIRECTION('ref_axis',(0.707106781186548,0.,-0.707106781186547));
#7134=DIRECTION('center_axis',(-1.,0.,0.));
#7135=DIRECTION('ref_axis',(0.,-1.,0.));
#7136=DIRECTION('',(0.,0.,-1.));
#7137=DIRECTION('',(0.,-1.,0.));
#7138=DIRECTION('',(0.,0.,1.));
#7139=DIRECTION('center_axis',(0.,1.,0.));
#7140=DIRECTION('ref_axis',(-1.,0.,0.));
#7141=DIRECTION('',(0.,0.,1.));
#7142=DIRECTION('center_axis',(0.,-1.,0.));
#7143=DIRECTION('ref_axis',(0.707106781186548,0.,-0.707106781186547));
#7144=DIRECTION('',(1.,0.,0.));
#7145=DIRECTION('center_axis',(0.,-1.,0.));
#7146=DIRECTION('ref_axis',(-0.707106781186548,0.,-0.707106781186547));
#7147=DIRECTION('',(0.,0.,-1.));
#7148=DIRECTION('',(-1.,0.,0.));
#7149=DIRECTION('center_axis',(0.,0.,1.));
#7150=DIRECTION('ref_axis',(0.707106781186547,0.707106781186547,0.));
#7151=DIRECTION('center_axis',(0.,0.,-1.));
#7152=DIRECTION('ref_axis',(0.707106781186547,0.707106781186547,0.));
#7153=DIRECTION('center_axis',(0.,0.,-1.));
#7154=DIRECTION('ref_axis',(0.,1.,0.));
#7155=DIRECTION('center_axis',(-1.,0.,0.));
#7156=DIRECTION('ref_axis',(0.,1.,0.));
#7157=DIRECTION('center_axis',(-1.,0.,0.));
#7158=DIRECTION('ref_axis',(0.,0.707106781186547,-0.707106781186547));
#7159=DIRECTION('center_axis',(-1.,0.,0.));
#7160=DIRECTION('ref_axis',(0.,1.,0.));
#7161=DIRECTION('center_axis',(0.,0.,1.));
#7162=DIRECTION('ref_axis',(0.,1.,0.));
#7163=DIRECTION('center_axis',(0.,0.,1.));
#7164=DIRECTION('ref_axis',(-0.707106781186547,0.707106781186547,0.));
#7165=DIRECTION('center_axis',(0.,0.,-1.));
#7166=DIRECTION('ref_axis',(-0.707106781186547,0.707106781186547,0.));
#7167=DIRECTION('center_axis',(0.,0.,1.));
#7168=DIRECTION('ref_axis',(1.,0.,0.));
#7169=DIRECTION('center_axis',(0.,0.,-1.));
#7170=DIRECTION('ref_axis',(-0.707106781186547,-0.707106781186547,0.));
#7171=DIRECTION('',(1.,0.,0.));
#7172=DIRECTION('center_axis',(0.,0.,-1.));
#7173=DIRECTION('ref_axis',(0.707106781186547,-0.707106781186547,0.));
#7174=DIRECTION('center_axis',(0.,-1.,0.));
#7175=DIRECTION('ref_axis',(1.,0.,0.));
#7176=DIRECTION('',(0.,0.,1.));
#7177=DIRECTION('center_axis',(0.,1.,0.));
#7178=DIRECTION('ref_axis',(-0.707106781186548,0.,-0.707106781186547));
#7179=DIRECTION('',(-1.,0.,0.));
#7180=DIRECTION('center_axis',(0.,1.,0.));
#7181=DIRECTION('ref_axis',(0.707106781186548,0.,-0.707106781186547));
#7182=DIRECTION('',(0.,0.,-1.));
#7183=DIRECTION('center_axis',(0.,0.,1.));
#7184=DIRECTION('ref_axis',(-0.707106781186547,-0.707106781186547,0.));
#7185=DIRECTION('center_axis',(0.,0.,-1.));
#7186=DIRECTION('ref_axis',(0.,-1.,0.));
#7187=DIRECTION('center_axis',(1.,0.,0.));
#7188=DIRECTION('ref_axis',(0.,-1.,0.));
#7189=DIRECTION('center_axis',(1.,0.,0.));
#7190=DIRECTION('ref_axis',(0.,-0.707106781186547,-0.707106781186547));
#7191=DIRECTION('center_axis',(1.,0.,0.));
#7192=DIRECTION('ref_axis',(0.,-1.,0.));
#7193=DIRECTION('center_axis',(0.,0.,1.));
#7194=DIRECTION('ref_axis',(0.,-1.,0.));
#7195=DIRECTION('center_axis',(0.,0.,1.));
#7196=DIRECTION('ref_axis',(0.707106781186547,-0.707106781186547,0.));
#7197=DIRECTION('center_axis',(0.,-1.,0.));
#7198=DIRECTION('ref_axis',(-0.707106781186547,0.,-0.707106781186547));
#7199=DIRECTION('center_axis',(0.,-1.,0.));
#7200=DIRECTION('ref_axis',(-0.707106781186548,0.,-0.707106781186547));
#7201=DIRECTION('',(0.,1.,0.));
#7202=DIRECTION('center_axis',(0.,1.,0.));
#7203=DIRECTION('ref_axis',(-0.707106781186548,0.,-0.707106781186547));
#7204=DIRECTION('',(0.,-1.,0.));
#7205=DIRECTION('center_axis',(1.,0.,0.));
#7206=DIRECTION('ref_axis',(0.,0.707106781186547,-0.707106781186547));
#7207=DIRECTION('center_axis',(-1.,0.,0.));
#7208=DIRECTION('ref_axis',(0.,0.707106781186547,-0.707106781186547));
#7209=DIRECTION('',(-1.,0.,0.));
#7210=DIRECTION('',(1.,0.,0.));
#7211=DIRECTION('center_axis',(0.,0.,-1.));
#7212=DIRECTION('ref_axis',(-1.,0.,0.));
#7213=DIRECTION('',(1.,0.,0.));
#7214=DIRECTION('',(0.,-1.,0.));
#7215=DIRECTION('center_axis',(-1.,0.,0.));
#7216=DIRECTION('ref_axis',(0.,-0.707106781186547,-0.707106781186547));
#7217=DIRECTION('center_axis',(-1.,0.,0.));
#7218=DIRECTION('ref_axis',(0.,-0.707106781186547,-0.707106781186547));
#7219=DIRECTION('',(-1.,0.,0.));
#7220=DIRECTION('center_axis',(-1.,0.,0.));
#7221=DIRECTION('ref_axis',(0.,1.,0.));
#7222=DIRECTION('',(0.,1.,0.));
#7223=DIRECTION('center_axis',(-1.,0.,0.));
#7224=DIRECTION('ref_axis',(0.,-0.707106781186547,0.707106781186547));
#7225=DIRECTION('center_axis',(1.,0.,0.));
#7226=DIRECTION('ref_axis',(0.,0.707106781186547,-0.707106781186547));
#7227=DIRECTION('',(0.,1.,0.));
#7228=DIRECTION('center_axis',(-1.,0.,0.));
#7229=DIRECTION('ref_axis',(0.,0.707106781186547,-0.707106781186548));
#7230=DIRECTION('center_axis',(1.,0.,0.));
#7231=DIRECTION('ref_axis',(0.,-0.707106781186547,0.707106781186548));
#7232=DIRECTION('center_axis',(1.,0.,0.));
#7233=DIRECTION('ref_axis',(0.,-0.707106781186547,0.707106781186548));
#7234=DIRECTION('center_axis',(1.,0.,0.));
#7235=DIRECTION('ref_axis',(0.,0.707106781186547,-0.707106781186547));
#7236=DIRECTION('center_axis',(-1.,0.,0.));
#7237=DIRECTION('ref_axis',(0.,0.707106781186547,-0.707106781186547));
#7238=DIRECTION('',(-1.,0.,0.));
#7239=DIRECTION('',(1.,0.,0.));
#7240=DIRECTION('center_axis',(0.,0.,-1.));
#7241=DIRECTION('ref_axis',(-1.,0.,0.));
#7242=DIRECTION('',(1.,0.,0.));
#7243=DIRECTION('',(0.,1.,0.));
#7244=DIRECTION('',(0.,-1.,0.));
#7245=DIRECTION('center_axis',(1.,0.,0.));
#7246=DIRECTION('ref_axis',(0.,-1.,0.));
#7247=DIRECTION('center_axis',(1.,0.,0.));
#7248=DIRECTION('ref_axis',(0.,0.707106781186547,0.707106781186547));
#7249=DIRECTION('center_axis',(-1.,0.,0.));
#7250=DIRECTION('ref_axis',(0.,-0.707106781186547,-0.707106781186547));
#7251=DIRECTION('center_axis',(1.,0.,0.));
#7252=DIRECTION('ref_axis',(0.,-0.707106781186547,0.707106781186547));
#7253=DIRECTION('center_axis',(1.,0.,0.));
#7254=DIRECTION('ref_axis',(0.,-1.,0.));
#7255=DIRECTION('',(0.,-1.,0.));
#7256=DIRECTION('center_axis',(-1.,0.,0.));
#7257=DIRECTION('ref_axis',(0.,-0.707106781186547,-0.707106781186547));
#7258=DIRECTION('center_axis',(1.,0.,0.));
#7259=DIRECTION('ref_axis',(0.,-0.707106781186547,-0.707106781186547));
#7260=DIRECTION('',(-1.,0.,0.));
#7261=DIRECTION('center_axis',(1.,0.,0.));
#7262=DIRECTION('ref_axis',(0.,0.,-1.));
#7263=DIRECTION('center_axis',(0.,0.,-1.));
#7264=DIRECTION('ref_axis',(-1.,0.,0.));
#7265=DIRECTION('center_axis',(0.,0.,1.));
#7266=DIRECTION('ref_axis',(-0.707106781186547,0.707106781186547,0.));
#7267=DIRECTION('',(0.,0.,1.));
#7268=DIRECTION('center_axis',(-1.,0.,0.));
#7269=DIRECTION('ref_axis',(0.,0.,1.));
#7270=DIRECTION('',(0.,-1.,0.));
#7271=DIRECTION('',(0.,0.,-1.));
#7272=DIRECTION('center_axis',(0.,0.,1.));
#7273=DIRECTION('ref_axis',(-0.707106781186547,-0.707106781186547,0.));
#7274=DIRECTION('center_axis',(0.,0.,-1.));
#7275=DIRECTION('ref_axis',(0.,-1.,0.));
#7276=DIRECTION('center_axis',(1.,0.,0.));
#7277=DIRECTION('ref_axis',(0.,-1.,0.));
#7278=DIRECTION('center_axis',(-1.,0.,0.));
#7279=DIRECTION('ref_axis',(0.,1.,0.));
#7280=DIRECTION('center_axis',(1.,0.,0.));
#7281=DIRECTION('ref_axis',(0.,0.707106781186547,0.707106781186548));
#7282=DIRECTION('center_axis',(-1.,0.,0.));
#7283=DIRECTION('ref_axis',(0.,-0.707106781186547,-0.707106781186548));
#7284=DIRECTION('center_axis',(-1.,0.,0.));
#7285=DIRECTION('ref_axis',(0.,0.707106781186547,0.707106781186547));
#7286=DIRECTION('',(0.,-1.,0.));
#7287=DIRECTION('center_axis',(1.,0.,0.));
#7288=DIRECTION('ref_axis',(0.,0.707106781186547,0.707106781186548));
#7289=DIRECTION('center_axis',(0.627844246330632,-0.619742388957804,-0.470883184747974));
#7290=DIRECTION('ref_axis',(0.7025,0.711683742964528,0.));
#7291=DIRECTION('center_axis',(-0.998977285957318,0.0452148442588347,-4.41125105521395E-16));
#7292=DIRECTION('ref_axis',(-4.44089209850063E-16,-5.55111512312578E-17,
1.));
#7293=DIRECTION('center_axis',(-0.998977285957318,-0.0452148442588347,0.));
#7294=DIRECTION('ref_axis',(0.0451445646076336,-0.997424526540235,0.055734030379794));
#7295=DIRECTION('center_axis',(0.627844246330632,0.619742388957804,-0.470883184747974));
#7296=DIRECTION('ref_axis',(0.6,0.,0.8));
#7297=DIRECTION('center_axis',(-1.,0.,0.));
#7298=DIRECTION('ref_axis',(0.,-1.,0.));
#7299=DIRECTION('center_axis',(0.,-1.,0.));
#7300=DIRECTION('ref_axis',(1.,0.,0.));
#7301=DIRECTION('center_axis',(0.,-1.,0.));
#7302=DIRECTION('ref_axis',(0.958644876896549,0.,0.284604989415154));
#7303=DIRECTION('center_axis',(1.77635683940025E-15,-1.,-2.72799751452094E-15));
#7304=DIRECTION('ref_axis',(1.,1.77635683940025E-15,0.));
#7305=DIRECTION('center_axis',(-1.,0.,0.));
#7306=DIRECTION('ref_axis',(0.,0.,1.));
#7307=DIRECTION('center_axis',(-1.,0.,0.));
#7308=DIRECTION('ref_axis',(0.,0.,1.));
#7309=DIRECTION('center_axis',(0.,0.,-1.));
#7310=DIRECTION('ref_axis',(1.,0.,0.));
#7311=DIRECTION('center_axis',(0.,-1.,0.));
#7312=DIRECTION('ref_axis',(1.,0.,0.));
#7313=DIRECTION('center_axis',(0.,-1.,0.));
#7314=DIRECTION('ref_axis',(0.707106781186547,0.,0.707106781186547));
#7315=DIRECTION('center_axis',(0.,-1.,0.));
#7316=DIRECTION('ref_axis',(0.707106781186547,0.,0.707106781186547));
#7317=DIRECTION('center_axis',(0.,-1.,-1.11022302462516E-16));
#7318=DIRECTION('ref_axis',(1.,0.,0.));
#7319=DIRECTION('center_axis',(0.,0.,1.));
#7320=DIRECTION('ref_axis',(1.,0.,0.));
#7321=DIRECTION('center_axis',(-1.,0.,0.));
#7322=DIRECTION('ref_axis',(0.,0.,1.));
#7323=DIRECTION('center_axis',(-1.,0.,0.));
#7324=DIRECTION('ref_axis',(0.,-0.707106781186547,0.707106781186547));
#7325=DIRECTION('center_axis',(1.,0.,0.));
#7326=DIRECTION('ref_axis',(0.,0.707106781186547,0.707106781186547));
#7327=DIRECTION('center_axis',(-1.,0.,0.));
#7328=DIRECTION('ref_axis',(0.,-0.707106781186547,0.707106781186547));
#7329=DIRECTION('center_axis',(1.,0.,0.));
#7330=DIRECTION('ref_axis',(0.,-0.707106781186547,0.707106781186547));
#7331=DIRECTION('center_axis',(1.,0.,0.));
#7332=DIRECTION('ref_axis',(0.,0.707106781186547,0.707106781186547));
#7333=DIRECTION('center_axis',(1.,0.,0.));
#7334=DIRECTION('ref_axis',(0.,0.707106781186547,0.707106781186547));
#7335=DIRECTION('center_axis',(1.,0.,0.));
#7336=DIRECTION('ref_axis',(0.,-1.,0.));
#7337=DIRECTION('',(0.,1.,0.));
#7338=DIRECTION('',(0.,1.,0.));
#7339=DIRECTION('',(0.,1.,0.));
#7340=DIRECTION('center_axis',(0.,1.,0.));
#7341=DIRECTION('ref_axis',(-0.707106781186547,0.,0.707106781186547));
#7342=DIRECTION('center_axis',(1.,0.,0.));
#7343=DIRECTION('ref_axis',(0.,0.707106781186547,0.707106781186547));
#7344=DIRECTION('center_axis',(1.,0.,0.));
#7345=DIRECTION('ref_axis',(0.,0.707106781186547,0.707106781186547));
#7346=DIRECTION('center_axis',(-1.,0.,0.));
#7347=DIRECTION('ref_axis',(0.,-0.707106781186547,0.707106781186547));
#7348=DIRECTION('center_axis',(1.,0.,0.));
#7349=DIRECTION('ref_axis',(0.,-0.707106781186547,0.707106781186547));
#7350=DIRECTION('center_axis',(-1.,0.,0.));
#7351=DIRECTION('ref_axis',(0.,0.,1.));
#7352=DIRECTION('center_axis',(1.,0.,0.));
#7353=DIRECTION('ref_axis',(0.,-1.,0.));
#7354=DIRECTION('center_axis',(0.,-1.,0.));
#7355=DIRECTION('ref_axis',(0.707106781186548,0.,0.707106781186548));
#7356=DIRECTION('',(0.,-1.,0.));
#7357=DIRECTION('center_axis',(1.,0.,0.));
#7358=DIRECTION('ref_axis',(0.,-1.,0.));
#7359=DIRECTION('center_axis',(0.,0.,-1.));
#7360=DIRECTION('ref_axis',(1.,0.,0.));
#7361=DIRECTION('center_axis',(-1.,0.,0.));
#7362=DIRECTION('ref_axis',(0.,0.,1.));
#7363=DIRECTION('center_axis',(1.,0.,0.));
#7364=DIRECTION('ref_axis',(0.,0.,-1.));
#7365=DIRECTION('center_axis',(0.,0.,1.));
#7366=DIRECTION('ref_axis',(1.,0.,0.));
#7367=DIRECTION('center_axis',(1.77635683940025E-15,-1.,-2.72799751452094E-15));
#7368=DIRECTION('ref_axis',(1.,1.77635683940025E-15,0.));
#7369=DIRECTION('center_axis',(0.,-1.,0.));
#7370=DIRECTION('ref_axis',(0.958644876896549,0.,0.284604989415154));
#7371=DIRECTION('',(0.,-1.,0.));
#7372=DIRECTION('center_axis',(0.,-1.,0.));
#7373=DIRECTION('ref_axis',(-0.707106781186548,0.,-0.707106781186547));
#7374=DIRECTION('center_axis',(0.,0.,-1.));
#7375=DIRECTION('ref_axis',(0.,-1.,0.));
#7376=DIRECTION('center_axis',(0.,0.,1.));
#7377=DIRECTION('ref_axis',(-0.707106781186547,-0.707106781186547,0.));
#7378=DIRECTION('',(0.,0.,-1.));
#7379=DIRECTION('center_axis',(-1.,0.,0.));
#7380=DIRECTION('ref_axis',(0.,0.,1.));
#7381=DIRECTION('',(0.,1.,0.));
#7382=DIRECTION('',(0.,0.,1.));
#7383=DIRECTION('center_axis',(0.,0.,1.));
#7384=DIRECTION('ref_axis',(-0.707106781186547,0.707106781186547,0.));
#7385=DIRECTION('center_axis',(0.,0.,-1.));
#7386=DIRECTION('ref_axis',(-1.,0.,0.));
#7387=DIRECTION('center_axis',(0.,1.,0.));
#7388=DIRECTION('ref_axis',(-0.707106781186548,0.,-0.707106781186547));
#7389=DIRECTION('center_axis',(1.,0.,0.));
#7390=DIRECTION('ref_axis',(0.,-1.,0.));
#7391=DIRECTION('center_axis',(1.,0.,0.));
#7392=DIRECTION('ref_axis',(0.,-1.,0.));
#7393=DIRECTION('center_axis',(1.,0.,0.));
#7394=DIRECTION('ref_axis',(0.,-1.,0.));
#7395=DIRECTION('center_axis',(0.,0.,-1.));
#7396=DIRECTION('ref_axis',(-1.,0.,0.));
#7397=DIRECTION('',(0.,-1.,0.));
#7398=DIRECTION('center_axis',(0.,-1.,0.));
#7399=DIRECTION('ref_axis',(-0.707106781186547,0.,-0.707106781186547));
#7400=DIRECTION('center_axis',(1.,0.,0.));
#7401=DIRECTION('ref_axis',(0.,-1.,0.));
#7402=DIRECTION('center_axis',(1.,0.,0.));
#7403=DIRECTION('ref_axis',(0.,-0.707106781186547,-0.707106781186547));
#7404=DIRECTION('center_axis',(1.,0.,0.));
#7405=DIRECTION('ref_axis',(0.,-1.,0.));
#7406=DIRECTION('center_axis',(0.,1.,0.));
#7407=DIRECTION('ref_axis',(0.707106781186547,0.,-0.707106781186547));
#7408=DIRECTION('center_axis',(1.,0.,0.));
#7409=DIRECTION('ref_axis',(0.,-1.,0.));
#7410=DIRECTION('center_axis',(1.,0.,0.));
#7411=DIRECTION('ref_axis',(0.,-1.,0.));
#7412=DIRECTION('center_axis',(0.,0.,-1.));
#7413=DIRECTION('ref_axis',(-1.,0.,0.));
#7414=DIRECTION('',(-1.,0.,0.));
#7415=DIRECTION('',(0.,1.,0.));
#7416=DIRECTION('',(1.,0.,0.));
#7417=DIRECTION('',(0.,-1.,0.));
#7418=DIRECTION('center_axis',(0.,0.,-1.));
#7419=DIRECTION('ref_axis',(-1.,0.,0.));
#7420=DIRECTION('',(-1.,0.,0.));
#7421=DIRECTION('',(0.,1.,0.));
#7422=DIRECTION('',(0.,-1.,0.));
#7423=DIRECTION('center_axis',(0.,0.,-1.));
#7424=DIRECTION('ref_axis',(-1.,0.,0.));
#7425=DIRECTION('',(0.,-1.,0.));
#7426=DIRECTION('',(-1.,0.,0.));
#7427=DIRECTION('',(0.,1.,0.));
#7428=DIRECTION('center_axis',(-1.,0.,0.));
#7429=DIRECTION('ref_axis',(0.,1.,0.));
#7430=DIRECTION('',(-1.,0.,0.));
#7431=DIRECTION('center_axis',(1.,0.,0.));
#7432=DIRECTION('ref_axis',(0.,1.,0.));
#7433=DIRECTION('center_axis',(0.,1.,0.));
#7434=DIRECTION('ref_axis',(-0.707106781186548,0.,0.707106781186548));
#7435=DIRECTION('',(0.,1.,0.));
#7436=DIRECTION('center_axis',(0.,1.,0.));
#7437=DIRECTION('ref_axis',(-0.707106781186548,0.,0.707106781186548));
#7438=DIRECTION('',(0.,1.,0.));
#7439=DIRECTION('center_axis',(0.,1.,0.));
#7440=DIRECTION('ref_axis',(-0.707106781186548,0.,0.707106781186548));
#7441=DIRECTION('',(0.,1.,0.));
#7442=DIRECTION('center_axis',(-1.,0.,0.));
#7443=DIRECTION('ref_axis',(0.,1.,0.));
#7444=DIRECTION('',(-1.,0.,0.));
#7445=DIRECTION('center_axis',(1.,0.,0.));
#7446=DIRECTION('ref_axis',(0.,1.,0.));
#7447=DIRECTION('center_axis',(-1.,0.,0.));
#7448=DIRECTION('ref_axis',(0.,-0.707106781186547,0.707106781186547));
#7449=DIRECTION('center_axis',(-1.,0.,0.));
#7450=DIRECTION('ref_axis',(0.,-0.707106781186547,0.707106781186547));
#7451=DIRECTION('center_axis',(-1.,0.,0.));
#7452=DIRECTION('ref_axis',(0.,1.,0.));
#7453=DIRECTION('center_axis',(1.,0.,0.));
#7454=DIRECTION('ref_axis',(0.,1.,0.));
#7455=DIRECTION('center_axis',(-1.,0.,0.));
#7456=DIRECTION('ref_axis',(0.,1.,0.));
#7457=DIRECTION('center_axis',(-1.,0.,0.));
#7458=DIRECTION('ref_axis',(0.,0.707106781186547,0.707106781186547));
#7459=DIRECTION('center_axis',(-1.,0.,0.));
#7460=DIRECTION('ref_axis',(0.,1.,0.));
#7461=DIRECTION('center_axis',(1.,0.,0.));
#7462=DIRECTION('ref_axis',(0.,1.,0.));
#7463=DIRECTION('center_axis',(-1.,0.,0.));
#7464=DIRECTION('ref_axis',(0.,1.,0.));
#7465=DIRECTION('center_axis',(-1.,0.,0.));
#7466=DIRECTION('ref_axis',(0.,1.,0.));
#7467=DIRECTION('center_axis',(1.,0.,0.));
#7468=DIRECTION('ref_axis',(0.,0.707106781186547,0.707106781186547));
#7469=CARTESIAN_POINT('',(0.,0.,0.));
#7470=CARTESIAN_POINT('Ctrl Pts',(4.04142287629604,-24.641210369173,147.306528512051));
#7471=CARTESIAN_POINT('Ctrl Pts',(4.03977696826978,-24.654504564297,147.308003113483));
#7472=CARTESIAN_POINT('Ctrl Pts',(4.03675004971719,-24.6822345822951,147.310716443363));
#7473=CARTESIAN_POINT('Ctrl Pts',(4.03258722838488,-24.7279735209115,147.314484235549));
#7474=CARTESIAN_POINT('Ctrl Pts',(4.02847998188961,-24.7787736229157,147.318323326358));
#7475=CARTESIAN_POINT('Ctrl Pts',(4.02423757631513,-24.8357806603039,147.322558198028));
#7476=CARTESIAN_POINT('Ctrl Pts',(4.01974044017687,-24.900107492712,147.327396833343));
#7477=CARTESIAN_POINT('Ctrl Pts',(4.0150284869765,-24.9725599624588,147.33276972344));
#7478=CARTESIAN_POINT('Ctrl Pts',(4.0104386328603,-25.0527321175474,147.338149318822));
#7479=CARTESIAN_POINT('Ctrl Pts',(4.00671054118247,-25.1374827820625,147.342613644101));
#7480=CARTESIAN_POINT('Ctrl Pts',(4.00460294421674,-25.2202176784541,147.345277248119));
#7481=CARTESIAN_POINT('Ctrl Pts',(4.00388833647607,-25.2940032605024,147.346228027333));
#7482=CARTESIAN_POINT('Ctrl Pts',(4.00366092571266,-25.3382072149872,147.346446609407));
#7483=CARTESIAN_POINT('Ctrl Pts',(4.00366092571266,-25.3611915370645,147.346446609407));
#7484=CARTESIAN_POINT('Ctrl Pts',(3.99744136292329,-24.6652631402917,147.272618927302));
#7485=CARTESIAN_POINT('Ctrl Pts',(3.99739856429779,-24.6785069402015,147.274919204398));
#7486=CARTESIAN_POINT('Ctrl Pts',(3.99717569974107,-24.706137987468,147.279174253309));
#7487=CARTESIAN_POINT('Ctrl Pts',(3.99626403690239,-24.7516871189889,147.284954703395));
#7488=CARTESIAN_POINT('Ctrl Pts',(3.99464772524881,-24.8022144736088,147.290495103004));
#7489=CARTESIAN_POINT('Ctrl Pts',(3.99229535085214,-24.8588027879662,147.296053045234));
#7490=CARTESIAN_POINT('Ctrl Pts',(3.98920921784031,-24.9223883593065,147.301716002937));
#7491=CARTESIAN_POINT('Ctrl Pts',(3.98552425017252,-24.9934584834329,147.307249802788));
#7492=CARTESIAN_POINT('Ctrl Pts',(3.98162934639963,-25.0708907869027,147.312106769764));
#7493=CARTESIAN_POINT('Ctrl Pts',(3.97823387877309,-25.1511368574005,147.315533518019));
#7494=CARTESIAN_POINT('Ctrl Pts',(3.97594003545191,-25.2283597088075,147.316990088523));
#7495=CARTESIAN_POINT('Ctrl Pts',(3.97438372183547,-25.2974244200823,147.316754799967));
#7496=CARTESIAN_POINT('Ctrl Pts',(3.97327504703208,-25.3394024318878,147.316060730726));
#7497=CARTESIAN_POINT('Ctrl Pts',(3.97280757197545,-25.3611915370645,147.31559325567));
#7498=CARTESIAN_POINT('Ctrl Pts',(3.90673811292217,-24.7168756337194,147.228372536209));
#7499=CARTESIAN_POINT('Ctrl Pts',(3.90900901439763,-24.7301469952646,147.230914130396));
#7500=CARTESIAN_POINT('Ctrl Pts',(3.91293203705239,-24.7578365093283,147.235744314702));
#7501=CARTESIAN_POINT('Ctrl Pts',(3.9169808324938,-24.8035221046048,147.242425654696));
#7502=CARTESIAN_POINT('Ctrl Pts',(3.91925035305643,-24.8542184412841,147.248632193259));
#7503=CARTESIAN_POINT('Ctrl Pts',(3.91991862511226,-24.9108114276544,147.254313182072));
#7504=CARTESIAN_POINT('Ctrl Pts',(3.91919509820082,-24.9735705617844,147.259264184657));
#7505=CARTESIAN_POINT('Ctrl Pts',(3.91740281012742,-25.0415134332212,147.263181704781));
#7506=CARTESIAN_POINT('Ctrl Pts',(3.91499215727541,-25.1120235831268,147.265697463743));
#7507=CARTESIAN_POINT('Ctrl Pts',(3.91248073834762,-25.1815238381959,147.266572528787));
#7508=CARTESIAN_POINT('Ctrl Pts',(3.91000058812105,-25.2465574189067,147.265939707206));
#7509=CARTESIAN_POINT('Ctrl Pts',(3.90696774590439,-25.3051219814074,147.264301211345));
#7510=CARTESIAN_POINT('Ctrl Pts',(3.9043065153232,-25.3419568777876,147.262846392065));
#7511=CARTESIAN_POINT('Ctrl Pts',(3.9029802033992,-25.3611915370645,147.262012990833));
#7512=CARTESIAN_POINT('Ctrl Pts',(3.71791949410952,-24.8381293284383,147.200752727371));
#7513=CARTESIAN_POINT('Ctrl Pts',(3.72357904594202,-24.8515225918818,147.202137324125));
#7514=CARTESIAN_POINT('Ctrl Pts',(3.7340506704478,-24.8792722864348,147.204686240193));
#7515=CARTESIAN_POINT('Ctrl Pts',(3.74737015272229,-24.9238330792001,147.207841053855));
#7516=CARTESIAN_POINT('Ctrl Pts',(3.75859161581205,-24.9713670833322,147.210312131006));
#7517=CARTESIAN_POINT('Ctrl Pts',(3.76807971718696,-25.0215890790491,147.212095319356));
#7518=CARTESIAN_POINT('Ctrl Pts',(3.77594704735826,-25.0733576489097,147.213218422335));
#7519=CARTESIAN_POINT('Ctrl Pts',(3.78211342825723,-25.1250552486743,147.213753360133));
#7520=CARTESIAN_POINT('Ctrl Pts',(3.78633738264069,-25.1751213733103,147.213838269352));
#7521=CARTESIAN_POINT('Ctrl Pts',(3.78845178314288,-25.223475355632,147.213632963973));
#7522=CARTESIAN_POINT('Ctrl Pts',(3.78825897395609,-25.270209671177,147.213240436483));
#7523=CARTESIAN_POINT('Ctrl Pts',(3.78555665269292,-25.3159208238408,147.212537247763));
#7524=CARTESIAN_POINT('Ctrl Pts',(3.78253028867426,-25.3460780924277,147.211836977721));
#7525=CARTESIAN_POINT('Ctrl Pts',(3.78100314085595,-25.3611915370645,147.211488437229));
#7526=CARTESIAN_POINT('Ctrl Pts',(3.58032282027962,-24.9319182612755,147.2));
#7527=CARTESIAN_POINT('Ctrl Pts',(3.58899793315622,-24.9429731540192,147.2));
#7528=CARTESIAN_POINT('Ctrl Pts',(3.60544827720391,-24.9657944728283,147.2));
#7529=CARTESIAN_POINT('Ctrl Pts',(3.62717941053336,-25.0019893660962,147.2));
#7530=CARTESIAN_POINT('Ctrl Pts',(3.64600986345773,-25.0402161725828,147.2));
#7531=CARTESIAN_POINT('Ctrl Pts',(3.66200476258884,-25.0802725392009,147.2));
#7532=CARTESIAN_POINT('Ctrl Pts',(3.67499376223005,-25.1213759697286,147.2));
#7533=CARTESIAN_POINT('Ctrl Pts',(3.68479331795874,-25.1626517392496,147.2));
#7534=CARTESIAN_POINT('Ctrl Pts',(3.69137968126554,-25.2036000999376,147.2));
#7535=CARTESIAN_POINT('Ctrl Pts',(3.69511064960998,-25.2445988948681,147.2));
#7536=CARTESIAN_POINT('Ctrl Pts',(3.69638586084457,-25.2850551902127,147.2));
#7537=CARTESIAN_POINT('Ctrl Pts',(3.69568948541408,-25.3239858708111,147.2));
#7538=CARTESIAN_POINT('Ctrl Pts',(3.69440187598439,-25.3487865447856,147.2));
#7539=CARTESIAN_POINT('Ctrl Pts',(3.69374076641925,-25.3611915370645,147.2));
#7540=CARTESIAN_POINT('Ctrl Pts',(3.51856118181373,-24.9740799283158,147.2));
#7541=CARTESIAN_POINT('Ctrl Pts',(3.52792514737305,-24.9839385134823,147.2));
#7542=CARTESIAN_POINT('Ctrl Pts',(3.54575754141172,-25.0044345093829,147.2));
#7543=CARTESIAN_POINT('Ctrl Pts',(3.5694511389596,-25.0371819836648,147.2));
#7544=CARTESIAN_POINT('Ctrl Pts',(3.59011180371612,-25.0719224423899,147.2));
#7545=CARTESIAN_POINT('Ctrl Pts',(3.60775101686737,-25.1082938645236,147.2));
#7546=CARTESIAN_POINT('Ctrl Pts',(3.62218424388657,-25.1454486670973,147.2));
#7547=CARTESIAN_POINT('Ctrl Pts',(3.63327999559937,-25.1825861975568,147.2));
#7548=CARTESIAN_POINT('Ctrl Pts',(3.64114566395463,-25.2194621624779,147.2));
#7549=CARTESIAN_POINT('Ctrl Pts',(3.64624589669473,-25.2564617305066,147.2));
#7550=CARTESIAN_POINT('Ctrl Pts',(3.64904925687371,-25.2929123884152,147.2));
#7551=CARTESIAN_POINT('Ctrl Pts',(3.65009761345331,-25.3279013115962,147.2));
#7552=CARTESIAN_POINT('Ctrl Pts',(3.65010753511939,-25.350116696901,147.2));
#7553=CARTESIAN_POINT('Ctrl Pts',(3.65010753511939,-25.3611915370645,147.2));
#7554=CARTESIAN_POINT('',(4.04142287629604,-24.641210369173,147.306528512051));
#7555=CARTESIAN_POINT('',(4.00366092571266,-25.3611915370645,147.346446609407));
#7556=CARTESIAN_POINT('Ctrl Pts',(4.04142287629604,-24.641210369173,147.306528512051));
#7557=CARTESIAN_POINT('Ctrl Pts',(4.03977696826978,-24.654504564297,147.308003113483));
#7558=CARTESIAN_POINT('Ctrl Pts',(4.03675004971719,-24.6822345822951,147.310716443363));
#7559=CARTESIAN_POINT('Ctrl Pts',(4.03258722838488,-24.7279735209115,147.314484235549));
#7560=CARTESIAN_POINT('Ctrl Pts',(4.02847998188961,-24.7787736229157,147.318323326358));
#7561=CARTESIAN_POINT('Ctrl Pts',(4.02423757631513,-24.8357806603039,147.322558198028));
#7562=CARTESIAN_POINT('Ctrl Pts',(4.01974044017687,-24.900107492712,147.327396833343));
#7563=CARTESIAN_POINT('Ctrl Pts',(4.0150284869765,-24.9725599624588,147.33276972344));
#7564=CARTESIAN_POINT('Ctrl Pts',(4.0104386328603,-25.0527321175474,147.338149318822));
#7565=CARTESIAN_POINT('Ctrl Pts',(4.00671054118247,-25.1374827820625,147.342613644101));
#7566=CARTESIAN_POINT('Ctrl Pts',(4.00460294421674,-25.2202176784541,147.345277248119));
#7567=CARTESIAN_POINT('Ctrl Pts',(4.00388833647607,-25.2940032605024,147.346228027333));
#7568=CARTESIAN_POINT('Ctrl Pts',(4.00366092571266,-25.3382072149872,147.346446609407));
#7569=CARTESIAN_POINT('Ctrl Pts',(4.00366092571266,-25.3611915370645,147.346446609407));
#7570=CARTESIAN_POINT('',(3.51856118181373,-24.9740799283158,147.2));
#7571=CARTESIAN_POINT('Ctrl Pts',(4.04142287629604,-24.641210369173,147.306528512051));
#7572=CARTESIAN_POINT('Ctrl Pts',(3.99744136292329,-24.6652631402917,147.272618927302));
#7573=CARTESIAN_POINT('Ctrl Pts',(3.90673811292217,-24.7168756337194,147.228372536209));
#7574=CARTESIAN_POINT('Ctrl Pts',(3.71791949410952,-24.8381293284383,147.200752727371));
#7575=CARTESIAN_POINT('Ctrl Pts',(3.58032282027962,-24.9319182612755,147.2));
#7576=CARTESIAN_POINT('Ctrl Pts',(3.51856118181373,-24.9740799283158,147.2));
#7577=CARTESIAN_POINT('',(3.65010753511939,-25.3611915370645,147.2));
#7578=CARTESIAN_POINT('Ctrl Pts',(3.51856118181372,-24.9740799283158,147.2));
#7579=CARTESIAN_POINT('Ctrl Pts',(3.52757324736406,-24.9835680255532,147.2));
#7580=CARTESIAN_POINT('Ctrl Pts',(3.53616982985688,-24.9934157723578,147.2));
#7581=CARTESIAN_POINT('Ctrl Pts',(3.54429830945311,-25.0035767000791,147.2));
#7582=CARTESIAN_POINT('Ctrl Pts',(3.55186155336503,-25.013031060371,147.2));
#7583=CARTESIAN_POINT('Ctrl Pts',(3.55901894560694,-25.02275603148,147.2));
#7584=CARTESIAN_POINT('Ctrl Pts',(3.56576516092571,-25.0327412855298,147.2));
#7585=CARTESIAN_POINT('Ctrl Pts',(3.57190313360991,-25.0418262633591,147.2));
#7586=CARTESIAN_POINT('Ctrl Pts',(3.57770559002991,-25.0511337117594,147.2));
#7587=CARTESIAN_POINT('Ctrl Pts',(3.58317638829093,-25.0606421838552,147.2));
#7588=CARTESIAN_POINT('Ctrl Pts',(3.58976672306778,-25.0720964564015,147.2));
#7589=CARTESIAN_POINT('Ctrl Pts',(3.59587510734625,-25.0838410838923,147.2));
#7590=CARTESIAN_POINT('Ctrl Pts',(3.60148041276685,-25.0957630302573,147.2));
#7591=CARTESIAN_POINT('Ctrl Pts',(3.6070868286003,-25.1076873383638,147.2));
#7592=CARTESIAN_POINT('Ctrl Pts',(3.61218806764099,-25.11978446216,147.2));
#7593=CARTESIAN_POINT('Ctrl Pts',(3.61675953410085,-25.1319237952221,147.2));
#7594=CARTESIAN_POINT('Ctrl Pts',(3.62049376399083,-25.1418398824915,147.2));
#7595=CARTESIAN_POINT('Ctrl Pts',(3.62387398526848,-25.1517827214426,147.2));
#7596=CARTESIAN_POINT('Ctrl Pts',(3.62689841137457,-25.161704570319,147.2));
#7597=CARTESIAN_POINT('Ctrl Pts',(3.62974193395727,-25.1710329520855,147.2));
#7598=CARTESIAN_POINT('Ctrl Pts',(3.63227057644778,-25.1803418409707,147.2));
#7599=CARTESIAN_POINT('Ctrl Pts',(3.63450004289287,-25.1896296724444,147.2));
#7600=CARTESIAN_POINT('Ctrl Pts',(3.63669648323172,-25.1987799190221,147.2));
#7601=CARTESIAN_POINT('Ctrl Pts',(3.63860358062906,-25.2079154920263,147.2));
#7602=CARTESIAN_POINT('Ctrl Pts',(3.64025369030281,-25.2170604856737,147.2));
#7603=CARTESIAN_POINT('Ctrl Pts',(3.6420461332471,-25.2269942977102,147.2));
#7604=CARTESIAN_POINT('Ctrl Pts',(3.64353535858593,-25.2369388077634,147.2));
#7605=CARTESIAN_POINT('Ctrl Pts',(3.64476223294603,-25.2468494532991,147.2));
#7606=CARTESIAN_POINT('Ctrl Pts',(3.64626782559236,-25.2590115748041,147.2));
#7607=CARTESIAN_POINT('Ctrl Pts',(3.64737727270364,-25.2711171705335,147.2));
#7608=CARTESIAN_POINT('Ctrl Pts',(3.64817454120967,-25.2830238081347,147.2));
#7609=CARTESIAN_POINT('Ctrl Pts',(3.64877493199263,-25.2919902170897,147.2));
#7610=CARTESIAN_POINT('Ctrl Pts',(3.64919835498687,-25.3008413086365,147.2));
#7611=CARTESIAN_POINT('Ctrl Pts',(3.64948934294993,-25.3095397451842,147.2));
#7612=CARTESIAN_POINT('Ctrl Pts',(3.64975151921148,-25.3173769201359,147.2));
#7613=CARTESIAN_POINT('Ctrl Pts',(3.6499061558361,-25.3250892509876,147.2));
#7614=CARTESIAN_POINT('Ctrl Pts',(3.6499938716758,-25.3326901163442,147.2));
#7615=CARTESIAN_POINT('Ctrl Pts',(3.65007397524897,-25.3396313538268,147.2));
#7616=CARTESIAN_POINT('Ctrl Pts',(3.65009827237459,-25.3464792886994,147.2));
#7617=CARTESIAN_POINT('Ctrl Pts',(3.65010493646641,-25.3532878373603,147.2));
#7618=CARTESIAN_POINT('Ctrl Pts',(3.65010751869078,-25.3559260363359,147.2));
#7619=CARTESIAN_POINT('Ctrl Pts',(3.65010753511939,-25.358558841937,147.2));
#7620=CARTESIAN_POINT('Ctrl Pts',(3.65010753511939,-25.3611915370645,147.2));
#7621=CARTESIAN_POINT('Origin',(3.65010753511939,-25.3611915370645,147.7));
#7622=CARTESIAN_POINT('Ctrl Pts',(4.04142287629604,-24.641210369173,147.306528512051));
#7623=CARTESIAN_POINT('Ctrl Pts',(3.99744136292329,-24.6652631402917,147.272618927302));
#7624=CARTESIAN_POINT('Ctrl Pts',(3.90673811292217,-24.7168756337194,147.228372536209));
#7625=CARTESIAN_POINT('Ctrl Pts',(3.71791949410952,-24.8381293284383,147.200752727371));
#7626=CARTESIAN_POINT('Ctrl Pts',(3.58032282027962,-24.9319182612755,147.2));
#7627=CARTESIAN_POINT('Ctrl Pts',(3.51856118181373,-24.9740799283158,147.2));
#7628=CARTESIAN_POINT('Ctrl Pts',(4.03107382612974,-24.6344760207177,147.29580584205));
#7629=CARTESIAN_POINT('Ctrl Pts',(3.98620572147864,-24.6582891402632,147.26440258923));
#7630=CARTESIAN_POINT('Ctrl Pts',(3.89481018964575,-24.7096202104115,147.223537784542));
#7631=CARTESIAN_POINT('Ctrl Pts',(3.70513882465622,-24.8295505700511,147.199272645642));
#7632=CARTESIAN_POINT('Ctrl Pts',(3.56977614260102,-24.9221409948057,147.2));
#7633=CARTESIAN_POINT('Ctrl Pts',(3.5091972162544,-24.9642213431493,147.2));
#7634=CARTESIAN_POINT('Ctrl Pts',(4.00839657048879,-24.621402213549,147.275067843372));
#7635=CARTESIAN_POINT('Ctrl Pts',(3.96237347787302,-24.6448725269804,147.248035705461));
#7636=CARTESIAN_POINT('Ctrl Pts',(3.86914710662056,-24.6955222173955,147.214492720887));
#7637=CARTESIAN_POINT('Ctrl Pts',(3.67818187853046,-24.8130654808664,147.196479088283));
#7638=CARTESIAN_POINT('Ctrl Pts',(3.54773013170483,-24.9032963729535,147.2));
#7639=CARTESIAN_POINT('Ctrl Pts',(3.48957413101133,-24.9452824491262,147.2));
#7640=CARTESIAN_POINT('Ctrl Pts',(3.96775901347094,-24.6028569222779,147.245612598759));
#7641=CARTESIAN_POINT('Ctrl Pts',(3.92002249383553,-24.6258246326928,147.225498753512));
#7642=CARTESIAN_POINT('Ctrl Pts',(3.82513804303679,-24.6757419135351,147.201486472729));
#7643=CARTESIAN_POINT('Ctrl Pts',(3.63320791157306,-24.7903436067483,147.193145238489));
#7644=CARTESIAN_POINT('Ctrl Pts',(3.51213588993602,-24.8775407887559,147.2));
#7645=CARTESIAN_POINT('Ctrl Pts',(3.45800435340975,-24.919652617839,147.2));
#7646=CARTESIAN_POINT('Ctrl Pts',(3.91898034016467,-24.5852120628404,147.218072068315));
#7647=CARTESIAN_POINT('Ctrl Pts',(3.87022836496138,-24.6078310793526,147.204512160273));
#7648=CARTESIAN_POINT('Ctrl Pts',(3.77447640317531,-24.6573757930983,147.188846432251));
#7649=CARTESIAN_POINT('Ctrl Pts',(3.58388345237178,-24.7698128582733,147.190733430806));
#7650=CARTESIAN_POINT('Ctrl Pts',(3.47446465020368,-24.8547462017889,147.2));
#7651=CARTESIAN_POINT('Ctrl Pts',(3.42490170619219,-24.8972566653017,147.2));
#7652=CARTESIAN_POINT('Ctrl Pts',(3.86068744884866,-24.5683923372236,147.192152909973));
#7653=CARTESIAN_POINT('Ctrl Pts',(3.81178491163698,-24.5908497972026,147.184531314397));
#7654=CARTESIAN_POINT('Ctrl Pts',(3.71573425411765,-24.6406171897545,147.176943885781));
#7655=CARTESIAN_POINT('Ctrl Pts',(3.53079176745578,-24.7517594846746,147.189173878287));
#7656=CARTESIAN_POINT('Ctrl Pts',(3.43516341947181,-24.83533228667,147.2));
#7657=CARTESIAN_POINT('Ctrl Pts',(3.39077154062552,-24.8784368294095,147.2));
#7658=CARTESIAN_POINT('Ctrl Pts',(3.79124719722922,-24.552424001907,147.166953091637));
#7659=CARTESIAN_POINT('Ctrl Pts',(3.74322442400842,-24.5750473524788,147.164626726921));
#7660=CARTESIAN_POINT('Ctrl Pts',(3.64762029563718,-24.6257654507663,147.16653078901));
#7661=CARTESIAN_POINT('Ctrl Pts',(3.47493657895277,-24.7365337872128,147.188252495924));
#7662=CARTESIAN_POINT('Ctrl Pts',(3.39456175307735,-24.8195789464625,147.2));
#7663=CARTESIAN_POINT('Ctrl Pts',(3.35586363878799,-24.8632977032462,147.2));
#7664=CARTESIAN_POINT('Ctrl Pts',(3.70846007831557,-24.5375105211174,147.14233710846));
#7665=CARTESIAN_POINT('Ctrl Pts',(3.66228545414164,-24.5606983782792,147.145773692062));
#7666=CARTESIAN_POINT('Ctrl Pts',(3.56981107197184,-24.6132825117159,147.158042123451));
#7667=CARTESIAN_POINT('Ctrl Pts',(3.41741561965824,-24.7243579566743,147.187828126785));
#7668=CARTESIAN_POINT('Ctrl Pts',(3.35266007153977,-24.8074541845029,147.2));
#7669=CARTESIAN_POINT('Ctrl Pts',(3.32008584242766,-24.8516060482882,147.2));
#7670=CARTESIAN_POINT('Ctrl Pts',(3.61041454093916,-24.5241678834884,147.11940388028));
#7671=CARTESIAN_POINT('Ctrl Pts',(3.5679709651078,-24.5484150052849,147.129204874133));
#7672=CARTESIAN_POINT('Ctrl Pts',(3.48364254755351,-24.6037237765551,147.151719148854));
#7673=CARTESIAN_POINT('Ctrl Pts',(3.35975778010877,-24.7154330851227,147.187843774356));
#7674=CARTESIAN_POINT('Ctrl Pts',(3.30985841771255,-24.7988600680229,147.2));
#7675=CARTESIAN_POINT('Ctrl Pts',(3.28377500918876,-24.8431026605957,147.2));
#7676=CARTESIAN_POINT('Ctrl Pts',(3.49824413612119,-24.5135864958292,147.10059168474));
#7677=CARTESIAN_POINT('Ctrl Pts',(3.46264115227187,-24.5392897966939,147.116209822091));
#7678=CARTESIAN_POINT('Ctrl Pts',(3.39354342873354,-24.5978480224148,147.147231121353));
#7679=CARTESIAN_POINT('Ctrl Pts',(3.3036463688591,-24.7100480756122,147.188391748743));
#7680=CARTESIAN_POINT('Ctrl Pts',(3.26698083260036,-24.7936539210535,147.2));
#7681=CARTESIAN_POINT('Ctrl Pts',(3.24757490963849,-24.8375008972964,147.2));
#7682=CARTESIAN_POINT('Ctrl Pts',(3.37889290221775,-24.5072226821996,147.08618729962));
#7683=CARTESIAN_POINT('Ctrl Pts',(3.35336510516908,-24.5345052882618,147.106820588084));
#7684=CARTESIAN_POINT('Ctrl Pts',(3.3052308155522,-24.5961317681815,147.145822569479));
#7685=CARTESIAN_POINT('Ctrl Pts',(3.250167231726,-24.7083353526535,147.188986013443));
#7686=CARTESIAN_POINT('Ctrl Pts',(3.22488998202191,-24.7915089300769,147.2));
#7687=CARTESIAN_POINT('Ctrl Pts',(3.21213480456027,-24.8344060544607,147.2));
#7688=CARTESIAN_POINT('Ctrl Pts',(3.26103636452507,-24.5054826657579,147.078703691045));
#7689=CARTESIAN_POINT('Ctrl Pts',(3.24748135117202,-24.5341509870898,147.103176166432));
#7690=CARTESIAN_POINT('Ctrl Pts',(3.22340795826085,-24.5981486039157,147.146678822964));
#7691=CARTESIAN_POINT('Ctrl Pts',(3.19768441873723,-24.7101248803705,147.189678325046));
#7692=CARTESIAN_POINT('Ctrl Pts',(3.18413741281153,-24.7918129372343,147.2));
#7693=CARTESIAN_POINT('Ctrl Pts',(3.17784770890377,-24.8332526758696,147.2));
#7694=CARTESIAN_POINT('Ctrl Pts',(3.18448642072034,-24.5059159741444,147.077964473009));
#7695=CARTESIAN_POINT('Ctrl Pts',(3.17968377187071,-24.53543543512,147.10352907612));
#7696=CARTESIAN_POINT('Ctrl Pts',(3.17152733728084,-24.6008004662118,147.147979083362));
#7697=CARTESIAN_POINT('Ctrl Pts',(3.1622435230883,-24.7129010081138,147.190234620022));
#7698=CARTESIAN_POINT('Ctrl Pts',(3.15777053522633,-24.7929906770158,147.2));
#7699=CARTESIAN_POINT('Ctrl Pts',(3.15567013825567,-24.8332428094984,147.2));
#7700=CARTESIAN_POINT('Ctrl Pts',(3.14459529809216,-24.5059159741444,147.077964473009));
#7701=CARTESIAN_POINT('Ctrl Pts',(3.14459529809216,-24.5358895806735,147.103922377706));
#7702=CARTESIAN_POINT('Ctrl Pts',(3.14459529809216,-24.6020396166435,147.148671912497));
#7703=CARTESIAN_POINT('Ctrl Pts',(3.14459529809216,-24.7142912809297,147.190522104804));
#7704=CARTESIAN_POINT('Ctrl Pts',(3.14459529809216,-24.7935914551126,147.2));
#7705=CARTESIAN_POINT('Ctrl Pts',(3.14459529809216,-24.8332428094984,147.2));
#7706=CARTESIAN_POINT('',(3.14459529809216,-24.5059159741444,147.077964473009));
#7707=CARTESIAN_POINT('Ctrl Pts',(4.04142287629604,-24.641210369173,147.306528512051));
#7708=CARTESIAN_POINT('Ctrl Pts',(4.03107382612974,-24.6344760207177,147.29580584205));
#7709=CARTESIAN_POINT('Ctrl Pts',(4.00839657048879,-24.621402213549,147.275067843372));
#7710=CARTESIAN_POINT('Ctrl Pts',(3.96775901347093,-24.6028569222779,147.245612598759));
#7711=CARTESIAN_POINT('Ctrl Pts',(3.91898034016467,-24.5852120628404,147.218072068315));
#7712=CARTESIAN_POINT('Ctrl Pts',(3.86068744884866,-24.5683923372236,147.192152909973));
#7713=CARTESIAN_POINT('Ctrl Pts',(3.79124719722922,-24.552424001907,147.166953091637));
#7714=CARTESIAN_POINT('Ctrl Pts',(3.70846007831557,-24.5375105211174,147.14233710846));
#7715=CARTESIAN_POINT('Ctrl Pts',(3.61041454093916,-24.5241678834884,147.11940388028));
#7716=CARTESIAN_POINT('Ctrl Pts',(3.49824413612119,-24.5135864958292,147.10059168474));
#7717=CARTESIAN_POINT('Ctrl Pts',(3.37889290221775,-24.5072226821996,147.08618729962));
#7718=CARTESIAN_POINT('Ctrl Pts',(3.26103636452507,-24.5054826657579,147.078703691045));
#7719=CARTESIAN_POINT('Ctrl Pts',(3.18448642072034,-24.5059159741444,147.077964473009));
#7720=CARTESIAN_POINT('Ctrl Pts',(3.14459529809216,-24.5059159741444,147.077964473009));
#7721=CARTESIAN_POINT('',(3.14459529809216,-24.8332428094984,147.2));
#7722=CARTESIAN_POINT('Origin',(3.14459529809216,-24.8332428094984,146.7));
#7723=CARTESIAN_POINT('Ctrl Pts',(3.14459529809216,-24.8332428094984,147.2));
#7724=CARTESIAN_POINT('Ctrl Pts',(3.15300920238517,-24.8332428094984,147.2));
#7725=CARTESIAN_POINT('Ctrl Pts',(3.16142766087372,-24.8332444303076,147.2));
#7726=CARTESIAN_POINT('Ctrl Pts',(3.16992810606443,-24.8333318729802,147.2));
#7727=CARTESIAN_POINT('Ctrl Pts',(3.17894152770932,-24.8334245925567,147.2));
#7728=CARTESIAN_POINT('Ctrl Pts',(3.1880467528447,-24.8336137818107,147.2));
#7729=CARTESIAN_POINT('Ctrl Pts',(3.19727760856847,-24.8339780612884,147.2));
#7730=CARTESIAN_POINT('Ctrl Pts',(3.20729290751781,-24.8343732974376,147.2));
#7731=CARTESIAN_POINT('Ctrl Pts',(3.21745552055587,-24.8349746368312,147.2));
#7732=CARTESIAN_POINT('Ctrl Pts',(3.22774896292366,-24.8358577065718,147.2));
#7733=CARTESIAN_POINT('Ctrl Pts',(3.23958698149325,-24.8368732848024,147.2));
#7734=CARTESIAN_POINT('Ctrl Pts',(3.2515969042171,-24.8382615812955,147.2));
#7735=CARTESIAN_POINT('Ctrl Pts',(3.26369035448451,-24.8401048663646,147.2));
#7736=CARTESIAN_POINT('Ctrl Pts',(3.27836545837805,-24.8423416473738,147.2));
#7737=CARTESIAN_POINT('Ctrl Pts',(3.29315860942185,-24.8452482573036,147.2));
#7738=CARTESIAN_POINT('Ctrl Pts',(3.30787141760278,-24.8489253827124,147.2));
#7739=CARTESIAN_POINT('Ctrl Pts',(3.31918040999412,-24.8517518032542,147.2));
#7740=CARTESIAN_POINT('Ctrl Pts',(3.3304398808831,-24.8550321528726,147.2));
#7741=CARTESIAN_POINT('Ctrl Pts',(3.34158468057487,-24.8588022862995,147.2));
#7742=CARTESIAN_POINT('Ctrl Pts',(3.35227398336813,-24.8624183313507,147.2));
#7743=CARTESIAN_POINT('Ctrl Pts',(3.36285627967792,-24.8664844856801,147.2));
#7744=CARTESIAN_POINT('Ctrl Pts',(3.373323122432,-24.8710324203663,147.2));
#7745=CARTESIAN_POINT('Ctrl Pts',(3.38358668375207,-24.8754920274922,147.2));
#7746=CARTESIAN_POINT('Ctrl Pts',(3.39374762219775,-24.880418245205,147.2));
#7747=CARTESIAN_POINT('Ctrl Pts',(3.40380040985577,-24.8858206225293,147.2));
#7748=CARTESIAN_POINT('Ctrl Pts',(3.41481245421113,-24.8917385052842,147.2));
#7749=CARTESIAN_POINT('Ctrl Pts',(3.42569419244353,-24.8982273807094,147.2));
#7750=CARTESIAN_POINT('Ctrl Pts',(3.43639225598924,-24.9052573155073,147.2));
#7751=CARTESIAN_POINT('Ctrl Pts',(3.44972162115359,-24.9140163369511,147.2));
#7752=CARTESIAN_POINT('Ctrl Pts',(3.46276473569701,-24.9236147189,147.2));
#7753=CARTESIAN_POINT('Ctrl Pts',(3.47536048685094,-24.9339367601542,147.2));
#7754=CARTESIAN_POINT('Ctrl Pts',(3.48934577369706,-24.9453975064023,147.2));
#7755=CARTESIAN_POINT('Ctrl Pts',(3.50277368118622,-24.9577458006781,147.2));
#7756=CARTESIAN_POINT('Ctrl Pts',(3.51541780919867,-24.9708024381621,147.2));
#7757=CARTESIAN_POINT('Ctrl Pts',(3.51647104471654,-24.9718900350552,147.2));
#7758=CARTESIAN_POINT('Ctrl Pts',(3.51751887228824,-24.9729825623375,147.2));
#7759=CARTESIAN_POINT('Ctrl Pts',(3.51856118181372,-24.9740799283158,147.2));
#7760=CARTESIAN_POINT('Ctrl Pts',(4.04142287629604,-24.641210369173,147.306528512051));
#7761=CARTESIAN_POINT('Ctrl Pts',(4.03107382612974,-24.6344760207177,147.29580584205));
#7762=CARTESIAN_POINT('Ctrl Pts',(4.00839657048879,-24.621402213549,147.275067843372));
#7763=CARTESIAN_POINT('Ctrl Pts',(3.96775901347093,-24.6028569222779,147.245612598759));
#7764=CARTESIAN_POINT('Ctrl Pts',(3.91898034016467,-24.5852120628404,147.218072068315));
#7765=CARTESIAN_POINT('Ctrl Pts',(3.86068744884866,-24.5683923372236,147.192152909973));
#7766=CARTESIAN_POINT('Ctrl Pts',(3.79124719722922,-24.552424001907,147.166953091637));
#7767=CARTESIAN_POINT('Ctrl Pts',(3.70846007831557,-24.5375105211174,147.14233710846));
#7768=CARTESIAN_POINT('Ctrl Pts',(3.61041454093916,-24.5241678834884,147.11940388028));
#7769=CARTESIAN_POINT('Ctrl Pts',(3.49824413612119,-24.5135864958292,147.10059168474));
#7770=CARTESIAN_POINT('Ctrl Pts',(3.37889290221775,-24.5072226821996,147.08618729962));
#7771=CARTESIAN_POINT('Ctrl Pts',(3.26103636452507,-24.5054826657579,147.078703691045));
#7772=CARTESIAN_POINT('Ctrl Pts',(3.18448642072034,-24.5059159741444,147.077964473009));
#7773=CARTESIAN_POINT('Ctrl Pts',(3.14459529809216,-24.5059159741444,147.077964473009));
#7774=CARTESIAN_POINT('Ctrl Pts',(4.04745787239233,-24.5924649870515,147.301121640131));
#7775=CARTESIAN_POINT('Ctrl Pts',(4.03665939432164,-24.587187438014,147.290023322577));
#7776=CARTESIAN_POINT('Ctrl Pts',(4.01299905119194,-24.5768223015089,147.268415263962));
#7777=CARTESIAN_POINT('Ctrl Pts',(3.97069238854877,-24.5618406939259,147.237342252288));
#7778=CARTESIAN_POINT('Ctrl Pts',(3.92003044754351,-24.547315232608,147.207990039712));
#7779=CARTESIAN_POINT('Ctrl Pts',(3.85972150511301,-24.5331976866546,147.180074437295));
#7780=CARTESIAN_POINT('Ctrl Pts',(3.78832530130306,-24.5195149960551,147.152607600145));
#7781=CARTESIAN_POINT('Ctrl Pts',(3.70391624788822,-24.506451936698,147.125577481228));
#7782=CARTESIAN_POINT('Ctrl Pts',(3.60532444003385,-24.4945958046407,147.100347894919));
#7783=CARTESIAN_POINT('Ctrl Pts',(3.49445626671291,-24.4851454659922,147.07958091466));
#7784=CARTESIAN_POINT('Ctrl Pts',(3.37788379311349,-24.4792467708397,147.063272751408));
#7785=CARTESIAN_POINT('Ctrl Pts',(3.26191110733242,-24.4769133266792,147.05407719035));
#7786=CARTESIAN_POINT('Ctrl Pts',(3.18485672261129,-24.4763965131688,147.052399869898));
#7787=CARTESIAN_POINT('Ctrl Pts',(3.14459529809216,-24.4759423676153,147.052006568312));
#7788=CARTESIAN_POINT('Ctrl Pts',(4.06065443970005,-24.5111710870615,147.289660548554));
#7789=CARTESIAN_POINT('Ctrl Pts',(4.04869675016779,-24.5078693400752,147.277112470367));
#7790=CARTESIAN_POINT('Ctrl Pts',(4.02251092271388,-24.5012129223731,147.25241077022));
#7791=CARTESIAN_POINT('Ctrl Pts',(3.97578874596941,-24.4910955585425,147.216159167398));
#7792=CARTESIAN_POINT('Ctrl Pts',(3.91997631676937,-24.4807149302394,147.18135769158));
#7793=CARTESIAN_POINT('Ctrl Pts',(3.85404664541997,-24.470047422432,147.147815252967));
#7794=CARTESIAN_POINT('Ctrl Pts',(3.77731269643685,-24.4592021361356,147.114475780224));
#7795=CARTESIAN_POINT('Ctrl Pts',(3.68927302235946,-24.4486393120633,147.081839126451));
#7796=CARTESIAN_POINT('Ctrl Pts',(3.59056222681976,-24.4392078367476,147.052089630788));
#7797=CARTESIAN_POINT('Ctrl Pts',(3.48400262700141,-24.4319408347487,147.028175518822));
#7798=CARTESIAN_POINT('Ctrl Pts',(3.37422105595972,-24.4271711367972,147.008989631162));
#7799=CARTESIAN_POINT('Ctrl Pts',(3.26291186364699,-24.4244606986867,146.997316656021));
#7800=CARTESIAN_POINT('Ctrl Pts',(3.18544065896793,-24.4230645539041,146.994055268139));
#7801=CARTESIAN_POINT('Ctrl Pts',(3.14459529809216,-24.4222018094071,146.992927802869));
#7802=CARTESIAN_POINT('Ctrl Pts',(4.13231224333768,-24.4033603274828,147.223400900804));
#7803=CARTESIAN_POINT('Ctrl Pts',(4.11511201514602,-24.4021325253253,147.205941418677));
#7804=CARTESIAN_POINT('Ctrl Pts',(4.07811006306986,-24.3993303359858,147.172092779329));
#7805=CARTESIAN_POINT('Ctrl Pts',(4.01490415162587,-24.3945396340925,147.124564612027));
#7806=CARTESIAN_POINT('Ctrl Pts',(3.94302223933815,-24.3893798325109,147.081886199905));
#7807=CARTESIAN_POINT('Ctrl Pts',(3.8633584880502,-24.3842613873617,147.043430479845));
#7808=CARTESIAN_POINT('Ctrl Pts',(3.77729374148238,-24.3794643833424,147.007269057456));
#7809=CARTESIAN_POINT('Ctrl Pts',(3.6851110431403,-24.3753295857321,146.97442350422));
#7810=CARTESIAN_POINT('Ctrl Pts',(3.5872416111155,-24.3721932935017,146.947068044818));
#7811=CARTESIAN_POINT('Ctrl Pts',(3.48451735819784,-24.3700113453635,146.925337459738));
#7812=CARTESIAN_POINT('Ctrl Pts',(3.37771269141859,-24.3682086865389,146.90661673664));
#7813=CARTESIAN_POINT('Ctrl Pts',(3.26477070552722,-24.3664123445673,146.893715262937));
#7814=CARTESIAN_POINT('Ctrl Pts',(3.18511864515589,-24.3652280556918,146.889141011016));
#7815=CARTESIAN_POINT('Ctrl Pts',(3.14459529809216,-24.364744909148,146.88780606704));
#7816=CARTESIAN_POINT('Ctrl Pts',(4.20597115971436,-24.3689660168917,147.15613776663));
#7817=CARTESIAN_POINT('Ctrl Pts',(4.1822853644422,-24.3686803894901,147.136200164701));
#7818=CARTESIAN_POINT('Ctrl Pts',(4.13255372613197,-24.3677293190983,147.098216178318));
#7819=CARTESIAN_POINT('Ctrl Pts',(4.05172514875846,-24.3656205102498,147.047067806736));
#7820=CARTESIAN_POINT('Ctrl Pts',(3.96458383833481,-24.3630458535298,147.002962884556));
#7821=CARTESIAN_POINT('Ctrl Pts',(3.87296192605442,-24.3602299854065,146.96371718251));
#7822=CARTESIAN_POINT('Ctrl Pts',(3.77811149913972,-24.3571328355656,146.927149266248));
#7823=CARTESIAN_POINT('Ctrl Pts',(3.67975584010016,-24.3539305282818,146.894239682879));
#7824=CARTESIAN_POINT('Ctrl Pts',(3.57777655914027,-24.3510101001111,146.867120031424));
#7825=CARTESIAN_POINT('Ctrl Pts',(3.47294137045023,-24.3483623108041,146.844445338105));
#7826=CARTESIAN_POINT('Ctrl Pts',(3.36580578837286,-24.3460396886183,146.82576568574));
#7827=CARTESIAN_POINT('Ctrl Pts',(3.25621150572491,-24.3445348982276,146.814292191522));
#7828=CARTESIAN_POINT('Ctrl Pts',(3.18195741650136,-24.3441214548334,146.811267850613));
#7829=CARTESIAN_POINT('Ctrl Pts',(3.14459529809216,-24.344035629391,146.810673234506));
#7830=CARTESIAN_POINT('Ctrl Pts',(4.2350602566542,-24.3683586414225,147.129901601955));
#7831=CARTESIAN_POINT('Ctrl Pts',(4.20764881898411,-24.3678051548113,147.107506526002));
#7832=CARTESIAN_POINT('Ctrl Pts',(4.15081149200079,-24.3662799446185,147.065134999172));
#7833=CARTESIAN_POINT('Ctrl Pts',(4.06053861044556,-24.3632243198073,147.009104824887));
#7834=CARTESIAN_POINT('Ctrl Pts',(3.96556198188319,-24.3597558714468,146.961520542757));
#7835=CARTESIAN_POINT('Ctrl Pts',(3.86804552447059,-24.3560907584015,146.919522518648));
#7836=CARTESIAN_POINT('Ctrl Pts',(3.76903304915869,-24.3522402536955,146.881315673823));
#7837=CARTESIAN_POINT('Ctrl Pts',(3.66819532911853,-24.348466115869,146.847987703132));
#7838=CARTESIAN_POINT('Ctrl Pts',(3.56540690072016,-24.3451967671482,146.821438723533));
#7839=CARTESIAN_POINT('Ctrl Pts',(3.46146763651481,-24.3423189803568,146.799590896995));
#7840=CARTESIAN_POINT('Ctrl Pts',(3.35662012905905,-24.3399878098579,146.782703280014));
#7841=CARTESIAN_POINT('Ctrl Pts',(3.25078558721971,-24.3386311690715,146.773223057419));
#7842=CARTESIAN_POINT('Ctrl Pts',(3.17999098921666,-24.338371150193,146.771428571429));
#7843=CARTESIAN_POINT('Ctrl Pts',(3.14459529809216,-24.338371150193,146.771428571429));
#7844=CARTESIAN_POINT('',(4.2350294017901,-24.3683230228967,147.129940315593));
#7845=CARTESIAN_POINT('Ctrl Pts',(4.04142287629604,-24.641210369173,147.306528512051));
#7846=CARTESIAN_POINT('Ctrl Pts',(4.04745787239233,-24.5924649870515,147.301121640131));
#7847=CARTESIAN_POINT('Ctrl Pts',(4.06065443970005,-24.5111710870615,147.289660548554));
#7848=CARTESIAN_POINT('Ctrl Pts',(4.13231224333768,-24.4033603274828,147.223400900804));
#7849=CARTESIAN_POINT('Ctrl Pts',(4.20597115971436,-24.3689660168917,147.15613776663));
#7850=CARTESIAN_POINT('Ctrl Pts',(4.2350602566542,-24.3683586414225,147.129901601955));
#7851=CARTESIAN_POINT('',(3.14459529809216,-24.338371150193,146.771428571429));
#7852=CARTESIAN_POINT('Ctrl Pts',(4.2350294017901,-24.3683230228967,147.129940315592));
#7853=CARTESIAN_POINT('Ctrl Pts',(4.22531185688509,-24.3681381312789,147.122025298776));
#7854=CARTESIAN_POINT('Ctrl Pts',(4.21485896882124,-24.3679139457076,147.113788905498));
#7855=CARTESIAN_POINT('Ctrl Pts',(4.20385105689793,-24.3676494409254,147.105404570494));
#7856=CARTESIAN_POINT('Ctrl Pts',(4.19371641954466,-24.367405919714,147.097685377671));
#7857=CARTESIAN_POINT('Ctrl Pts',(4.18311581847778,-24.3671283393705,147.089843808984));
#7858=CARTESIAN_POINT('Ctrl Pts',(4.17219425879856,-24.3668204134606,147.08201991958));
#7859=CARTESIAN_POINT('Ctrl Pts',(4.16333050385594,-24.3665705059487,147.075670181959));
#7860=CARTESIAN_POINT('Ctrl Pts',(4.15425626829074,-24.3663007524199,147.069332737253));
#7861=CARTESIAN_POINT('Ctrl Pts',(4.14502357614516,-24.3660144259388,147.063066315867));
#7862=CARTESIAN_POINT('Ctrl Pts',(4.13659519088419,-24.3657530428172,147.057345794396));
#7863=CARTESIAN_POINT('Ctrl Pts',(4.12803524325112,-24.3654779232159,147.05168479342));
#7864=CARTESIAN_POINT('Ctrl Pts',(4.11935103994885,-24.365191421427,147.046107060281));
#7865=CARTESIAN_POINT('Ctrl Pts',(4.11093821799978,-24.364913872819,147.040703631302));
#7866=CARTESIAN_POINT('Ctrl Pts',(4.10240935269452,-24.3646257116146,147.035378725073));
#7867=CARTESIAN_POINT('Ctrl Pts',(4.09373159944275,-24.3643279252531,147.030128145104));
#7868=CARTESIAN_POINT('Ctrl Pts',(4.08527032468305,-24.364037567582,147.025008548074));
#7869=CARTESIAN_POINT('Ctrl Pts',(4.07666794424036,-24.3637381253194,147.019959915465));
#7870=CARTESIAN_POINT('Ctrl Pts',(4.06784832483843,-24.3634284075632,147.014948426509));
#7871=CARTESIAN_POINT('Ctrl Pts',(4.05892533651503,-24.3631150598102,147.009878201207));
#7872=CARTESIAN_POINT('Ctrl Pts',(4.04977175069513,-24.3627909145388,147.004841488098));
#7873=CARTESIAN_POINT('Ctrl Pts',(4.04032033773704,-24.3624539876969,146.99980379312));
#7874=CARTESIAN_POINT('Ctrl Pts',(4.03036211718736,-24.3620989940241,146.994495964769));
#7875=CARTESIAN_POINT('Ctrl Pts',(4.02007354420802,-24.3617297805835,146.989187147774));
#7876=CARTESIAN_POINT('Ctrl Pts',(4.00943250130866,-24.3613451261006,146.983862009633));
#7877=CARTESIAN_POINT('Ctrl Pts',(3.99801792648005,-24.3609325098355,146.978149769926));
#7878=CARTESIAN_POINT('Ctrl Pts',(3.98619815291783,-24.3605020903307,146.972418886701));
#7879=CARTESIAN_POINT('Ctrl Pts',(3.97400439651488,-24.3600541402311,146.966676725927));
#7880=CARTESIAN_POINT('Ctrl Pts',(3.9604380326912,-24.3595557659955,146.960288190711));
#7881=CARTESIAN_POINT('Ctrl Pts',(3.94640937618557,-24.3590356422396,146.953885908805));
#7882=CARTESIAN_POINT('Ctrl Pts',(3.93202404204251,-24.3584970253578,146.947508979005));
#7883=CARTESIAN_POINT('Ctrl Pts',(3.91332846722845,-24.3577970240851,146.939221346129));
#7884=CARTESIAN_POINT('Ctrl Pts',(3.89403212566146,-24.3570656069811,146.930976935188));
#7885=CARTESIAN_POINT('Ctrl Pts',(3.87445455672444,-24.3563169113715,146.922905727773));
#7886=CARTESIAN_POINT('Ctrl Pts',(3.85621445842348,-24.355619364012,146.915385916855));
#7887=CARTESIAN_POINT('Ctrl Pts',(3.83773593746495,-24.3549070900612,146.908018894056));
#7888=CARTESIAN_POINT('Ctrl Pts',(3.81927717487439,-24.3541954769539,146.900916516719));
#7889=CARTESIAN_POINT('Ctrl Pts',(3.80434022870986,-24.3536196351757,146.895169228546));
#7890=CARTESIAN_POINT('Ctrl Pts',(3.78941730071199,-24.3530443758771,146.889595801769));
#7891=CARTESIAN_POINT('Ctrl Pts',(3.77460962377319,-24.3524779387054,146.884243971012));
#7892=CARTESIAN_POINT('Ctrl Pts',(3.76130591409782,-24.3519690327027,146.879435708182));
#7893=CARTESIAN_POINT('Ctrl Pts',(3.74809568586733,-24.3514673130838,146.874806534629));
#7894=CARTESIAN_POINT('Ctrl Pts',(3.73501139599946,-24.3509775588808,146.870376130681));
#7895=CARTESIAN_POINT('Ctrl Pts',(3.72278882716182,-24.3505200595041,146.866237509649));
#7896=CARTESIAN_POINT('Ctrl Pts',(3.71067646859374,-24.3500730435619,146.8622724831));
#7897=CARTESIAN_POINT('Ctrl Pts',(3.69865776672694,-24.3496385805231,146.858480848152));
#7898=CARTESIAN_POINT('Ctrl Pts',(3.68661272038357,-24.34920316516,146.854680902103));
#7899=CARTESIAN_POINT('Ctrl Pts',(3.67466250544,-24.3487804177449,146.851055420147));
#7900=CARTESIAN_POINT('Ctrl Pts',(3.66273718622221,-24.3483697466894,146.847583722015));
#7901=CARTESIAN_POINT('Ctrl Pts',(3.65128556355312,-24.3479753882759,146.844249926391));
#7902=CARTESIAN_POINT('Ctrl Pts',(3.63985102989767,-24.3475919782872,146.841056276635));
#7903=CARTESIAN_POINT('Ctrl Pts',(3.62833916314116,-24.3472167370808,146.837969529111));
#7904=CARTESIAN_POINT('Ctrl Pts',(3.61784983685349,-24.3468748266389,146.835156961643));
#7905=CARTESIAN_POINT('Ctrl Pts',(3.60729642933434,-24.3465396644479,146.832433040779));
#7906=CARTESIAN_POINT('Ctrl Pts',(3.59666408097933,-24.346210397822,146.829785254478));
#7907=CARTESIAN_POINT('Ctrl Pts',(3.58511987006488,-24.3458528922881,146.826910385965));
#7908=CARTESIAN_POINT('Ctrl Pts',(3.57348312089696,-24.3455023357785,146.824125356056));
#7909=CARTESIAN_POINT('Ctrl Pts',(3.561794244243,-24.3451592435088,146.821428248354));
#7910=CARTESIAN_POINT('Ctrl Pts',(3.54803430451214,-24.3447553613315,146.818253260669));
#7911=CARTESIAN_POINT('Ctrl Pts',(3.53420302089487,-24.3443618204509,146.815200212152));
#7912=CARTESIAN_POINT('Ctrl Pts',(3.52043577699434,-24.3439817037385,146.812283681328));
#7913=CARTESIAN_POINT('Ctrl Pts',(3.50032612385711,-24.3434264716751,146.808023538655));
#7914=CARTESIAN_POINT('Ctrl Pts',(3.48036221623605,-24.3428999926076,146.804055810173));
#7915=CARTESIAN_POINT('Ctrl Pts',(3.46104454393235,-24.342416274787,146.800456139935));
#7916=CARTESIAN_POINT('Ctrl Pts',(3.44919329423737,-24.3421195174663,146.798247768753));
#7917=CARTESIAN_POINT('Ctrl Pts',(3.43758634137594,-24.341838944228,146.796178470249));
#7918=CARTESIAN_POINT('Ctrl Pts',(3.42630775537052,-24.3415773926263,146.794262341852));
#7919=CARTESIAN_POINT('Ctrl Pts',(3.41616691061966,-24.3413422253646,146.792539505267));
#7920=CARTESIAN_POINT('Ctrl Pts',(3.40629211700895,-24.3411224612811,146.790940646564));
#7921=CARTESIAN_POINT('Ctrl Pts',(3.39670485488564,-24.3409192332682,146.789469504827));
#7922=CARTESIAN_POINT('Ctrl Pts',(3.38774617988208,-24.3407293298635,146.788094818235));
#7923=CARTESIAN_POINT('Ctrl Pts',(3.37903895726098,-24.3405538810568,146.78683174396));
#7924=CARTESIAN_POINT('Ctrl Pts',(3.37055752125777,-24.3403926752341,146.785675685715));
#7925=CARTESIAN_POINT('Ctrl Pts',(3.36240346910903,-24.3402376919642,146.784564251377));
#7926=CARTESIAN_POINT('Ctrl Pts',(3.35445849739985,-24.3400958870123,146.783551817304));
#7927=CARTESIAN_POINT('Ctrl Pts',(3.34665279879429,-24.3399657730197,146.782625680192));
#7928=CARTESIAN_POINT('Ctrl Pts',(3.33905602285241,-24.3398391415805,146.781724331512));
#7929=CARTESIAN_POINT('Ctrl Pts',(3.33158241470882,-24.3397234220883,146.780903581278));
#7930=CARTESIAN_POINT('Ctrl Pts',(3.32417253753423,-24.3396168505195,146.780149578817));
#7931=CARTESIAN_POINT('Ctrl Pts',(3.31626239048001,-24.339503083886,146.779344670692));
#7932=CARTESIAN_POINT('Ctrl Pts',(3.30842530829801,-24.3393997434633,146.778615849727));
#7933=CARTESIAN_POINT('Ctrl Pts',(3.30064901290932,-24.3393053056536,146.777951244538));
#7934=CARTESIAN_POINT('Ctrl Pts',(3.29201419469937,-24.3392004416692,146.777213265243));
#7935=CARTESIAN_POINT('Ctrl Pts',(3.28345497964598,-24.3391065569818,146.776554489602));
#7936=CARTESIAN_POINT('Ctrl Pts',(3.27501820020769,-24.3390222880186,146.775964282716));
#7937=CARTESIAN_POINT('Ctrl Pts',(3.26390764818815,-24.3389113126511,146.775187028271));
#7938=CARTESIAN_POINT('Ctrl Pts',(3.25301106760251,-24.3388170121011,146.774528672268));
#7939=CARTESIAN_POINT('Ctrl Pts',(3.24252846810453,-24.338737538775,146.773974705867));
#7940=CARTESIAN_POINT('Ctrl Pts',(3.23208895456648,-24.338658392103,146.773423016399));
#7941=CARTESIAN_POINT('Ctrl Pts',(3.22206779427624,-24.3385940264237,146.772975403083));
#7942=CARTESIAN_POINT('Ctrl Pts',(3.21265880043986,-24.3385430148712,146.772620978114));
#7943=CARTESIAN_POINT('Ctrl Pts',(3.20560205506258,-24.3385047562069,146.772355159387));
#7944=CARTESIAN_POINT('Ctrl Pts',(3.19889028654008,-24.3384740245785,146.772141878892));
#7945=CARTESIAN_POINT('Ctrl Pts',(3.19256427341046,-24.3384499772576,146.771975057023));
#7946=CARTESIAN_POINT('Ctrl Pts',(3.18698451475704,-24.338428766703,146.771827914462));
#7947=CARTESIAN_POINT('Ctrl Pts',(3.18170512879136,-24.3384127610268,146.771716950953));
#7948=CARTESIAN_POINT('Ctrl Pts',(3.17671251429056,-24.3384010620336,146.771635857912));
#7949=CARTESIAN_POINT('Ctrl Pts',(3.17195386988294,-24.3383899112931,146.771558565154));
#7950=CARTESIAN_POINT('Ctrl Pts',(3.16745620203982,-24.3383826780538,146.771508445245));
#7951=CARTESIAN_POINT('Ctrl Pts',(3.16316204047424,-24.3383782057453,146.771477456575));
#7952=CARTESIAN_POINT('Ctrl Pts',(3.15910154071885,-24.3383739767924,146.771448154118));
#7953=CARTESIAN_POINT('Ctrl Pts',(3.15522319347985,-24.3383722188607,146.771435975416));
#7954=CARTESIAN_POINT('Ctrl Pts',(3.15143224869904,-24.3383715572794,146.771431391815));
#7955=CARTESIAN_POINT('Ctrl Pts',(3.1491322090584,-24.3383711558852,146.771428610856));
#7956=CARTESIAN_POINT('Ctrl Pts',(3.14686343218109,-24.338371150193,146.771428571429));
#7957=CARTESIAN_POINT('Ctrl Pts',(3.14459529809216,-24.338371150193,146.771428571429));
#7958=CARTESIAN_POINT('Origin',(3.14459529809216,-24.8332428094984,146.7));
#7959=CARTESIAN_POINT('Ctrl Pts',(4.04142287629604,-24.641210369173,147.306528512051));
#7960=CARTESIAN_POINT('Ctrl Pts',(4.04745787239233,-24.5924649870515,147.301121640131));
#7961=CARTESIAN_POINT('Ctrl Pts',(4.06065443970005,-24.5111710870615,147.289660548554));
#7962=CARTESIAN_POINT('Ctrl Pts',(4.13231224333768,-24.4033603274828,147.223400900804));
#7963=CARTESIAN_POINT('Ctrl Pts',(4.20597115971436,-24.3689660168917,147.15613776663));
#7964=CARTESIAN_POINT('Ctrl Pts',(4.2350602566542,-24.3683586414225,147.129901601955));
#7965=CARTESIAN_POINT('Ctrl Pts',(4.05341783448861,-24.6346505225042,147.315776580619));
#7966=CARTESIAN_POINT('Ctrl Pts',(4.06004550545094,-24.5873254149308,147.310619571982));
#7967=CARTESIAN_POINT('Ctrl Pts',(4.07516277419427,-24.5079106176639,147.299931981753));
#7968=CARTESIAN_POINT('Ctrl Pts',(4.15347148686132,-24.4020990084609,147.237161522964));
#7969=CARTESIAN_POINT('Ctrl Pts',(4.23053844277257,-24.3692332389761,147.175280333266));
#7970=CARTESIAN_POINT('Ctrl Pts',(4.26247169432429,-24.3689121280337,147.152296677908));
#7971=CARTESIAN_POINT('Ctrl Pts',(4.07685354554314,-24.6216072308752,147.336180717971));
#7972=CARTESIAN_POINT('Ctrl Pts',(4.08478408202136,-24.5769035890975,147.331629172762));
#7973=CARTESIAN_POINT('Ctrl Pts',(4.10397326260962,-24.5009129689997,147.322777388777));
#7974=CARTESIAN_POINT('Ctrl Pts',(4.19477622192456,-24.3988288477452,147.267756388374));
#7975=CARTESIAN_POINT('Ctrl Pts',(4.277529307723,-24.36910173971,147.217032168676));
#7976=CARTESIAN_POINT('Ctrl Pts',(4.31451650732811,-24.3692510697977,147.200482205251));
#7977=CARTESIAN_POINT('Ctrl Pts',(4.11017805398625,-24.604641255984,147.374269074898));
#7978=CARTESIAN_POINT('Ctrl Pts',(4.12032276842522,-24.5634650395309,147.371020078904));
#7979=CARTESIAN_POINT('Ctrl Pts',(4.14613462178398,-24.4919889797208,147.365961801415));
#7980=CARTESIAN_POINT('Ctrl Pts',(4.25210199962073,-24.3955651053888,147.324665021284));
#7981=CARTESIAN_POINT('Ctrl Pts',(4.33971892381015,-24.3691177937921,147.290400102745));
#7982=CARTESIAN_POINT('Ctrl Pts',(4.38212290127615,-24.3690973490956,147.282746351844));
#7983=CARTESIAN_POINT('Ctrl Pts',(4.14123661112278,-24.5885595278688,147.421053985918));
#7984=CARTESIAN_POINT('Ctrl Pts',(4.15371315648495,-24.5503363162034,147.419544460419));
#7985=CARTESIAN_POINT('Ctrl Pts',(4.18628257588509,-24.4826099031267,147.419167630459));
#7986=CARTESIAN_POINT('Ctrl Pts',(4.30245181993408,-24.3920038948118,147.392742426274));
#7987=CARTESIAN_POINT('Ctrl Pts',(4.39185445245706,-24.3691476359289,147.373355186777));
#7988=CARTESIAN_POINT('Ctrl Pts',(4.43811965242834,-24.3691479907978,147.373170612304));
#7989=CARTESIAN_POINT('Ctrl Pts',(4.17040500713798,-24.5732330968084,147.477890860779));
#7990=CARTESIAN_POINT('Ctrl Pts',(4.18540559718442,-24.5374565530148,147.478360048446));
#7991=CARTESIAN_POINT('Ctrl Pts',(4.22493773869555,-24.4730076081584,147.482920439926));
#7992=CARTESIAN_POINT('Ctrl Pts',(4.34777373891662,-24.3886662555206,147.469758850186));
#7993=CARTESIAN_POINT('Ctrl Pts',(4.43806643518424,-24.3691401703796,147.461954324517));
#7994=CARTESIAN_POINT('Ctrl Pts',(4.48709894501641,-24.3691412844373,147.46747973637));
#7995=CARTESIAN_POINT('Ctrl Pts',(4.19848056544134,-24.5586035661638,147.54622799426));
#7996=CARTESIAN_POINT('Ctrl Pts',(4.21617111873001,-24.5248890522004,147.548587473843));
#7997=CARTESIAN_POINT('Ctrl Pts',(4.26258744280858,-24.4633635496606,147.557799184124));
#7998=CARTESIAN_POINT('Ctrl Pts',(4.38800877059153,-24.3858761144848,147.554871650826));
#7999=CARTESIAN_POINT('Ctrl Pts',(4.47788998603276,-24.3691412041278,147.555843700331));
#8000=CARTESIAN_POINT('Ctrl Pts',(4.52823775965607,-24.3691405632802,147.565478784098));
#8001=CARTESIAN_POINT('Ctrl Pts',(4.22469853812876,-24.5448224651662,147.628386435635));
#8002=CARTESIAN_POINT('Ctrl Pts',(4.24501359900003,-24.5128624675031,147.632215721149));
#8003=CARTESIAN_POINT('Ctrl Pts',(4.29742226984092,-24.4540814316413,147.644818695321));
#8004=CARTESIAN_POINT('Ctrl Pts',(4.42152622980338,-24.383860060194,147.647508995588));
#8005=CARTESIAN_POINT('Ctrl Pts',(4.51132968575913,-24.3691411468554,147.654222287733));
#8006=CARTESIAN_POINT('Ctrl Pts',(4.56241617362447,-24.3691414610789,147.666070728707));
#8007=CARTESIAN_POINT('Ctrl Pts',(4.24879975081691,-24.5325100490592,147.72537927104));
#8008=CARTESIAN_POINT('Ctrl Pts',(4.27164256816218,-24.5020405769406,147.729633240395));
#8009=CARTESIAN_POINT('Ctrl Pts',(4.32899893882315,-24.4458953205505,147.742758153582));
#8010=CARTESIAN_POINT('Ctrl Pts',(4.45081784600347,-24.382761615159,147.745360053445));
#8011=CARTESIAN_POINT('Ctrl Pts',(4.54175187349472,-24.3691412720316,147.755412798823));
#8012=CARTESIAN_POINT('Ctrl Pts',(4.59282617407696,-24.3691411333303,147.767813609658));
#8013=CARTESIAN_POINT('Ctrl Pts',(4.27068992382941,-24.5227836417088,147.835589193455));
#8014=CARTESIAN_POINT('Ctrl Pts',(4.2959543218694,-24.4934231552265,147.838748276858));
#8015=CARTESIAN_POINT('Ctrl Pts',(4.35731960840457,-24.4396342445101,147.848148785255));
#8016=CARTESIAN_POINT('Ctrl Pts',(4.47728248548774,-24.3823808040098,147.847375510891));
#8017=CARTESIAN_POINT('Ctrl Pts',(4.56896142244271,-24.369141157447,147.859326402025));
#8018=CARTESIAN_POINT('Ctrl Pts',(4.61873430453417,-24.3691412075467,147.870875359122));
#8019=CARTESIAN_POINT('Ctrl Pts',(4.28701364755298,-24.5169193429874,147.953760765695));
#8020=CARTESIAN_POINT('Ctrl Pts',(4.31431804310377,-24.4880339208371,147.954483469754));
#8021=CARTESIAN_POINT('Ctrl Pts',(4.37854376087829,-24.4356558533022,147.957685794445));
#8022=CARTESIAN_POINT('Ctrl Pts',(4.49700671056665,-24.3822707793289,147.95441517416));
#8023=CARTESIAN_POINT('Ctrl Pts',(4.58825835353869,-24.3691412044463,147.966508697929));
#8024=CARTESIAN_POINT('Ctrl Pts',(4.63599019325497,-24.3691411892801,147.975734468509));
#8025=CARTESIAN_POINT('Ctrl Pts',(4.29456667278194,-24.5152523422394,148.071350912431));
#8026=CARTESIAN_POINT('Ctrl Pts',(4.32368638388542,-24.4858147634529,148.070342720833));
#8027=CARTESIAN_POINT('Ctrl Pts',(4.39050879114079,-24.4333426587101,148.06919390409));
#8028=CARTESIAN_POINT('Ctrl Pts',(4.51063976585245,-24.3817122232137,148.067453808471));
#8029=CARTESIAN_POINT('Ctrl Pts',(4.60084804094878,-24.3691411923349,148.076007648067));
#8030=CARTESIAN_POINT('Ctrl Pts',(4.64667539443044,-24.3691411966369,148.081428886734));
#8031=CARTESIAN_POINT('Ctrl Pts',(4.29655414452611,-24.5155878037674,148.147759426594));
#8032=CARTESIAN_POINT('Ctrl Pts',(4.3269400232067,-24.4852019250868,148.147332247949));
#8033=CARTESIAN_POINT('Ctrl Pts',(4.39590855491557,-24.4319875864255,148.146699241381));
#8034=CARTESIAN_POINT('Ctrl Pts',(4.51768478156451,-24.3809781720818,148.147038288933));
#8035=CARTESIAN_POINT('Ctrl Pts',(4.60581319425438,-24.3691411943606,148.150202424647));
#8036=CARTESIAN_POINT('Ctrl Pts',(4.65010753511938,-24.3691411943606,148.152168773066));
#8037=CARTESIAN_POINT('Ctrl Pts',(4.29655414452611,-24.5155878037674,148.187563044596));
#8038=CARTESIAN_POINT('Ctrl Pts',(4.32740749826332,-24.4847344500301,148.187563044596));
#8039=CARTESIAN_POINT('Ctrl Pts',(4.39723486683957,-24.4311541851931,148.187563044596));
#8040=CARTESIAN_POINT('Ctrl Pts',(4.51921192938283,-24.3806296315893,148.187563044596));
#8041=CARTESIAN_POINT('Ctrl Pts',(4.60647430381953,-24.3691411943606,148.187563044596));
#8042=CARTESIAN_POINT('Ctrl Pts',(4.65010753511939,-24.3691411943606,148.187563044596));
#8043=CARTESIAN_POINT('',(4.29655414452611,-24.5155878037674,148.187563044596));
#8044=CARTESIAN_POINT('Ctrl Pts',(4.04142287629604,-24.641210369173,147.306528512051));
#8045=CARTESIAN_POINT('Ctrl Pts',(4.05341783448861,-24.6346505225042,147.315776580619));
#8046=CARTESIAN_POINT('Ctrl Pts',(4.07685354554314,-24.6216072308752,147.336180717971));
#8047=CARTESIAN_POINT('Ctrl Pts',(4.11017805398625,-24.604641255984,147.374269074898));
#8048=CARTESIAN_POINT('Ctrl Pts',(4.14123661112278,-24.5885595278688,147.421053985918));
#8049=CARTESIAN_POINT('Ctrl Pts',(4.17040500713798,-24.5732330968084,147.477890860779));
#8050=CARTESIAN_POINT('Ctrl Pts',(4.19848056544134,-24.5586035661638,147.54622799426));
#8051=CARTESIAN_POINT('Ctrl Pts',(4.22469853812876,-24.5448224651662,147.628386435635));
#8052=CARTESIAN_POINT('Ctrl Pts',(4.24879975081691,-24.5325100490592,147.72537927104));
#8053=CARTESIAN_POINT('Ctrl Pts',(4.27068992382941,-24.5227836417088,147.835589193455));
#8054=CARTESIAN_POINT('Ctrl Pts',(4.28701364755298,-24.5169193429874,147.953760765695));
#8055=CARTESIAN_POINT('Ctrl Pts',(4.29456667278194,-24.5152523422394,148.071350912431));
#8056=CARTESIAN_POINT('Ctrl Pts',(4.29655414452611,-24.5155878037674,148.147759426594));
#8057=CARTESIAN_POINT('Ctrl Pts',(4.29655414452611,-24.5155878037674,148.187563044596));
#8058=CARTESIAN_POINT('',(4.65010753511939,-24.3691411943606,148.187563044596));
#8059=CARTESIAN_POINT('Origin',(4.65010753511939,-24.8691411943606,148.187563044596));
#8060=CARTESIAN_POINT('',(4.31074387977961,-24.3691411943606,147.2));
#8061=CARTESIAN_POINT('Ctrl Pts',(4.65010753511939,-24.3691411943606,148.187563044596));
#8062=CARTESIAN_POINT('Ctrl Pts',(4.65010753511939,-24.3691411943606,148.183839333763));
#8063=CARTESIAN_POINT('Ctrl Pts',(4.65010707771503,-24.3691411943606,148.180111122257));
#8064=CARTESIAN_POINT('Ctrl Pts',(4.65008690996836,-24.3691411943606,148.176229528332));
#8065=CARTESIAN_POINT('Ctrl Pts',(4.65006602268601,-24.3691411943606,148.172209448666));
#8066=CARTESIAN_POINT('Ctrl Pts',(4.65002401973284,-24.3691411943606,148.168025042577));
#8067=CARTESIAN_POINT('Ctrl Pts',(4.64994518149268,-24.3691411943606,148.163567231066));
#8068=CARTESIAN_POINT('Ctrl Pts',(4.64986293109034,-24.3691411943606,148.158916483033));
#8069=CARTESIAN_POINT('Ctrl Pts',(4.64974062092048,-24.3691411943606,148.153968392332));
#8070=CARTESIAN_POINT('Ctrl Pts',(4.64956601226141,-24.3691411943606,148.148656026956));
#8071=CARTESIAN_POINT('Ctrl Pts',(4.64938180642953,-24.3691411943606,148.143051673262));
#8072=CARTESIAN_POINT('Ctrl Pts',(4.64913943942683,-24.3691411943606,148.137042214235));
#8073=CARTESIAN_POINT('Ctrl Pts',(4.64883006501974,-24.3691411943606,148.130606917912));
#8074=CARTESIAN_POINT('Ctrl Pts',(4.64849738496464,-24.3691411943606,148.123686840859));
#8075=CARTESIAN_POINT('Ctrl Pts',(4.64808728813797,-24.3691411943606,148.116274799416));
#8076=CARTESIAN_POINT('Ctrl Pts',(4.64759414441775,-24.3691411943606,148.10840444351));
#8077=CARTESIAN_POINT('Ctrl Pts',(4.64703430199927,-24.3691411943606,148.099469605846));
#8078=CARTESIAN_POINT('Ctrl Pts',(4.6463675499208,-24.3691411943606,148.089944778086));
#8079=CARTESIAN_POINT('Ctrl Pts',(4.64559090998956,-24.3691411943606,148.079945052276));
#8080=CARTESIAN_POINT('Ctrl Pts',(4.64424240849793,-24.3691411943606,148.062582250508));
#8081=CARTESIAN_POINT('Ctrl Pts',(4.64256431312822,-24.3691411943606,148.043792305599));
#8082=CARTESIAN_POINT('Ctrl Pts',(4.64054658609854,-24.3691411943606,148.024374310385));
#8083=CARTESIAN_POINT('Ctrl Pts',(4.6394096780177,-24.3691411943606,148.013433050567));
#8084=CARTESIAN_POINT('Ctrl Pts',(4.63816485789411,-24.3691411943606,148.002295036767));
#8085=CARTESIAN_POINT('Ctrl Pts',(4.63680466091326,-24.3691411943606,147.991079296978));
#8086=CARTESIAN_POINT('Ctrl Pts',(4.63559562166418,-24.3691411943606,147.981109954447));
#8087=CARTESIAN_POINT('Ctrl Pts',(4.63429546898944,-24.3691411943606,147.971079858171));
#8088=CARTESIAN_POINT('Ctrl Pts',(4.63289335262974,-24.3691411943606,147.961035553077));
#8089=CARTESIAN_POINT('Ctrl Pts',(4.63158872150954,-24.3691411943606,147.951689600499));
#8090=CARTESIAN_POINT('Ctrl Pts',(4.63019584622821,-24.3691411943606,147.942331760102));
#8091=CARTESIAN_POINT('Ctrl Pts',(4.62870028393631,-24.3691411943606,147.932958290607));
#8092=CARTESIAN_POINT('Ctrl Pts',(4.62725348862694,-24.3691411943606,147.923890469245));
#8093=CARTESIAN_POINT('Ctrl Pts',(4.62571064300632,-24.3691411943606,147.9148084995));
#8094=CARTESIAN_POINT('Ctrl Pts',(4.62405250479106,-24.3691411943606,147.905662353779));
#8095=CARTESIAN_POINT('Ctrl Pts',(4.62225024050826,-24.3691411943606,147.895721221244));
#8096=CARTESIAN_POINT('Ctrl Pts',(4.62031056382283,-24.3691411943606,147.885699079067));
#8097=CARTESIAN_POINT('Ctrl Pts',(4.61820462458924,-24.3691411943606,147.875483494124));
#8098=CARTESIAN_POINT('Ctrl Pts',(4.61616813849082,-24.3691411943606,147.86560481558));
#8099=CARTESIAN_POINT('Ctrl Pts',(4.61397614082888,-24.3691411943606,147.855544552752));
#8100=CARTESIAN_POINT('Ctrl Pts',(4.61161874400383,-24.3691411943606,147.845255233854));
#8101=CARTESIAN_POINT('Ctrl Pts',(4.60912097240234,-24.3691411943606,147.834353221826));
#8102=CARTESIAN_POINT('Ctrl Pts',(4.60643763261698,-24.3691411943606,147.823194377799));
#8103=CARTESIAN_POINT('Ctrl Pts',(4.60357372475044,-24.3691411943606,147.811781139989));
#8104=CARTESIAN_POINT('Ctrl Pts',(4.60046927827129,-24.3691411943606,147.799409308356));
#8105=CARTESIAN_POINT('Ctrl Pts',(4.59715283391206,-24.3691411943606,147.786739016961));
#8106=CARTESIAN_POINT('Ctrl Pts',(4.59364769446608,-24.3691411943606,147.7738348541));
#8107=CARTESIAN_POINT('Ctrl Pts',(4.58962037107454,-24.3691411943606,147.759008272237));
#8108=CARTESIAN_POINT('Ctrl Pts',(4.58534428859449,-24.3691411943606,147.74387377034));
#8109=CARTESIAN_POINT('Ctrl Pts',(4.58087241773747,-24.3691411943606,147.728598265096));
#8110=CARTESIAN_POINT('Ctrl Pts',(4.57461542142,-24.3691411943606,147.707224933192));
#8111=CARTESIAN_POINT('Ctrl Pts',(4.56797743586202,-24.3691411943606,147.685580769432));
#8112=CARTESIAN_POINT('Ctrl Pts',(4.56111812558379,-24.3691411943606,147.664214482706));
#8113=CARTESIAN_POINT('Ctrl Pts',(4.55645909267817,-24.3691411943606,147.649701910903));
#8114=CARTESIAN_POINT('Ctrl Pts',(4.55169839357003,-24.3691411943606,147.635320034542));
#8115=CARTESIAN_POINT('Ctrl Pts',(4.546875136081,-24.3691411943606,147.621219863481));
#8116=CARTESIAN_POINT('Ctrl Pts',(4.54235333218503,-24.3691411943606,147.608000953111));
#8117=CARTESIAN_POINT('Ctrl Pts',(4.53777691473831,-24.3691411943606,147.595030910622));
#8118=CARTESIAN_POINT('Ctrl Pts',(4.53316178562285,-24.3691411943606,147.582391143509));
#8119=CARTESIAN_POINT('Ctrl Pts',(4.52883510207711,-24.3691411943606,147.57054136184));
#8120=CARTESIAN_POINT('Ctrl Pts',(4.52447458687719,-24.3691411943606,147.558982550106));
#8121=CARTESIAN_POINT('Ctrl Pts',(4.52007475035365,-24.3691411943606,147.547729503052));
#8122=CARTESIAN_POINT('Ctrl Pts',(4.51594990361283,-24.3691411943606,147.537179771438));
#8123=CARTESIAN_POINT('Ctrl Pts',(4.51179057823325,-24.3691411943606,147.526899095832));
#8124=CARTESIAN_POINT('Ctrl Pts',(4.50757355501592,-24.3691411943606,147.516845483135));
#8125=CARTESIAN_POINT('Ctrl Pts',(4.50357982614324,-24.3691411943606,147.507324216299));
#8126=CARTESIAN_POINT('Ctrl Pts',(4.49953439478125,-24.3691411943606,147.498006791619));
#8127=CARTESIAN_POINT('Ctrl Pts',(4.49539931644038,-24.3691411943606,147.488803799423));
#8128=CARTESIAN_POINT('Ctrl Pts',(4.4920757616015,-24.3691411943606,147.481406926445));
#8129=CARTESIAN_POINT('Ctrl Pts',(4.48869129523345,-24.3691411943606,147.474077125484));
#8130=CARTESIAN_POINT('Ctrl Pts',(4.48522990126177,-24.3691411943606,147.466768682604));
#8131=CARTESIAN_POINT('Ctrl Pts',(4.48136705989078,-24.3691411943606,147.458612617231));
#8132=CARTESIAN_POINT('Ctrl Pts',(4.4774084846905,-24.3691411943606,147.450483216341));
#8133=CARTESIAN_POINT('Ctrl Pts',(4.47336429421998,-24.3691411943606,147.442380437739));
#8134=CARTESIAN_POINT('Ctrl Pts',(4.46896861270369,-24.3691411943606,147.433573425707));
#8135=CARTESIAN_POINT('Ctrl Pts',(4.46447242834114,-24.3691411943606,147.424798989035));
#8136=CARTESIAN_POINT('Ctrl Pts',(4.45991906079352,-24.3691411943606,147.416118224177));
#8137=CARTESIAN_POINT('Ctrl Pts',(4.45281813161458,-24.3691411943606,147.402580661959));
#8138=CARTESIAN_POINT('Ctrl Pts',(4.44558087050654,-24.3691411943606,147.389274510748));
#8139=CARTESIAN_POINT('Ctrl Pts',(4.43842650617598,-24.3691411943606,147.376558123237));
#8140=CARTESIAN_POINT('Ctrl Pts',(4.4337717233127,-24.3691411943606,147.368284568811));
#8141=CARTESIAN_POINT('Ctrl Pts',(4.42915336737232,-24.3691411943606,147.360263757789));
#8142=CARTESIAN_POINT('Ctrl Pts',(4.42461776806723,-24.3691411943606,147.352575174013));
#8143=CARTESIAN_POINT('Ctrl Pts',(4.42065830159437,-24.3691411943606,147.345863229761));
#8144=CARTESIAN_POINT('Ctrl Pts',(4.41676220734005,-24.3691411943606,147.339405117794));
#8145=CARTESIAN_POINT('Ctrl Pts',(4.41294007305691,-24.3691411943606,147.333219545084));
#8146=CARTESIAN_POINT('Ctrl Pts',(4.40940471293921,-24.3691411943606,147.327498074971));
#8147=CARTESIAN_POINT('Ctrl Pts',(4.40593282630996,-24.3691411943606,147.322010176311));
#8148=CARTESIAN_POINT('Ctrl Pts',(4.4025109092817,-24.3691411943606,147.316732447948));
#8149=CARTESIAN_POINT('Ctrl Pts',(4.39891993347059,-24.3691411943606,147.311193975002));
#8150=CARTESIAN_POINT('Ctrl Pts',(4.39538433316005,-24.3691411943606,147.305887692572));
#8151=CARTESIAN_POINT('Ctrl Pts',(4.39185693707854,-24.3691411943606,147.300730333629));
#8152=CARTESIAN_POINT('Ctrl Pts',(4.38864079773911,-24.3691411943606,147.296028059034));
#8153=CARTESIAN_POINT('Ctrl Pts',(4.38542794668389,-24.3691411943606,147.291443870262));
#8154=CARTESIAN_POINT('Ctrl Pts',(4.38220111899983,-24.3691411943606,147.286938281309));
#8155=CARTESIAN_POINT('Ctrl Pts',(4.37867855459067,-24.3691411943606,147.282019757965));
#8156=CARTESIAN_POINT('Ctrl Pts',(4.37513966176592,-24.3691411943606,147.277195345976));
#8157=CARTESIAN_POINT('Ctrl Pts',(4.37159726775063,-24.3691411943606,147.272464120749));
#8158=CARTESIAN_POINT('Ctrl Pts',(4.36715966642585,-24.3691411943606,147.266537255684));
#8159=CARTESIAN_POINT('Ctrl Pts',(4.36271701891852,-24.3691411943606,147.260757174634));
#8160=CARTESIAN_POINT('Ctrl Pts',(4.35834350803937,-24.3691411943606,147.255193013495));
#8161=CARTESIAN_POINT('Ctrl Pts',(4.35362601294538,-24.3691411943606,147.249191221432));
#8162=CARTESIAN_POINT('Ctrl Pts',(4.34899251803027,-24.3691411943606,147.243445592916));
#8163=CARTESIAN_POINT('Ctrl Pts',(4.34455286155713,-24.3691411943606,147.238069802087));
#8164=CARTESIAN_POINT('Ctrl Pts',(4.34117111935173,-24.3691411943606,147.233974994562));
#8165=CARTESIAN_POINT('Ctrl Pts',(4.33790270305881,-24.3691411943606,147.230096045914));
#8166=CARTESIAN_POINT('Ctrl Pts',(4.33478064322349,-24.3691411943606,147.226462877081));
#8167=CARTESIAN_POINT('Ctrl Pts',(4.33191076762368,-24.3691411943606,147.223123177288));
#8168=CARTESIAN_POINT('Ctrl Pts',(4.32916502971844,-24.3691411943606,147.219991826801));
#8169=CARTESIAN_POINT('Ctrl Pts',(4.32654618464453,-24.3691411943606,147.217060905671));
#8170=CARTESIAN_POINT('Ctrl Pts',(4.32407579384817,-24.3691411943606,147.214296129451));
#8171=CARTESIAN_POINT('Ctrl Pts',(4.32171862855463,-24.3691411943606,147.211710146062));
#8172=CARTESIAN_POINT('Ctrl Pts',(4.31945036595841,-24.3691411943606,147.209259719932));
#8173=CARTESIAN_POINT('Ctrl Pts',(4.31731925748903,-24.3691411943606,147.206957462738));
#8174=CARTESIAN_POINT('Ctrl Pts',(4.31526675975078,-24.3691411943606,147.204775058976));
#8175=CARTESIAN_POINT('Ctrl Pts',(4.31324552348921,-24.3691411943606,147.202639150412));
#8176=CARTESIAN_POINT('Ctrl Pts',(4.31240826964479,-24.3691411943606,147.201754396021));
#8177=CARTESIAN_POINT('Ctrl Pts',(4.31157603337946,-24.3691411943606,147.200877140794));
#8178=CARTESIAN_POINT('Ctrl Pts',(4.31074387977961,-24.3691411943606,147.2));
#8179=CARTESIAN_POINT('Ctrl Pts',(4.31074387977961,-24.3691411943606,147.2));
#8180=CARTESIAN_POINT('Ctrl Pts',(4.30769120244589,-24.3691411943606,147.196782291371));
#8181=CARTESIAN_POINT('Ctrl Pts',(4.30463473870345,-24.3691360995646,147.193562034978));
#8182=CARTESIAN_POINT('Ctrl Pts',(4.30144819106315,-24.3691253953013,147.190263773491));
#8183=CARTESIAN_POINT('Ctrl Pts',(4.29815573525066,-24.3691143352708,147.186855890909));
#8184=CARTESIAN_POINT('Ctrl Pts',(4.29472460850705,-24.369097264025,147.183364865201));
#8185=CARTESIAN_POINT('Ctrl Pts',(4.29106229255596,-24.3690727754414,147.179738982399));
#8186=CARTESIAN_POINT('Ctrl Pts',(4.2871584078915,-24.3690466715751,147.175873934037));
#8187=CARTESIAN_POINT('Ctrl Pts',(4.28299190656117,-24.3690121149642,147.17185569772));
#8188=CARTESIAN_POINT('Ctrl Pts',(4.27850118882176,-24.3689668303334,147.167655699721));
#8189=CARTESIAN_POINT('Ctrl Pts',(4.27379594666817,-24.3689193824273,147.163255065174));
#8190=CARTESIAN_POINT('Ctrl Pts',(4.26873516776867,-24.3688601200087,147.158655147657));
#8191=CARTESIAN_POINT('Ctrl Pts',(4.26329777094723,-24.3687863073636,147.153856787741));
#8192=CARTESIAN_POINT('Ctrl Pts',(4.25729385264039,-24.3687048041911,147.148558487491));
#8193=CARTESIAN_POINT('Ctrl Pts',(4.25083107326475,-24.3686054977456,147.143018443812));
#8194=CARTESIAN_POINT('Ctrl Pts',(4.24393527023451,-24.368485378793,147.137274699586));
#8195=CARTESIAN_POINT('Ctrl Pts',(4.24104100444189,-24.3684349631743,147.134863969123));
#8196=CARTESIAN_POINT('Ctrl Pts',(4.23807103423624,-24.368380894751,147.132417749162));
#8197=CARTESIAN_POINT('Ctrl Pts',(4.2350294017901,-24.3683230228967,147.129940315592));
#8198=CARTESIAN_POINT('Ctrl Pts',(4.04142287629604,-24.641210369173,147.306528512051));
#8199=CARTESIAN_POINT('Ctrl Pts',(4.05341783448861,-24.6346505225042,147.315776580619));
#8200=CARTESIAN_POINT('Ctrl Pts',(4.07685354554314,-24.6216072308752,147.336180717971));
#8201=CARTESIAN_POINT('Ctrl Pts',(4.11017805398625,-24.604641255984,147.374269074898));
#8202=CARTESIAN_POINT('Ctrl Pts',(4.14123661112278,-24.5885595278688,147.421053985918));
#8203=CARTESIAN_POINT('Ctrl Pts',(4.17040500713798,-24.5732330968084,147.477890860779));
#8204=CARTESIAN_POINT('Ctrl Pts',(4.19848056544134,-24.5586035661638,147.54622799426));
#8205=CARTESIAN_POINT('Ctrl Pts',(4.22469853812876,-24.5448224651662,147.628386435635));
#8206=CARTESIAN_POINT('Ctrl Pts',(4.24879975081691,-24.5325100490592,147.72537927104));
#8207=CARTESIAN_POINT('Ctrl Pts',(4.27068992382941,-24.5227836417088,147.835589193455));
#8208=CARTESIAN_POINT('Ctrl Pts',(4.28701364755298,-24.5169193429874,147.953760765695));
#8209=CARTESIAN_POINT('Ctrl Pts',(4.29456667278194,-24.5152523422394,148.071350912431));
#8210=CARTESIAN_POINT('Ctrl Pts',(4.29655414452611,-24.5155878037674,148.147759426594));
#8211=CARTESIAN_POINT('Ctrl Pts',(4.29655414452611,-24.5155878037674,148.187563044596));
#8212=CARTESIAN_POINT('Ctrl Pts',(4.0793693935725,-24.6659029801757,147.34584496872));
#8213=CARTESIAN_POINT('Ctrl Pts',(4.08882264875644,-24.6590905558756,147.356120055249));
#8214=CARTESIAN_POINT('Ctrl Pts',(4.10684966010649,-24.6455760697695,147.37894630141));
#8215=CARTESIAN_POINT('Ctrl Pts',(4.13228014483676,-24.6297324757201,147.420010948835));
#8216=CARTESIAN_POINT('Ctrl Pts',(4.15519415767984,-24.6127738034758,147.468877503607));
#8217=CARTESIAN_POINT('Ctrl Pts',(4.17770344919015,-24.5974103222973,147.526206371813));
#8218=CARTESIAN_POINT('Ctrl Pts',(4.19891092977933,-24.5828316475057,147.594331346204));
#8219=CARTESIAN_POINT('Ctrl Pts',(4.21822255036737,-24.5695070768598,147.674897970848));
#8220=CARTESIAN_POINT('Ctrl Pts',(4.2362110772667,-24.5580791701972,147.767890261236));
#8221=CARTESIAN_POINT('Ctrl Pts',(4.25190946423499,-24.5496282501386,147.871225733551));
#8222=CARTESIAN_POINT('Ctrl Pts',(4.26195603770923,-24.5451565337202,147.979506007952));
#8223=CARTESIAN_POINT('Ctrl Pts',(4.26579888087998,-24.5447687362947,148.085014558919));
#8224=CARTESIAN_POINT('Ctrl Pts',(4.26616826584553,-24.5459736824479,148.152609229461));
#8225=CARTESIAN_POINT('Ctrl Pts',(4.2657007907889,-24.5464411575046,148.187563044596));
#8226=CARTESIAN_POINT('Ctrl Pts',(4.12679902548289,-24.7210292761897,147.433883888818));
#8227=CARTESIAN_POINT('Ctrl Pts',(4.13187429339171,-24.7143401670532,147.445849069001));
#8228=CARTESIAN_POINT('Ctrl Pts',(4.1417631477244,-24.7016379267276,147.47115027134));
#8229=CARTESIAN_POINT('Ctrl Pts',(4.15567860403349,-24.6826481524769,147.51440286727));
#8230=CARTESIAN_POINT('Ctrl Pts',(4.16902353417128,-24.6662309559821,147.564345127645));
#8231=CARTESIAN_POINT('Ctrl Pts',(4.18073338519246,-24.6509917363404,147.622830204092));
#8232=CARTESIAN_POINT('Ctrl Pts',(4.19120457658688,-24.6374362129927,147.690609750767));
#8233=CARTESIAN_POINT('Ctrl Pts',(4.2009031577164,-24.6258741156308,147.76753307677));
#8234=CARTESIAN_POINT('Ctrl Pts',(4.20877978242159,-24.6170337916557,147.852089301991));
#8235=CARTESIAN_POINT('Ctrl Pts',(4.21361241820146,-24.6116635854219,147.940589505267));
#8236=CARTESIAN_POINT('Ctrl Pts',(4.2149926926496,-24.6101529127426,148.027960890068));
#8237=CARTESIAN_POINT('Ctrl Pts',(4.21431880050943,-24.6122152104321,148.109380786661));
#8238=CARTESIAN_POINT('Ctrl Pts',(4.21295392718429,-24.6149422141568,148.160892177367));
#8239=CARTESIAN_POINT('Ctrl Pts',(4.21212052595189,-24.6162685260808,148.187563044596));
#8240=CARTESIAN_POINT('Ctrl Pts',(4.15137760962155,-24.8528005893487,147.625476337889));
#8241=CARTESIAN_POINT('Ctrl Pts',(4.1528503221274,-24.8446587854514,147.637993394108));
#8242=CARTESIAN_POINT('Ctrl Pts',(4.15550132915094,-24.8290653674751,147.664422243303));
#8243=CARTESIAN_POINT('Ctrl Pts',(4.15871564335606,-24.8083451583528,147.708311870629));
#8244=CARTESIAN_POINT('Ctrl Pts',(4.16114521404084,-24.7895259310437,147.756485178405));
#8245=CARTESIAN_POINT('Ctrl Pts',(4.16310940616164,-24.7728345027233,147.80872117146));
#8246=CARTESIAN_POINT('Ctrl Pts',(4.16444408679706,-24.7583358940146,147.864107708333));
#8247=CARTESIAN_POINT('Ctrl Pts',(4.1649359295858,-24.7465062403484,147.920940916831));
#8248=CARTESIAN_POINT('Ctrl Pts',(4.16473793893592,-24.7379241327202,147.97708165067));
#8249=CARTESIAN_POINT('Ctrl Pts',(4.16417141060019,-24.7329206212904,148.031610827272));
#8250=CARTESIAN_POINT('Ctrl Pts',(4.16349899104821,-24.7315430029452,148.084178242473));
#8251=CARTESIAN_POINT('Ctrl Pts',(4.16263190014645,-24.7336837662126,148.135875339391));
#8252=CARTESIAN_POINT('Ctrl Pts',(4.16194451284059,-24.7367184408058,148.170406556024));
#8253=CARTESIAN_POINT('Ctrl Pts',(4.16159597234804,-24.7382455886241,148.187563044596));
#8254=CARTESIAN_POINT('Ctrl Pts',(4.15010753511939,-24.954069875841,147.765592852557));
#8255=CARTESIAN_POINT('Ctrl Pts',(4.15010753511939,-24.9447788062916,147.775811850584));
#8256=CARTESIAN_POINT('Ctrl Pts',(4.15010753511939,-24.9269936616606,147.797054936633));
#8257=CARTESIAN_POINT('Ctrl Pts',(4.15010753511939,-24.903089374648,147.831167017662));
#8258=CARTESIAN_POINT('Ctrl Pts',(4.15010753511939,-24.8820634433423,147.867567680778));
#8259=CARTESIAN_POINT('Ctrl Pts',(4.15010753511939,-24.8638940889876,147.906200595087));
#8260=CARTESIAN_POINT('Ctrl Pts',(4.15010753511939,-24.8488553102591,147.946379375887));
#8261=CARTESIAN_POINT('Ctrl Pts',(4.15010753511939,-24.8372740663841,147.987239847743));
#8262=CARTESIAN_POINT('Ctrl Pts',(4.15010753511939,-24.8293228579348,148.028142472316));
#8263=CARTESIAN_POINT('Ctrl Pts',(4.15010753511939,-24.8247124184567,148.069285815776));
#8264=CARTESIAN_POINT('Ctrl Pts',(4.15010753511939,-24.8229920823289,148.110119882255));
#8265=CARTESIAN_POINT('Ctrl Pts',(4.15010753511939,-24.8235562366093,148.149658373741));
#8266=CARTESIAN_POINT('Ctrl Pts',(4.15010753511939,-24.8248468534956,148.174949452307));
#8267=CARTESIAN_POINT('Ctrl Pts',(4.15010753511939,-24.8255079630608,148.187563044596));
#8268=CARTESIAN_POINT('Ctrl Pts',(4.15010753511939,-24.9989797806855,147.828453441013));
#8269=CARTESIAN_POINT('Ctrl Pts',(4.15010753511939,-24.9897572566913,147.837486580464));
#8270=CARTESIAN_POINT('Ctrl Pts',(4.15010753511939,-24.9721762967747,147.856273007606));
#8271=CARTESIAN_POINT('Ctrl Pts',(4.15010753511939,-24.9488152162821,147.886283199115));
#8272=CARTESIAN_POINT('Ctrl Pts',(4.15010753511939,-24.9284840314418,147.918105835241));
#8273=CARTESIAN_POINT('Ctrl Pts',(4.15010753511939,-24.9110945135046,147.95155618433));
#8274=CARTESIAN_POINT('Ctrl Pts',(4.15010753511939,-24.8968201993302,147.985891463593));
#8275=CARTESIAN_POINT('Ctrl Pts',(4.15010753511939,-24.8858144195441,148.020349826698));
#8276=CARTESIAN_POINT('Ctrl Pts',(4.15010753511939,-24.8780148680709,148.054600574337));
#8277=CARTESIAN_POINT('Ctrl Pts',(4.15010753511939,-24.8729665145201,148.089010614825));
#8278=CARTESIAN_POINT('Ctrl Pts',(4.15010753511939,-24.8701905074318,148.123084289324));
#8279=CARTESIAN_POINT('Ctrl Pts',(4.15010753511939,-24.8691512262305,148.156020062999));
#8280=CARTESIAN_POINT('Ctrl Pts',(4.15010753511939,-24.8691411943606,148.177067612228));
#8281=CARTESIAN_POINT('Ctrl Pts',(4.15010753511939,-24.8691411943606,148.187563044596));
#8282=CARTESIAN_POINT('',(4.15010753511939,-24.9989797806855,147.828453441013));
#8283=CARTESIAN_POINT('Ctrl Pts',(4.04142287629604,-24.641210369173,147.306528512051));
#8284=CARTESIAN_POINT('Ctrl Pts',(4.0793693935725,-24.6659029801757,147.34584496872));
#8285=CARTESIAN_POINT('Ctrl Pts',(4.12679902548289,-24.7210292761897,147.433883888818));
#8286=CARTESIAN_POINT('Ctrl Pts',(4.15137760962155,-24.8528005893487,147.625476337889));
#8287=CARTESIAN_POINT('Ctrl Pts',(4.15010753511939,-24.954069875841,147.765592852557));
#8288=CARTESIAN_POINT('Ctrl Pts',(4.15010753511939,-24.9989797806855,147.828453441013));
#8289=CARTESIAN_POINT('',(4.15010753511939,-24.8691411943606,148.187563044596));
#8290=CARTESIAN_POINT('Ctrl Pts',(4.15010753511939,-24.9989797806855,147.828453441013));
#8291=CARTESIAN_POINT('Ctrl Pts',(4.15010753511939,-24.990021178343,147.837228078444));
#8292=CARTESIAN_POINT('Ctrl Pts',(4.15010753511939,-24.981471209493,147.846341260989));
#8293=CARTESIAN_POINT('Ctrl Pts',(4.15010753511939,-24.9733909453081,147.855746128789));
#8294=CARTESIAN_POINT('Ctrl Pts',(4.15010753511939,-24.9658589193465,147.864512885273));
#8295=CARTESIAN_POINT('Ctrl Pts',(4.15010753511939,-24.9587357277518,147.873532525201));
#8296=CARTESIAN_POINT('Ctrl Pts',(4.15010753511939,-24.9520321594699,147.882793385581));
#8297=CARTESIAN_POINT('Ctrl Pts',(4.15010753511939,-24.9459192132918,147.891238312027));
#8298=CARTESIAN_POINT('Ctrl Pts',(4.15010753511939,-24.9401508876961,147.899889561146));
#8299=CARTESIAN_POINT('Ctrl Pts',(4.15010753511939,-24.9347164499053,147.908739381303));
#8300=CARTESIAN_POINT('Ctrl Pts',(4.15010753511939,-24.9284061111203,147.919015580152));
#8301=CARTESIAN_POINT('Ctrl Pts',(4.15010753511939,-24.9225463860066,147.929558539542));
#8302=CARTESIAN_POINT('Ctrl Pts',(4.15010753511939,-24.917152844979,147.940280870513));
#8303=CARTESIAN_POINT('Ctrl Pts',(4.15010753511939,-24.9112267439661,147.952061927911));
#8304=CARTESIAN_POINT('Ctrl Pts',(4.15010753511939,-24.9058658746352,147.964054509804));
#8305=CARTESIAN_POINT('Ctrl Pts',(4.15010753511939,-24.9011024104868,147.976109337455));
#8306=CARTESIAN_POINT('Ctrl Pts',(4.15010753511939,-24.8974075927376,147.985459757607));
#8307=CARTESIAN_POINT('Ctrl Pts',(4.15010753511939,-24.8940728906408,147.99484598171));
#8308=CARTESIAN_POINT('Ctrl Pts',(4.15010753511939,-24.8911014345769,148.004219526876));
#8309=CARTESIAN_POINT('Ctrl Pts',(4.15010753511939,-24.8883265295089,148.012973046169));
#8310=CARTESIAN_POINT('Ctrl Pts',(4.15010753511939,-24.885868847057,148.021714542918));
#8311=CARTESIAN_POINT('Ctrl Pts',(4.15010753511939,-24.8837121488608,148.030441517165));
#8312=CARTESIAN_POINT('Ctrl Pts',(4.15010753511939,-24.8815498668655,148.039191085984));
#8313=CARTESIAN_POINT('Ctrl Pts',(4.15010753511939,-24.8796888358737,148.047932269515));
#8314=CARTESIAN_POINT('Ctrl Pts',(4.15010753511939,-24.8780928822489,148.056687490571));
#8315=CARTESIAN_POINT('Ctrl Pts',(4.15010753511939,-24.8763170342594,148.066429591763));
#8316=CARTESIAN_POINT('Ctrl Pts',(4.15010753511939,-24.8748694679091,148.076188375647));
#8317=CARTESIAN_POINT('Ctrl Pts',(4.15010753511939,-24.873701353507,148.085915202411));
#8318=CARTESIAN_POINT('Ctrl Pts',(4.15010753511939,-24.8723549594766,148.097126554198));
#8319=CARTESIAN_POINT('Ctrl Pts',(4.15010753511939,-24.8713808959376,148.10828958347));
#8320=CARTESIAN_POINT('Ctrl Pts',(4.15010753511939,-24.8706951523471,148.119286268281));
#8321=CARTESIAN_POINT('Ctrl Pts',(4.15010753511939,-24.8701647476008,148.127791916601));
#8322=CARTESIAN_POINT('Ctrl Pts',(4.15010753511939,-24.8698067937774,148.136195863728));
#8323=CARTESIAN_POINT('Ctrl Pts',(4.15010753511939,-24.8695725259987,148.144470414056));
#8324=CARTESIAN_POINT('Ctrl Pts',(4.15010753511939,-24.8693643882461,148.151822028173));
#8325=CARTESIAN_POINT('Ctrl Pts',(4.15010753511939,-24.8692538950139,148.159070792782));
#8326=CARTESIAN_POINT('Ctrl Pts',(4.15010753511939,-24.869198055867,148.166237143952));
#8327=CARTESIAN_POINT('Ctrl Pts',(4.15010753511939,-24.8691458472883,148.172937550919));
#8328=CARTESIAN_POINT('Ctrl Pts',(4.15010753511939,-24.8691414470274,148.179565419115));
#8329=CARTESIAN_POINT('Ctrl Pts',(4.15010753511939,-24.869141210807,148.186182629675));
#8330=CARTESIAN_POINT('Ctrl Pts',(4.15010753511939,-24.8691411943803,148.186642788428));
#8331=CARTESIAN_POINT('Ctrl Pts',(4.15010753511939,-24.8691411943606,148.187102916569));
#8332=CARTESIAN_POINT('Ctrl Pts',(4.15010753511939,-24.8691411943606,148.187563044596));
#8333=CARTESIAN_POINT('Origin',(4.65010753511939,-24.8691411943606,148.187563044596));
#8334=CARTESIAN_POINT('Ctrl Pts',(-2.74118092979902,-24.6412151180301,147.306252777822));
#8335=CARTESIAN_POINT('Ctrl Pts',(-2.74938747202817,-24.6367229014367,147.312674568874));
#8336=CARTESIAN_POINT('Ctrl Pts',(-2.76554426191209,-24.6278339265107,147.326437157572));
#8337=CARTESIAN_POINT('Ctrl Pts',(-2.789074861533,-24.6151365945548,147.350205953606));
#8338=CARTESIAN_POINT('Ctrl Pts',(-2.81157055212004,-24.603713966274,147.377881775753));
#8339=CARTESIAN_POINT('Ctrl Pts',(-2.83280670525632,-24.5924791402044,147.40982936195));
#8340=CARTESIAN_POINT('Ctrl Pts',(-2.85366890225649,-24.5816796544776,147.445899161458));
#8341=CARTESIAN_POINT('Ctrl Pts',(-2.87371307993071,-24.5712410025102,147.486983483584));
#8342=CARTESIAN_POINT('Ctrl Pts',(-2.89282139237296,-24.5612071944052,147.533760939939));
#8343=CARTESIAN_POINT('Ctrl Pts',(-2.91102981441104,-24.5516065468746,147.586851047467));
#8344=CARTESIAN_POINT('Ctrl Pts',(-2.92877775217129,-24.5425483688303,147.646655991603));
#8345=CARTESIAN_POINT('Ctrl Pts',(-2.94583937684213,-24.534240859219,147.713459077273));
#8346=CARTESIAN_POINT('Ctrl Pts',(-2.96163466383053,-24.5270270950524,147.786853004727));
#8347=CARTESIAN_POINT('Ctrl Pts',(-2.97477913505059,-24.5213452453516,147.865460865151));
#8348=CARTESIAN_POINT('Ctrl Pts',(-2.98497538554016,-24.5175695062106,147.946608443802));
#8349=CARTESIAN_POINT('Ctrl Pts',(-2.99220113485053,-24.5157553375681,148.027518472193));
#8350=CARTESIAN_POINT('Ctrl Pts',(-2.99591696032995,-24.5154360143809,148.10706461694));
#8351=CARTESIAN_POINT('Ctrl Pts',(-2.99633907428734,-24.5155878037674,148.160197759784));
#8352=CARTESIAN_POINT('Ctrl Pts',(-2.99633907428734,-24.5155878037674,148.187563044596));
#8353=CARTESIAN_POINT('Ctrl Pts',(-2.74730083020434,-24.5924497668489,147.300899009919));
#8354=CARTESIAN_POINT('Ctrl Pts',(-2.75590442659171,-24.5889155970547,147.307521777335));
#8355=CARTESIAN_POINT('Ctrl Pts',(-2.77291339900103,-24.5818340849873,147.321728612191));
#8356=CARTESIAN_POINT('Ctrl Pts',(-2.79788746252051,-24.5716369948597,147.346288241526));
#8357=CARTESIAN_POINT('Ctrl Pts',(-2.82188327257981,-24.5625130982528,147.374937119167));
#8358=CARTESIAN_POINT('Ctrl Pts',(-2.84469458780014,-24.5533588773304,147.40799170463));
#8359=CARTESIAN_POINT('Ctrl Pts',(-2.86728975306097,-24.5444383113221,147.445212832978));
#8360=CARTESIAN_POINT('Ctrl Pts',(-2.88910352917975,-24.5356840933464,147.487546073912));
#8361=CARTESIAN_POINT('Ctrl Pts',(-2.90999289240506,-24.5271409731514,147.535599837976));
#8362=CARTESIAN_POINT('Ctrl Pts',(-2.92999907514857,-24.5188352422154,147.589886846624));
#8363=CARTESIAN_POINT('Ctrl Pts',(-2.94959461644968,-24.5108924420614,147.650585684865));
#8364=CARTESIAN_POINT('Ctrl Pts',(-2.96846708614846,-24.5035529237749,147.717711209925));
#8365=CARTESIAN_POINT('Ctrl Pts',(-2.98594906539738,-24.4971565324869,147.790639261185));
#8366=CARTESIAN_POINT('Ctrl Pts',(-3.00053804731955,-24.4920801973045,147.868007691992));
#8367=CARTESIAN_POINT('Ctrl Pts',(-3.0121215467348,-24.4885724089763,147.947488400164));
#8368=CARTESIAN_POINT('Ctrl Pts',(-3.0207280911473,-24.4865592962724,148.027051060944));
#8369=CARTESIAN_POINT('Ctrl Pts',(-3.02572842824772,-24.4855529343127,148.106267202187));
#8370=CARTESIAN_POINT('Ctrl Pts',(-3.02687103892312,-24.4850558391316,148.159904025974));
#8371=CARTESIAN_POINT('Ctrl Pts',(-3.02719242802455,-24.4847344500301,148.187563044596));
#8372=CARTESIAN_POINT('Ctrl Pts',(-2.76094534293925,-24.5111863177261,147.289767791601));
#8373=CARTESIAN_POINT('Ctrl Pts',(-2.77084034882574,-24.5089153602383,147.296906835147));
#8374=CARTESIAN_POINT('Ctrl Pts',(-2.79054357407912,-24.50422595386,147.31224527159));
#8375=CARTESIAN_POINT('Ctrl Pts',(-2.81989220145802,-24.4973923367718,147.338844740991));
#8376=CARTESIAN_POINT('Ctrl Pts',(-2.84833946995063,-24.4913447688268,147.370055394414));
#8377=CARTESIAN_POINT('Ctrl Pts',(-2.87572191078787,-24.4849527735261,147.406100846588));
#8378=CARTESIAN_POINT('Ctrl Pts',(-2.90314843642309,-24.478481632529,147.446533549087));
#8379=CARTESIAN_POINT('Ctrl Pts',(-2.92971023285178,-24.4719006784036,147.492367658799));
#8380=CARTESIAN_POINT('Ctrl Pts',(-2.95513994451726,-24.4652972717573,147.543903028626));
#8381=CARTESIAN_POINT('Ctrl Pts',(-2.97942492849852,-24.4587884719315,147.60114941328));
#8382=CARTESIAN_POINT('Ctrl Pts',(-3.00305403005844,-24.4526098848088,147.663585982827));
#8383=CARTESIAN_POINT('Ctrl Pts',(-3.02546628844386,-24.4470276371279,147.730766218019));
#8384=CARTESIAN_POINT('Ctrl Pts',(-3.04583111573152,-24.4423124152481,147.801809692145));
#8385=CARTESIAN_POINT('Ctrl Pts',(-3.06253985019638,-24.4386431386232,147.875719891454));
#8386=CARTESIAN_POINT('Ctrl Pts',(-3.07613997080902,-24.4360057511095,147.951098850818));
#8387=CARTESIAN_POINT('Ctrl Pts',(-3.08679773450084,-24.4341633586968,148.02739840284));
#8388=CARTESIAN_POINT('Ctrl Pts',(-3.09369700314118,-24.4327396168949,148.105180438163));
#8389=CARTESIAN_POINT('Ctrl Pts',(-3.09610795715305,-24.4317271485404,148.159468742373));
#8390=CARTESIAN_POINT('Ctrl Pts',(-3.0970197966008,-24.4311541851931,148.187563044596));
#8391=CARTESIAN_POINT('Ctrl Pts',(-2.83232622753188,-24.4033629506164,147.222895043187));
#8392=CARTESIAN_POINT('Ctrl Pts',(-2.84674395273219,-24.4025104616754,147.232516193036));
#8393=CARTESIAN_POINT('Ctrl Pts',(-2.87513480372021,-24.4004716960492,147.253155773147));
#8394=CARTESIAN_POINT('Ctrl Pts',(-2.91629504871887,-24.3976482000521,147.288592632341));
#8395=CARTESIAN_POINT('Ctrl Pts',(-2.95398135512385,-24.3953787480717,147.329984243302));
#8396=CARTESIAN_POINT('Ctrl Pts',(-2.98902957208003,-24.3929546549203,147.376188700839));
#8397=CARTESIAN_POINT('Ctrl Pts',(-3.02241348755663,-24.3905435297225,147.426181077643));
#8398=CARTESIAN_POINT('Ctrl Pts',(-3.05261225212201,-24.3883500386373,147.480785278103));
#8399=CARTESIAN_POINT('Ctrl Pts',(-3.0795023512978,-24.3864137185048,147.539458509509));
#8400=CARTESIAN_POINT('Ctrl Pts',(-3.10407549822575,-24.3848311716879,147.60143259333));
#8401=CARTESIAN_POINT('Ctrl Pts',(-3.12703672603088,-24.3836670607567,147.66600476871));
#8402=CARTESIAN_POINT('Ctrl Pts',(-3.14816694479565,-24.3829204485068,147.733020107696));
#8403=CARTESIAN_POINT('Ctrl Pts',(-3.16661136541824,-24.3825286945517,147.80241548967));
#8404=CARTESIAN_POINT('Ctrl Pts',(-3.18172504464538,-24.3823610053705,147.874243761993));
#8405=CARTESIAN_POINT('Ctrl Pts',(-3.19509277127099,-24.3822403404605,147.948195651285));
#8406=CARTESIAN_POINT('Ctrl Pts',(-3.20648619952097,-24.3819638401688,148.024758743482));
#8407=CARTESIAN_POINT('Ctrl Pts',(-3.21482243497023,-24.3813524788071,148.104657302932));
#8408=CARTESIAN_POINT('Ctrl Pts',(-3.21794694501896,-24.3808692531779,148.159701763734));
#8409=CARTESIAN_POINT('Ctrl Pts',(-3.21899685914405,-24.3806296315893,148.187563044596));
#8410=CARTESIAN_POINT('Ctrl Pts',(-2.90614709142106,-24.3689549475381,147.155703837698));
#8411=CARTESIAN_POINT('Ctrl Pts',(-2.92286308067875,-24.3691425147559,147.169073804767));
#8412=CARTESIAN_POINT('Ctrl Pts',(-2.95535171292098,-24.3692376446078,147.197332335332));
#8413=CARTESIAN_POINT('Ctrl Pts',(-3.00112007068931,-24.369043094705,147.244124041624));
#8414=CARTESIAN_POINT('Ctrl Pts',(-3.04118636113522,-24.3691410065351,147.296923620946));
#8415=CARTESIAN_POINT('Ctrl Pts',(-3.07836481770206,-24.3691628685096,147.352886695617));
#8416=CARTESIAN_POINT('Ctrl Pts',(-3.1124137607322,-24.3691267834081,147.411857047682));
#8417=CARTESIAN_POINT('Ctrl Pts',(-3.14254520251478,-24.3691469861681,147.474048744387));
#8418=CARTESIAN_POINT('Ctrl Pts',(-3.16924761608258,-24.3691406043455,147.538787725931));
#8419=CARTESIAN_POINT('Ctrl Pts',(-3.19419352921557,-24.3691404717383,147.60520755461));
#8420=CARTESIAN_POINT('Ctrl Pts',(-3.21752940686593,-24.3691414944722,147.673140117711));
#8421=CARTESIAN_POINT('Ctrl Pts',(-3.23908761796374,-24.3691412404121,147.742581566606));
#8422=CARTESIAN_POINT('Ctrl Pts',(-3.25755876295129,-24.3691411166459,147.813703311611));
#8423=CARTESIAN_POINT('Ctrl Pts',(-3.27313100600222,-24.3691412253426,147.886301004386));
#8424=CARTESIAN_POINT('Ctrl Pts',(-3.28660921235816,-24.3691411907367,147.959990285574));
#8425=CARTESIAN_POINT('Ctrl Pts',(-3.29725869821548,-24.3691411931324,148.034822661805));
#8426=CARTESIAN_POINT('Ctrl Pts',(-3.30387456871897,-24.3691411952303,148.110721437814));
#8427=CARTESIAN_POINT('Ctrl Pts',(-3.30580472075471,-24.3691411943606,148.161877147442));
#8428=CARTESIAN_POINT('Ctrl Pts',(-3.30625923358075,-24.3691411943606,148.187563044596));
#8429=CARTESIAN_POINT('Ctrl Pts',(-2.93523613280153,-24.368341809006,147.129467051755));
#8430=CARTESIAN_POINT('Ctrl Pts',(-2.95389720609972,-24.3687280028547,147.145085481047));
#8431=CARTESIAN_POINT('Ctrl Pts',(-2.99000453022789,-24.369249087319,147.177781033809));
#8432=CARTESIAN_POINT('Ctrl Pts',(-3.04018199306104,-24.3690272627502,147.230941635877));
#8433=CARTESIAN_POINT('Ctrl Pts',(-3.08363532125509,-24.3691649727999,147.289739547768));
#8434=CARTESIAN_POINT('Ctrl Pts',(-3.12386061826518,-24.369148683505,147.350716449115));
#8435=CARTESIAN_POINT('Ctrl Pts',(-3.15993386042611,-24.3691319916846,147.41423853047));
#8436=CARTESIAN_POINT('Ctrl Pts',(-3.19149085617717,-24.3691461106059,147.480121146172));
#8437=CARTESIAN_POINT('Ctrl Pts',(-3.21937748671683,-24.3691401162748,147.547621887658));
#8438=CARTESIAN_POINT('Ctrl Pts',(-3.24516021076613,-24.3691408052888,147.615929797559));
#8439=CARTESIAN_POINT('Ctrl Pts',(-3.26881388088363,-24.3691414656226,147.685010611351));
#8440=CARTESIAN_POINT('Ctrl Pts',(-3.29004793084298,-24.3691411823817,147.75488575409));
#8441=CARTESIAN_POINT('Ctrl Pts',(-3.3076949451123,-24.3691411459785,147.825733880133));
#8442=CARTESIAN_POINT('Ctrl Pts',(-3.32239559458126,-24.3691412200057,147.897275569823));
#8443=CARTESIAN_POINT('Ctrl Pts',(-3.33464492614165,-24.3691411892357,147.969251645496));
#8444=CARTESIAN_POINT('Ctrl Pts',(-3.34381318630877,-24.3691411943087,148.041709567103));
#8445=CARTESIAN_POINT('Ctrl Pts',(-3.34888990374399,-24.3691411947583,148.114557684942));
#8446=CARTESIAN_POINT('Ctrl Pts',(-3.34989246488061,-24.3691411943606,148.163229036766));
#8447=CARTESIAN_POINT('Ctrl Pts',(-3.34989246488061,-24.3691411943606,148.187563044596));
#8448=CARTESIAN_POINT('',(-2.74118092979902,-24.6412151180301,147.306252777822));
#8449=CARTESIAN_POINT('',(-2.99633907428734,-24.5155878037674,148.187563044596));
#8450=CARTESIAN_POINT('Ctrl Pts',(-2.74118092979902,-24.6412151180301,147.306252777822));
#8451=CARTESIAN_POINT('Ctrl Pts',(-2.74938747202817,-24.6367229014367,147.312674568874));
#8452=CARTESIAN_POINT('Ctrl Pts',(-2.76554426191209,-24.6278339265107,147.326437157572));
#8453=CARTESIAN_POINT('Ctrl Pts',(-2.789074861533,-24.6151365945548,147.350205953606));
#8454=CARTESIAN_POINT('Ctrl Pts',(-2.81157055212004,-24.603713966274,147.377881775753));
#8455=CARTESIAN_POINT('Ctrl Pts',(-2.83280670525632,-24.5924791402044,147.40982936195));
#8456=CARTESIAN_POINT('Ctrl Pts',(-2.85366890225649,-24.5816796544776,147.445899161458));
#8457=CARTESIAN_POINT('Ctrl Pts',(-2.87371307993071,-24.5712410025102,147.486983483584));
#8458=CARTESIAN_POINT('Ctrl Pts',(-2.89282139237296,-24.5612071944052,147.533760939939));
#8459=CARTESIAN_POINT('Ctrl Pts',(-2.91102981441104,-24.5516065468746,147.586851047467));
#8460=CARTESIAN_POINT('Ctrl Pts',(-2.92877775217129,-24.5425483688303,147.646655991603));
#8461=CARTESIAN_POINT('Ctrl Pts',(-2.94583937684213,-24.534240859219,147.713459077273));
#8462=CARTESIAN_POINT('Ctrl Pts',(-2.96163466383053,-24.5270270950524,147.786853004727));
#8463=CARTESIAN_POINT('Ctrl Pts',(-2.97477913505059,-24.5213452453516,147.865460865151));
#8464=CARTESIAN_POINT('Ctrl Pts',(-2.98497538554016,-24.5175695062106,147.946608443802));
#8465=CARTESIAN_POINT('Ctrl Pts',(-2.99220113485053,-24.5157553375681,148.027518472193));
#8466=CARTESIAN_POINT('Ctrl Pts',(-2.99591696032995,-24.5154360143809,148.10706461694));
#8467=CARTESIAN_POINT('Ctrl Pts',(-2.99633907428734,-24.5155878037674,148.160197759784));
#8468=CARTESIAN_POINT('Ctrl Pts',(-2.99633907428734,-24.5155878037674,148.187563044596));
#8469=CARTESIAN_POINT('',(-2.93519575337503,-24.3683130825889,147.129516066647));
#8470=CARTESIAN_POINT('Ctrl Pts',(-2.74118092979902,-24.6412151180301,147.306252777822));
#8471=CARTESIAN_POINT('Ctrl Pts',(-2.74730083020434,-24.5924497668489,147.300899009919));
#8472=CARTESIAN_POINT('Ctrl Pts',(-2.76094534293925,-24.5111863177261,147.289767791601));
#8473=CARTESIAN_POINT('Ctrl Pts',(-2.83232622753188,-24.4033629506164,147.222895043187));
#8474=CARTESIAN_POINT('Ctrl Pts',(-2.90614709142106,-24.3689549475381,147.155703837698));
#8475=CARTESIAN_POINT('Ctrl Pts',(-2.93523613280153,-24.368341809006,147.129467051755));
#8476=CARTESIAN_POINT('',(-3.01052880954084,-24.3691411943606,147.2));
#8477=CARTESIAN_POINT('Ctrl Pts',(-2.93519575337503,-24.3683130825889,147.129516066647));
#8478=CARTESIAN_POINT('Ctrl Pts',(-2.94339208601633,-24.3684739854458,147.136362667027));
#8479=CARTESIAN_POINT('Ctrl Pts',(-2.95126742150806,-24.3686096524479,147.14315035874));
#8480=CARTESIAN_POINT('Ctrl Pts',(-2.95865112672084,-24.3687194867763,147.14970022198));
#8481=CARTESIAN_POINT('Ctrl Pts',(-2.96418890563042,-24.3688018625225,147.154612619409));
#8482=CARTESIAN_POINT('Ctrl Pts',(-2.96944713690598,-24.3688698029653,147.15938904337));
#8483=CARTESIAN_POINT('Ctrl Pts',(-2.97437159610757,-24.3689248092192,147.163968568917));
#8484=CARTESIAN_POINT('Ctrl Pts',(-2.97848600283278,-24.3689707671796,147.1677947821));
#8485=CARTESIAN_POINT('Ctrl Pts',(-2.98236702084938,-24.3690077436246,147.171483269081));
#8486=CARTESIAN_POINT('Ctrl Pts',(-2.98601238181063,-24.3690372019093,147.175021131056));
#8487=CARTESIAN_POINT('Ctrl Pts',(-2.98944199649258,-24.369064916741,147.17834960895));
#8488=CARTESIAN_POINT('Ctrl Pts',(-2.99266255678777,-24.3690860035547,147.181544417228));
#8489=CARTESIAN_POINT('Ctrl Pts',(-2.9957066918133,-24.3691017761075,147.184621184547));
#8490=CARTESIAN_POINT('Ctrl Pts',(-2.9985451925194,-24.3691164832089,147.187490113202));
#8491=CARTESIAN_POINT('Ctrl Pts',(-3.00123012996952,-24.3691265885055,147.190256287187));
#8492=CARTESIAN_POINT('Ctrl Pts',(-3.00382302561898,-24.369132931877,147.192959060183));
#8493=CARTESIAN_POINT('Ctrl Pts',(-3.00610647319181,-24.3691385182014,147.195339271834));
#8494=CARTESIAN_POINT('Ctrl Pts',(-3.00831879943707,-24.3691411943606,147.197670514174));
#8495=CARTESIAN_POINT('Ctrl Pts',(-3.01052880954084,-24.3691411943606,147.2));
#8496=CARTESIAN_POINT('',(-3.34989246488061,-24.3691411943606,148.187563044596));
#8497=CARTESIAN_POINT('Ctrl Pts',(-3.01052880954084,-24.3691411943606,147.2));
#8498=CARTESIAN_POINT('Ctrl Pts',(-3.01308173376232,-24.3691411943606,147.202690938281));
#8499=CARTESIAN_POINT('Ctrl Pts',(-3.01563708103041,-24.3691411943606,147.205385711351));
#8500=CARTESIAN_POINT('Ctrl Pts',(-3.01826582089202,-24.3691411943606,147.208209535646));
#8501=CARTESIAN_POINT('Ctrl Pts',(-3.02099442828899,-24.3691411943606,147.211140638861));
#8502=CARTESIAN_POINT('Ctrl Pts',(-3.02380200118641,-24.3691411943606,147.214210605301));
#8503=CARTESIAN_POINT('Ctrl Pts',(-3.02673747869112,-24.3691411943606,147.217511368));
#8504=CARTESIAN_POINT('Ctrl Pts',(-3.0298101164557,-24.3691411943606,147.220966358919));
#8505=CARTESIAN_POINT('Ctrl Pts',(-3.03302275417395,-24.3691411943606,147.224673992781));
#8506=CARTESIAN_POINT('Ctrl Pts',(-3.03640064520909,-24.3691411943606,147.228691024267));
#8507=CARTESIAN_POINT('Ctrl Pts',(-3.03998332260626,-24.3691411943606,147.23295159033));
#8508=CARTESIAN_POINT('Ctrl Pts',(-3.04375171622934,-24.3691411943606,147.23755990495));
#8509=CARTESIAN_POINT('Ctrl Pts',(-3.04770440190202,-24.3691411943606,147.242534122882));
#8510=CARTESIAN_POINT('Ctrl Pts',(-3.05200490686876,-24.3691411943606,147.247946050541));
#8511=CARTESIAN_POINT('Ctrl Pts',(-3.05652330055879,-24.3691411943606,147.253790667804));
#8512=CARTESIAN_POINT('Ctrl Pts',(-3.06122478095501,-24.3691411943606,147.260039926358));
#8513=CARTESIAN_POINT('Ctrl Pts',(-3.06677650398638,-24.3691411943606,147.267419336611));
#8514=CARTESIAN_POINT('Ctrl Pts',(-3.07258307935833,-24.3691411943606,147.275362198496));
#8515=CARTESIAN_POINT('Ctrl Pts',(-3.07854776254577,-24.3691411943606,147.283761766035));
#8516=CARTESIAN_POINT('Ctrl Pts',(-3.08679585707301,-24.3691411943606,147.295376871963));
#8517=CARTESIAN_POINT('Ctrl Pts',(-3.09534224749927,-24.3691411943606,147.307858394352));
#8518=CARTESIAN_POINT('Ctrl Pts',(-3.10388956948346,-24.3691411943606,147.320866580508));
#8519=CARTESIAN_POINT('Ctrl Pts',(-3.10937397087922,-24.3691411943606,147.32921330179));
#8520=CARTESIAN_POINT('Ctrl Pts',(-3.11485794417028,-24.3691411943606,147.337775771735));
#8521=CARTESIAN_POINT('Ctrl Pts',(-3.12027698673146,-24.3691411943606,147.34648906711));
#8522=CARTESIAN_POINT('Ctrl Pts',(-3.12514679825568,-24.3691411943606,147.354319252194));
#8523=CARTESIAN_POINT('Ctrl Pts',(-3.12996384011594,-24.3691411943606,147.362270727342));
#8524=CARTESIAN_POINT('Ctrl Pts',(-3.13470077043956,-24.3691411943606,147.370328829682));
#8525=CARTESIAN_POINT('Ctrl Pts',(-3.1391262887138,-24.3691411943606,147.377857181742));
#8526=CARTESIAN_POINT('Ctrl Pts',(-3.14348166786991,-24.3691411943606,147.385478268917));
#8527=CARTESIAN_POINT('Ctrl Pts',(-3.14776626605362,-24.3691411943606,147.393215777787));
#8528=CARTESIAN_POINT('Ctrl Pts',(-3.15195245028115,-24.3691411943606,147.400775561973));
#8529=CARTESIAN_POINT('Ctrl Pts',(-3.15607077704977,-24.3691411943606,147.408446018143));
#8530=CARTESIAN_POINT('Ctrl Pts',(-3.16014585805555,-24.3691411943606,147.416290482055));
#8531=CARTESIAN_POINT('Ctrl Pts',(-3.16432924307109,-24.3691411943606,147.424343429404));
#8532=CARTESIAN_POINT('Ctrl Pts',(-3.16847124941695,-24.3691411943606,147.432588129027));
#8533=CARTESIAN_POINT('Ctrl Pts',(-3.17260616911744,-24.3691411943606,147.441097138035));
#8534=CARTESIAN_POINT('Ctrl Pts',(-3.17695020083043,-24.3691411943606,147.450036466403));
#8535=CARTESIAN_POINT('Ctrl Pts',(-3.18128631838383,-24.3691411943606,147.459267235258));
#8536=CARTESIAN_POINT('Ctrl Pts',(-3.18563153714445,-24.3691411943606,147.468817002646));
#8537=CARTESIAN_POINT('Ctrl Pts',(-3.19027954835376,-24.3691411943606,147.479032236518));
#8538=CARTESIAN_POINT('Ctrl Pts',(-3.19493785309009,-24.3691411943606,147.489612102906));
#8539=CARTESIAN_POINT('Ctrl Pts',(-3.19960345876134,-24.3691411943606,147.500532057251));
#8540=CARTESIAN_POINT('Ctrl Pts',(-3.20476162279608,-24.3691411943606,147.512604855454));
#8541=CARTESIAN_POINT('Ctrl Pts',(-3.20992852744672,-24.3691411943606,147.525092737095));
#8542=CARTESIAN_POINT('Ctrl Pts',(-3.21507414047297,-24.3691411943606,147.537900835102));
#8543=CARTESIAN_POINT('Ctrl Pts',(-3.22143616287684,-24.3691411943606,147.553736733771));
#8544=CARTESIAN_POINT('Ctrl Pts',(-3.2277652701278,-24.3691411943606,147.570060649504));
#8545=CARTESIAN_POINT('Ctrl Pts',(-3.23396985946373,-24.3691411943606,147.586616977077));
#8546=CARTESIAN_POINT('Ctrl Pts',(-3.23979167048187,-24.3691411943606,147.6021518989));
#8547=CARTESIAN_POINT('Ctrl Pts',(-3.24550215774815,-24.3691411943606,147.617887096186));
#8548=CARTESIAN_POINT('Ctrl Pts',(-3.25101696953731,-24.3691411943606,147.633602710709));
#8549=CARTESIAN_POINT('Ctrl Pts',(-3.25616139725199,-24.3691411943606,147.648262838016));
#8550=CARTESIAN_POINT('Ctrl Pts',(-3.26113453570961,-24.3691411943606,147.662903360731));
#8551=CARTESIAN_POINT('Ctrl Pts',(-3.26587840661001,-24.3691411943606,147.67738456088));
#8552=CARTESIAN_POINT('Ctrl Pts',(-3.26987273535371,-24.3691411943606,147.689577699187));
#8553=CARTESIAN_POINT('Ctrl Pts',(-3.27370438621111,-24.3691411943606,147.701657703009));
#8554=CARTESIAN_POINT('Ctrl Pts',(-3.2773525612432,-24.3691411943606,147.713583617526));
#8555=CARTESIAN_POINT('Ctrl Pts',(-3.28074129540342,-24.3691411943606,147.724661417676));
#8556=CARTESIAN_POINT('Ctrl Pts',(-3.28397157662277,-24.3691411943606,147.735605932401));
#8557=CARTESIAN_POINT('Ctrl Pts',(-3.28704170694098,-24.3691411943606,147.746428168664));
#8558=CARTESIAN_POINT('Ctrl Pts',(-3.28994533346093,-24.3691411943606,147.75666347758));
#8559=CARTESIAN_POINT('Ctrl Pts',(-3.29270561086654,-24.3691411943606,147.766789181662));
#8560=CARTESIAN_POINT('Ctrl Pts',(-3.29533670170552,-24.3691411943606,147.776859244055));
#8561=CARTESIAN_POINT('Ctrl Pts',(-3.29814585210577,-24.3691411943606,147.787610799791));
#8562=CARTESIAN_POINT('Ctrl Pts',(-3.30080825084069,-24.3691411943606,147.798301541293));
#8563=CARTESIAN_POINT('Ctrl Pts',(-3.30336101371896,-24.3691411943606,147.809049358371));
#8564=CARTESIAN_POINT('Ctrl Pts',(-3.30546829586218,-24.3691411943606,147.817921581952));
#8565=CARTESIAN_POINT('Ctrl Pts',(-3.30750146416341,-24.3691411943606,147.826834249173));
#8566=CARTESIAN_POINT('Ctrl Pts',(-3.30947178366316,-24.3691411943606,147.835802819153));
#8567=CARTESIAN_POINT('Ctrl Pts',(-3.31162921849307,-24.3691411943606,147.845623107311));
#8568=CARTESIAN_POINT('Ctrl Pts',(-3.31371122682555,-24.3691411943606,147.855509878234));
#8569=CARTESIAN_POINT('Ctrl Pts',(-3.31571977100599,-24.3691411943606,147.865423007492));
#8570=CARTESIAN_POINT('Ctrl Pts',(-3.31814524729543,-24.3691411943606,147.877393896758));
#8571=CARTESIAN_POINT('Ctrl Pts',(-3.32046350453038,-24.3691411943606,147.88940217023));
#8572=CARTESIAN_POINT('Ctrl Pts',(-3.32266088085486,-24.3691411943606,147.901303254146));
#8573=CARTESIAN_POINT('Ctrl Pts',(-3.32539896870821,-24.3691411943606,147.916132854771));
#8574=CARTESIAN_POINT('Ctrl Pts',(-3.32794819935418,-24.3691411943606,147.930788123349));
#8575=CARTESIAN_POINT('Ctrl Pts',(-3.33026677715373,-24.3691411943606,147.944951952811));
#8576=CARTESIAN_POINT('Ctrl Pts',(-3.33186693386632,-24.3691411943606,147.954727060117));
#8577=CARTESIAN_POINT('Ctrl Pts',(-3.33335682324314,-24.3691411943606,147.964266943804));
#8578=CARTESIAN_POINT('Ctrl Pts',(-3.33472603840926,-24.3691411943606,147.973499898705));
#8579=CARTESIAN_POINT('Ctrl Pts',(-3.3359561029662,-24.3691411943606,147.981794526796));
#8580=CARTESIAN_POINT('Ctrl Pts',(-3.33708864009489,-24.3691411943606,147.989840857886));
#8581=CARTESIAN_POINT('Ctrl Pts',(-3.33812205265405,-24.3691411943606,147.997627445191));
#8582=CARTESIAN_POINT('Ctrl Pts',(-3.33908451627084,-24.3691411943606,148.00487944432));
#8583=CARTESIAN_POINT('Ctrl Pts',(-3.33996091990282,-24.3691411943606,148.011905782507));
#8584=CARTESIAN_POINT('Ctrl Pts',(-3.34075684630097,-24.3691411943606,148.018740697059));
#8585=CARTESIAN_POINT('Ctrl Pts',(-3.34180215871498,-24.3691411943606,148.027717181626));
#8586=CARTESIAN_POINT('Ctrl Pts',(-3.34270846254257,-24.3691411943606,148.036365367699));
#8587=CARTESIAN_POINT('Ctrl Pts',(-3.34350814338966,-24.3691411943606,148.044872923665));
#8588=CARTESIAN_POINT('Ctrl Pts',(-3.34411029349652,-24.3691411943606,148.051279011484));
#8589=CARTESIAN_POINT('Ctrl Pts',(-3.34465232770204,-24.3691411943606,148.057606184104));
#8590=CARTESIAN_POINT('Ctrl Pts',(-3.34514472140892,-24.3691411943606,148.063878840466));
#8591=CARTESIAN_POINT('Ctrl Pts',(-3.34568830523936,-24.3691411943606,148.070803613315));
#8592=CARTESIAN_POINT('Ctrl Pts',(-3.34617136920127,-24.3691411943606,148.077661332169));
#8593=CARTESIAN_POINT('Ctrl Pts',(-3.34660312156493,-24.3691411943606,148.084422022886));
#8594=CARTESIAN_POINT('Ctrl Pts',(-3.34714940869271,-24.3691411943606,148.092976181762));
#8595=CARTESIAN_POINT('Ctrl Pts',(-3.34761355347014,-24.3691411943606,148.10137365397));
#8596=CARTESIAN_POINT('Ctrl Pts',(-3.34800654748364,-24.3691411943606,148.10946937851));
#8597=CARTESIAN_POINT('Ctrl Pts',(-3.34841418835138,-24.3691411943606,148.117866830032));
#8598=CARTESIAN_POINT('Ctrl Pts',(-3.34874488059,-24.3691411943606,148.125932868838));
#8599=CARTESIAN_POINT('Ctrl Pts',(-3.34900710763561,-24.3691411943606,148.133495392086));
#8600=CARTESIAN_POINT('Ctrl Pts',(-3.34920377791981,-24.3691411943606,148.139167284522));
#8601=CARTESIAN_POINT('Ctrl Pts',(-3.34936181531505,-24.3691411943606,148.14455504831));
#8602=CARTESIAN_POINT('Ctrl Pts',(-3.3494856114887,-24.3691411943606,148.149618665241));
#8603=CARTESIAN_POINT('Ctrl Pts',(-3.34959849421635,-24.3691411943606,148.154235891074));
#8604=CARTESIAN_POINT('Ctrl Pts',(-3.34968285853634,-24.3691411943606,148.158583009384));
#8605=CARTESIAN_POINT('Ctrl Pts',(-3.349743761628,-24.3691411943606,148.162669852363));
#8606=CARTESIAN_POINT('Ctrl Pts',(-3.34980156094686,-24.3691411943606,148.166548419673));
#8607=CARTESIAN_POINT('Ctrl Pts',(-3.34983819411014,-24.3691411943606,148.170192074669));
#8608=CARTESIAN_POINT('Ctrl Pts',(-3.34986019309293,-24.3691411943606,148.173654776067));
#8609=CARTESIAN_POINT('Ctrl Pts',(-3.34988094238389,-24.3691411943606,148.176920772476));
#8610=CARTESIAN_POINT('Ctrl Pts',(-3.34988865526688,-24.3691411943606,148.180025578637));
#8611=CARTESIAN_POINT('Ctrl Pts',(-3.34989118774222,-24.3691411943606,148.183060761528));
#8612=CARTESIAN_POINT('Ctrl Pts',(-3.34989244920535,-24.3691411943606,148.18457263066));
#8613=CARTESIAN_POINT('Ctrl Pts',(-3.3498924648806,-24.3691411943606,148.186067984244));
#8614=CARTESIAN_POINT('Ctrl Pts',(-3.3498924648806,-24.3691411943606,148.187563044596));
#8615=CARTESIAN_POINT('Origin',(-3.34989246488061,-24.8691411943606,148.187563044596));
#8616=CARTESIAN_POINT('Ctrl Pts',(-2.74118092979902,-24.6412151180301,147.306252777822));
#8617=CARTESIAN_POINT('Ctrl Pts',(-2.74730083020434,-24.5924497668489,147.300899009919));
#8618=CARTESIAN_POINT('Ctrl Pts',(-2.76094534293925,-24.5111863177261,147.289767791601));
#8619=CARTESIAN_POINT('Ctrl Pts',(-2.83232622753188,-24.4033629506164,147.222895043187));
#8620=CARTESIAN_POINT('Ctrl Pts',(-2.90614709142106,-24.3689549475381,147.155703837698));
#8621=CARTESIAN_POINT('Ctrl Pts',(-2.93523613280153,-24.368341809006,147.129467051755));
#8622=CARTESIAN_POINT('Ctrl Pts',(-2.73091320484898,-24.6344496100255,147.295451872318));
#8623=CARTESIAN_POINT('Ctrl Pts',(-2.73662736773108,-24.5871726949852,147.28970449552));
#8624=CARTESIAN_POINT('Ctrl Pts',(-2.74909114936118,-24.5079302055421,147.27707821515));
#8625=CARTESIAN_POINT('Ctrl Pts',(-2.81532217508631,-24.4021120389052,147.205200466184));
#8626=CARTESIAN_POINT('Ctrl Pts',(-2.88271441133049,-24.3686635425386,147.135461558751));
#8627=CARTESIAN_POINT('Ctrl Pts',(-2.90809275345871,-24.3677800724986,147.106749336422));
#8628=CARTESIAN_POINT('Ctrl Pts',(-2.70833342657415,-24.6213309644403,147.274685660495));
#8629=CARTESIAN_POINT('Ctrl Pts',(-2.71312246234848,-24.5768373127964,147.268062914691));
#8630=CARTESIAN_POINT('Ctrl Pts',(-2.72290126242384,-24.5013269607698,147.252312982733));
#8631=CARTESIAN_POINT('Ctrl Pts',(-2.77828627262514,-24.3992696142128,147.171463168264));
#8632=CARTESIAN_POINT('Ctrl Pts',(-2.83279311496238,-24.3677157415647,147.097774695633));
#8633=CARTESIAN_POINT('Ctrl Pts',(-2.85096972725489,-24.3662673717023,147.064802326281));
#8634=CARTESIAN_POINT('Ctrl Pts',(-2.66754830565716,-24.6028273797372,147.245685461618));
#8635=CARTESIAN_POINT('Ctrl Pts',(-2.6706453201385,-24.5619905599776,147.237496906911));
#8636=CARTESIAN_POINT('Ctrl Pts',(-2.67552650431847,-24.4911767383969,147.21665074221));
#8637=CARTESIAN_POINT('Ctrl Pts',(-2.71436899920896,-24.394489052918,147.125079114892));
#8638=CARTESIAN_POINT('Ctrl Pts',(-2.75123847258929,-24.3656526118597,147.047735035922));
#8639=CARTESIAN_POINT('Ctrl Pts',(-2.76007292352928,-24.3632660271765,147.009761912152));
#8640=CARTESIAN_POINT('Ctrl Pts',(-2.6190390498276,-24.585324326933,147.218053651341));
#8641=CARTESIAN_POINT('Ctrl Pts',(-2.62015983093942,-24.5475867745364,147.208008665183));
#8642=CARTESIAN_POINT('Ctrl Pts',(-2.61966359022025,-24.4806987960654,147.181576971276));
#8643=CARTESIAN_POINT('Ctrl Pts',(-2.64305263215634,-24.3893417659141,147.08168091385));
#8644=CARTESIAN_POINT('Ctrl Pts',(-2.66480351103868,-24.3630127103606,147.002377389043));
#8645=CARTESIAN_POINT('Ctrl Pts',(-2.66588779109762,-24.3596909917701,146.960692482538));
#8646=CARTESIAN_POINT('Ctrl Pts',(-2.56100616394778,-24.5685956949105,147.191591417434));
#8647=CARTESIAN_POINT('Ctrl Pts',(-2.5599617737032,-24.5334309949709,147.179454089417));
#8648=CARTESIAN_POINT('Ctrl Pts',(-2.55401265336622,-24.4699288316741,147.147138595585));
#8649=CARTESIAN_POINT('Ctrl Pts',(-2.56399743389962,-24.3841782905121,147.041967694188));
#8650=CARTESIAN_POINT('Ctrl Pts',(-2.57350121295769,-24.3601211119418,146.962363504169));
#8651=CARTESIAN_POINT('Ctrl Pts',(-2.56848567611751,-24.3559867470799,146.918403318618));
#8652=CARTESIAN_POINT('Ctrl Pts',(-2.49126957034038,-24.5525843945769,147.166610534244));
#8653=CARTESIAN_POINT('Ctrl Pts',(-2.48816583691268,-24.5196059221929,147.152291777692));
#8654=CARTESIAN_POINT('Ctrl Pts',(-2.47716468346367,-24.4590769781551,147.114303861619));
#8655=CARTESIAN_POINT('Ctrl Pts',(-2.47724838797735,-24.3794701734248,147.007463914325));
#8656=CARTESIAN_POINT('Ctrl Pts',(-2.47776190099996,-24.3571915311164,146.927956673774));
#8657=CARTESIAN_POINT('Ctrl Pts',(-2.46858441885217,-24.3523463943314,146.882412835349));
#8658=CARTESIAN_POINT('Ctrl Pts',(-2.40787032392706,-24.5375129092383,147.142910157784));
#8659=CARTESIAN_POINT('Ctrl Pts',(-2.4032602647466,-24.5064058389301,147.126299871737));
#8660=CARTESIAN_POINT('Ctrl Pts',(-2.38886623843519,-24.448600883635,147.0829711762));
#8661=CARTESIAN_POINT('Ctrl Pts',(-2.38445478304931,-24.3754643576734,146.976357156723));
#8662=CARTESIAN_POINT('Ctrl Pts',(-2.37905385774219,-24.3541528186591,146.896361443764));
#8663=CARTESIAN_POINT('Ctrl Pts',(-2.36751984029365,-24.3487143517,146.850044135286));
#8664=CARTESIAN_POINT('Ctrl Pts',(-2.30983874818854,-24.5240748650209,147.120288816351));
#8665=CARTESIAN_POINT('Ctrl Pts',(-2.30488260683609,-24.4945416821617,147.101350474983));
#8666=CARTESIAN_POINT('Ctrl Pts',(-2.2902579024235,-24.4392357362481,147.053337899228));
#8667=CARTESIAN_POINT('Ctrl Pts',(-2.28683489573686,-24.3722898674298,146.948117973578));
#8668=CARTESIAN_POINT('Ctrl Pts',(-2.27755833819571,-24.3510493535485,146.867422387935));
#8669=CARTESIAN_POINT('Ctrl Pts',(-2.26528321648039,-24.3451852539966,146.821352170239));
#8670=CARTESIAN_POINT('Ctrl Pts',(-2.19835506420861,-24.5135018559884,147.100110344114));
#8671=CARTESIAN_POINT('Ctrl Pts',(-2.19463531073278,-24.4850938447185,147.078998660438));
#8672=CARTESIAN_POINT('Ctrl Pts',(-2.18415467723683,-24.4318923528224,147.027351412634));
#8673=CARTESIAN_POINT('Ctrl Pts',(-2.18463540037159,-24.3699099397679,146.924164719503));
#8674=CARTESIAN_POINT('Ctrl Pts',(-2.17300200369251,-24.3482518689788,146.843525769929));
#8675=CARTESIAN_POINT('Ctrl Pts',(-2.16147518736446,-24.3422276426634,146.798899199979));
#8676=CARTESIAN_POINT('Ctrl Pts',(-2.07893218563538,-24.5072039320505,147.086309856957));
#8677=CARTESIAN_POINT('Ctrl Pts',(-2.07784272337933,-24.4792433901267,147.063466783932));
#8678=CARTESIAN_POINT('Ctrl Pts',(-2.07403978164958,-24.4271836360989,147.009393021298));
#8679=CARTESIAN_POINT('Ctrl Pts',(-2.07741119605619,-24.3682891426623,146.907565306454));
#8680=CARTESIAN_POINT('Ctrl Pts',(-2.06548627637163,-24.346188109299,146.826990460781));
#8681=CARTESIAN_POINT('Ctrl Pts',(-2.05629759233029,-24.340170977704,146.784029667603));
#8682=CARTESIAN_POINT('Ctrl Pts',(-1.96080932136096,-24.5055044686824,147.079559043844));
#8683=CARTESIAN_POINT('Ctrl Pts',(-1.96165793086599,-24.4769482634686,147.055048437143));
#8684=CARTESIAN_POINT('Ctrl Pts',(-1.96263372031791,-24.4245309713471,146.998492373398));
#8685=CARTESIAN_POINT('Ctrl Pts',(-1.96449716511214,-24.366541945695,146.894951068322));
#8686=CARTESIAN_POINT('Ctrl Pts',(-1.9559552515824,-24.3446665265836,146.815283253171));
#8687=CARTESIAN_POINT('Ctrl Pts',(-1.95053713675523,-24.3387548994057,146.774077442474));
#8688=CARTESIAN_POINT('Ctrl Pts',(-1.88427177937928,-24.5059159741444,147.077964473009));
#8689=CARTESIAN_POINT('Ctrl Pts',(-1.88464215119523,-24.4763965131688,147.052399869898));
#8690=CARTESIAN_POINT('Ctrl Pts',(-1.88522621961725,-24.4230645539041,146.994055268139));
#8691=CARTESIAN_POINT('Ctrl Pts',(-1.88490431226852,-24.3652280556918,146.889141011016));
#8692=CARTESIAN_POINT('Ctrl Pts',(-1.88174302535063,-24.3441214548334,146.811267850613));
#8693=CARTESIAN_POINT('Ctrl Pts',(-1.87977656232446,-24.338371150193,146.771428571429));
#8694=CARTESIAN_POINT('Ctrl Pts',(-1.84438022785339,-24.5059159741444,147.077964473009));
#8695=CARTESIAN_POINT('Ctrl Pts',(-1.84438022785339,-24.4759423676153,147.052006568312));
#8696=CARTESIAN_POINT('Ctrl Pts',(-1.84438022785339,-24.4222018094071,146.992927802869));
#8697=CARTESIAN_POINT('Ctrl Pts',(-1.84438022785339,-24.3647449091479,146.88780606704));
#8698=CARTESIAN_POINT('Ctrl Pts',(-1.84438022785339,-24.344035629391,146.810673234506));
#8699=CARTESIAN_POINT('Ctrl Pts',(-1.84438022785339,-24.338371150193,146.771428571429));
#8700=CARTESIAN_POINT('',(-1.84438022785339,-24.5059159741444,147.077964473009));
#8701=CARTESIAN_POINT('Ctrl Pts',(-2.74118092979902,-24.6412151180301,147.306252777822));
#8702=CARTESIAN_POINT('Ctrl Pts',(-2.73091320484898,-24.6344496100255,147.295451872318));
#8703=CARTESIAN_POINT('Ctrl Pts',(-2.70833342657415,-24.6213309644403,147.274685660495));
#8704=CARTESIAN_POINT('Ctrl Pts',(-2.66754830565716,-24.6028273797372,147.245685461618));
#8705=CARTESIAN_POINT('Ctrl Pts',(-2.6190390498276,-24.585324326933,147.218053651341));
#8706=CARTESIAN_POINT('Ctrl Pts',(-2.56100616394778,-24.5685956949105,147.191591417434));
#8707=CARTESIAN_POINT('Ctrl Pts',(-2.49126957034038,-24.5525843945769,147.166610534244));
#8708=CARTESIAN_POINT('Ctrl Pts',(-2.40787032392706,-24.5375129092383,147.142910157784));
#8709=CARTESIAN_POINT('Ctrl Pts',(-2.30983874818854,-24.5240748650209,147.120288816351));
#8710=CARTESIAN_POINT('Ctrl Pts',(-2.19835506420861,-24.5135018559884,147.100110344114));
#8711=CARTESIAN_POINT('Ctrl Pts',(-2.07893218563538,-24.5072039320505,147.086309856957));
#8712=CARTESIAN_POINT('Ctrl Pts',(-1.96080932136096,-24.5055044686824,147.079559043844));
#8713=CARTESIAN_POINT('Ctrl Pts',(-1.88427177937928,-24.5059159741444,147.077964473009));
#8714=CARTESIAN_POINT('Ctrl Pts',(-1.84438022785339,-24.5059159741444,147.077964473009));
#8715=CARTESIAN_POINT('',(-1.84438022785339,-24.338371150193,146.771428571429));
#8716=CARTESIAN_POINT('Origin',(-1.84438022785339,-24.8332428094984,146.7));
#8717=CARTESIAN_POINT('Ctrl Pts',(-1.84438022785339,-24.338371150193,146.771428571429));
#8718=CARTESIAN_POINT('Ctrl Pts',(-1.84884533789556,-24.338371150193,146.771428571429));
#8719=CARTESIAN_POINT('Ctrl Pts',(-1.85331490665383,-24.3383712183024,146.771429042735));
#8720=CARTESIAN_POINT('Ctrl Pts',(-1.85794092249743,-24.3383743762558,146.771450922843));
#8721=CARTESIAN_POINT('Ctrl Pts',(-1.86272564420533,-24.33837764255,146.771473553597));
#8722=CARTESIAN_POINT('Ctrl Pts',(-1.86767754111288,-24.338384211142,146.771519061339));
#8723=CARTESIAN_POINT('Ctrl Pts',(-1.87290912916826,-24.3383965784561,146.771604780582));
#8724=CARTESIAN_POINT('Ctrl Pts',(-1.87835670060861,-24.3384094563482,146.771694038699));
#8725=CARTESIAN_POINT('Ctrl Pts',(-1.88410730074818,-24.3384286178166,146.771826864656));
#8726=CARTESIAN_POINT('Ctrl Pts',(-1.89023182284635,-24.3384560310721,146.772017055848));
#8727=CARTESIAN_POINT('Ctrl Pts',(-1.89667355086072,-24.3384848641357,146.772217097566));
#8728=CARTESIAN_POINT('Ctrl Pts',(-1.90352863727269,-24.3385228206632,146.772480557791));
#8729=CARTESIAN_POINT('Ctrl Pts',(-1.91082272494936,-24.3385713371135,146.772817805485));
#8730=CARTESIAN_POINT('Ctrl Pts',(-1.91897427256632,-24.3386255569381,146.773194698491));
#8731=CARTESIAN_POINT('Ctrl Pts',(-1.9276740609584,-24.3386929626053,146.773663716834));
#8732=CARTESIAN_POINT('Ctrl Pts',(-1.93689042865221,-24.3387745684492,146.774232899933));
#8733=CARTESIAN_POINT('Ctrl Pts',(-1.94737819792194,-24.3388674318516,146.774880602067));
#8734=CARTESIAN_POINT('Ctrl Pts',(-1.95853419768892,-24.3389786670252,146.775657880208));
#8735=CARTESIAN_POINT('Ctrl Pts',(-1.97023395896331,-24.3391086931331,146.776569892148));
#8736=CARTESIAN_POINT('Ctrl Pts',(-1.98606627718644,-24.339284646699,146.777804042395));
#8737=CARTESIAN_POINT('Ctrl Pts',(-2.00289105759165,-24.3394949257315,146.779284212011));
#8738=CARTESIAN_POINT('Ctrl Pts',(-2.02028680127333,-24.3397393814089,146.781017409543));
#8739=CARTESIAN_POINT('Ctrl Pts',(-2.03381056253663,-24.3399294256105,146.782364828204));
#8740=CARTESIAN_POINT('Ctrl Pts',(-2.04767470867919,-24.3401400671016,146.783864793391));
#8741=CARTESIAN_POINT('Ctrl Pts',(-2.06169362124602,-24.3403717450335,146.785525616294));
#8742=CARTESIAN_POINT('Ctrl Pts',(-2.07349344596601,-24.3405667501007,146.786923543491));
#8743=CARTESIAN_POINT('Ctrl Pts',(-2.0854020964883,-24.3407766535642,146.788435391133));
#8744=CARTESIAN_POINT('Ctrl Pts',(-2.09734511693572,-24.3410024105287,146.79007206507));
#8745=CARTESIAN_POINT('Ctrl Pts',(-2.10828675843736,-24.3412092385905,146.791571509833));
#8746=CARTESIAN_POINT('Ctrl Pts',(-2.11925677650025,-24.3414293708545,146.793175688044));
#8747=CARTESIAN_POINT('Ctrl Pts',(-2.13023935340686,-24.3416642255726,146.794898989246));
#8748=CARTESIAN_POINT('Ctrl Pts',(-2.140583318877,-24.3418854240323,146.796522084469));
#8749=CARTESIAN_POINT('Ctrl Pts',(-2.150938094476,-24.3421196826216,146.798250822033));
#8750=CARTESIAN_POINT('Ctrl Pts',(-2.16133446486535,-24.3423688360726,146.800103275132));
#8751=CARTESIAN_POINT('Ctrl Pts',(-2.17181249279369,-24.3426199464814,146.801970278191));
#8752=CARTESIAN_POINT('Ctrl Pts',(-2.18233216720837,-24.342886188109,146.80396289399));
#8753=CARTESIAN_POINT('Ctrl Pts',(-2.19297948822476,-24.3431701429219,146.806106850631));
#8754=CARTESIAN_POINT('Ctrl Pts',(-2.20368847076717,-24.3434557421941,146.808263223507));
#8755=CARTESIAN_POINT('Ctrl Pts',(-2.21453468751112,-24.3437594831368,146.810574385161));
#8756=CARTESIAN_POINT('Ctrl Pts',(-2.22558930076057,-24.3440825381297,146.813058142438));
#8757=CARTESIAN_POINT('Ctrl Pts',(-2.23718203872195,-24.3444213190345,146.815662805905));
#8758=CARTESIAN_POINT('Ctrl Pts',(-2.24900369249963,-24.3447813186959,146.818457181056));
#8759=CARTESIAN_POINT('Ctrl Pts',(-2.26108019076128,-24.3451613898345,146.821445121374));
#8760=CARTESIAN_POINT('Ctrl Pts',(-2.27392876387942,-24.3455657596865,146.824624086734));
#8761=CARTESIAN_POINT('Ctrl Pts',(-2.28706545196626,-24.3459928164492,146.828022024843));
#8762=CARTESIAN_POINT('Ctrl Pts',(-2.30046408322036,-24.3464388359268,146.831626882734));
#8763=CARTESIAN_POINT('Ctrl Pts',(-2.31512184899398,-24.3469267700231,146.835570506647));
#8764=CARTESIAN_POINT('Ctrl Pts',(-2.33009255924001,-24.3474373434975,146.839761554771));
#8765=CARTESIAN_POINT('Ctrl Pts',(-2.3452820322252,-24.3479636520489,146.844167503491));
#8766=CARTESIAN_POINT('Ctrl Pts',(-2.36382910336609,-24.3486062998982,146.849547377068));
#8767=CARTESIAN_POINT('Ctrl Pts',(-2.38270137093175,-24.3492722730294,146.855247173809));
#8768=CARTESIAN_POINT('Ctrl Pts',(-2.40165126968224,-24.3499476069066,146.861188649947));
#8769=CARTESIAN_POINT('Ctrl Pts',(-2.42320859839772,-24.3507158640131,146.86794764934));
#8770=CARTESIAN_POINT('Ctrl Pts',(-2.44486014829713,-24.3514958918782,146.875017178487));
#8771=CARTESIAN_POINT('Ctrl Pts',(-2.4662109126987,-24.3522696299007,146.882281984974));
#8772=CARTESIAN_POINT('Ctrl Pts',(-2.4820125753121,-24.3528422720298,146.887658655285));
#8773=CARTESIAN_POINT('Ctrl Pts',(-2.49764809770112,-24.3534115210534,146.893142050295));
#8774=CARTESIAN_POINT('Ctrl Pts',(-2.51298464039693,-24.3539723715112,146.89869808512));
#8775=CARTESIAN_POINT('Ctrl Pts',(-2.52679521396515,-24.3544774179653,146.903701300593));
#8776=CARTESIAN_POINT('Ctrl Pts',(-2.54036274164664,-24.3549756696889,146.908763261294));
#8777=CARTESIAN_POINT('Ctrl Pts',(-2.55362688760039,-24.3554652728378,146.913873282779));
#8778=CARTESIAN_POINT('Ctrl Pts',(-2.5660285312124,-24.3559230394958,146.918651024635));
#8779=CARTESIAN_POINT('Ctrl Pts',(-2.57816457432651,-24.3563732610939,146.923470669696));
#8780=CARTESIAN_POINT('Ctrl Pts',(-2.59002625291441,-24.3568158743861,146.928338434197));
#8781=CARTESIAN_POINT('Ctrl Pts',(-2.60131139884655,-24.3572369746172,146.93296960274));
#8782=CARTESIAN_POINT('Ctrl Pts',(-2.61234791389503,-24.3576512043562,146.93764424209));
#8783=CARTESIAN_POINT('Ctrl Pts',(-2.62317103166493,-24.3580596492781,146.942383094783));
#8784=CARTESIAN_POINT('Ctrl Pts',(-2.63364823467619,-24.3584550400017,146.946970490278));
#8785=CARTESIAN_POINT('Ctrl Pts',(-2.64392517211292,-24.3588450270894,146.951617969817));
#8786=CARTESIAN_POINT('Ctrl Pts',(-2.65407919919337,-24.3592314546806,146.956360440117));
#8787=CARTESIAN_POINT('Ctrl Pts',(-2.66284482862304,-24.359565044599,146.960454454925));
#8788=CARTESIAN_POINT('Ctrl Pts',(-2.67152524468041,-24.3598962108689,146.964622203905));
#8789=CARTESIAN_POINT('Ctrl Pts',(-2.68017466236291,-24.3602255507999,146.968884503626));
#8790=CARTESIAN_POINT('Ctrl Pts',(-2.68928230798705,-24.3605723384672,146.973372611013));
#8791=CARTESIAN_POINT('Ctrl Pts',(-2.69835524572543,-24.360917044729,146.977965334162));
#8792=CARTESIAN_POINT('Ctrl Pts',(-2.70740162703035,-24.3612578692189,146.982657404002));
#8793=CARTESIAN_POINT('Ctrl Pts',(-2.71740943771251,-24.3616349157811,146.987848136637));
#8794=CARTESIAN_POINT('Ctrl Pts',(-2.72738414679601,-24.3620071269491,146.993160080395));
#8795=CARTESIAN_POINT('Ctrl Pts',(-2.73727854071981,-24.362370241366,146.998555535784));
#8796=CARTESIAN_POINT('Ctrl Pts',(-2.75009118789212,-24.362840452775,147.005542327171));
#8797=CARTESIAN_POINT('Ctrl Pts',(-2.76276777039277,-24.3632951612708,147.012668141634));
#8798=CARTESIAN_POINT('Ctrl Pts',(-2.77512368679412,-24.3637249489443,147.01981083056));
#8799=CARTESIAN_POINT('Ctrl Pts',(-2.7863212179245,-24.3641144433936,147.026283881932));
#8800=CARTESIAN_POINT('Ctrl Pts',(-2.79725072845552,-24.364483364086,147.032768234923));
#8801=CARTESIAN_POINT('Ctrl Pts',(-2.80777132679457,-24.3648273629841,147.039175937379));
#8802=CARTESIAN_POINT('Ctrl Pts',(-2.81646700152218,-24.3651116911591,147.044472147207));
#8803=CARTESIAN_POINT('Ctrl Pts',(-2.82488225111853,-24.3653790419788,147.049715468325));
#8804=CARTESIAN_POINT('Ctrl Pts',(-2.83296576065919,-24.3656289122046,147.05487468584));
#8805=CARTESIAN_POINT('Ctrl Pts',(-2.84034313823538,-24.3658569551099,147.059583221831));
#8806=CARTESIAN_POINT('Ctrl Pts',(-2.84744366238654,-24.3660704673721,147.064221424348));
#8807=CARTESIAN_POINT('Ctrl Pts',(-2.85426415630209,-24.3662703675472,147.068787503514));
#8808=CARTESIAN_POINT('Ctrl Pts',(-2.86065973851119,-24.3664578140898,147.073069119339));
#8809=CARTESIAN_POINT('Ctrl Pts',(-2.86680875436228,-24.3666333165185,147.07728713805));
#8810=CARTESIAN_POINT('Ctrl Pts',(-2.87274759213277,-24.3667984608314,147.081463453843));
#8811=CARTESIAN_POINT('Ctrl Pts',(-2.87909146109793,-24.3669748680549,147.085924596102));
#8812=CARTESIAN_POINT('Ctrl Pts',(-2.88519782929825,-24.3671395659911,147.090339836545));
#8813=CARTESIAN_POINT('Ctrl Pts',(-2.89115848501034,-24.367294818919,147.094762917431));
#8814=CARTESIAN_POINT('Ctrl Pts',(-2.89674608832955,-24.3674403552185,147.098909176272));
#8815=CARTESIAN_POINT('Ctrl Pts',(-2.90220735656296,-24.3675775749544,147.103063355351));
#8816=CARTESIAN_POINT('Ctrl Pts',(-2.90757575541605,-24.3677067096305,147.107237665863));
#8817=CARTESIAN_POINT('Ctrl Pts',(-2.91364310667529,-24.3678526573257,147.111955461398));
#8818=CARTESIAN_POINT('Ctrl Pts',(-2.91959153869233,-24.367988209796,147.116698740032));
#8819=CARTESIAN_POINT('Ctrl Pts',(-2.92541215773841,-24.3681124800046,147.121442836844));
#8820=CARTESIAN_POINT('Ctrl Pts',(-2.92871802158914,-24.3681830601932,147.12413728189));
#8821=CARTESIAN_POINT('Ctrl Pts',(-2.93198167181396,-24.3682499866986,147.12683126443));
#8822=CARTESIAN_POINT('Ctrl Pts',(-2.93519575337503,-24.3683130825889,147.129516066647));
#8823=CARTESIAN_POINT('Ctrl Pts',(-2.74118092979902,-24.6412151180301,147.306252777822));
#8824=CARTESIAN_POINT('Ctrl Pts',(-2.73091320484898,-24.6344496100255,147.295451872318));
#8825=CARTESIAN_POINT('Ctrl Pts',(-2.70833342657415,-24.6213309644403,147.274685660495));
#8826=CARTESIAN_POINT('Ctrl Pts',(-2.66754830565716,-24.6028273797372,147.245685461618));
#8827=CARTESIAN_POINT('Ctrl Pts',(-2.6190390498276,-24.585324326933,147.218053651341));
#8828=CARTESIAN_POINT('Ctrl Pts',(-2.56100616394778,-24.5685956949105,147.191591417434));
#8829=CARTESIAN_POINT('Ctrl Pts',(-2.49126957034038,-24.5525843945769,147.166610534244));
#8830=CARTESIAN_POINT('Ctrl Pts',(-2.40787032392706,-24.5375129092383,147.142910157784));
#8831=CARTESIAN_POINT('Ctrl Pts',(-2.30983874818854,-24.5240748650209,147.120288816351));
#8832=CARTESIAN_POINT('Ctrl Pts',(-2.19835506420861,-24.5135018559884,147.100110344114));
#8833=CARTESIAN_POINT('Ctrl Pts',(-2.07893218563538,-24.5072039320505,147.086309856957));
#8834=CARTESIAN_POINT('Ctrl Pts',(-1.96080932136096,-24.5055044686824,147.079559043844));
#8835=CARTESIAN_POINT('Ctrl Pts',(-1.88427177937928,-24.5059159741444,147.077964473009));
#8836=CARTESIAN_POINT('Ctrl Pts',(-1.84438022785339,-24.5059159741444,147.077964473009));
#8837=CARTESIAN_POINT('Ctrl Pts',(-2.69741270457689,-24.665173606528,147.272003225543));
#8838=CARTESIAN_POINT('Ctrl Pts',(-2.68622317972035,-24.6581604605392,147.263764182733));
#8839=CARTESIAN_POINT('Ctrl Pts',(-2.6618816740152,-24.6446968962884,147.24817311117));
#8840=CARTESIAN_POINT('Ctrl Pts',(-2.61977190079701,-24.62572742744,147.225648188483));
#8841=CARTESIAN_POINT('Ctrl Pts',(-2.57050485414106,-24.6079079567167,147.20412520924));
#8842=CARTESIAN_POINT('Ctrl Pts',(-2.51223684886529,-24.591042396327,147.183689699376));
#8843=CARTESIAN_POINT('Ctrl Pts',(-2.4429791593007,-24.57519137831,147.164864986855));
#8844=CARTESIAN_POINT('Ctrl Pts',(-2.36157628984631,-24.5606676566925,147.146607290288));
#8845=CARTESIAN_POINT('Ctrl Pts',(-2.26750281022,-24.5482706798343,147.129625032048));
#8846=CARTESIAN_POINT('Ctrl Pts',(-2.16281932141385,-24.5391900799802,147.115563753132));
#8847=CARTESIAN_POINT('Ctrl Pts',(-2.05338297193437,-24.5344858061626,147.107249631615));
#8848=CARTESIAN_POINT('Ctrl Pts',(-1.94728871270259,-24.5341551614718,147.103714127369));
#8849=CARTESIAN_POINT('Ctrl Pts',(-1.87946901294934,-24.53543543512,147.10352907612));
#8850=CARTESIAN_POINT('Ctrl Pts',(-1.84438022785339,-24.5358895806735,147.103922377706));
#8851=CARTESIAN_POINT('Ctrl Pts',(-2.60620851957257,-24.7163630268063,147.2286296956));
#8852=CARTESIAN_POINT('Ctrl Pts',(-2.59433339995303,-24.7090888252952,147.223694790772));
#8853=CARTESIAN_POINT('Ctrl Pts',(-2.56914013982124,-24.6949917410676,147.214009343335));
#8854=CARTESIAN_POINT('Ctrl Pts',(-2.5254301950418,-24.6753686978126,147.200824466001));
#8855=CARTESIAN_POINT('Ctrl Pts',(-2.47467527881278,-24.6572689806256,147.188898828697));
#8856=CARTESIAN_POINT('Ctrl Pts',(-2.41559656896043,-24.6406815141771,147.17783245425));
#8857=CARTESIAN_POINT('Ctrl Pts',(-2.34723842021691,-24.6257893531985,147.167271011599));
#8858=CARTESIAN_POINT('Ctrl Pts',(-2.26922838294668,-24.6131149133406,147.158140878488));
#8859=CARTESIAN_POINT('Ctrl Pts',(-2.18339163015506,-24.6034923431072,147.151156061638));
#8860=CARTESIAN_POINT('Ctrl Pts',(-2.09361592588015,-24.5977161958273,147.147400666737));
#8861=CARTESIAN_POINT('Ctrl Pts',(-2.00534239321949,-24.5960839430147,147.146238338371));
#8862=CARTESIAN_POINT('Ctrl Pts',(-1.92323995246188,-24.5981444559124,147.146786649459));
#8863=CARTESIAN_POINT('Ctrl Pts',(-1.87131239310124,-24.6008004662118,147.147979083362));
#8864=CARTESIAN_POINT('Ctrl Pts',(-1.84438022785339,-24.6020396166435,147.148671912497));
#8865=CARTESIAN_POINT('Ctrl Pts',(-2.41731701081752,-24.8379146596433,147.200737990272));
#8866=CARTESIAN_POINT('Ctrl Pts',(-2.40455597514506,-24.8292412215571,147.199323316032));
#8867=CARTESIAN_POINT('Ctrl Pts',(-2.37765172329129,-24.8126599108329,147.196779292568));
#8868=CARTESIAN_POINT('Ctrl Pts',(-2.33314902110883,-24.7901560702481,147.193546951304));
#8869=CARTESIAN_POINT('Ctrl Pts',(-2.28430411725237,-24.7700195644059,147.190917581615));
#8870=CARTESIAN_POINT('Ctrl Pts',(-2.23112168099666,-24.7521118617922,147.189018843099));
#8871=CARTESIAN_POINT('Ctrl Pts',(-2.17459417654332,-24.73666128832,147.188020390746));
#8872=CARTESIAN_POINT('Ctrl Pts',(-2.11664096115384,-24.7241525597316,147.187748186951));
#8873=CARTESIAN_POINT('Ctrl Pts',(-2.05943305739315,-24.7151594557568,147.188016640463));
#8874=CARTESIAN_POINT('Ctrl Pts',(-2.00392240635338,-24.709904291527,147.18843406356));
#8875=CARTESIAN_POINT('Ctrl Pts',(-1.95035707172371,-24.7082994885598,147.18898136244));
#8876=CARTESIAN_POINT('Ctrl Pts',(-1.89751617632782,-24.710127394062,147.189665371641));
#8877=CARTESIAN_POINT('Ctrl Pts',(-1.86202844979066,-24.7129010081138,147.190234620022));
#8878=CARTESIAN_POINT('Ctrl Pts',(-1.84438022785339,-24.7142912809297,147.190522104804));
#8879=CARTESIAN_POINT('Ctrl Pts',(-2.27963579985423,-24.9315319695585,147.2));
#8880=CARTESIAN_POINT('Ctrl Pts',(-2.26914551468817,-24.9216597348968,147.2));
#8881=CARTESIAN_POINT('Ctrl Pts',(-2.2473462482367,-24.9027591384275,147.2));
#8882=CARTESIAN_POINT('Ctrl Pts',(-2.21235497323773,-24.8773638500716,147.2));
#8883=CARTESIAN_POINT('Ctrl Pts',(-2.17499320272944,-24.8550114219211,147.2));
#8884=CARTESIAN_POINT('Ctrl Pts',(-2.13530007933397,-24.8356560657706,147.2));
#8885=CARTESIAN_POINT('Ctrl Pts',(-2.09397728242716,-24.8195950224779,147.2));
#8886=CARTESIAN_POINT('Ctrl Pts',(-2.0519106743239,-24.8071850740315,147.2));
#8887=CARTESIAN_POINT('Ctrl Pts',(-2.00974810191405,-24.7986094591533,147.2));
#8888=CARTESIAN_POINT('Ctrl Pts',(-1.96727929136823,-24.7935369684433,147.2));
#8889=CARTESIAN_POINT('Ctrl Pts',(-1.92503121074674,-24.7914827517303,147.2));
#8890=CARTESIAN_POINT('Ctrl Pts',(-1.88395481804101,-24.7918143706344,147.2));
#8891=CARTESIAN_POINT('Ctrl Pts',(-1.85755546498756,-24.7929906770158,147.2));
#8892=CARTESIAN_POINT('Ctrl Pts',(-1.84438022785339,-24.7935914551126,147.2));
#8893=CARTESIAN_POINT('Ctrl Pts',(-2.21787416138834,-24.9736936365988,147.2));
#8894=CARTESIAN_POINT('Ctrl Pts',(-2.20856990554817,-24.9637344968762,147.2));
#8895=CARTESIAN_POINT('Ctrl Pts',(-2.18921696111477,-24.9447476429271,147.2));
#8896=CARTESIAN_POINT('Ctrl Pts',(-2.15828135066759,-24.9195253311163,147.2));
#8897=CARTESIAN_POINT('Ctrl Pts',(-2.12541842930927,-24.8975545519312,147.2));
#8898=CARTESIAN_POINT('Ctrl Pts',(-2.09080465893145,-24.8787304908593,147.2));
#8899=CARTESIAN_POINT('Ctrl Pts',(-2.05520477812616,-24.8632582289799,147.2));
#8900=CARTESIAN_POINT('Ctrl Pts',(-2.01940698263638,-24.851324481907,147.2));
#8901=CARTESIAN_POINT('Ctrl Pts',(-1.98375206556314,-24.8428711568388,147.2));
#8902=CARTESIAN_POINT('Ctrl Pts',(-1.9478704920614,-24.8373970468144,147.2));
#8903=CARTESIAN_POINT('Ctrl Pts',(-1.9122449592587,-24.8343838050289,147.2));
#8904=CARTESIAN_POINT('Ctrl Pts',(-1.87765900894403,-24.8332538889252,147.2));
#8905=CARTESIAN_POINT('Ctrl Pts',(-1.85545506801689,-24.8332428094984,147.2));
#8906=CARTESIAN_POINT('Ctrl Pts',(-1.84438022785339,-24.8332428094984,147.2));
#8907=CARTESIAN_POINT('',(-2.21787416138834,-24.9736936365988,147.2));
#8908=CARTESIAN_POINT('Ctrl Pts',(-2.74118092979902,-24.6412151180301,147.306252777822));
#8909=CARTESIAN_POINT('Ctrl Pts',(-2.69741270457689,-24.665173606528,147.272003225543));
#8910=CARTESIAN_POINT('Ctrl Pts',(-2.60620851957257,-24.7163630268063,147.2286296956));
#8911=CARTESIAN_POINT('Ctrl Pts',(-2.41731701081752,-24.8379146596433,147.200737990272));
#8912=CARTESIAN_POINT('Ctrl Pts',(-2.27963579985423,-24.9315319695585,147.2));
#8913=CARTESIAN_POINT('Ctrl Pts',(-2.21787416138834,-24.9736936365988,147.2));
#8914=CARTESIAN_POINT('',(-1.84438022785339,-24.8332428094984,147.2));
#8915=CARTESIAN_POINT('Ctrl Pts',(-2.21787416138834,-24.9736936365988,147.2));
#8916=CARTESIAN_POINT('Ctrl Pts',(-2.20917255932096,-24.9643795686832,147.2));
#8917=CARTESIAN_POINT('Ctrl Pts',(-2.20014644549619,-24.9554736292213,147.2));
#8918=CARTESIAN_POINT('Ctrl Pts',(-2.19083750450038,-24.9470368589552,147.2));
#8919=CARTESIAN_POINT('Ctrl Pts',(-2.18214445981279,-24.9391582806104,147.2));
#8920=CARTESIAN_POINT('Ctrl Pts',(-2.17320528449131,-24.9316895343607,147.2));
#8921=CARTESIAN_POINT('Ctrl Pts',(-2.16402872938418,-24.9246416072277,147.2));
#8922=CARTESIAN_POINT('Ctrl Pts',(-2.15542651571821,-24.9180347951514,147.2));
#8923=CARTESIAN_POINT('Ctrl Pts',(-2.14661051531098,-24.9117936217355,147.2));
#8924=CARTESIAN_POINT('Ctrl Pts',(-2.13758269336077,-24.905903725922,147.2));
#8925=CARTESIAN_POINT('Ctrl Pts',(-2.12754789704029,-24.8993568638812,147.2));
#8926=CARTESIAN_POINT('Ctrl Pts',(-2.11725220014814,-24.8932442903488,147.2));
#8927=CARTESIAN_POINT('Ctrl Pts',(-2.10676675511341,-24.8875791749334,147.2));
#8928=CARTESIAN_POINT('Ctrl Pts',(-2.09403584968419,-24.8807008737875,147.2));
#8929=CARTESIAN_POINT('Ctrl Pts',(-2.08103007857308,-24.8744848936039,147.2));
#8930=CARTESIAN_POINT('Ctrl Pts',(-2.06792754009423,-24.8689764937325,147.2));
#8931=CARTESIAN_POINT('Ctrl Pts',(-2.0582624765939,-24.8649132326608,147.2));
#8932=CARTESIAN_POINT('Ctrl Pts',(-2.04854664324501,-24.8612358604533,147.2));
#8933=CARTESIAN_POINT('Ctrl Pts',(-2.03883291080338,-24.8579508644996,147.2));
#8934=CARTESIAN_POINT('Ctrl Pts',(-2.02975300785258,-24.8548802173892,147.2));
#8935=CARTESIAN_POINT('Ctrl Pts',(-2.02067596727868,-24.8521529358654,147.2));
#8936=CARTESIAN_POINT('Ctrl Pts',(-2.01160893265012,-24.849754111973,147.2));
#8937=CARTESIAN_POINT('Ctrl Pts',(-2.00219336303157,-24.8472630777721,147.2));
#8938=CARTESIAN_POINT('Ctrl Pts',(-1.99278347814258,-24.8451252094789,147.2));
#8939=CARTESIAN_POINT('Ctrl Pts',(-1.98335154856505,-24.8432972365373,147.2));
#8940=CARTESIAN_POINT('Ctrl Pts',(-1.97335936629133,-24.8413606827628,147.2));
#8941=CARTESIAN_POINT('Ctrl Pts',(-1.96334257898488,-24.8397717332839,147.2));
#8942=CARTESIAN_POINT('Ctrl Pts',(-1.95334240469152,-24.8384799384346,147.2));
#8943=CARTESIAN_POINT('Ctrl Pts',(-1.94116416677024,-24.8369067873515,147.2));
#8944=CARTESIAN_POINT('Ctrl Pts',(-1.92901632666909,-24.8357757207254,147.2));
#8945=CARTESIAN_POINT('Ctrl Pts',(-1.91702887913522,-24.8349855934657,147.2));
#8946=CARTESIAN_POINT('Ctrl Pts',(-1.90798834341299,-24.8343897056675,147.2));
#8947=CARTESIAN_POINT('Ctrl Pts',(-1.8990414224211,-24.8339876761742,147.2));
#8948=CARTESIAN_POINT('Ctrl Pts',(-1.89021846072751,-24.833724850405,147.2));
#8949=CARTESIAN_POINT('Ctrl Pts',(-1.88241650677551,-24.8334924392692,147.2));
#8950=CARTESIAN_POINT('Ctrl Pts',(-1.87471219612543,-24.8333688914006,147.2));
#8951=CARTESIAN_POINT('Ctrl Pts',(-1.86708738003625,-24.8333064362448,147.2));
#8952=CARTESIAN_POINT('Ctrl Pts',(-1.85995412115879,-24.8332480074528,147.2));
#8953=CARTESIAN_POINT('Ctrl Pts',(-1.85289095070339,-24.8332430878103,147.2));
#8954=CARTESIAN_POINT('Ctrl Pts',(-1.84583819812979,-24.833242827461,147.2));
#8955=CARTESIAN_POINT('Ctrl Pts',(-1.84535218865646,-24.8332428095202,147.2));
#8956=CARTESIAN_POINT('Ctrl Pts',(-1.84486620820033,-24.8332428094984,147.2));
#8957=CARTESIAN_POINT('Ctrl Pts',(-1.84438022785339,-24.8332428094984,147.2));
#8958=CARTESIAN_POINT('Origin',(-1.84438022785339,-24.8332428094984,146.7));
#8959=CARTESIAN_POINT('Ctrl Pts',(-2.74118092979902,-24.6412151180301,147.306252777822));
#8960=CARTESIAN_POINT('Ctrl Pts',(-2.69741270457689,-24.665173606528,147.272003225543));
#8961=CARTESIAN_POINT('Ctrl Pts',(-2.60620851957257,-24.7163630268063,147.2286296956));
#8962=CARTESIAN_POINT('Ctrl Pts',(-2.41731701081752,-24.8379146596433,147.200737990272));
#8963=CARTESIAN_POINT('Ctrl Pts',(-2.27963579985423,-24.9315319695585,147.2));
#8964=CARTESIAN_POINT('Ctrl Pts',(-2.21787416138834,-24.9736936365988,147.2));
#8965=CARTESIAN_POINT('Ctrl Pts',(-2.73659100449503,-24.6777891314159,147.310268103749));
#8966=CARTESIAN_POINT('Ctrl Pts',(-2.69718255844066,-24.7015395937948,147.278427778277));
#8967=CARTESIAN_POINT('Ctrl Pts',(-2.61235720745096,-24.7529740028463,147.235747782728));
#8968=CARTESIAN_POINT('Ctrl Pts',(-2.43277419494775,-24.8749724711016,147.20442874649));
#8969=CARTESIAN_POINT('Ctrl Pts',(-2.3033372808554,-24.9621940871315,147.2));
#8970=CARTESIAN_POINT('Ctrl Pts',(-2.24346086494879,-25.0010812708361,147.2));
#8971=CARTESIAN_POINT('Ctrl Pts',(-2.7296898968869,-24.7597092575488,147.316804897036));
#8972=CARTESIAN_POINT('Ctrl Pts',(-2.69614015249246,-24.7831108858582,147.288991158163));
#8973=CARTESIAN_POINT('Ctrl Pts',(-2.62060516824763,-24.835673862124,147.247762028009));
#8974=CARTESIAN_POINT('Ctrl Pts',(-2.45822058767989,-24.9574185036304,147.210368302105));
#8975=CARTESIAN_POINT('Ctrl Pts',(-2.34511575565127,-25.030189379136,147.2));
#8976=CARTESIAN_POINT('Ctrl Pts',(-2.28907839465012,-25.0629982257157,147.2));
#8977=CARTESIAN_POINT('Ctrl Pts',(-2.71744977970951,-24.9237725773944,147.329493218336));
#8978=CARTESIAN_POINT('Ctrl Pts',(-2.68782832206962,-24.947123733653,147.304575527022));
#8979=CARTESIAN_POINT('Ctrl Pts',(-2.61888915669867,-25.0006143902373,147.262800739667));
#8980=CARTESIAN_POINT('Ctrl Pts',(-2.48063700154393,-25.0989227302205,147.2140798358));
#8981=CARTESIAN_POINT('Ctrl Pts',(-2.38325398740883,-25.1403267165182,147.2));
#8982=CARTESIAN_POINT('Ctrl Pts',(-2.33114686232971,-25.162468895523,147.2));
#8983=CARTESIAN_POINT('Ctrl Pts',(-2.70383056346369,-25.1649848339311,147.345471387615));
#8984=CARTESIAN_POINT('Ctrl Pts',(-2.67600419168259,-25.177892999594,147.318324623287));
#8985=CARTESIAN_POINT('Ctrl Pts',(-2.61157693036187,-25.2066139273741,147.268174415734));
#8986=CARTESIAN_POINT('Ctrl Pts',(-2.49117443705622,-25.238597054523,147.213810073418));
#8987=CARTESIAN_POINT('Ctrl Pts',(-2.39804778047698,-25.2572176584153,147.2));
#8988=CARTESIAN_POINT('Ctrl Pts',(-2.34934268217846,-25.2679272941695,147.2));
#8989=CARTESIAN_POINT('Ctrl Pts',(-2.70344585547389,-25.297984651352,147.346446609407));
#8990=CARTESIAN_POINT('Ctrl Pts',(-2.6738780581424,-25.3012714978287,147.316878812075));
#8991=CARTESIAN_POINT('Ctrl Pts',(-2.60641249095143,-25.3082962240531,147.264304844222));
#8992=CARTESIAN_POINT('Ctrl Pts',(-2.48498772711753,-25.3196295643134,147.212446923583));
#8993=CARTESIAN_POINT('Ctrl Pts',(-2.39534374748463,-25.3270778082976,147.2));
#8994=CARTESIAN_POINT('Ctrl Pts',(-2.34989246488061,-25.3307357266149,147.2));
#8995=CARTESIAN_POINT('Ctrl Pts',(-2.70344585547389,-25.3611915370645,147.346446609407));
#8996=CARTESIAN_POINT('Ctrl Pts',(-2.67259250173668,-25.3611915370645,147.31559325567));
#8997=CARTESIAN_POINT('Ctrl Pts',(-2.60276513316043,-25.3611915370645,147.262012990833));
#8998=CARTESIAN_POINT('Ctrl Pts',(-2.48078807061718,-25.3611915370645,147.211488437229));
#8999=CARTESIAN_POINT('Ctrl Pts',(-2.39352569618047,-25.3611915370645,147.2));
#9000=CARTESIAN_POINT('Ctrl Pts',(-2.34989246488061,-25.3611915370645,147.2));
#9001=CARTESIAN_POINT('',(-2.70344585547389,-25.3611915370645,147.346446609407));
#9002=CARTESIAN_POINT('Ctrl Pts',(-2.74118092979902,-24.6412151180301,147.306252777822));
#9003=CARTESIAN_POINT('Ctrl Pts',(-2.73659100449503,-24.6777891314159,147.310268103749));
#9004=CARTESIAN_POINT('Ctrl Pts',(-2.7296898968869,-24.7597092575488,147.316804897036));
#9005=CARTESIAN_POINT('Ctrl Pts',(-2.71744977970951,-24.9237725773944,147.329493218336));
#9006=CARTESIAN_POINT('Ctrl Pts',(-2.70383056346369,-25.1649848339311,147.345471387615));
#9007=CARTESIAN_POINT('Ctrl Pts',(-2.70344585547389,-25.297984651352,147.346446609407));
#9008=CARTESIAN_POINT('Ctrl Pts',(-2.70344585547389,-25.3611915370645,147.346446609407));
#9009=CARTESIAN_POINT('',(-2.34989246488061,-25.3611915370645,147.2));
#9010=CARTESIAN_POINT('Origin',(-2.34989246488061,-25.3611915370645,147.7));
#9011=CARTESIAN_POINT('Ctrl Pts',(-2.34989246488061,-25.3611915370645,147.2));
#9012=CARTESIAN_POINT('Ctrl Pts',(-2.34989246488061,-25.3532290313896,147.2));
#9013=CARTESIAN_POINT('Ctrl Pts',(-2.34989116455242,-25.3452618417444,147.2));
#9014=CARTESIAN_POINT('Ctrl Pts',(-2.34982078838763,-25.3372013017343,147.2));
#9015=CARTESIAN_POINT('Ctrl Pts',(-2.34974636468202,-25.3286771762919,147.2));
#9016=CARTESIAN_POINT('Ctrl Pts',(-2.34959471908286,-25.3200489974668,147.2));
#9017=CARTESIAN_POINT('Ctrl Pts',(-2.34930297411731,-25.3112720666247,147.2));
#9018=CARTESIAN_POINT('Ctrl Pts',(-2.34898794551069,-25.301794664715,147.2));
#9019=CARTESIAN_POINT('Ctrl Pts',(-2.34850958830295,-25.2921443238667,147.2));
#9020=CARTESIAN_POINT('Ctrl Pts',(-2.34780802364791,-25.2823266336952,147.2));
#9021=CARTESIAN_POINT('Ctrl Pts',(-2.34701565777203,-25.2712382719653,147.2));
#9022=CARTESIAN_POINT('Ctrl Pts',(-2.34593856524559,-25.2599373718585,147.2));
#9023=CARTESIAN_POINT('Ctrl Pts',(-2.34451431418571,-25.2484973745751,147.2));
#9024=CARTESIAN_POINT('Ctrl Pts',(-2.34249528646697,-25.2322799587918,147.2));
#9025=CARTESIAN_POINT('Ctrl Pts',(-2.33977774688896,-25.2157877361379,147.2));
#9026=CARTESIAN_POINT('Ctrl Pts',(-2.33624043398111,-25.1993220178003,147.2));
#9027=CARTESIAN_POINT('Ctrl Pts',(-2.333808471034,-25.1880015556478,147.2));
#9028=CARTESIAN_POINT('Ctrl Pts',(-2.33099048665217,-25.1766962988701,147.2));
#9029=CARTESIAN_POINT('Ctrl Pts',(-2.32775485809166,-25.1654836170384,147.2));
#9030=CARTESIAN_POINT('Ctrl Pts',(-2.32463623185676,-25.1546763927015,147.2));
#9031=CARTESIAN_POINT('Ctrl Pts',(-2.32113002889431,-25.1439568791363,147.2));
#9032=CARTESIAN_POINT('Ctrl Pts',(-2.31720645165649,-25.1333456318441,147.2));
#9033=CARTESIAN_POINT('Ctrl Pts',(-2.31328898197441,-25.1227509023315,147.2));
#9034=CARTESIAN_POINT('Ctrl Pts',(-2.3089526284712,-25.112256786284,147.2));
#9035=CARTESIAN_POINT('Ctrl Pts',(-2.30417430053574,-25.1018474004089,147.2));
#9036=CARTESIAN_POINT('Ctrl Pts',(-2.29927158871756,-25.0911670494913,147.2));
#9037=CARTESIAN_POINT('Ctrl Pts',(-2.2939040283061,-25.0805762885179,147.2));
#9038=CARTESIAN_POINT('Ctrl Pts',(-2.28808336905434,-25.070106371178,147.2));
#9039=CARTESIAN_POINT('Ctrl Pts',(-2.28109110446675,-25.0575290274298,147.2));
#9040=CARTESIAN_POINT('Ctrl Pts',(-2.2734452070813,-25.0451265548187,147.2));
#9041=CARTESIAN_POINT('Ctrl Pts',(-2.26521373651091,-25.0330151936975,147.2));
#9042=CARTESIAN_POINT('Ctrl Pts',(-2.25307919672503,-25.0151610578987,147.2));
#9043=CARTESIAN_POINT('Ctrl Pts',(-2.23967644035229,-24.9979470517175,147.2));
#9044=CARTESIAN_POINT('Ctrl Pts',(-2.22529826650696,-24.9818269033315,147.2));
#9045=CARTESIAN_POINT('Ctrl Pts',(-2.22285141393129,-24.9790836045633,147.2));
#9046=CARTESIAN_POINT('Ctrl Pts',(-2.22037627869174,-24.97637186646,147.2));
#9047=CARTESIAN_POINT('Ctrl Pts',(-2.21787416138834,-24.9736936365988,147.2));
#9048=CARTESIAN_POINT('Ctrl Pts',(-2.74118092979902,-24.6412151180301,147.306252777822));
#9049=CARTESIAN_POINT('Ctrl Pts',(-2.73659100449503,-24.6777891314159,147.310268103749));
#9050=CARTESIAN_POINT('Ctrl Pts',(-2.7296898968869,-24.7597092575488,147.316804897036));
#9051=CARTESIAN_POINT('Ctrl Pts',(-2.71744977970951,-24.9237725773944,147.329493218336));
#9052=CARTESIAN_POINT('Ctrl Pts',(-2.70383056346369,-25.1649848339311,147.345471387615));
#9053=CARTESIAN_POINT('Ctrl Pts',(-2.70344585547389,-25.297984651352,147.346446609407));
#9054=CARTESIAN_POINT('Ctrl Pts',(-2.70344585547389,-25.3611915370645,147.346446609407));
#9055=CARTESIAN_POINT('Ctrl Pts',(-2.77882925461583,-24.6660219807133,147.345856098004));
#9056=CARTESIAN_POINT('Ctrl Pts',(-2.77137197198902,-24.7026018482717,147.346291383465));
#9057=CARTESIAN_POINT('Ctrl Pts',(-2.75987817119506,-24.7841892265945,147.348178656848));
#9058=CARTESIAN_POINT('Ctrl Pts',(-2.74357503586171,-24.9480856423983,147.358137046376));
#9059=CARTESIAN_POINT('Ctrl Pts',(-2.73135705361481,-25.1789506047039,147.373230853694));
#9060=CARTESIAN_POINT('Ctrl Pts',(-2.73301365280538,-25.3017207921767,147.376014406738));
#9061=CARTESIAN_POINT('Ctrl Pts',(-2.7342992092111,-25.3611915370645,147.377299963144));
#9062=CARTESIAN_POINT('Ctrl Pts',(-2.82661262380986,-24.7215716269837,147.433794195153));
#9063=CARTESIAN_POINT('Ctrl Pts',(-2.81830459476108,-24.7580557254976,147.428119188068));
#9064=CARTESIAN_POINT('Ctrl Pts',(-2.8042884212122,-24.8388035417095,147.421556573631));
#9065=CARTESIAN_POINT('Ctrl Pts',(-2.78788024822516,-25.0051272943429,147.426350246331));
#9066=CARTESIAN_POINT('Ctrl Pts',(-2.78190707676509,-25.2092589755315,147.437929492851));
#9067=CARTESIAN_POINT('Ctrl Pts',(-2.785587620659,-25.3095057686101,147.443479973929));
#9068=CARTESIAN_POINT('Ctrl Pts',(-2.78787947404811,-25.3611915370645,147.44712733172));
#9069=CARTESIAN_POINT('Ctrl Pts',(-2.85106752435334,-24.8529872706133,147.62514990502));
#9070=CARTESIAN_POINT('Ctrl Pts',(-2.84699953226245,-24.8895135272188,147.610398249813));
#9071=CARTESIAN_POINT('Ctrl Pts',(-2.8405541864403,-24.9692733169552,147.587724576275));
#9072=CARTESIAN_POINT('Ctrl Pts',(-2.83614490561384,-25.1112725771942,147.567738190064));
#9073=CARTESIAN_POINT('Ctrl Pts',(-2.83598143410657,-25.2432215534813,147.558722007226));
#9074=CARTESIAN_POINT('Ctrl Pts',(-2.83744554129745,-25.3214230124818,147.564904737763));
#9075=CARTESIAN_POINT('Ctrl Pts',(-2.83840402765196,-25.3611915370645,147.569104394263));
#9076=CARTESIAN_POINT('Ctrl Pts',(-2.84989246488061,-24.954448345871,147.765196006515));
#9077=CARTESIAN_POINT('Ctrl Pts',(-2.84989246488061,-24.9835371754899,147.742149735965));
#9078=CARTESIAN_POINT('Ctrl Pts',(-2.84989246488061,-25.0462774606805,147.703115738945));
#9079=CARTESIAN_POINT('Ctrl Pts',(-2.84989246488061,-25.1537624757788,147.665569611532));
#9080=CARTESIAN_POINT('Ctrl Pts',(-2.84989246488061,-25.2612598137587,147.651724339051));
#9081=CARTESIAN_POINT('Ctrl Pts',(-2.84989246488061,-25.3287479937202,147.654548717396));
#9082=CARTESIAN_POINT('Ctrl Pts',(-2.84989246488061,-25.3611915370645,147.6563667687));
#9083=CARTESIAN_POINT('Ctrl Pts',(-2.84989246488061,-24.9993582507154,147.828056594971));
#9084=CARTESIAN_POINT('Ctrl Pts',(-2.84989246488061,-25.0245040818863,147.803022323232));
#9085=CARTESIAN_POINT('Ctrl Pts',(-2.84989246488061,-25.0800757048742,147.759967332276));
#9086=CARTESIAN_POINT('Ctrl Pts',(-2.84989246488061,-25.1758926219871,147.717852425485));
#9087=CARTESIAN_POINT('Ctrl Pts',(-2.84989246488061,-25.2717528743325,147.700462010702));
#9088=CARTESIAN_POINT('Ctrl Pts',(-2.84989246488061,-25.3323290980514,147.7));
#9089=CARTESIAN_POINT('Ctrl Pts',(-2.84989246488061,-25.3611915370645,147.7));
#9090=CARTESIAN_POINT('',(-2.84989246488061,-24.9993582507154,147.828056594971));
#9091=CARTESIAN_POINT('Ctrl Pts',(-2.74118092979902,-24.6412151180301,147.306252777822));
#9092=CARTESIAN_POINT('Ctrl Pts',(-2.77882925461583,-24.6660219807133,147.345856098004));
#9093=CARTESIAN_POINT('Ctrl Pts',(-2.82661262380986,-24.7215716269837,147.433794195153));
#9094=CARTESIAN_POINT('Ctrl Pts',(-2.85106752435334,-24.8529872706133,147.62514990502));
#9095=CARTESIAN_POINT('Ctrl Pts',(-2.84989246488061,-24.954448345871,147.765196006515));
#9096=CARTESIAN_POINT('Ctrl Pts',(-2.84989246488061,-24.9993582507154,147.828056594971));
#9097=CARTESIAN_POINT('',(-2.84989246488061,-25.3611915370645,147.7));
#9098=CARTESIAN_POINT('Ctrl Pts',(-2.84989246488061,-24.9993582507154,147.828056594971));
#9099=CARTESIAN_POINT('Ctrl Pts',(-2.84989246488061,-25.0082966172152,147.819157883517));
#9100=CARTESIAN_POINT('Ctrl Pts',(-2.84989246488061,-25.0175810964567,147.81066963805));
#9101=CARTESIAN_POINT('Ctrl Pts',(-2.84989246488061,-25.0271636813986,147.802651156815));
#9102=CARTESIAN_POINT('Ctrl Pts',(-2.84989246488061,-25.0362478830065,147.795049711008));
#9103=CARTESIAN_POINT('Ctrl Pts',(-2.84989246488061,-25.0455992964205,147.78787128739));
#9104=CARTESIAN_POINT('Ctrl Pts',(-2.84989246488061,-25.055205468281,147.781125551064));
#9105=CARTESIAN_POINT('Ctrl Pts',(-2.84989246488061,-25.0637107566332,147.775152887507));
#9106=CARTESIAN_POINT('Ctrl Pts',(-2.84989246488061,-25.0724221361688,147.769514689304));
#9107=CARTESIAN_POINT('Ctrl Pts',(-2.84989246488061,-25.0813271769579,147.764202844918));
#9108=CARTESIAN_POINT('Ctrl Pts',(-2.84989246488061,-25.0921035238451,147.757774769059));
#9109=CARTESIAN_POINT('Ctrl Pts',(-2.84989246488061,-25.103162426504,147.751825148336));
#9110=CARTESIAN_POINT('Ctrl Pts',(-2.84989246488061,-25.1144006688803,147.746372699953));
#9111=CARTESIAN_POINT('Ctrl Pts',(-2.84989246488061,-25.1259082089385,147.740789596646));
#9112=CARTESIAN_POINT('Ctrl Pts',(-2.84989246488061,-25.1375987786399,147.735730048484));
#9113=CARTESIAN_POINT('Ctrl Pts',(-2.84989246488061,-25.1493373371453,147.731221112518));
#9114=CARTESIAN_POINT('Ctrl Pts',(-2.84989246488061,-25.1587121927262,147.727620106186));
#9115=CARTESIAN_POINT('Ctrl Pts',(-2.84989246488061,-25.1681161559691,147.724370891357));
#9116=CARTESIAN_POINT('Ctrl Pts',(-2.84989246488061,-25.1775030819805,147.721475226392));
#9117=CARTESIAN_POINT('Ctrl Pts',(-2.84989246488061,-25.1862803534067,147.718767626766));
#9118=CARTESIAN_POINT('Ctrl Pts',(-2.84989246488061,-25.1950418020875,147.716369546547));
#9119=CARTESIAN_POINT('Ctrl Pts',(-2.84989246488061,-25.2037871288234,147.714264287398));
#9120=CARTESIAN_POINT('Ctrl Pts',(-2.84989246488061,-25.2124503504806,147.712178793374));
#9121=CARTESIAN_POINT('Ctrl Pts',(-2.84989246488061,-25.2211043785918,147.710379296522));
#9122=CARTESIAN_POINT('Ctrl Pts',(-2.84989246488061,-25.2297697329501,147.70883211939));
#9123=CARTESIAN_POINT('Ctrl Pts',(-2.84989246488061,-25.2395614496291,147.707083833111));
#9124=CARTESIAN_POINT('Ctrl Pts',(-2.84989246488061,-25.249366770023,147.705657875878));
#9125=CARTESIAN_POINT('Ctrl Pts',(-2.84989246488061,-25.2591341952066,147.704506603928));
#9126=CARTESIAN_POINT('Ctrl Pts',(-2.84989246488061,-25.2702435022575,147.703197166347));
#9127=CARTESIAN_POINT('Ctrl Pts',(-2.84989246488061,-25.2812979496739,147.70224404119));
#9128=CARTESIAN_POINT('Ctrl Pts',(-2.84989246488061,-25.2921803086136,147.701568266311));
#9129=CARTESIAN_POINT('Ctrl Pts',(-2.84989246488061,-25.3006523294822,147.701042169082));
#9130=CARTESIAN_POINT('Ctrl Pts',(-2.84989246488061,-25.3090178997371,147.700684130747));
#9131=CARTESIAN_POINT('Ctrl Pts',(-2.84989246488061,-25.3172486133039,147.700447559542));
#9132=CARTESIAN_POINT('Ctrl Pts',(-2.84989246488061,-25.3247595884356,147.700231675412));
#9133=CARTESIAN_POINT('Ctrl Pts',(-2.84989246488061,-25.3321572835028,147.700116996989));
#9134=CARTESIAN_POINT('Ctrl Pts',(-2.84989246488061,-25.3394637819266,147.700059035054));
#9135=CARTESIAN_POINT('Ctrl Pts',(-2.84989246488061,-25.3461108312391,147.700006304483));
#9136=CARTESIAN_POINT('Ctrl Pts',(-2.84989246488061,-25.3526821095876,147.700000504858));
#9137=CARTESIAN_POINT('Ctrl Pts',(-2.84989246488061,-25.3592399281901,147.700000045636));
#9138=CARTESIAN_POINT('Ctrl Pts',(-2.84989246488061,-25.359890524785,147.700000000076));
#9139=CARTESIAN_POINT('Ctrl Pts',(-2.84989246488061,-25.3605410311603,147.7));
#9140=CARTESIAN_POINT('Ctrl Pts',(-2.84989246488061,-25.3611915370645,147.7));
#9141=CARTESIAN_POINT('Origin',(-2.34989246488061,-25.3611915370645,147.7));
#9142=CARTESIAN_POINT('Origin',(-35.25,94.75,171.2));
#9143=CARTESIAN_POINT('',(-35.25,96.25,171.2));
#9144=CARTESIAN_POINT('Origin',(-35.25,94.75,171.2));
#9145=CARTESIAN_POINT('',(-31.25,96.25,171.2));
#9146=CARTESIAN_POINT('',(-35.25,96.25,171.2));
#9147=CARTESIAN_POINT('Origin',(-31.25,94.75,171.2));
#9148=CARTESIAN_POINT('Origin',(-31.25,94.75,171.2));
#9149=CARTESIAN_POINT('Origin',(-35.25,-18.75,171.2));
#9150=CARTESIAN_POINT('',(-35.25,-17.25,171.2));
#9151=CARTESIAN_POINT('Origin',(-35.25,-18.75,171.2));
#9152=CARTESIAN_POINT('',(-31.25,-17.25,171.2));
#9153=CARTESIAN_POINT('',(-35.25,-17.25,171.2));
#9154=CARTESIAN_POINT('Origin',(-31.25,-18.75,171.2));
#9155=CARTESIAN_POINT('Origin',(-31.25,-18.75,171.2));
#9156=CARTESIAN_POINT('Origin',(67.75,-18.75,171.2));
#9157=CARTESIAN_POINT('',(67.75,-20.25,171.2));
#9158=CARTESIAN_POINT('Origin',(67.75,-18.75,171.2));
#9159=CARTESIAN_POINT('',(63.75,-20.25,171.2));
#9160=CARTESIAN_POINT('',(67.75,-20.25,171.2));
#9161=CARTESIAN_POINT('Origin',(63.75,-18.75,171.2));
#9162=CARTESIAN_POINT('Origin',(63.75,-18.75,171.2));
#9163=CARTESIAN_POINT('Origin',(67.75,38.,171.2));
#9164=CARTESIAN_POINT('',(67.75,36.5,171.2));
#9165=CARTESIAN_POINT('Origin',(67.75,38.,171.2));
#9166=CARTESIAN_POINT('',(63.75,36.5,171.2));
#9167=CARTESIAN_POINT('',(67.75,36.5,171.2));
#9168=CARTESIAN_POINT('Origin',(63.75,38.,171.2));
#9169=CARTESIAN_POINT('Origin',(63.75,38.,171.2));
#9170=CARTESIAN_POINT('Origin',(67.75,94.75,171.2));
#9171=CARTESIAN_POINT('',(67.75,93.25,171.2));
#9172=CARTESIAN_POINT('Origin',(67.75,94.75,171.2));
#9173=CARTESIAN_POINT('',(63.75,93.25,171.2));
#9174=CARTESIAN_POINT('',(67.75,93.25,171.2));
#9175=CARTESIAN_POINT('Origin',(63.75,94.75,171.2));
#9176=CARTESIAN_POINT('Origin',(63.75,94.75,171.2));
#9177=CARTESIAN_POINT('Origin',(-13.75,-40.25,171.2));
#9178=CARTESIAN_POINT('',(-15.25,-40.25,171.2));
#9179=CARTESIAN_POINT('Origin',(-13.75,-40.25,171.2));
#9180=CARTESIAN_POINT('',(-15.25,-36.25,171.2));
#9181=CARTESIAN_POINT('',(-15.25,-40.25,171.2));
#9182=CARTESIAN_POINT('Origin',(-13.75,-36.25,171.2));
#9183=CARTESIAN_POINT('Origin',(-13.75,-36.25,171.2));
#9184=CARTESIAN_POINT('Origin',(46.25,-40.25,171.2));
#9185=CARTESIAN_POINT('',(44.75,-40.25,171.2));
#9186=CARTESIAN_POINT('Origin',(46.25,-40.25,171.2));
#9187=CARTESIAN_POINT('',(44.75,-36.25,171.2));
#9188=CARTESIAN_POINT('',(44.75,-40.25,171.2));
#9189=CARTESIAN_POINT('Origin',(46.25,-36.25,171.2));
#9190=CARTESIAN_POINT('Origin',(46.25,-36.25,171.2));
#9191=CARTESIAN_POINT('Origin',(46.25,116.25,171.2));
#9192=CARTESIAN_POINT('',(47.75,116.25,171.2));
#9193=CARTESIAN_POINT('Origin',(46.25,116.25,171.2));
#9194=CARTESIAN_POINT('',(47.75,112.25,171.2));
#9195=CARTESIAN_POINT('',(47.75,116.25,171.2));
#9196=CARTESIAN_POINT('Origin',(46.25,112.25,171.2));
#9197=CARTESIAN_POINT('Origin',(46.25,112.25,171.2));
#9198=CARTESIAN_POINT('Origin',(-13.75,116.25,171.2));
#9199=CARTESIAN_POINT('',(-12.25,116.25,171.2));
#9200=CARTESIAN_POINT('Origin',(-13.75,116.25,171.2));
#9201=CARTESIAN_POINT('',(-12.25,112.25,171.2));
#9202=CARTESIAN_POINT('',(-12.25,116.25,171.2));
#9203=CARTESIAN_POINT('Origin',(-13.75,112.25,171.2));
#9204=CARTESIAN_POINT('Origin',(-13.75,112.25,171.2));
#9205=CARTESIAN_POINT('Origin',(-2.34989246488061,-27.8691411943606,148.7));
#9206=CARTESIAN_POINT('',(-2.84989246488061,-27.8691411943606,148.7));
#9207=CARTESIAN_POINT('',(-2.34989246488061,-28.3691411943606,148.7));
#9208=CARTESIAN_POINT('Origin',(-2.34989246488061,-27.8691411943606,148.7));
#9209=CARTESIAN_POINT('',(-3.34989246488061,-27.8691411943606,149.2));
#9210=CARTESIAN_POINT('Origin',(-3.34989246488061,-27.8691411943606,148.7));
#9211=CARTESIAN_POINT('',(-2.34989246488061,-28.8691411943606,149.2));
#9212=CARTESIAN_POINT('Origin',(-2.34989246488061,-27.8691411943606,149.2));
#9213=CARTESIAN_POINT('Origin',(-2.34989246488061,-28.8691411943606,148.7));
#9214=CARTESIAN_POINT('Origin',(-3.34989246488061,-28.3393558957705,148.7));
#9215=CARTESIAN_POINT('',(-3.34989246488061,-24.3691411943606,149.2));
#9216=CARTESIAN_POINT('',(-3.34989246488061,-28.3393558957705,149.2));
#9217=CARTESIAN_POINT('',(-2.84989246488061,-24.8691411943606,148.7));
#9218=CARTESIAN_POINT('',(-2.84989246488061,-28.3393558957705,148.7));
#9219=CARTESIAN_POINT('Origin',(-3.34989246488061,-24.8691411943606,148.7));
#9220=CARTESIAN_POINT('Origin',(-2.34989246488061,-27.8691411943606,147.7));
#9221=CARTESIAN_POINT('',(-2.84989246488061,-27.8691411943606,147.7));
#9222=CARTESIAN_POINT('',(-2.34989246488061,-27.8691411943606,147.2));
#9223=CARTESIAN_POINT('Origin',(-2.34989246488061,-27.8691411943606,147.7));
#9224=CARTESIAN_POINT('',(-2.34989246488061,-28.3691411943606,147.7));
#9225=CARTESIAN_POINT('Origin',(-2.34989246488061,-27.8691411943606,147.7));
#9226=CARTESIAN_POINT('Origin',(-2.34989246488061,-27.8691411943606,147.7));
#9227=CARTESIAN_POINT('Origin',(-2.34989246488061,-27.8691411943606,149.2));
#9228=CARTESIAN_POINT('',(-2.84989246488061,-27.8691411943606,149.2));
#9229=CARTESIAN_POINT('',(-2.34989246488061,-28.3691411943606,149.2));
#9230=CARTESIAN_POINT('Origin',(3.65010753511939,-27.8691411943606,148.7));
#9231=CARTESIAN_POINT('',(3.65010753511939,-28.8691411943606,149.2));
#9232=CARTESIAN_POINT('',(4.65010753511939,-27.8691411943606,149.2));
#9233=CARTESIAN_POINT('Origin',(3.65010753511939,-27.8691411943606,149.2));
#9234=CARTESIAN_POINT('',(4.15010753511939,-27.8691411943606,148.7));
#9235=CARTESIAN_POINT('Origin',(4.65010753511939,-27.8691411943606,148.7));
#9236=CARTESIAN_POINT('',(3.65010753511939,-28.3691411943606,148.7));
#9237=CARTESIAN_POINT('Origin',(3.65010753511939,-27.8691411943606,148.7));
#9238=CARTESIAN_POINT('Origin',(3.65010753511939,-28.8691411943606,148.7));
#9239=CARTESIAN_POINT('Ctrl Pts',(-2.74118092979902,-24.6412151180301,147.306252777822));
#9240=CARTESIAN_POINT('Ctrl Pts',(-2.77882925461583,-24.6660219807133,147.345856098004));
#9241=CARTESIAN_POINT('Ctrl Pts',(-2.82661262380986,-24.7215716269837,147.433794195153));
#9242=CARTESIAN_POINT('Ctrl Pts',(-2.85106752435335,-24.8529872706133,147.62514990502));
#9243=CARTESIAN_POINT('Ctrl Pts',(-2.84989246488061,-24.954448345871,147.765196006515));
#9244=CARTESIAN_POINT('Ctrl Pts',(-2.84989246488061,-24.9993582507154,147.828056594971));
#9245=CARTESIAN_POINT('Ctrl Pts',(-2.74938747202817,-24.6367229014367,147.312674568874));
#9246=CARTESIAN_POINT('Ctrl Pts',(-2.78527127399205,-24.661347730031,147.35301343532));
#9247=CARTESIAN_POINT('Ctrl Pts',(-2.8301894812069,-24.7169870911305,147.441954700939));
#9248=CARTESIAN_POINT('Ctrl Pts',(-2.85205564162907,-24.8474410752805,147.633814336044));
#9249=CARTESIAN_POINT('Ctrl Pts',(-2.84989246488061,-24.9481117614838,147.772267169745));
#9250=CARTESIAN_POINT('Ctrl Pts',(-2.84989246488061,-24.9930717929227,147.834315162905));
#9251=CARTESIAN_POINT('Ctrl Pts',(-2.76554426191209,-24.6278339265107,147.326437157572));
#9252=CARTESIAN_POINT('Ctrl Pts',(-2.79793870818399,-24.6516534086928,147.368088700529));
#9253=CARTESIAN_POINT('Ctrl Pts',(-2.83714444902763,-24.7083004643567,147.459087333914));
#9254=CARTESIAN_POINT('Ctrl Pts',(-2.85392580229338,-24.8365847079763,147.651799048241));
#9255=CARTESIAN_POINT('Ctrl Pts',(-2.84989246488061,-24.9357589175465,147.786846447862));
#9256=CARTESIAN_POINT('Ctrl Pts',(-2.84989246488061,-24.9808426885816,147.847236351214));
#9257=CARTESIAN_POINT('Ctrl Pts',(-2.789074861533,-24.6151365945548,147.350205953606));
#9258=CARTESIAN_POINT('Ctrl Pts',(-2.81626353438803,-24.6403407132306,147.394066900854));
#9259=CARTESIAN_POINT('Ctrl Pts',(-2.84690129709201,-24.6946898801766,147.487221690782));
#9260=CARTESIAN_POINT('Ctrl Pts',(-2.85645649056768,-24.821570720757,147.680853531613));
#9261=CARTESIAN_POINT('Ctrl Pts',(-2.84989246488061,-24.9183047057264,147.809920694458));
#9262=CARTESIAN_POINT('Ctrl Pts',(-2.84989246488061,-24.9636649983226,147.867653244321));
#9263=CARTESIAN_POINT('Ctrl Pts',(-2.81157055212004,-24.603713966274,147.377881775752));
#9264=CARTESIAN_POINT('Ctrl Pts',(-2.83253702978099,-24.6284878597651,147.42412816703));
#9265=CARTESIAN_POINT('Ctrl Pts',(-2.85665262042674,-24.6822379170414,147.517913904162));
#9266=CARTESIAN_POINT('Ctrl Pts',(-2.85853083220921,-24.8073487473205,147.712017804708));
#9267=CARTESIAN_POINT('Ctrl Pts',(-2.84989246488061,-24.9020578365907,147.834065159426));
#9268=CARTESIAN_POINT('Ctrl Pts',(-2.84989246488061,-24.9477960748218,147.888910062946));
#9269=CARTESIAN_POINT('Ctrl Pts',(-2.83280670525632,-24.5924791402044,147.40982936195));
#9270=CARTESIAN_POINT('Ctrl Pts',(-2.84897805136709,-24.6169523809477,147.457045139295));
#9271=CARTESIAN_POINT('Ctrl Pts',(-2.86537552685341,-24.6705448987365,147.552243907858));
#9272=CARTESIAN_POINT('Ctrl Pts',(-2.8604466209419,-24.7940849059913,147.744995677309));
#9273=CARTESIAN_POINT('Ctrl Pts',(-2.84989246488061,-24.887156335638,147.859131838612));
#9274=CARTESIAN_POINT('Ctrl Pts',(-2.84989246488061,-24.9333685689436,147.910817140115));
#9275=CARTESIAN_POINT('Ctrl Pts',(-2.85366890225649,-24.5816796544776,147.445899161458));
#9276=CARTESIAN_POINT('Ctrl Pts',(-2.86510014833575,-24.6059421078141,147.493731923772));
#9277=CARTESIAN_POINT('Ctrl Pts',(-2.87345787132195,-24.6595505715859,147.590301354266));
#9278=CARTESIAN_POINT('Ctrl Pts',(-2.86208920017151,-24.7818774913839,147.779708583304));
#9279=CARTESIAN_POINT('Ctrl Pts',(-2.84989246488061,-24.8737297941261,147.884977385959));
#9280=CARTESIAN_POINT('Ctrl Pts',(-2.84989246488061,-24.9204872998499,147.933213255673));
#9281=CARTESIAN_POINT('Ctrl Pts',(-2.87371307993071,-24.5712410025102,147.486983483584));
#9282=CARTESIAN_POINT('Ctrl Pts',(-2.8800511929539,-24.5954396697741,147.535335015445));
#9283=CARTESIAN_POINT('Ctrl Pts',(-2.88150055504186,-24.6493360916455,147.632056074414));
#9284=CARTESIAN_POINT('Ctrl Pts',(-2.8632655105593,-24.770805272385,147.816036982736));
#9285=CARTESIAN_POINT('Ctrl Pts',(-2.84989246488061,-24.8618818910444,147.911484623897));
#9286=CARTESIAN_POINT('Ctrl Pts',(-2.84989246488061,-24.9092118841737,147.955987351977));
#9287=CARTESIAN_POINT('Ctrl Pts',(-2.89282139237296,-24.5612071944052,147.533760939939));
#9288=CARTESIAN_POINT('Ctrl Pts',(-2.89421712257613,-24.5854596608221,147.581997303417));
#9289=CARTESIAN_POINT('Ctrl Pts',(-2.88928548321216,-24.6400036363858,147.678002627975));
#9290=CARTESIAN_POINT('Ctrl Pts',(-2.86400945341559,-24.7609524389283,147.853617767888));
#9291=CARTESIAN_POINT('Ctrl Pts',(-2.84989246488061,-24.8516728499573,147.938580543282));
#9292=CARTESIAN_POINT('Ctrl Pts',(-2.84989246488061,-24.8995373846857,147.979105829402));
#9293=CARTESIAN_POINT('Ctrl Pts',(-2.91102981441104,-24.5516065468746,147.586851047467));
#9294=CARTESIAN_POINT('Ctrl Pts',(-2.90798117632028,-24.5760831113987,147.634194106668));
#9295=CARTESIAN_POINT('Ctrl Pts',(-2.89648248914193,-24.6316618792848,147.728352394471));
#9296=CARTESIAN_POINT('Ctrl Pts',(-2.86438786795037,-24.7523841895235,147.892099163649));
#9297=CARTESIAN_POINT('Ctrl Pts',(-2.84989246488061,-24.8430876549207,147.966283011791));
#9298=CARTESIAN_POINT('Ctrl Pts',(-2.84989246488061,-24.8913839638132,148.002615269119));
#9299=CARTESIAN_POINT('Ctrl Pts',(-2.92877775217129,-24.5425483688303,147.646655991603));
#9300=CARTESIAN_POINT('Ctrl Pts',(-2.92153635251192,-24.567442750693,147.692211084929));
#9301=CARTESIAN_POINT('Ctrl Pts',(-2.90267984749615,-24.6244313856709,147.783068397774));
#9302=CARTESIAN_POINT('Ctrl Pts',(-2.86451518426672,-24.7451605099569,147.931041674749));
#9303=CARTESIAN_POINT('Ctrl Pts',(-2.84989246488061,-24.8361003467273,147.994514038022));
#9304=CARTESIAN_POINT('Ctrl Pts',(-2.84989246488061,-24.8846725779085,148.026448730867));
#9305=CARTESIAN_POINT('Ctrl Pts',(-2.94583937684213,-24.534240859219,147.713459077273));
#9306=CARTESIAN_POINT('Ctrl Pts',(-2.93422616900896,-24.5597497878575,147.756284358121));
#9307=CARTESIAN_POINT('Ctrl Pts',(-2.9075938237565,-24.6184975174505,147.841402318096));
#9308=CARTESIAN_POINT('Ctrl Pts',(-2.86447481681707,-24.739387721892,147.969890677528));
#9309=CARTESIAN_POINT('Ctrl Pts',(-2.84989246488062,-24.8306877237322,148.02306732909));
#9310=CARTESIAN_POINT('Ctrl Pts',(-2.84989246488062,-24.8793263135997,148.050441518152));
#9311=CARTESIAN_POINT('Ctrl Pts',(-2.96163466383053,-24.5270270950524,147.786853004727));
#9312=CARTESIAN_POINT('Ctrl Pts',(-2.94539251607316,-24.5533306872395,147.825667769883));
#9313=CARTESIAN_POINT('Ctrl Pts',(-2.91111260018341,-24.614080707679,147.902006059022));
#9314=CARTESIAN_POINT('Ctrl Pts',(-2.86429672311067,-24.7351905276107,148.008084615621));
#9315=CARTESIAN_POINT('Ctrl Pts',(-2.84989246488061,-24.8268069289212,148.051668232187));
#9316=CARTESIAN_POINT('Ctrl Pts',(-2.84989246488061,-24.8752581289099,148.074379583103));
#9317=CARTESIAN_POINT('Ctrl Pts',(-2.97477913505059,-24.5213452453516,147.865460865151));
#9318=CARTESIAN_POINT('Ctrl Pts',(-2.9540551639404,-24.5485602217708,147.898748158662));
#9319=CARTESIAN_POINT('Ctrl Pts',(-2.91366156422476,-24.6113852401522,147.962925642362));
#9320=CARTESIAN_POINT('Ctrl Pts',(-2.86386604095822,-24.732677988313,148.045260873201));
#9321=CARTESIAN_POINT('Ctrl Pts',(-2.84989246488061,-24.8243796320448,148.080021118303));
#9322=CARTESIAN_POINT('Ctrl Pts',(-2.84989246488061,-24.8723617248865,148.098040497262));
#9323=CARTESIAN_POINT('Ctrl Pts',(-2.98497538554016,-24.5175695062105,147.946608443802));
#9324=CARTESIAN_POINT('Ctrl Pts',(-2.96065744710437,-24.5457193957748,147.972843546324));
#9325=CARTESIAN_POINT('Ctrl Pts',(-2.91481876507043,-24.6105128473756,148.022430835532));
#9326=CARTESIAN_POINT('Ctrl Pts',(-2.86334070764256,-24.7318933605109,148.081298069198));
#9327=CARTESIAN_POINT('Ctrl Pts',(-2.84989246488061,-24.8232745960459,148.107867158614));
#9328=CARTESIAN_POINT('Ctrl Pts',(-2.84989246488061,-24.8705015760828,148.121236424449));
#9329=CARTESIAN_POINT('Ctrl Pts',(-2.99220113485053,-24.5157553375681,148.027518472193));
#9330=CARTESIAN_POINT('Ctrl Pts',(-2.96477878519563,-24.5447990226881,148.04575517859));
#9331=CARTESIAN_POINT('Ctrl Pts',(-2.91472854115261,-24.6113539225072,148.079300555443));
#9332=CARTESIAN_POINT('Ctrl Pts',(-2.86273208523085,-24.7327745275531,148.116601621925));
#9333=CARTESIAN_POINT('Ctrl Pts',(-2.84989246488061,-24.8232928719201,148.135043425251));
#9334=CARTESIAN_POINT('Ctrl Pts',(-2.84989246488061,-24.8695031951214,148.143856519385));
#9335=CARTESIAN_POINT('Ctrl Pts',(-2.99591696032995,-24.5154360143809,148.10706461694));
#9336=CARTESIAN_POINT('Ctrl Pts',(-2.96619306816617,-24.545354699544,148.116648876606));
#9337=CARTESIAN_POINT('Ctrl Pts',(-2.91355392875094,-24.6134983462898,148.133402057786));
#9338=CARTESIAN_POINT('Ctrl Pts',(-2.86208890439553,-24.7351094120724,148.152153218642));
#9339=CARTESIAN_POINT('Ctrl Pts',(-2.84989246488061,-24.8241566162186,148.16154198546));
#9340=CARTESIAN_POINT('Ctrl Pts',(-2.84989246488061,-24.8691433020791,148.165909621212));
#9341=CARTESIAN_POINT('Ctrl Pts',(-2.99633907428734,-24.5155878037673,148.160197759784));
#9342=CARTESIAN_POINT('Ctrl Pts',(-2.96580710965156,-24.5461197684031,148.163532080796));
#9343=CARTESIAN_POINT('Ctrl Pts',(-2.91247841906039,-24.6153566866331,148.169226735955));
#9344=CARTESIAN_POINT('Ctrl Pts',(-2.8616205236979,-24.737195674499,148.175767960824));
#9345=CARTESIAN_POINT('Ctrl Pts',(-2.84989246488061,-24.8250534502347,148.178891199897));
#9346=CARTESIAN_POINT('Ctrl Pts',(-2.84989246488061,-24.8691411943606,148.180347434843));
#9347=CARTESIAN_POINT('Ctrl Pts',(-2.99633907428734,-24.5155878037674,148.187563044596));
#9348=CARTESIAN_POINT('Ctrl Pts',(-2.96548572055013,-24.5464411575046,148.187563044596));
#9349=CARTESIAN_POINT('Ctrl Pts',(-2.91190545571312,-24.6162685260808,148.187563044596));
#9350=CARTESIAN_POINT('Ctrl Pts',(-2.86138090210927,-24.7382455886241,148.187563044596));
#9351=CARTESIAN_POINT('Ctrl Pts',(-2.84989246488061,-24.8255079630608,148.187563044596));
#9352=CARTESIAN_POINT('Ctrl Pts',(-2.84989246488061,-24.8691411943606,148.187563044596));
#9353=CARTESIAN_POINT('',(-2.84989246488061,-24.8691411943606,148.187563044596));
#9354=CARTESIAN_POINT('Origin',(-3.34989246488061,-24.8691411943606,148.187563044596));
#9355=CARTESIAN_POINT('Ctrl Pts',(-2.84989246488061,-24.8691411943606,148.187563044596));
#9356=CARTESIAN_POINT('Ctrl Pts',(-2.84989246488061,-24.8691411943606,148.179645764481));
#9357=CARTESIAN_POINT('Ctrl Pts',(-2.84989246488061,-24.8691426809241,148.171723883442));
#9358=CARTESIAN_POINT('Ctrl Pts',(-2.84989246488061,-24.8692221239171,148.163716449796));
#9359=CARTESIAN_POINT('Ctrl Pts',(-2.84989246488061,-24.8693063067862,148.155231261694));
#9360=CARTESIAN_POINT('Ctrl Pts',(-2.84989246488061,-24.8694780004666,148.146650374908));
#9361=CARTESIAN_POINT('Ctrl Pts',(-2.84989246488061,-24.8698083008534,148.137936582349));
#9362=CARTESIAN_POINT('Ctrl Pts',(-2.84989246488061,-24.870166281834,148.128492536475));
#9363=CARTESIAN_POINT('Ctrl Pts',(-2.84989246488061,-24.8707105503464,148.118892929673));
#9364=CARTESIAN_POINT('Ctrl Pts',(-2.84989246488061,-24.8715091010921,148.109150927975));
#9365=CARTESIAN_POINT('Ctrl Pts',(-2.84989246488061,-24.8724246392803,148.097981725977));
#9366=CARTESIAN_POINT('Ctrl Pts',(-2.84989246488061,-24.8736744844144,148.086626415524));
#9367=CARTESIAN_POINT('Ctrl Pts',(-2.84989246488061,-24.8753317855668,148.075169484207));
#9368=CARTESIAN_POINT('Ctrl Pts',(-2.84989246488061,-24.8774330109144,148.060643702665));
#9369=CARTESIAN_POINT('Ctrl Pts',(-2.84989246488061,-24.8801892818788,148.045959707747));
#9370=CARTESIAN_POINT('Ctrl Pts',(-2.84989246488061,-24.8837020285244,148.031341799374));
#9371=CARTESIAN_POINT('Ctrl Pts',(-2.84989246488061,-24.8863139940048,148.020472392633));
#9372=CARTESIAN_POINT('Ctrl Pts',(-2.84989246488061,-24.8893428862937,148.009641706415));
#9373=CARTESIAN_POINT('Ctrl Pts',(-2.84989246488061,-24.8928216772816,147.998917782258));
#9374=CARTESIAN_POINT('Ctrl Pts',(-2.84989246488061,-24.8960257958396,147.989040579366));
#9375=CARTESIAN_POINT('Ctrl Pts',(-2.84989246488061,-24.8996111985507,147.979255004904));
#9376=CARTESIAN_POINT('Ctrl Pts',(-2.84989246488061,-24.9036042593431,147.969571816117));
#9377=CARTESIAN_POINT('Ctrl Pts',(-2.84989246488061,-24.9076645486084,147.959725598008));
#9378=CARTESIAN_POINT('Ctrl Pts',(-2.84989246488061,-24.9121496343709,147.949977073069));
#9379=CARTESIAN_POINT('Ctrl Pts',(-2.84989246488061,-24.91707320673,147.940324132355));
#9380=CARTESIAN_POINT('Ctrl Pts',(-2.84989246488061,-24.9224165480516,147.929848210965));
#9381=CARTESIAN_POINT('Ctrl Pts',(-2.84989246488061,-24.9282759697934,147.919485387123));
#9382=CARTESIAN_POINT('Ctrl Pts',(-2.84989246488061,-24.9346288515068,147.90928017311));
#9383=CARTESIAN_POINT('Ctrl Pts',(-2.84989246488061,-24.9422567319739,147.897026812173));
#9384=CARTESIAN_POINT('Ctrl Pts',(-2.84989246488061,-24.9505954818492,147.885001608569));
#9385=CARTESIAN_POINT('Ctrl Pts',(-2.84989246488061,-24.9595560944879,147.873337016947));
#9386=CARTESIAN_POINT('Ctrl Pts',(-2.84989246488061,-24.9710007576627,147.858438780902));
#9387=CARTESIAN_POINT('Ctrl Pts',(-2.84989246488061,-24.9834551709209,147.84413565894));
#9388=CARTESIAN_POINT('Ctrl Pts',(-2.84989246488061,-24.996696848909,147.830728629894));
#9389=CARTESIAN_POINT('Ctrl Pts',(-2.84989246488061,-24.9975804871139,147.829833957551));
#9390=CARTESIAN_POINT('Ctrl Pts',(-2.84989246488061,-24.9984676408675,147.82894325363));
#9391=CARTESIAN_POINT('Ctrl Pts',(-2.84989246488061,-24.9993582507154,147.828056594971));
#9392=CARTESIAN_POINT('Origin',(3.65010753511939,-27.8691411943606,147.7));
#9393=CARTESIAN_POINT('',(3.65010753511939,-28.3691411943606,147.7));
#9394=CARTESIAN_POINT('',(3.65010753511939,-27.8691411943606,147.2));
#9395=CARTESIAN_POINT('Origin',(3.65010753511939,-27.8691411943606,147.7));
#9396=CARTESIAN_POINT('',(4.15010753511939,-27.8691411943606,147.7));
#9397=CARTESIAN_POINT('Origin',(3.65010753511939,-27.8691411943606,147.7));
#9398=CARTESIAN_POINT('Origin',(3.65010753511939,-27.8691411943606,147.7));
#9399=CARTESIAN_POINT('Origin',(3.65010753511939,-27.8691411943606,149.2));
#9400=CARTESIAN_POINT('',(3.65010753511939,-28.3691411943606,149.2));
#9401=CARTESIAN_POINT('',(4.15010753511939,-27.8691411943606,149.2));
#9402=CARTESIAN_POINT('Ctrl Pts',(4.04142287629604,-24.641210369173,147.306528512051));
#9403=CARTESIAN_POINT('Ctrl Pts',(4.0793693935725,-24.6659029801757,147.34584496872));
#9404=CARTESIAN_POINT('Ctrl Pts',(4.12679902548288,-24.7210292761897,147.433883888818));
#9405=CARTESIAN_POINT('Ctrl Pts',(4.15137760962155,-24.8528005893487,147.625476337889));
#9406=CARTESIAN_POINT('Ctrl Pts',(4.15010753511939,-24.954069875841,147.765592852557));
#9407=CARTESIAN_POINT('Ctrl Pts',(4.15010753511939,-24.9989797806855,147.828453441013));
#9408=CARTESIAN_POINT('Ctrl Pts',(4.03977696826978,-24.654504564297,147.308003113483));
#9409=CARTESIAN_POINT('Ctrl Pts',(4.0766293804463,-24.6791703788969,147.346040421012));
#9410=CARTESIAN_POINT('Ctrl Pts',(4.12378434325512,-24.7343384886839,147.431831812497));
#9411=CARTESIAN_POINT('Ctrl Pts',(4.14989529787757,-24.8661457970021,147.620177409404));
#9412=CARTESIAN_POINT('Ctrl Pts',(4.15010753511939,-24.9647218515979,147.757278720847));
#9413=CARTESIAN_POINT('Ctrl Pts',(4.15010753511939,-25.0082023046797,147.819420301563));
#9414=CARTESIAN_POINT('Ctrl Pts',(4.03675004971719,-24.682234582295,147.310716443363));
#9415=CARTESIAN_POINT('Ctrl Pts',(4.0715737120744,-24.7068557675505,147.34652996203));
#9416=CARTESIAN_POINT('Ctrl Pts',(4.11812812562384,-24.7621726406531,147.428335570396));
#9417=CARTESIAN_POINT('Ctrl Pts',(4.14715096052682,-24.8938234297556,147.61035343911));
#9418=CARTESIAN_POINT('Ctrl Pts',(4.15010753511939,-24.9867824142691,147.741403279509));
#9419=CARTESIAN_POINT('Ctrl Pts',(4.15010753511939,-25.027511236309,147.802073341013));
#9420=CARTESIAN_POINT('Ctrl Pts',(4.03258722838488,-24.7279735209115,147.314484235549));
#9421=CARTESIAN_POINT('Ctrl Pts',(4.06481853792493,-24.7525398412791,147.347760422287));
#9422=CARTESIAN_POINT('Ctrl Pts',(4.11054168076221,-24.8082301242496,147.424898411795));
#9423=CARTESIAN_POINT('Ctrl Pts',(4.1436864735216,-24.9382313914404,147.597763733368));
#9424=CARTESIAN_POINT('Ctrl Pts',(4.15010753511939,-25.0217745462588,147.720107328328));
#9425=CARTESIAN_POINT('Ctrl Pts',(4.15010753511939,-25.0584787734213,147.778634988568));
#9426=CARTESIAN_POINT('Ctrl Pts',(4.02847998188961,-24.7787736229157,147.318323326358));
#9427=CARTESIAN_POINT('Ctrl Pts',(4.05861882759853,-24.8033010512028,147.349712790563));
#9428=CARTESIAN_POINT('Ctrl Pts',(4.10367895245465,-24.8591827870417,147.423314724729));
#9429=CARTESIAN_POINT('Ctrl Pts',(4.14089533201478,-24.9852055243455,147.587238848249));
#9430=CARTESIAN_POINT('Ctrl Pts',(4.15010753511939,-25.0582019571118,147.701643378456));
#9431=CARTESIAN_POINT('Ctrl Pts',(4.15010753511939,-25.090831473996,147.758203476678));
#9432=CARTESIAN_POINT('Ctrl Pts',(4.02423757631513,-24.8357806603039,147.322558198028));
#9433=CARTESIAN_POINT('Ctrl Pts',(4.05278023440374,-24.8600837122083,147.35259989033));
#9434=CARTESIAN_POINT('Ctrl Pts',(4.09748842028538,-24.9155375869327,147.423616560664));
#9435=CARTESIAN_POINT('Ctrl Pts',(4.13880101160165,-25.0341245962468,147.578719146118));
#9436=CARTESIAN_POINT('Ctrl Pts',(4.15010753511939,-25.0956239993109,147.686279465271));
#9437=CARTESIAN_POINT('Ctrl Pts',(4.15010753511939,-25.1240722432752,147.741085505694));
#9438=CARTESIAN_POINT('Ctrl Pts',(4.01974044017687,-24.900107492712,147.327396833343));
#9439=CARTESIAN_POINT('Ctrl Pts',(4.04717493030822,-24.9236652793245,147.356534723058));
#9440=CARTESIAN_POINT('Ctrl Pts',(4.09210006445704,-24.9775105185127,147.425699560976));
#9441=CARTESIAN_POINT('Ctrl Pts',(4.13739773929746,-25.0840776066332,147.572099030178));
#9442=CARTESIAN_POINT('Ctrl Pts',(4.15010753511939,-25.1337731931898,147.674123046261));
#9443=CARTESIAN_POINT('Ctrl Pts',(4.15010753511939,-25.1580125047185,147.727342264192));
#9444=CARTESIAN_POINT('Ctrl Pts',(4.0150284869765,-24.9725599624588,147.33276972344));
#9445=CARTESIAN_POINT('Ctrl Pts',(4.04190366098429,-24.9944965639501,147.361347707147));
#9446=CARTESIAN_POINT('Ctrl Pts',(4.08779515399389,-25.0446293941749,147.429119886355));
#9447=CARTESIAN_POINT('Ctrl Pts',(4.13662969549282,-25.1342030329804,147.567105173588));
#9448=CARTESIAN_POINT('Ctrl Pts',(4.15010753511939,-25.1727435770814,147.66498252093));
#9449=CARTESIAN_POINT('Ctrl Pts',(4.15010753511939,-25.1927835690305,147.716724509331));
#9450=CARTESIAN_POINT('Ctrl Pts',(4.0104386328603,-25.0527321175474,147.338149318822));
#9451=CARTESIAN_POINT('Ctrl Pts',(4.03736142945618,-25.0717563754103,147.366423989108));
#9452=CARTESIAN_POINT('Ctrl Pts',(4.08496734911167,-25.1150945671915,147.433060168576));
#9453=CARTESIAN_POINT('Ctrl Pts',(4.13636737163778,-25.1833350444842,147.563571562726));
#9454=CARTESIAN_POINT('Ctrl Pts',(4.15010753511939,-25.2121626905993,147.65866566516));
#9455=CARTESIAN_POINT('Ctrl Pts',(4.15010753511939,-25.2279974266194,147.70899387253));
#9456=CARTESIAN_POINT('Ctrl Pts',(4.00671054118247,-25.1374827820625,147.342613644101));
#9457=CARTESIAN_POINT('Ctrl Pts',(4.03425426078646,-25.1521290450558,147.370844654852));
#9458=CARTESIAN_POINT('Ctrl Pts',(4.08383783791707,-25.1847846624788,147.436736859898));
#9459=CARTESIAN_POINT('Ctrl Pts',(4.13647240955766,-25.2303329739436,147.561705439566));
#9460=CARTESIAN_POINT('Ctrl Pts',(4.15010753511939,-25.2512717901804,147.654998718851));
#9461=CARTESIAN_POINT('Ctrl Pts',(4.15010753511939,-25.26296165549,147.703891421351));
#9462=CARTESIAN_POINT('Ctrl Pts',(4.00460294421673,-25.2202176784541,147.345277248118));
#9463=CARTESIAN_POINT('Ctrl Pts',(4.03303903248996,-25.2292732800029,147.37386948641));
#9464=CARTESIAN_POINT('Ctrl Pts',(4.08427143443477,-25.249205131311,147.439929712248));
#9465=CARTESIAN_POINT('Ctrl Pts',(4.13684883240363,-25.2747491567073,147.561900046697));
#9466=CARTESIAN_POINT('Ctrl Pts',(4.15010753511939,-25.2893059256728,147.653727124491));
#9467=CARTESIAN_POINT('Ctrl Pts',(4.15010753511939,-25.2969869349656,147.701065598211));
#9468=CARTESIAN_POINT('Ctrl Pts',(4.00388833647607,-25.2940032605024,147.346228027333));
#9469=CARTESIAN_POINT('Ctrl Pts',(4.03336064424423,-25.2979111017942,147.375732176205));
#9470=CARTESIAN_POINT('Ctrl Pts',(4.08580860721207,-25.3064538724571,147.443180081923));
#9471=CARTESIAN_POINT('Ctrl Pts',(4.13757073713996,-25.3178990620071,147.564546785624));
#9472=CARTESIAN_POINT('Ctrl Pts',(4.15010753511939,-25.3258428027013,147.654419035373));
#9473=CARTESIAN_POINT('Ctrl Pts',(4.15010753511939,-25.3296747468511,147.700009306717));
#9474=CARTESIAN_POINT('Ctrl Pts',(4.00366092571266,-25.3382072149872,147.346446609407));
#9475=CARTESIAN_POINT('Ctrl Pts',(4.03404680439325,-25.3395658116508,147.376832488087));
#9476=CARTESIAN_POINT('Ctrl Pts',(4.08726114305448,-25.342396712172,147.445801019796));
#9477=CARTESIAN_POINT('Ctrl Pts',(4.13827055739818,-25.3467302553981,147.567577246445));
#9478=CARTESIAN_POINT('Ctrl Pts',(4.15010753511939,-25.3493938849393,147.655705659135));
#9479=CARTESIAN_POINT('Ctrl Pts',(4.15010753511939,-25.3506961046961,147.7));
#9480=CARTESIAN_POINT('Ctrl Pts',(4.00366092571266,-25.3611915370645,147.346446609407));
#9481=CARTESIAN_POINT('Ctrl Pts',(4.03451427944987,-25.3611915370645,147.377299963144));
#9482=CARTESIAN_POINT('Ctrl Pts',(4.08809454428688,-25.3611915370645,147.44712733172));
#9483=CARTESIAN_POINT('Ctrl Pts',(4.13861909789073,-25.3611915370645,147.569104394263));
#9484=CARTESIAN_POINT('Ctrl Pts',(4.15010753511939,-25.3611915370645,147.6563667687));
#9485=CARTESIAN_POINT('Ctrl Pts',(4.15010753511939,-25.3611915370645,147.7));
#9486=CARTESIAN_POINT('',(4.15010753511939,-25.3611915370645,147.7));
#9487=CARTESIAN_POINT('Origin',(3.65010753511939,-25.3611915370645,147.7));
#9488=CARTESIAN_POINT('Ctrl Pts',(4.15010753511939,-25.3611915370645,147.7));
#9489=CARTESIAN_POINT('Ctrl Pts',(4.15010753511939,-25.3533658459522,147.7));
#9490=CARTESIAN_POINT('Ctrl Pts',(4.15010753511939,-25.3455355267129,147.700001419483));
#9491=CARTESIAN_POINT('Ctrl Pts',(4.15010753511939,-25.3376172989124,147.700077311108));
#9492=CARTESIAN_POINT('Ctrl Pts',(4.15010753511939,-25.3292313294863,147.700157685765));
#9493=CARTESIAN_POINT('Ctrl Pts',(4.15010753511939,-25.3207471191319,147.700321564159));
#9494=CARTESIAN_POINT('Ctrl Pts',(4.15010753511939,-25.3121252082488,147.700636770709));
#9495=CARTESIAN_POINT('Ctrl Pts',(4.15010753511939,-25.3027901125166,147.700978050427));
#9496=CARTESIAN_POINT('Ctrl Pts',(4.15010753511939,-25.2932941325772,147.701496708422));
#9497=CARTESIAN_POINT('Ctrl Pts',(4.15010753511939,-25.2836481778211,147.702257472441));
#9498=CARTESIAN_POINT('Ctrl Pts',(4.15010753511939,-25.2726367674873,147.703125928181));
#9499=CARTESIAN_POINT('Ctrl Pts',(4.15010753511939,-25.2614309396423,147.704309925196));
#9500=CARTESIAN_POINT('Ctrl Pts',(4.15010753511939,-25.2501119158192,147.705878384245));
#9501=CARTESIAN_POINT('Ctrl Pts',(4.15010753511939,-25.2352852110435,147.707932897041));
#9502=CARTESIAN_POINT('Ctrl Pts',(4.15010753511939,-25.2202694150952,147.710647347585));
#9503=CARTESIAN_POINT('Ctrl Pts',(4.15010753511939,-25.2053090895414,147.714127076457));
#9504=CARTESIAN_POINT('Ctrl Pts',(4.15010753511939,-25.1944351576788,147.716656321861));
#9505=CARTESIAN_POINT('Ctrl Pts',(4.15010753511939,-25.1835928345402,147.719588519138));
#9506=CARTESIAN_POINT('Ctrl Pts',(4.15010753511939,-25.1728527788779,147.722955829377));
#9507=CARTESIAN_POINT('Ctrl Pts',(4.15010753511939,-25.1630220962258,147.726038025541));
#9508=CARTESIAN_POINT('Ctrl Pts',(4.15010753511939,-25.1532781105528,147.729484417382));
#9509=CARTESIAN_POINT('Ctrl Pts',(4.15010753511939,-25.1436337671067,147.733320511854));
#9510=CARTESIAN_POINT('Ctrl Pts',(4.15010753511939,-25.133710589957,147.737267514075));
#9511=CARTESIAN_POINT('Ctrl Pts',(4.15010753511939,-25.123885139425,147.741630211158));
#9512=CARTESIAN_POINT('Ctrl Pts',(4.15010753511939,-25.1141505696405,147.746425393943));
#9513=CARTESIAN_POINT('Ctrl Pts',(4.15010753511939,-25.1037508511566,147.751548224447));
#9514=CARTESIAN_POINT('Ctrl Pts',(4.15010753511939,-25.0934553893306,147.757164264828));
#9515=CARTESIAN_POINT('Ctrl Pts',(4.15010753511939,-25.0833036463321,147.763255044977));
#9516=CARTESIAN_POINT('Ctrl Pts',(4.15010753511939,-25.0707379441442,147.770794137471));
#9517=CARTESIAN_POINT('Ctrl Pts',(4.15010753511939,-25.0583930488702,147.77906033306));
#9518=CARTESIAN_POINT('Ctrl Pts',(4.15010753511939,-25.0464076899871,147.787964178544));
#9519=CARTESIAN_POINT('Ctrl Pts',(4.15010753511939,-25.030929745355,147.799462643359));
#9520=CARTESIAN_POINT('Ctrl Pts',(4.15010753511939,-25.0160590351086,147.812019463943));
#9521=CARTESIAN_POINT('Ctrl Pts',(4.15010753511939,-25.0021315708357,147.825396466747));
#9522=CARTESIAN_POINT('Ctrl Pts',(4.15010753511939,-25.0010755379374,147.82641076158));
#9523=CARTESIAN_POINT('Ctrl Pts',(4.15010753511939,-25.000024899043,147.827429784163));
#9524=CARTESIAN_POINT('Ctrl Pts',(4.15010753511939,-24.9989797806855,147.828453441013));
#9525=CARTESIAN_POINT('Origin',(39.25,-24.8332428094984,146.7));
#9526=CARTESIAN_POINT('',(39.25,-24.338371150193,146.771428571429));
#9527=CARTESIAN_POINT('',(39.25,-24.8332428094984,147.2));
#9528=CARTESIAN_POINT('Origin',(3.65010753511939,-23.5922855444593,147.7));
#9529=CARTESIAN_POINT('',(4.15010753511939,-23.5922855444593,147.7));
#9530=CARTESIAN_POINT('',(3.65010753511939,-23.5922855444593,147.2));
#9531=CARTESIAN_POINT('Origin',(4.65010753511939,-24.8691411943606,146.7));
#9532=CARTESIAN_POINT('',(4.65010753511939,-24.3691411943606,149.2));
#9533=CARTESIAN_POINT('',(4.65010753511939,-24.3691411943606,146.7));
#9534=CARTESIAN_POINT('',(4.15010753511939,-24.8691411943606,148.7));
#9535=CARTESIAN_POINT('',(4.15010753511939,-24.8691411943606,146.7));
#9536=CARTESIAN_POINT('Origin',(4.65010753511939,-24.8691411943606,148.7));
#9537=CARTESIAN_POINT('Origin',(2.40010753511939,-27.8691411943606,147.7));
#9538=CARTESIAN_POINT('',(2.40010753511939,-28.3691411943606,147.7));
#9539=CARTESIAN_POINT('',(2.40010753511939,-27.8691411943606,147.2));
#9540=CARTESIAN_POINT('Origin',(4.65010753511939,-25.1547854625029,148.7));
#9541=CARTESIAN_POINT('',(4.15010753511939,-25.1547854625029,148.7));
#9542=CARTESIAN_POINT('',(4.65010753511939,-25.1547854625029,149.2));
#9543=CARTESIAN_POINT('Origin',(-3.34989246488061,-24.8691411943606,146.7));
#9544=CARTESIAN_POINT('',(-2.84989246488061,-24.8691411943606,146.7));
#9545=CARTESIAN_POINT('',(-3.34989246488061,-24.3691411943606,146.7));
#9546=CARTESIAN_POINT('Origin',(-2.34989246488061,-26.7768559777269,147.7));
#9547=CARTESIAN_POINT('',(-2.84989246488061,-26.7768559777269,147.7));
#9548=CARTESIAN_POINT('',(-2.34989246488061,-26.7768559777269,147.2));
#9549=CARTESIAN_POINT('Origin',(14.6500806513395,-28.8691411943606,148.7));
#9550=CARTESIAN_POINT('',(14.6500806513395,-28.8691411943606,149.2));
#9551=CARTESIAN_POINT('',(14.6500806513395,-28.3691411943606,148.7));
#9552=CARTESIAN_POINT('Origin',(62.25,-24.3691411943606,144.2));
#9553=CARTESIAN_POINT('',(-11.9498924648806,-24.3691411943606,147.2));
#9554=CARTESIAN_POINT('',(39.25,-24.3691411943606,147.2));
#9555=CARTESIAN_POINT('',(-11.9498924648806,-24.3691411943606,149.2));
#9556=CARTESIAN_POINT('',(-11.9498924648806,-24.3691411943606,144.2));
#9557=CARTESIAN_POINT('',(-11.9498924648806,-24.3691411943606,149.2));
#9558=CARTESIAN_POINT('Origin',(39.25,-21.3691411943606,147.2));
#9559=CARTESIAN_POINT('',(55.75,-24.3691411943606,147.2));
#9560=CARTESIAN_POINT('',(39.25,-24.3691411943606,147.2));
#9561=CARTESIAN_POINT('',(55.75,-21.3691411943606,144.2));
#9562=CARTESIAN_POINT('Origin',(55.75,-21.3691411943606,147.2));
#9563=CARTESIAN_POINT('',(-11.9498924648806,-21.3691411943606,144.2));
#9564=CARTESIAN_POINT('',(39.25,-21.3691411943606,144.2));
#9565=CARTESIAN_POINT('Origin',(-11.9498924648806,-21.3691411943606,147.2));
#9566=CARTESIAN_POINT('Origin',(-2.84989246488061,-28.3691411943606,149.2));
#9567=CARTESIAN_POINT('Origin',(4.15010753511939,-28.3691411943606,149.2));
#9568=CARTESIAN_POINT('Origin',(4.15010753511939,-22.0000003278255,149.2));
#9569=CARTESIAN_POINT('Origin',(0.650107535119386,-25.1845707610931,147.2));
#9570=CARTESIAN_POINT('Origin',(25.1500537675597,-28.3095705971803,149.2));
#9571=CARTESIAN_POINT('',(-11.9498924648806,-32.25,149.2));
#9572=CARTESIAN_POINT('',(-11.9498924648806,-32.25,149.2));
#9573=CARTESIAN_POINT('',(62.25,-32.25,149.2));
#9574=CARTESIAN_POINT('',(62.25,-32.25,149.2));
#9575=CARTESIAN_POINT('',(62.25,-24.3178287961074,149.200000001118));
#9576=CARTESIAN_POINT('',(62.25,-24.3691411943606,149.2));
#9577=CARTESIAN_POINT('',(61.4068542494924,-24.3691411943606,149.2));
#9578=CARTESIAN_POINT('Ctrl Pts',(61.4068542494924,-24.3691411943606,149.2));
#9579=CARTESIAN_POINT('Ctrl Pts',(61.6730341176107,-24.3691411943606,149.2));
#9580=CARTESIAN_POINT('Ctrl Pts',(61.961791556975,-24.3545736556067,149.2));
#9581=CARTESIAN_POINT('Ctrl Pts',(62.2499999999617,-24.3178287958054,149.2));
#9582=CARTESIAN_POINT('',(-11.9498924648806,-24.3691411943606,149.2));
#9583=CARTESIAN_POINT('',(-6.34989246488061,-28.3691411943606,149.2));
#9584=CARTESIAN_POINT('Origin',(-7.84989246488061,-28.3691411943606,149.2));
#9585=CARTESIAN_POINT('',(59.65,-28.25,149.2));
#9586=CARTESIAN_POINT('Origin',(58.15,-28.25,149.2));
#9587=CARTESIAN_POINT('Origin',(43.5,111.25,147.735898384862));
#9588=CARTESIAN_POINT('',(-11.95,112.75,145.137822173509));
#9589=CARTESIAN_POINT('',(-11.95,108.25,147.735898384862));
#9590=CARTESIAN_POINT('Origin',(-11.95,111.25,147.735898384862));
#9591=CARTESIAN_POINT('',(55.75,108.25,147.735898384862));
#9592=CARTESIAN_POINT('',(43.5,108.25,147.735898384862));
#9593=CARTESIAN_POINT('',(55.75,112.75,145.137822173509));
#9594=CARTESIAN_POINT('Origin',(55.75,111.25,147.735898384862));
#9595=CARTESIAN_POINT('',(43.5,112.75,145.137822173509));
#9596=CARTESIAN_POINT('Ctrl Pts',(55.75,112.75,145.137822173509));
#9597=CARTESIAN_POINT('Ctrl Pts',(56.9249737707083,112.75,145.137822173509));
#9598=CARTESIAN_POINT('Ctrl Pts',(59.696467048989,112.75,145.583147561726));
#9599=CARTESIAN_POINT('Ctrl Pts',(62.1261774599336,112.75,147.024835453714));
#9600=CARTESIAN_POINT('Ctrl Pts',(63.2772710634323,112.75,148.093708085535));
#9601=CARTESIAN_POINT('Ctrl Pts',(55.75,112.231771610219,144.838622873167));
#9602=CARTESIAN_POINT('Ctrl Pts',(56.9569014415471,112.231771610219,144.838622873167));
#9603=CARTESIAN_POINT('Ctrl Pts',(59.8033680819994,112.231771610219,145.295922766899));
#9604=CARTESIAN_POINT('Ctrl Pts',(62.2984891799324,112.231771610219,146.776539578937));
#9605=CARTESIAN_POINT('Ctrl Pts',(63.4808615562798,112.231771610219,147.874456785545));
#9606=CARTESIAN_POINT('Ctrl Pts',(55.75,111.018401867863,144.563303124435));
#9607=CARTESIAN_POINT('Ctrl Pts',(56.9862723411616,111.018401867863,144.563303124435));
#9608=CARTESIAN_POINT('Ctrl Pts',(59.9017278737776,111.018401867863,145.031625886957));
#9609=CARTESIAN_POINT('Ctrl Pts',(62.4570568401912,111.018401867863,146.548068376752));
#9610=CARTESIAN_POINT('Ctrl Pts',(63.6682031819822,111.018401867863,147.672704265558));
#9611=CARTESIAN_POINT('Ctrl Pts',(55.75,108.969933867605,145.359465989474));
#9612=CARTESIAN_POINT('Ctrl Pts',(56.9014859018988,108.969933867605,145.359465989474));
#9613=CARTESIAN_POINT('Ctrl Pts',(59.6174536533783,108.969933867605,145.795843090328));
#9614=CARTESIAN_POINT('Ctrl Pts',(61.9983701830499,108.969933867605,147.208621493631));
#9615=CARTESIAN_POINT('Ctrl Pts',(63.1264532851909,108.969933867605,148.256127231333));
#9616=CARTESIAN_POINT('Ctrl Pts',(55.75,108.25,146.838300483837));
#9617=CARTESIAN_POINT('Ctrl Pts',(56.7447358794164,108.25,146.838300483837));
#9618=CARTESIAN_POINT('Ctrl Pts',(59.0902274821878,108.25,147.214990646167));
#9619=CARTESIAN_POINT('Ctrl Pts',(61.1456598605648,108.25,148.434897147351));
#9620=CARTESIAN_POINT('Ctrl Pts',(62.1201787277196,108.25,149.339807523994));
#9621=CARTESIAN_POINT('Ctrl Pts',(55.75,108.25,147.735898384862));
#9622=CARTESIAN_POINT('Ctrl Pts',(56.6490180366273,108.25,147.735898384862));
#9623=CARTESIAN_POINT('Ctrl Pts',(58.769595114756,108.25,148.076634123953));
#9624=CARTESIAN_POINT('Ctrl Pts',(60.6286608553505,108.25,149.179725486839));
#9625=CARTESIAN_POINT('Ctrl Pts',(61.5094072491769,108.25,149.997561423963));
#9626=CARTESIAN_POINT('',(62.2499999999806,112.75,147.248923066725));
#9627=CARTESIAN_POINT('',(62.25,108.454393061886,149.2));
#9628=CARTESIAN_POINT('Ctrl Pts',(62.25,108.454393061886,149.2));
#9629=CARTESIAN_POINT('Ctrl Pts',(62.25,108.487421127884,149.084230245242));
#9630=CARTESIAN_POINT('Ctrl Pts',(62.25,108.525465607687,148.967785099575));
#9631=CARTESIAN_POINT('Ctrl Pts',(62.25,108.752220483161,148.365126660031));
#9632=CARTESIAN_POINT('Ctrl Pts',(62.25,109.004268550339,147.962895894045));
#9633=CARTESIAN_POINT('Ctrl Pts',(62.25,109.558523135235,147.367817916648));
#9634=CARTESIAN_POINT('Ctrl Pts',(62.25,109.86301457676,147.140961358881));
#9635=CARTESIAN_POINT('Ctrl Pts',(62.25,110.512491669649,146.846131209326));
#9636=CARTESIAN_POINT('Ctrl Pts',(62.250000000004,110.839972931763,146.767973154143));
#9637=CARTESIAN_POINT('Ctrl Pts',(62.250000000004,111.452635551456,146.749467558005));
#9638=CARTESIAN_POINT('Ctrl Pts',(62.25,111.72794008267,146.787837306004));
#9639=CARTESIAN_POINT('Ctrl Pts',(62.25,112.264166876871,146.954869088865));
#9640=CARTESIAN_POINT('Ctrl Pts',(62.25,112.518428286766,147.083692562959));
#9641=CARTESIAN_POINT('Ctrl Pts',(62.25,112.75,147.248923066753));
#9642=CARTESIAN_POINT('Ctrl Pts',(62.249507519015,112.75,147.249602231316));
#9643=CARTESIAN_POINT('Ctrl Pts',(61.3341364295522,112.75,146.586018474624));
#9644=CARTESIAN_POINT('Ctrl Pts',(59.2498021501918,112.75,145.511377147914));
#9645=CARTESIAN_POINT('Ctrl Pts',(56.9249737707083,112.75,145.137822173509));
#9646=CARTESIAN_POINT('Ctrl Pts',(55.75,112.75,145.137822173509));
#9647=CARTESIAN_POINT('',(60.5082576929934,108.25,149.200000004341));
#9648=CARTESIAN_POINT('Ctrl Pts',(55.75,108.25,147.735898384862));
#9649=CARTESIAN_POINT('Ctrl Pts',(56.6490180366273,108.25,147.735898384862));
#9650=CARTESIAN_POINT('Ctrl Pts',(58.3397129906005,108.25,148.007560377563));
#9651=CARTESIAN_POINT('Ctrl Pts',(59.8641766031369,108.25,148.763818560968));
#9652=CARTESIAN_POINT('Ctrl Pts',(60.5077872069658,108.25,149.200692539129));
#9653=CARTESIAN_POINT('Ctrl Pts',(60.5082576929934,108.25,149.2));
#9654=CARTESIAN_POINT('Ctrl Pts',(61.0180877354218,108.250000000686,149.2));
#9655=CARTESIAN_POINT('Ctrl Pts',(61.6319177979394,108.290655022743,149.2));
#9656=CARTESIAN_POINT('Ctrl Pts',(62.25,108.454393061886,149.2));
#9657=CARTESIAN_POINT('Origin',(55.75,-2.62500000000001,156.2));
#9658=CARTESIAN_POINT('',(62.25,109.25,146.112879499084));
#9659=CARTESIAN_POINT('',(62.25,97.25,146.112879499084));
#9660=CARTESIAN_POINT('',(62.25,-2.62500000000001,146.112879499084));
#9661=CARTESIAN_POINT('',(55.75,97.25,144.2));
#9662=CARTESIAN_POINT('Origin',(55.75,97.25,156.2));
#9663=CARTESIAN_POINT('',(55.75,-2.62500000000001,144.2));
#9664=CARTESIAN_POINT('',(62.25,-21.3691411943606,146.112879499084));
#9665=CARTESIAN_POINT('Origin',(55.75,-21.3691411943606,156.2));
#9666=CARTESIAN_POINT('',(62.25,-33.25,146.112879499084));
#9667=CARTESIAN_POINT('',(62.25,-2.62500000000001,146.112879499084));
#9668=CARTESIAN_POINT('',(64.75,-33.25,148.262746066806));
#9669=CARTESIAN_POINT('Origin',(55.75,-33.25,156.2));
#9670=CARTESIAN_POINT('',(64.75,-23.25,148.262746066806));
#9671=CARTESIAN_POINT('',(64.75,-2.62500000000001,148.262746066806));
#9672=CARTESIAN_POINT('',(63.75,-22.25,147.255728090001));
#9673=CARTESIAN_POINT('Ctrl Pts',(64.75,-23.25,148.262746066806));
#9674=CARTESIAN_POINT('Ctrl Pts',(64.75,-23.1870617796305,148.262746066806));
#9675=CARTESIAN_POINT('Ctrl Pts',(64.7439616877648,-23.1234826045645,148.255883454016));
#9676=CARTESIAN_POINT('Ctrl Pts',(64.7202105114679,-22.9996519179939,148.229075930842));
#9677=CARTESIAN_POINT('Ctrl Pts',(64.7024954176521,-22.939400340072,148.209133302888));
#9678=CARTESIAN_POINT('Ctrl Pts',(64.6352868426087,-22.769223603181,148.134259058229));
#9679=CARTESIAN_POINT('Ctrl Pts',(64.5710547014339,-22.6699225870945,148.063734735043));
#9680=CARTESIAN_POINT('Ctrl Pts',(64.4067437761429,-22.4817368362966,147.88851992626));
#9681=CARTESIAN_POINT('Ctrl Pts',(64.2863893486208,-22.3939939102261,147.764146962327));
#9682=CARTESIAN_POINT('Ctrl Pts',(64.0249069042775,-22.2779474501146,147.507504655611));
#9683=CARTESIAN_POINT('Ctrl Pts',(63.8836173257195,-22.25,147.375239059313));
#9684=CARTESIAN_POINT('Ctrl Pts',(63.75,-22.25,147.255728090001));
#9685=CARTESIAN_POINT('',(63.6872539331938,-22.2480295241627,147.2));
#9686=CARTESIAN_POINT('Ctrl Pts',(63.75,-22.25,147.255728090001));
#9687=CARTESIAN_POINT('Ctrl Pts',(63.7294071481762,-22.25,147.237309283389));
#9688=CARTESIAN_POINT('Ctrl Pts',(63.7084635516787,-22.2493629718275,147.218705125305));
#9689=CARTESIAN_POINT('Ctrl Pts',(63.6872539331938,-22.2480295241627,147.2));
#9690=CARTESIAN_POINT('',(63.6872539331938,-15.2519704758373,147.2));
#9691=CARTESIAN_POINT('',(63.6872539331938,-2.62500000000001,147.2));
#9692=CARTESIAN_POINT('',(63.75,-15.25,147.255728090001));
#9693=CARTESIAN_POINT('Ctrl Pts',(63.6872539331938,-15.2519704758373,147.2));
#9694=CARTESIAN_POINT('Ctrl Pts',(63.7084635516787,-15.2506370281726,147.218705125305));
#9695=CARTESIAN_POINT('Ctrl Pts',(63.7294071481762,-15.25,147.237309283389));
#9696=CARTESIAN_POINT('Ctrl Pts',(63.75,-15.25,147.255728090001));
#9697=CARTESIAN_POINT('',(64.75,-14.25,148.262746066806));
#9698=CARTESIAN_POINT('Ctrl Pts',(63.75,-15.25,147.255728090001));
#9699=CARTESIAN_POINT('Ctrl Pts',(63.8836173257195,-15.25,147.375239059313));
#9700=CARTESIAN_POINT('Ctrl Pts',(64.0249069042775,-15.2220525498854,147.507504655611));
#9701=CARTESIAN_POINT('Ctrl Pts',(64.2863893486208,-15.1060060897739,147.764146962327));
#9702=CARTESIAN_POINT('Ctrl Pts',(64.4067437761429,-15.0182631637034,147.88851992626));
#9703=CARTESIAN_POINT('Ctrl Pts',(64.5710547014339,-14.8300774129055,148.063734735043));
#9704=CARTESIAN_POINT('Ctrl Pts',(64.6352868426087,-14.730776396819,148.134259058229));
#9705=CARTESIAN_POINT('Ctrl Pts',(64.7024954176521,-14.560599659928,148.209133302888));
#9706=CARTESIAN_POINT('Ctrl Pts',(64.7202105114679,-14.5003480820061,148.229075930842));
#9707=CARTESIAN_POINT('Ctrl Pts',(64.7439616877648,-14.3765173954355,148.255883454016));
#9708=CARTESIAN_POINT('Ctrl Pts',(64.75,-14.3129382203695,148.262746066806));
#9709=CARTESIAN_POINT('Ctrl Pts',(64.75,-14.25,148.262746066806));
#9710=CARTESIAN_POINT('',(64.75,33.5,148.262746066806));
#9711=CARTESIAN_POINT('',(64.75,-2.62500000000001,148.262746066806));
#9712=CARTESIAN_POINT('',(63.75,34.5,147.255728090001));
#9713=CARTESIAN_POINT('Ctrl Pts',(64.75,33.5,148.262746066806));
#9714=CARTESIAN_POINT('Ctrl Pts',(64.75,33.5629382203695,148.262746066806));
#9715=CARTESIAN_POINT('Ctrl Pts',(64.7439616877648,33.6265173954355,148.255883454016));
#9716=CARTESIAN_POINT('Ctrl Pts',(64.7202105114679,33.7503480820061,148.229075930842));
#9717=CARTESIAN_POINT('Ctrl Pts',(64.7024954176521,33.810599659928,148.209133302888));
#9718=CARTESIAN_POINT('Ctrl Pts',(64.6352868426087,33.980776396819,148.134259058229));
#9719=CARTESIAN_POINT('Ctrl Pts',(64.5710547014339,34.0800774129055,148.063734735043));
#9720=CARTESIAN_POINT('Ctrl Pts',(64.4067437761429,34.2682631637034,147.88851992626));
#9721=CARTESIAN_POINT('Ctrl Pts',(64.2863893486208,34.3560060897739,147.764146962327));
#9722=CARTESIAN_POINT('Ctrl Pts',(64.0249069042775,34.4720525498854,147.507504655611));
#9723=CARTESIAN_POINT('Ctrl Pts',(63.8836173257195,34.5,147.375239059313));
#9724=CARTESIAN_POINT('Ctrl Pts',(63.75,34.5,147.255728090001));
#9725=CARTESIAN_POINT('',(63.6872539331938,34.5019704758373,147.2));
#9726=CARTESIAN_POINT('Ctrl Pts',(63.75,34.5,147.255728090001));
#9727=CARTESIAN_POINT('Ctrl Pts',(63.7294071481762,34.5,147.237309283389));
#9728=CARTESIAN_POINT('Ctrl Pts',(63.7084635516787,34.5006370281725,147.218705125305));
#9729=CARTESIAN_POINT('Ctrl Pts',(63.6872539331938,34.5019704758373,147.2));
#9730=CARTESIAN_POINT('',(63.6872539331938,41.4980295241627,147.2));
#9731=CARTESIAN_POINT('',(63.6872539331938,-2.62500000000001,147.2));
#9732=CARTESIAN_POINT('',(63.75,41.5,147.255728090001));
#9733=CARTESIAN_POINT('Ctrl Pts',(63.6872539331938,41.4980295241627,147.2));
#9734=CARTESIAN_POINT('Ctrl Pts',(63.7084635516787,41.4993629718275,147.218705125305));
#9735=CARTESIAN_POINT('Ctrl Pts',(63.7294071481762,41.5,147.237309283389));
#9736=CARTESIAN_POINT('Ctrl Pts',(63.75,41.5,147.255728090001));
#9737=CARTESIAN_POINT('',(64.75,42.5,148.262746066806));
#9738=CARTESIAN_POINT('Ctrl Pts',(63.75,41.5,147.255728090001));
#9739=CARTESIAN_POINT('Ctrl Pts',(63.8836173257195,41.5,147.375239059313));
#9740=CARTESIAN_POINT('Ctrl Pts',(64.0249069042775,41.5279474501146,147.507504655611));
#9741=CARTESIAN_POINT('Ctrl Pts',(64.2863893486208,41.6439939102261,147.764146962327));
#9742=CARTESIAN_POINT('Ctrl Pts',(64.4067437761429,41.7317368362966,147.88851992626));
#9743=CARTESIAN_POINT('Ctrl Pts',(64.5710547014339,41.9199225870945,148.063734735043));
#9744=CARTESIAN_POINT('Ctrl Pts',(64.6352868426087,42.019223603181,148.134259058229));
#9745=CARTESIAN_POINT('Ctrl Pts',(64.7024954176521,42.189400340072,148.209133302888));
#9746=CARTESIAN_POINT('Ctrl Pts',(64.7202105114679,42.2496519179939,148.229075930842));
#9747=CARTESIAN_POINT('Ctrl Pts',(64.7439616877648,42.3734826045645,148.255883454016));
#9748=CARTESIAN_POINT('Ctrl Pts',(64.75,42.4370617796305,148.262746066806));
#9749=CARTESIAN_POINT('Ctrl Pts',(64.75,42.5,148.262746066806));
#9750=CARTESIAN_POINT('',(64.75,90.25,148.262746066806));
#9751=CARTESIAN_POINT('',(64.75,-2.62500000000001,148.262746066806));
#9752=CARTESIAN_POINT('',(63.75,91.25,147.255728090001));
#9753=CARTESIAN_POINT('Ctrl Pts',(64.75,90.25,148.262746066806));
#9754=CARTESIAN_POINT('Ctrl Pts',(64.75,90.3129382203695,148.262746066806));
#9755=CARTESIAN_POINT('Ctrl Pts',(64.7439616877648,90.3765173954355,148.255883454016));
#9756=CARTESIAN_POINT('Ctrl Pts',(64.7202105114679,90.5003480820061,148.229075930842));
#9757=CARTESIAN_POINT('Ctrl Pts',(64.7024954176521,90.560599659928,148.209133302888));
#9758=CARTESIAN_POINT('Ctrl Pts',(64.6352868426087,90.730776396819,148.134259058229));
#9759=CARTESIAN_POINT('Ctrl Pts',(64.5710547014339,90.8300774129055,148.063734735043));
#9760=CARTESIAN_POINT('Ctrl Pts',(64.4067437761429,91.0182631637034,147.88851992626));
#9761=CARTESIAN_POINT('Ctrl Pts',(64.2863893486208,91.106006089774,147.764146962327));
#9762=CARTESIAN_POINT('Ctrl Pts',(64.0249069042775,91.2220525498854,147.507504655611));
#9763=CARTESIAN_POINT('Ctrl Pts',(63.8836173257195,91.25,147.375239059313));
#9764=CARTESIAN_POINT('Ctrl Pts',(63.75,91.25,147.255728090001));
#9765=CARTESIAN_POINT('',(63.6872539331938,91.2519704758374,147.2));
#9766=CARTESIAN_POINT('Ctrl Pts',(63.75,91.25,147.255728090001));
#9767=CARTESIAN_POINT('Ctrl Pts',(63.7294071481762,91.25,147.237309283389));
#9768=CARTESIAN_POINT('Ctrl Pts',(63.7084635516787,91.2506370281726,147.218705125305));
#9769=CARTESIAN_POINT('Ctrl Pts',(63.6872539331938,91.2519704758374,147.2));
#9770=CARTESIAN_POINT('',(63.6872539331938,98.2480295241627,147.2));
#9771=CARTESIAN_POINT('',(63.6872539331938,-2.62500000000001,147.2));
#9772=CARTESIAN_POINT('',(63.75,98.25,147.255728090001));
#9773=CARTESIAN_POINT('Ctrl Pts',(63.6872539331938,98.2480295241627,147.2));
#9774=CARTESIAN_POINT('Ctrl Pts',(63.7084824285807,98.2493641586174,147.218721773167));
#9775=CARTESIAN_POINT('Ctrl Pts',(63.7294279483278,98.25,147.237327887611));
#9776=CARTESIAN_POINT('Ctrl Pts',(63.75,98.25,147.255728090001));
#9777=CARTESIAN_POINT('',(64.75,99.25,148.262746066806));
#9778=CARTESIAN_POINT('Ctrl Pts',(63.75,98.25,147.255728090001));
#9779=CARTESIAN_POINT('Ctrl Pts',(63.8836173257195,98.25,147.375239059313));
#9780=CARTESIAN_POINT('Ctrl Pts',(64.0249069042775,98.2779474501146,147.507504655611));
#9781=CARTESIAN_POINT('Ctrl Pts',(64.2863893486208,98.393993910226,147.764146962327));
#9782=CARTESIAN_POINT('Ctrl Pts',(64.4067437761429,98.4817368362966,147.88851992626));
#9783=CARTESIAN_POINT('Ctrl Pts',(64.5710547014339,98.6699225870945,148.063734735043));
#9784=CARTESIAN_POINT('Ctrl Pts',(64.6352868426087,98.769223603181,148.134259058229));
#9785=CARTESIAN_POINT('Ctrl Pts',(64.7024954176521,98.939400340072,148.209133302888));
#9786=CARTESIAN_POINT('Ctrl Pts',(64.7202105114679,98.9996519179939,148.229075930842));
#9787=CARTESIAN_POINT('Ctrl Pts',(64.7439616877648,99.1234826045645,148.255883454016));
#9788=CARTESIAN_POINT('Ctrl Pts',(64.75,99.1870617796305,148.262746066806));
#9789=CARTESIAN_POINT('Ctrl Pts',(64.75,99.25,148.262746066806));
#9790=CARTESIAN_POINT('',(64.75,109.25,148.262746066806));
#9791=CARTESIAN_POINT('',(64.75,-2.62500000000001,148.262746066806));
#9792=CARTESIAN_POINT('Origin',(55.75,109.25,156.2));
#9793=CARTESIAN_POINT('Origin',(62.25,108.25,144.2));
#9794=CARTESIAN_POINT('',(-11.95,108.25,149.2));
#9795=CARTESIAN_POINT('',(-11.95,108.25,144.2));
#9796=CARTESIAN_POINT('',(62.25,108.25,149.2));
#9797=CARTESIAN_POINT('Origin',(55.75,97.25,156.2));
#9798=CARTESIAN_POINT('',(61.4068542494924,100.25,149.2));
#9799=CARTESIAN_POINT('',(62.25,100.198687601747,149.200000001118));
#9800=CARTESIAN_POINT('Ctrl Pts',(62.2499999999617,100.198687601445,149.2));
#9801=CARTESIAN_POINT('Ctrl Pts',(61.961791556975,100.235432461246,149.2));
#9802=CARTESIAN_POINT('Ctrl Pts',(61.6730341176107,100.25,149.2));
#9803=CARTESIAN_POINT('Ctrl Pts',(61.4068542494924,100.25,149.2));
#9804=CARTESIAN_POINT('',(55.75,100.25,147.2));
#9805=CARTESIAN_POINT('Origin',(55.75,100.25,156.2));
#9806=CARTESIAN_POINT('Origin',(55.75,97.25,147.2));
#9807=CARTESIAN_POINT('Ctrl Pts',(62.25,97.25,146.112879499084));
#9808=CARTESIAN_POINT('Ctrl Pts',(62.25,97.6168153334094,146.112879499084));
#9809=CARTESIAN_POINT('Ctrl Pts',(62.25,98.0451462870666,146.214317253623));
#9810=CARTESIAN_POINT('Ctrl Pts',(62.25,98.7401112163523,146.551454385793));
#9811=CARTESIAN_POINT('Ctrl Pts',(62.25,99.1157518537324,146.860969706943));
#9812=CARTESIAN_POINT('Ctrl Pts',(62.25,99.6331735286013,147.498643703768));
#9813=CARTESIAN_POINT('Ctrl Pts',(62.25,99.864758111585,147.940309840754));
#9814=CARTESIAN_POINT('Ctrl Pts',(62.25,100.087032948856,148.598320434297));
#9815=CARTESIAN_POINT('Ctrl Pts',(62.25,100.15721265896,148.897927483067));
#9816=CARTESIAN_POINT('Ctrl Pts',(62.25,100.198687601596,149.200000001139));
#9817=CARTESIAN_POINT('Origin',(2.15,97.25,147.2));
#9818=CARTESIAN_POINT('',(-11.95,100.25,147.2));
#9819=CARTESIAN_POINT('',(-11.95,97.25,144.2));
#9820=CARTESIAN_POINT('Origin',(-11.95,97.25,147.2));
#9821=CARTESIAN_POINT('',(2.15,97.25,144.2));
#9822=CARTESIAN_POINT('',(2.15,100.25,147.2));
#9823=CARTESIAN_POINT('Origin',(-11.95,100.25,144.2));
#9824=CARTESIAN_POINT('',(-11.95,100.25,149.2));
#9825=CARTESIAN_POINT('',(-11.95,100.25,149.2));
#9826=CARTESIAN_POINT('',(-11.95,100.25,144.2));
#9827=CARTESIAN_POINT('Origin',(-11.,-35.25,146.4360679775));
#9828=CARTESIAN_POINT('',(-11.9498924648806,-33.25,144.2));
#9829=CARTESIAN_POINT('',(-11.9498924648806,-32.25,146.4360679775));
#9830=CARTESIAN_POINT('Origin',(-11.9498924648806,-35.25,146.4360679775));
#9831=CARTESIAN_POINT('',(55.75,-33.25,144.2));
#9832=CARTESIAN_POINT('',(-11.,-33.25,144.2));
#9833=CARTESIAN_POINT('',(55.75,-32.25,146.4360679775));
#9834=CARTESIAN_POINT('Origin',(55.7499999999999,-35.25,146.4360679775));
#9835=CARTESIAN_POINT('',(-11.,-32.25,146.4360679775));
#9836=CARTESIAN_POINT('Origin',(55.75,-35.25,156.2));
#9837=CARTESIAN_POINT('',(62.25,-32.25,148.914097959758));
#9838=CARTESIAN_POINT('Ctrl Pts',(62.25,-33.2499999999999,146.112879499084));
#9839=CARTESIAN_POINT('Ctrl Pts',(62.25,-33.2389524956421,146.124634514747));
#9840=CARTESIAN_POINT('Ctrl Pts',(62.25,-33.2280704375336,146.136394900754));
#9841=CARTESIAN_POINT('Ctrl Pts',(62.25,-32.9301504044947,146.463231263635));
#9842=CARTESIAN_POINT('Ctrl Pts',(62.25,-32.672526451641,146.905241931365));
#9843=CARTESIAN_POINT('Ctrl Pts',(62.25,-32.3449181554878,147.787961536991));
#9844=CARTESIAN_POINT('Ctrl Pts',(62.25,-32.25,148.398886106319));
#9845=CARTESIAN_POINT('Ctrl Pts',(62.25,-32.25,148.914097959758));
#9846=CARTESIAN_POINT('Origin',(55.75,-32.25,156.2));
#9847=CARTESIAN_POINT('Origin',(55.75,-33.25,156.2));
#9848=CARTESIAN_POINT('Origin',(55.75,-21.3691411943606,156.2));
#9849=CARTESIAN_POINT('Ctrl Pts',(62.25,-24.3178287959568,149.200000001139));
#9850=CARTESIAN_POINT('Ctrl Pts',(62.25,-24.2763538533204,148.897927483067));
#9851=CARTESIAN_POINT('Ctrl Pts',(62.25,-24.206174143217,148.598320434297));
#9852=CARTESIAN_POINT('Ctrl Pts',(62.25,-23.9838993059457,147.940309840754));
#9853=CARTESIAN_POINT('Ctrl Pts',(62.25,-23.752314722962,147.498643703768));
#9854=CARTESIAN_POINT('Ctrl Pts',(62.25,-23.2348930480931,146.860969706943));
#9855=CARTESIAN_POINT('Ctrl Pts',(62.25,-22.859252410713,146.551454385793));
#9856=CARTESIAN_POINT('Ctrl Pts',(62.25,-22.1642874814273,146.214317253623));
#9857=CARTESIAN_POINT('Ctrl Pts',(62.25,-21.73595652777,146.112879499084));
#9858=CARTESIAN_POINT('Ctrl Pts',(62.25,-21.3691411943606,146.112879499084));
#9859=CARTESIAN_POINT('Origin',(55.75,-24.3691411943606,156.2));
#9860=CARTESIAN_POINT('Origin',(62.25,-24.3691411943606,144.2));
#9861=CARTESIAN_POINT('Origin',(-16.25,110.25,166.2));
#9862=CARTESIAN_POINT('',(-16.25,109.25,176.2));
#9863=CARTESIAN_POINT('',(-17.25,110.25,176.2));
#9864=CARTESIAN_POINT('Origin',(-16.25,110.25,176.2));
#9865=CARTESIAN_POINT('',(-17.25,110.25,147.2));
#9866=CARTESIAN_POINT('',(-17.25,110.25,166.2));
#9867=CARTESIAN_POINT('',(-16.25,109.25,147.2));
#9868=CARTESIAN_POINT('Origin',(-16.25,110.25,147.2));
#9869=CARTESIAN_POINT('',(-16.25,109.25,166.2));
#9870=CARTESIAN_POINT('Origin',(-17.25,109.25,166.2));
#9871=CARTESIAN_POINT('',(-11.25,109.25,147.2));
#9872=CARTESIAN_POINT('',(-17.25,109.25,147.2));
#9873=CARTESIAN_POINT('',(-11.25,109.25,176.2));
#9874=CARTESIAN_POINT('',(-11.25,109.25,166.2));
#9875=CARTESIAN_POINT('',(-17.25,109.25,176.2));
#9876=CARTESIAN_POINT('Origin',(16.25,38.,147.2));
#9877=CARTESIAN_POINT('',(-17.25,112.25,147.2));
#9878=CARTESIAN_POINT('',(-17.25,113.25,147.2));
#9879=CARTESIAN_POINT('',(-18.25,113.25,147.2));
#9880=CARTESIAN_POINT('Origin',(-18.25,112.25,147.2));
#9881=CARTESIAN_POINT('',(-28.25,113.25,147.2));
#9882=CARTESIAN_POINT('',(-28.25,113.25,147.2));
#9883=CARTESIAN_POINT('',(-29.2875,113.11310674846,147.2));
#9884=CARTESIAN_POINT('Origin',(-28.25,109.25,147.2));
#9885=CARTESIAN_POINT('',(-23.25,114.994562646538,147.2));
#9886=CARTESIAN_POINT('Ctrl Pts',(-23.25,114.994562646538,147.2));
#9887=CARTESIAN_POINT('Ctrl Pts',(-23.8709690307446,114.994562646538,147.2));
#9888=CARTESIAN_POINT('Ctrl Pts',(-24.5512960882968,114.947969029057,147.2));
#9889=CARTESIAN_POINT('Ctrl Pts',(-25.8900870721786,114.732135552117,147.2));
#9890=CARTESIAN_POINT('Ctrl Pts',(-26.5483128356037,114.561420979475,147.2));
#9891=CARTESIAN_POINT('Ctrl Pts',(-27.5845325116213,114.174825174185,147.2));
#9892=CARTESIAN_POINT('Ctrl Pts',(-28.1094321945974,113.923370197045,147.2));
#9893=CARTESIAN_POINT('Ctrl Pts',(-28.7746171380086,113.510111336824,147.2));
#9894=CARTESIAN_POINT('Ctrl Pts',(-29.0386525297619,113.322591033005,147.2));
#9895=CARTESIAN_POINT('Ctrl Pts',(-29.2875,113.11310674846,147.2));
#9896=CARTESIAN_POINT('',(55.75,114.994562646538,147.2));
#9897=CARTESIAN_POINT('',(43.5,114.994562646538,147.2));
#9898=CARTESIAN_POINT('',(61.7875,113.11310674846,147.2));
#9899=CARTESIAN_POINT('Ctrl Pts',(61.7875,113.11310674846,147.2));
#9900=CARTESIAN_POINT('Ctrl Pts',(61.5386525297618,113.322591033005,147.2));
#9901=CARTESIAN_POINT('Ctrl Pts',(61.2746171380086,113.510111336824,147.2));
#9902=CARTESIAN_POINT('Ctrl Pts',(60.6094321945974,113.923370197045,147.2));
#9903=CARTESIAN_POINT('Ctrl Pts',(60.0845325116213,114.174825174185,147.2));
#9904=CARTESIAN_POINT('Ctrl Pts',(59.0483128356037,114.561420979475,147.2));
#9905=CARTESIAN_POINT('Ctrl Pts',(58.3900870721786,114.732135552117,147.2));
#9906=CARTESIAN_POINT('Ctrl Pts',(57.0512960882968,114.947969029057,147.2));
#9907=CARTESIAN_POINT('Ctrl Pts',(56.3709690307446,114.994562646538,147.2));
#9908=CARTESIAN_POINT('Ctrl Pts',(55.75,114.994562646538,147.2));
#9909=CARTESIAN_POINT('',(60.75,113.25,147.2));
#9910=CARTESIAN_POINT('Origin',(60.75,109.25,147.2));
#9911=CARTESIAN_POINT('',(50.75,113.25,147.2));
#9912=CARTESIAN_POINT('',(-28.25,113.25,147.2));
#9913=CARTESIAN_POINT('',(49.75,112.25,147.2));
#9914=CARTESIAN_POINT('Origin',(50.75,112.25,147.2));
#9915=CARTESIAN_POINT('',(49.75,110.25,147.2));
#9916=CARTESIAN_POINT('',(49.75,109.25,147.2));
#9917=CARTESIAN_POINT('',(48.75,109.25,147.2));
#9918=CARTESIAN_POINT('Origin',(48.75,110.25,147.2));
#9919=CARTESIAN_POINT('',(43.75,109.25,147.2));
#9920=CARTESIAN_POINT('',(42.75,109.25,147.2));
#9921=CARTESIAN_POINT('',(42.75,110.25,147.2));
#9922=CARTESIAN_POINT('Origin',(43.75,110.25,147.2));
#9923=CARTESIAN_POINT('',(42.75,112.25,147.2));
#9924=CARTESIAN_POINT('',(42.75,113.25,147.2));
#9925=CARTESIAN_POINT('',(41.75,113.25,147.2));
#9926=CARTESIAN_POINT('Origin',(41.75,112.25,147.2));
#9927=CARTESIAN_POINT('',(-9.24999999999999,113.25,147.2));
#9928=CARTESIAN_POINT('',(-28.25,113.25,147.2));
#9929=CARTESIAN_POINT('',(-10.25,112.25,147.2));
#9930=CARTESIAN_POINT('Origin',(-9.24999999999999,112.25,147.2));
#9931=CARTESIAN_POINT('',(-10.25,110.25,147.2));
#9932=CARTESIAN_POINT('',(-10.25,109.25,147.2));
#9933=CARTESIAN_POINT('Origin',(-11.25,110.25,147.2));
#9934=CARTESIAN_POINT('Origin',(-11.25,110.25,166.2));
#9935=CARTESIAN_POINT('',(-10.25,110.25,176.2));
#9936=CARTESIAN_POINT('Origin',(-11.25,110.25,176.2));
#9937=CARTESIAN_POINT('',(-10.25,110.25,166.2));
#9938=CARTESIAN_POINT('Origin',(-10.25,109.25,166.2));
#9939=CARTESIAN_POINT('',(-10.25,112.25,176.2));
#9940=CARTESIAN_POINT('',(-10.25,112.25,166.2));
#9941=CARTESIAN_POINT('',(-10.25,109.25,176.2));
#9942=CARTESIAN_POINT('Origin',(-9.24999999999999,112.25,166.2));
#9943=CARTESIAN_POINT('',(-9.24999999999999,113.25,176.2));
#9944=CARTESIAN_POINT('',(-9.24999999999999,113.25,166.2));
#9945=CARTESIAN_POINT('Origin',(-9.24999999999999,112.25,176.2));
#9946=CARTESIAN_POINT('Origin',(-10.25,113.25,166.2));
#9947=CARTESIAN_POINT('',(41.75,113.25,176.2));
#9948=CARTESIAN_POINT('',(41.75,113.25,166.2));
#9949=CARTESIAN_POINT('',(-28.25,113.25,176.2));
#9950=CARTESIAN_POINT('Origin',(-18.25,112.25,166.2));
#9951=CARTESIAN_POINT('',(-17.25,112.25,176.2));
#9952=CARTESIAN_POINT('',(-17.25,112.25,166.2));
#9953=CARTESIAN_POINT('',(-18.25,113.25,176.2));
#9954=CARTESIAN_POINT('Origin',(-18.25,112.25,176.2));
#9955=CARTESIAN_POINT('',(-18.25,113.25,166.2));
#9956=CARTESIAN_POINT('Origin',(-17.25,113.25,166.2));
#9957=CARTESIAN_POINT('',(-17.25,113.25,176.2));
#9958=CARTESIAN_POINT('Origin',(-31.25,92.25,166.2));
#9959=CARTESIAN_POINT('',(-30.25,92.25,176.2));
#9960=CARTESIAN_POINT('',(-31.25,91.25,176.2));
#9961=CARTESIAN_POINT('Origin',(-31.25,92.25,176.2));
#9962=CARTESIAN_POINT('',(-31.25,91.25,147.255728090001));
#9963=CARTESIAN_POINT('',(-31.25,91.25,166.2));
#9964=CARTESIAN_POINT('',(-31.1872539331938,91.2519704758374,147.2));
#9965=CARTESIAN_POINT('Ctrl Pts',(-31.1872539331938,91.2519704758373,147.2));
#9966=CARTESIAN_POINT('Ctrl Pts',(-31.2084635516787,91.2506370281725,147.218705125305));
#9967=CARTESIAN_POINT('Ctrl Pts',(-31.2294071481762,91.25,147.237309283389));
#9968=CARTESIAN_POINT('Ctrl Pts',(-31.25,91.25,147.255728090001));
#9969=CARTESIAN_POINT('',(-30.25,92.25,147.2));
#9970=CARTESIAN_POINT('Origin',(-31.25,92.25,147.2));
#9971=CARTESIAN_POINT('',(-30.25,92.25,166.2));
#9972=CARTESIAN_POINT('Origin',(16.25,38.,176.2));
#9973=CARTESIAN_POINT('',(-35.25,-33.25,176.2));
#9974=CARTESIAN_POINT('',(-28.25,-40.25,176.2));
#9975=CARTESIAN_POINT('Origin',(-28.25,-33.25,176.2));
#9976=CARTESIAN_POINT('',(60.75,-40.25,176.2));
#9977=CARTESIAN_POINT('',(60.75,-40.25,176.2));
#9978=CARTESIAN_POINT('',(67.75,-33.25,176.2));
#9979=CARTESIAN_POINT('Origin',(60.75,-33.25,176.2));
#9980=CARTESIAN_POINT('',(67.75,109.25,176.2));
#9981=CARTESIAN_POINT('',(67.75,109.25,176.2));
#9982=CARTESIAN_POINT('',(60.75,116.25,176.2));
#9983=CARTESIAN_POINT('Origin',(60.75,109.25,176.2));
#9984=CARTESIAN_POINT('',(-28.25,116.25,176.2));
#9985=CARTESIAN_POINT('',(-28.25,116.25,176.2));
#9986=CARTESIAN_POINT('',(-35.25,109.25,176.2));
#9987=CARTESIAN_POINT('Origin',(-28.25,109.25,176.2));
#9988=CARTESIAN_POINT('',(-35.25,-33.25,176.2));
#9989=CARTESIAN_POINT('',(42.75,112.25,176.2));
#9990=CARTESIAN_POINT('Origin',(41.75,112.25,176.2));
#9991=CARTESIAN_POINT('',(42.75,110.25,176.2));
#9992=CARTESIAN_POINT('',(42.75,113.25,176.2));
#9993=CARTESIAN_POINT('',(43.75,109.25,176.2));
#9994=CARTESIAN_POINT('Origin',(43.75,110.25,176.2));
#9995=CARTESIAN_POINT('',(48.75,109.25,176.2));
#9996=CARTESIAN_POINT('',(42.75,109.25,176.2));
#9997=CARTESIAN_POINT('',(49.75,110.25,176.2));
#9998=CARTESIAN_POINT('Origin',(48.75,110.25,176.2));
#9999=CARTESIAN_POINT('',(49.75,112.25,176.2));
#10000=CARTESIAN_POINT('',(49.75,109.25,176.2));
#10001=CARTESIAN_POINT('',(50.75,113.25,176.2));
#10002=CARTESIAN_POINT('Origin',(50.75,112.25,176.2));
#10003=CARTESIAN_POINT('',(60.75,113.25,176.2));
#10004=CARTESIAN_POINT('',(-28.25,113.25,176.2));
#10005=CARTESIAN_POINT('',(64.75,109.25,176.2));
#10006=CARTESIAN_POINT('Origin',(60.75,109.25,176.2));
#10007=CARTESIAN_POINT('',(64.75,99.25,176.2));
#10008=CARTESIAN_POINT('',(64.75,109.25,176.2));
#10009=CARTESIAN_POINT('',(63.75,98.25,176.2));
#10010=CARTESIAN_POINT('Origin',(63.75,99.25,176.2));
#10011=CARTESIAN_POINT('',(62.75,97.25,176.2));
#10012=CARTESIAN_POINT('Origin',(63.75,97.25,176.2));
#10013=CARTESIAN_POINT('',(62.75,92.25,176.2));
#10014=CARTESIAN_POINT('',(62.75,98.25,176.2));
#10015=CARTESIAN_POINT('',(63.75,91.25,176.2));
#10016=CARTESIAN_POINT('Origin',(63.75,92.25,176.2));
#10017=CARTESIAN_POINT('',(64.75,90.25,176.2));
#10018=CARTESIAN_POINT('Origin',(63.75,90.25,176.2));
#10019=CARTESIAN_POINT('',(64.75,42.5,176.2));
#10020=CARTESIAN_POINT('',(64.75,109.25,176.2));
#10021=CARTESIAN_POINT('',(63.75,41.5,176.2));
#10022=CARTESIAN_POINT('Origin',(63.75,42.5,176.2));
#10023=CARTESIAN_POINT('',(62.75,40.5,176.2));
#10024=CARTESIAN_POINT('Origin',(63.75,40.5,176.2));
#10025=CARTESIAN_POINT('',(62.75,35.5,176.2));
#10026=CARTESIAN_POINT('',(62.75,34.5,176.2));
#10027=CARTESIAN_POINT('',(63.75,34.5,176.2));
#10028=CARTESIAN_POINT('Origin',(63.75,35.5,176.2));
#10029=CARTESIAN_POINT('',(64.75,33.5,176.2));
#10030=CARTESIAN_POINT('Origin',(63.75,33.5,176.2));
#10031=CARTESIAN_POINT('',(64.75,-14.25,176.2));
#10032=CARTESIAN_POINT('',(64.75,109.25,176.2));
#10033=CARTESIAN_POINT('',(63.75,-15.25,176.2));
#10034=CARTESIAN_POINT('Origin',(63.75,-14.25,176.2));
#10035=CARTESIAN_POINT('',(62.75,-16.25,176.2));
#10036=CARTESIAN_POINT('Origin',(63.75,-16.25,176.2));
#10037=CARTESIAN_POINT('',(62.75,-21.25,176.2));
#10038=CARTESIAN_POINT('',(62.75,-22.25,176.2));
#10039=CARTESIAN_POINT('',(63.75,-22.25,176.2));
#10040=CARTESIAN_POINT('Origin',(63.75,-21.25,176.2));
#10041=CARTESIAN_POINT('',(64.75,-23.25,176.2));
#10042=CARTESIAN_POINT('Origin',(63.75,-23.25,176.2));
#10043=CARTESIAN_POINT('',(64.75,-33.25,176.2));
#10044=CARTESIAN_POINT('',(64.75,109.25,176.2));
#10045=CARTESIAN_POINT('',(60.75,-37.25,176.2));
#10046=CARTESIAN_POINT('Origin',(60.75,-33.25,176.2));
#10047=CARTESIAN_POINT('',(50.75,-37.25,176.2));
#10048=CARTESIAN_POINT('',(60.75,-37.25,176.2));
#10049=CARTESIAN_POINT('',(49.75,-36.25,176.2));
#10050=CARTESIAN_POINT('Origin',(50.75,-36.25,176.2));
#10051=CARTESIAN_POINT('',(49.75,-34.25,176.2));
#10052=CARTESIAN_POINT('',(49.75,-33.25,176.2));
#10053=CARTESIAN_POINT('',(48.75,-33.25,176.2));
#10054=CARTESIAN_POINT('Origin',(48.75,-34.25,176.2));
#10055=CARTESIAN_POINT('',(43.75,-33.25,176.2));
#10056=CARTESIAN_POINT('',(42.75,-33.25,176.2));
#10057=CARTESIAN_POINT('',(42.75,-34.25,176.2));
#10058=CARTESIAN_POINT('Origin',(43.75,-34.25,176.2));
#10059=CARTESIAN_POINT('',(42.75,-36.25,176.2));
#10060=CARTESIAN_POINT('',(42.75,-37.25,176.2));
#10061=CARTESIAN_POINT('',(41.75,-37.25,176.2));
#10062=CARTESIAN_POINT('Origin',(41.75,-36.25,176.2));
#10063=CARTESIAN_POINT('',(-9.25,-37.25,176.2));
#10064=CARTESIAN_POINT('',(60.75,-37.25,176.2));
#10065=CARTESIAN_POINT('',(-10.25,-36.25,176.2));
#10066=CARTESIAN_POINT('Origin',(-9.25,-36.25,176.2));
#10067=CARTESIAN_POINT('',(-10.25,-34.25,176.2));
#10068=CARTESIAN_POINT('',(-10.25,-33.25,176.2));
#10069=CARTESIAN_POINT('',(-11.25,-33.25,176.2));
#10070=CARTESIAN_POINT('Origin',(-11.25,-34.25,176.2));
#10071=CARTESIAN_POINT('',(-16.25,-33.25,176.2));
#10072=CARTESIAN_POINT('',(-17.25,-33.25,176.2));
#10073=CARTESIAN_POINT('',(-17.25,-34.25,176.2));
#10074=CARTESIAN_POINT('Origin',(-16.25,-34.25,176.2));
#10075=CARTESIAN_POINT('',(-17.25,-36.25,176.2));
#10076=CARTESIAN_POINT('',(-17.25,-37.25,176.2));
#10077=CARTESIAN_POINT('',(-18.25,-37.25,176.2));
#10078=CARTESIAN_POINT('Origin',(-18.25,-36.25,176.2));
#10079=CARTESIAN_POINT('',(-28.25,-37.25,176.2));
#10080=CARTESIAN_POINT('',(60.75,-37.25,176.2));
#10081=CARTESIAN_POINT('',(-32.25,-33.25,176.2));
#10082=CARTESIAN_POINT('Origin',(-28.25,-33.25,176.2));
#10083=CARTESIAN_POINT('',(-32.25,-23.25,176.2));
#10084=CARTESIAN_POINT('',(-32.25,-33.25,176.2));
#10085=CARTESIAN_POINT('',(-31.25,-22.25,176.2));
#10086=CARTESIAN_POINT('Origin',(-31.25,-23.25,176.2));
#10087=CARTESIAN_POINT('',(-30.25,-21.25,176.2));
#10088=CARTESIAN_POINT('Origin',(-31.25,-21.25,176.2));
#10089=CARTESIAN_POINT('',(-30.25,-16.25,176.2));
#10090=CARTESIAN_POINT('',(-30.25,-22.25,176.2));
#10091=CARTESIAN_POINT('',(-31.25,-15.25,176.2));
#10092=CARTESIAN_POINT('Origin',(-31.25,-16.25,176.2));
#10093=CARTESIAN_POINT('',(-32.25,-14.25,176.2));
#10094=CARTESIAN_POINT('Origin',(-31.25,-14.25,176.2));
#10095=CARTESIAN_POINT('',(-32.25,90.25,176.2));
#10096=CARTESIAN_POINT('',(-32.25,-33.25,176.2));
#10097=CARTESIAN_POINT('Origin',(-31.25,90.25,176.2));
#10098=CARTESIAN_POINT('',(-30.25,97.25,176.2));
#10099=CARTESIAN_POINT('',(-30.25,98.25,176.2));
#10100=CARTESIAN_POINT('',(-31.25,98.25,176.2));
#10101=CARTESIAN_POINT('Origin',(-31.25,97.25,176.2));
#10102=CARTESIAN_POINT('',(-32.25,99.25,176.2));
#10103=CARTESIAN_POINT('Origin',(-31.25,99.25,176.2));
#10104=CARTESIAN_POINT('',(-32.25,109.25,176.2));
#10105=CARTESIAN_POINT('',(-32.25,-33.25,176.2));
#10106=CARTESIAN_POINT('',(-28.25,113.25,176.2));
#10107=CARTESIAN_POINT('Origin',(-28.25,109.25,176.2));
#10108=CARTESIAN_POINT('',(-28.25,113.25,176.2));
#10109=CARTESIAN_POINT('Origin',(-31.25,97.25,166.2));
#10110=CARTESIAN_POINT('',(-30.25,97.25,147.2));
#10111=CARTESIAN_POINT('',(-30.25,97.25,166.2));
#10112=CARTESIAN_POINT('',(-31.1872539331938,98.2480295241627,147.2));
#10113=CARTESIAN_POINT('Origin',(-31.25,97.25,147.2));
#10114=CARTESIAN_POINT('',(-31.25,98.25,147.255728090001));
#10115=CARTESIAN_POINT('Ctrl Pts',(-31.25,98.25,147.255728090001));
#10116=CARTESIAN_POINT('Ctrl Pts',(-31.2294071481762,98.25,147.237309283389));
#10117=CARTESIAN_POINT('Ctrl Pts',(-31.2084635516787,98.2493629718275,147.218705125305));
#10118=CARTESIAN_POINT('Ctrl Pts',(-31.1872539331938,98.2480295241627,147.2));
#10119=CARTESIAN_POINT('',(-31.25,98.25,166.2));
#10120=CARTESIAN_POINT('Origin',(-31.25,99.25,166.2));
#10121=CARTESIAN_POINT('',(-32.25,99.25,148.262746066806));
#10122=CARTESIAN_POINT('Ctrl Pts',(-32.25,99.25,148.262746066806));
#10123=CARTESIAN_POINT('Ctrl Pts',(-32.25,99.1870617796305,148.262746066806));
#10124=CARTESIAN_POINT('Ctrl Pts',(-32.2439616877648,99.1234826045645,148.255883454016));
#10125=CARTESIAN_POINT('Ctrl Pts',(-32.2202105114679,98.9996519179939,148.229075930842));
#10126=CARTESIAN_POINT('Ctrl Pts',(-32.2024954176521,98.939400340072,148.209133302888));
#10127=CARTESIAN_POINT('Ctrl Pts',(-32.1352868426087,98.769223603181,148.134259058229));
#10128=CARTESIAN_POINT('Ctrl Pts',(-32.0710547014339,98.6699225870945,148.063734735043));
#10129=CARTESIAN_POINT('Ctrl Pts',(-31.9067437761429,98.4817368362966,147.88851992626));
#10130=CARTESIAN_POINT('Ctrl Pts',(-31.7863893486207,98.393993910226,147.764146962327));
#10131=CARTESIAN_POINT('Ctrl Pts',(-31.5249069042775,98.2779474501146,147.507504655611));
#10132=CARTESIAN_POINT('Ctrl Pts',(-31.3836173257195,98.25,147.375239059313));
#10133=CARTESIAN_POINT('Ctrl Pts',(-31.25,98.25,147.255728090001));
#10134=CARTESIAN_POINT('',(-32.25,99.25,166.2));
#10135=CARTESIAN_POINT('Origin',(-32.25,98.25,166.2));
#10136=CARTESIAN_POINT('',(-32.25,109.25,148.262746066806));
#10137=CARTESIAN_POINT('',(-32.25,78.625,148.262746066806));
#10138=CARTESIAN_POINT('',(-32.25,109.25,166.2));
#10139=CARTESIAN_POINT('Origin',(-31.25,90.25,166.2));
#10140=CARTESIAN_POINT('',(-32.25,90.25,148.262746066806));
#10141=CARTESIAN_POINT('Ctrl Pts',(-31.25,91.25,147.255728090001));
#10142=CARTESIAN_POINT('Ctrl Pts',(-31.3836173257195,91.25,147.375239059313));
#10143=CARTESIAN_POINT('Ctrl Pts',(-31.5249069042775,91.2220525498854,147.507504655611));
#10144=CARTESIAN_POINT('Ctrl Pts',(-31.7863893486207,91.106006089774,147.764146962327));
#10145=CARTESIAN_POINT('Ctrl Pts',(-31.9067437761429,91.0182631637034,147.88851992626));
#10146=CARTESIAN_POINT('Ctrl Pts',(-32.0710547014339,90.8300774129055,148.063734735043));
#10147=CARTESIAN_POINT('Ctrl Pts',(-32.1352868426087,90.730776396819,148.134259058229));
#10148=CARTESIAN_POINT('Ctrl Pts',(-32.2024954176521,90.560599659928,148.209133302888));
#10149=CARTESIAN_POINT('Ctrl Pts',(-32.2202105114679,90.5003480820061,148.229075930842));
#10150=CARTESIAN_POINT('Ctrl Pts',(-32.2439616877648,90.3765173954355,148.255883454016));
#10151=CARTESIAN_POINT('Ctrl Pts',(-32.25,90.3129382203695,148.262746066806));
#10152=CARTESIAN_POINT('Ctrl Pts',(-32.25,90.25,148.262746066806));
#10153=CARTESIAN_POINT('',(-32.25,90.25,166.2));
#10154=CARTESIAN_POINT('Origin',(-23.25,78.625,156.2));
#10155=CARTESIAN_POINT('',(-31.1872539331938,78.625,147.2));
#10156=CARTESIAN_POINT('',(-32.2499999999997,62.1192104921445,148.262746066806));
#10157=CARTESIAN_POINT('',(-32.25,78.625,148.262746066806));
#10158=CARTESIAN_POINT('',(-30.45,67.2336748592905,146.6));
#10159=CARTESIAN_POINT('Ctrl Pts',(-32.2511413984067,62.1196969667797,148.265353809508));
#10160=CARTESIAN_POINT('Ctrl Pts',(-31.7827077800022,64.0341188061892,147.736226568711));
#10161=CARTESIAN_POINT('Ctrl Pts',(-31.1783381193941,65.7358843087925,147.146253589546));
#10162=CARTESIAN_POINT('Ctrl Pts',(-30.45,67.2336748592905,146.6));
#10163=CARTESIAN_POINT('',(-23.25,72.9484905308047,144.2));
#10164=CARTESIAN_POINT('Ctrl Pts',(-30.45,67.2336748592905,146.6));
#10165=CARTESIAN_POINT('Ctrl Pts',(-29.7026112373745,68.7706420952493,146.039458428031));
#10166=CARTESIAN_POINT('Ctrl Pts',(-28.1934934604856,70.8453305852838,145.144239102766));
#10167=CARTESIAN_POINT('Ctrl Pts',(-25.9917972772386,72.2679230319638,144.471760183158));
#10168=CARTESIAN_POINT('Ctrl Pts',(-24.4381344163523,72.7847616704686,144.239511462882));
#10169=CARTESIAN_POINT('Ctrl Pts',(-23.6463957632308,72.9111127775947,144.2));
#10170=CARTESIAN_POINT('Ctrl Pts',(-23.25,72.9484905308047,144.2));
#10171=CARTESIAN_POINT('',(-23.25,109.25,144.2));
#10172=CARTESIAN_POINT('',(-23.25,78.625,144.2));
#10173=CARTESIAN_POINT('Origin',(-23.25,109.25,156.2));
#10174=CARTESIAN_POINT('Origin',(-32.25,-15.25,166.2));
#10175=CARTESIAN_POINT('',(-32.25,-14.25,148.262746066806));
#10176=CARTESIAN_POINT('',(-32.25,-14.25,166.2));
#10177=CARTESIAN_POINT('',(-32.25,13.8807895078576,148.262746066806));
#10178=CARTESIAN_POINT('',(-32.25,78.625,148.262746066806));
#10179=CARTESIAN_POINT('',(-32.2500000000035,23.,147.676593591209));
#10180=CARTESIAN_POINT('Ctrl Pts',(-32.25,23.,147.676593591192));
#10181=CARTESIAN_POINT('Ctrl Pts',(-32.25,22.6044709606402,147.676593591192));
#10182=CARTESIAN_POINT('Ctrl Pts',(-32.25,22.2187414994705,147.688385276055));
#10183=CARTESIAN_POINT('Ctrl Pts',(-32.25,19.5993532539652,147.832659932884));
#10184=CARTESIAN_POINT('Ctrl Pts',(-32.25,17.2017447007303,148.262746066806));
#10185=CARTESIAN_POINT('Ctrl Pts',(-32.25,13.8807895078576,148.262746066806));
#10186=CARTESIAN_POINT('',(-32.25,53.,147.676593591192));
#10187=CARTESIAN_POINT('',(-32.25,78.625,147.676593591192));
#10188=CARTESIAN_POINT('Ctrl Pts',(-32.25,62.1192104921424,148.262746066806));
#10189=CARTESIAN_POINT('Ctrl Pts',(-32.25,60.5081324683736,148.262746066806));
#10190=CARTESIAN_POINT('Ctrl Pts',(-32.25,59.1274929447375,148.165162534104));
#10191=CARTESIAN_POINT('Ctrl Pts',(-32.25,56.7897193930476,147.946024148185));
#10192=CARTESIAN_POINT('Ctrl Pts',(-32.2499999999988,55.8950550953954,147.841774577983));
#10193=CARTESIAN_POINT('Ctrl Pts',(-32.2499999999988,54.3246649159062,147.711831210863));
#10194=CARTESIAN_POINT('Ctrl Pts',(-32.25,53.6817883164086,147.676593591192));
#10195=CARTESIAN_POINT('Ctrl Pts',(-32.25,53.,147.676593591192));
#10196=CARTESIAN_POINT('Origin',(41.75,112.25,166.2));
#10197=CARTESIAN_POINT('',(42.75,112.25,166.2));
#10198=CARTESIAN_POINT('Origin',(42.75,113.25,166.2));
#10199=CARTESIAN_POINT('',(42.75,110.25,166.2));
#10200=CARTESIAN_POINT('Origin',(43.75,110.25,166.2));
#10201=CARTESIAN_POINT('',(43.75,109.25,166.2));
#10202=CARTESIAN_POINT('Origin',(48.75,110.25,166.2));
#10203=CARTESIAN_POINT('',(48.75,109.25,166.2));
#10204=CARTESIAN_POINT('',(49.75,110.25,166.2));
#10205=CARTESIAN_POINT('Origin',(49.75,109.25,166.2));
#10206=CARTESIAN_POINT('',(49.75,112.25,166.2));
#10207=CARTESIAN_POINT('Origin',(50.75,112.25,166.2));
#10208=CARTESIAN_POINT('',(50.75,113.25,166.2));
#10209=CARTESIAN_POINT('Origin',(49.75,113.25,166.2));
#10210=CARTESIAN_POINT('',(60.75,113.25,166.2));
#10211=CARTESIAN_POINT('Origin',(63.75,92.25,166.2));
#10212=CARTESIAN_POINT('',(62.75,92.25,147.2));
#10213=CARTESIAN_POINT('',(62.75,92.25,166.2));
#10214=CARTESIAN_POINT('Origin',(63.75,92.25,147.2));
#10215=CARTESIAN_POINT('',(63.75,91.25,166.2));
#10216=CARTESIAN_POINT('Origin',(16.25,38.,147.2));
#10217=CARTESIAN_POINT('',(62.75,97.25,147.2));
#10218=CARTESIAN_POINT('',(62.75,98.25,147.2));
#10219=CARTESIAN_POINT('Origin',(63.75,97.25,147.2));
#10220=CARTESIAN_POINT('Origin',(62.75,98.25,166.2));
#10221=CARTESIAN_POINT('',(62.75,97.25,166.2));
#10222=CARTESIAN_POINT('Origin',(63.75,90.25,166.2));
#10223=CARTESIAN_POINT('',(64.75,90.25,166.2));
#10224=CARTESIAN_POINT('Origin',(64.75,91.25,166.2));
#10225=CARTESIAN_POINT('',(64.75,42.5,166.2));
#10226=CARTESIAN_POINT('Origin',(63.75,97.25,166.2));
#10227=CARTESIAN_POINT('',(63.75,98.25,166.2));
#10228=CARTESIAN_POINT('Origin',(63.75,99.25,166.2));
#10229=CARTESIAN_POINT('',(64.75,99.25,166.2));
#10230=CARTESIAN_POINT('Origin',(-31.25,-14.25,166.2));
#10231=CARTESIAN_POINT('',(-31.25,-15.25,147.255728090001));
#10232=CARTESIAN_POINT('Ctrl Pts',(-32.25,-14.25,148.262746066806));
#10233=CARTESIAN_POINT('Ctrl Pts',(-32.25,-14.3129382203695,148.262746066806));
#10234=CARTESIAN_POINT('Ctrl Pts',(-32.2439616877648,-14.3765173954355,
148.255883454016));
#10235=CARTESIAN_POINT('Ctrl Pts',(-32.2202105114679,-14.5003480820061,
148.229075930842));
#10236=CARTESIAN_POINT('Ctrl Pts',(-32.2024954176521,-14.560599659928,148.209133302888));
#10237=CARTESIAN_POINT('Ctrl Pts',(-32.1352868426087,-14.730776396819,148.134259058229));
#10238=CARTESIAN_POINT('Ctrl Pts',(-32.0710547014339,-14.8300774129055,
148.063734735043));
#10239=CARTESIAN_POINT('Ctrl Pts',(-31.9067437761429,-15.0182631637034,
147.88851992626));
#10240=CARTESIAN_POINT('Ctrl Pts',(-31.7863893486207,-15.106006089774,147.764146962327));
#10241=CARTESIAN_POINT('Ctrl Pts',(-31.5249069042775,-15.2220525498854,
147.507504655611));
#10242=CARTESIAN_POINT('Ctrl Pts',(-31.3836173257195,-15.25,147.375239059313));
#10243=CARTESIAN_POINT('Ctrl Pts',(-31.25,-15.25,147.255728090001));
#10244=CARTESIAN_POINT('',(-31.25,-15.25,166.2));
#10245=CARTESIAN_POINT('Origin',(-23.25,78.625,156.2));
#10246=CARTESIAN_POINT('',(-31.1872539331938,-15.2519704758373,147.2));
#10247=CARTESIAN_POINT('Ctrl Pts',(-31.25,-15.25,147.255728090001));
#10248=CARTESIAN_POINT('Ctrl Pts',(-31.2294071481762,-15.25,147.237309283389));
#10249=CARTESIAN_POINT('Ctrl Pts',(-31.2084635516787,-15.2506370281726,
147.218705125305));
#10250=CARTESIAN_POINT('Ctrl Pts',(-31.1872539331938,-15.2519704758374,
147.2));
#10251=CARTESIAN_POINT('',(-31.1872539331938,-22.2480295241627,147.2));
#10252=CARTESIAN_POINT('',(-31.1872539331938,78.625,147.2));
#10253=CARTESIAN_POINT('',(-31.25,-22.25,147.255728090001));
#10254=CARTESIAN_POINT('Ctrl Pts',(-31.1872539331938,-22.2480295241627,
147.2));
#10255=CARTESIAN_POINT('Ctrl Pts',(-31.2084635516787,-22.2493629718275,
147.218705125305));
#10256=CARTESIAN_POINT('Ctrl Pts',(-31.2294071481762,-22.25,147.237309283389));
#10257=CARTESIAN_POINT('Ctrl Pts',(-31.25,-22.25,147.255728090001));
#10258=CARTESIAN_POINT('',(-32.25,-23.25,148.262746066806));
#10259=CARTESIAN_POINT('Ctrl Pts',(-31.25,-22.25,147.255728090001));
#10260=CARTESIAN_POINT('Ctrl Pts',(-31.3733061434121,-22.25,147.366016457486));
#10261=CARTESIAN_POINT('Ctrl Pts',(-31.5042875713325,-22.2738743027883,
147.488169167893));
#10262=CARTESIAN_POINT('Ctrl Pts',(-31.7492501761898,-22.3735110953426,
147.726983642145));
#10263=CARTESIAN_POINT('Ctrl Pts',(-31.8633266488055,-22.4491130864324,
147.843614581845));
#10264=CARTESIAN_POINT('Ctrl Pts',(-32.0365418974869,-22.6223283351138,
148.026261124929));
#10265=CARTESIAN_POINT('Ctrl Pts',(-32.1123974814392,-22.7265929803763,
148.109000159484));
#10266=CARTESIAN_POINT('Ctrl Pts',(-32.1925102338042,-22.90927205868,148.197931357899));
#10267=CARTESIAN_POINT('Ctrl Pts',(-32.213797867179,-22.9745204326778,148.221856096122));
#10268=CARTESIAN_POINT('Ctrl Pts',(-32.2425392194199,-23.1098532631407,
148.254263753623));
#10269=CARTESIAN_POINT('Ctrl Pts',(-32.25,-23.1799363649156,148.262746066806));
#10270=CARTESIAN_POINT('Ctrl Pts',(-32.25,-23.25,148.262746066806));
#10271=CARTESIAN_POINT('',(-32.25,-33.25,148.262746066806));
#10272=CARTESIAN_POINT('',(-32.25,78.625,148.262746066806));
#10273=CARTESIAN_POINT('',(-23.25,-33.25,144.2));
#10274=CARTESIAN_POINT('Origin',(-23.25,-33.25,156.2));
#10275=CARTESIAN_POINT('',(-23.25,3.0515094691953,144.2));
#10276=CARTESIAN_POINT('',(-23.25,78.625,144.2));
#10277=CARTESIAN_POINT('',(-30.45,8.76632514070944,146.6));
#10278=CARTESIAN_POINT('Ctrl Pts',(-23.25,3.05150946919531,144.2));
#10279=CARTESIAN_POINT('Ctrl Pts',(-23.6463981557929,3.08888744800968,144.2));
#10280=CARTESIAN_POINT('Ctrl Pts',(-24.8328944450645,3.27639395801335,144.259644240902));
#10281=CARTESIAN_POINT('Ctrl Pts',(-27.5293665800501,4.42389067467017,144.80036388115));
#10282=CARTESIAN_POINT('Ctrl Pts',(-29.4534756350553,6.71702312367925,145.852606726292));
#10283=CARTESIAN_POINT('Ctrl Pts',(-30.45,8.76632514070944,146.6));
#10284=CARTESIAN_POINT('Ctrl Pts',(-30.45,8.76632514070944,146.6));
#10285=CARTESIAN_POINT('Ctrl Pts',(-31.1783381193945,10.2641156912081,147.146253589546));
#10286=CARTESIAN_POINT('Ctrl Pts',(-31.779521620459,11.9696894580346,147.728270687571));
#10287=CARTESIAN_POINT('Ctrl Pts',(-32.2494377848417,13.8822563271775,148.261125493811));
#10288=CARTESIAN_POINT('Origin',(-31.25,-16.25,166.2));
#10289=CARTESIAN_POINT('',(-30.25,-16.25,147.2));
#10290=CARTESIAN_POINT('',(-30.25,-16.25,166.2));
#10291=CARTESIAN_POINT('Origin',(-31.25,-16.25,147.2));
#10292=CARTESIAN_POINT('Origin',(16.25,38.,147.2));
#10293=CARTESIAN_POINT('',(-30.25,-21.25,147.2));
#10294=CARTESIAN_POINT('',(-30.25,-22.25,147.2));
#10295=CARTESIAN_POINT('Origin',(-31.25,-21.25,147.2));
#10296=CARTESIAN_POINT('Origin',(-30.25,-22.25,166.2));
#10297=CARTESIAN_POINT('',(-30.25,-21.25,166.2));
#10298=CARTESIAN_POINT('Origin',(-31.25,-21.25,166.2));
#10299=CARTESIAN_POINT('',(-31.25,-22.25,166.2));
#10300=CARTESIAN_POINT('Origin',(-31.25,-23.25,166.2));
#10301=CARTESIAN_POINT('',(-32.25,-23.25,166.2));
#10302=CARTESIAN_POINT('Origin',(-32.25,-33.25,166.2));
#10303=CARTESIAN_POINT('',(-32.25,-33.25,166.2));
#10304=CARTESIAN_POINT('Origin',(-18.25,-36.25,166.2));
#10305=CARTESIAN_POINT('',(-17.25,-36.25,147.2));
#10306=CARTESIAN_POINT('',(-18.25,-37.25,147.2));
#10307=CARTESIAN_POINT('Origin',(-18.25,-36.25,147.2));
#10308=CARTESIAN_POINT('',(-18.25,-37.25,166.2));
#10309=CARTESIAN_POINT('',(-17.25,-36.25,166.2));
#10310=CARTESIAN_POINT('Origin',(-17.25,-37.25,166.2));
#10311=CARTESIAN_POINT('',(-28.25,-37.25,147.2));
#10312=CARTESIAN_POINT('',(60.75,-37.25,147.2));
#10313=CARTESIAN_POINT('',(-28.25,-37.25,166.2));
#10314=CARTESIAN_POINT('Origin',(-16.25,-34.25,166.2));
#10315=CARTESIAN_POINT('',(-16.25,-33.25,147.2));
#10316=CARTESIAN_POINT('',(-16.25,-33.25,166.2));
#10317=CARTESIAN_POINT('',(-17.25,-34.25,147.2));
#10318=CARTESIAN_POINT('Origin',(-16.25,-34.25,147.2));
#10319=CARTESIAN_POINT('',(-17.25,-34.25,166.2));
#10320=CARTESIAN_POINT('Origin',(-10.25,-33.25,166.2));
#10321=CARTESIAN_POINT('',(-11.25,-33.25,147.2));
#10322=CARTESIAN_POINT('',(-11.25,-33.25,166.2));
#10323=CARTESIAN_POINT('',(-17.25,-33.25,147.2));
#10324=CARTESIAN_POINT('Origin',(-11.25,-34.25,166.2));
#10325=CARTESIAN_POINT('',(-10.25,-34.25,147.2));
#10326=CARTESIAN_POINT('',(-10.25,-34.25,166.2));
#10327=CARTESIAN_POINT('Origin',(-11.25,-34.25,147.2));
#10328=CARTESIAN_POINT('Origin',(16.25,38.,147.2));
#10329=CARTESIAN_POINT('',(-10.25,-36.25,147.2));
#10330=CARTESIAN_POINT('',(-10.25,-33.25,147.2));
#10331=CARTESIAN_POINT('',(-9.25,-37.25,147.2));
#10332=CARTESIAN_POINT('Origin',(-9.25,-36.25,147.2));
#10333=CARTESIAN_POINT('',(41.75,-37.25,147.2));
#10334=CARTESIAN_POINT('',(60.75,-37.25,147.2));
#10335=CARTESIAN_POINT('',(42.75,-36.25,147.2));
#10336=CARTESIAN_POINT('Origin',(41.75,-36.25,147.2));
#10337=CARTESIAN_POINT('',(42.75,-34.25,147.2));
#10338=CARTESIAN_POINT('',(42.75,-37.25,147.2));
#10339=CARTESIAN_POINT('',(43.75,-33.25,147.2));
#10340=CARTESIAN_POINT('Origin',(43.75,-34.25,147.2));
#10341=CARTESIAN_POINT('',(48.75,-33.25,147.2));
#10342=CARTESIAN_POINT('',(42.75,-33.25,147.2));
#10343=CARTESIAN_POINT('',(49.75,-34.25,147.2));
#10344=CARTESIAN_POINT('Origin',(48.75,-34.25,147.2));
#10345=CARTESIAN_POINT('',(49.75,-36.25,147.2));
#10346=CARTESIAN_POINT('',(49.75,-33.25,147.2));
#10347=CARTESIAN_POINT('',(50.75,-37.25,147.2));
#10348=CARTESIAN_POINT('Origin',(50.75,-36.25,147.2));
#10349=CARTESIAN_POINT('',(60.75,-37.25,147.2));
#10350=CARTESIAN_POINT('',(60.75,-37.25,147.2));
#10351=CARTESIAN_POINT('',(61.7874999999997,-37.1131067484605,147.2));
#10352=CARTESIAN_POINT('Origin',(60.75,-33.25,147.2));
#10353=CARTESIAN_POINT('',(55.75,-38.994562646538,147.2));
#10354=CARTESIAN_POINT('Ctrl Pts',(55.75,-38.994562646538,147.2));
#10355=CARTESIAN_POINT('Ctrl Pts',(56.3709690307445,-38.994562646538,147.2));
#10356=CARTESIAN_POINT('Ctrl Pts',(57.0512960882968,-38.9479690290565,147.2));
#10357=CARTESIAN_POINT('Ctrl Pts',(58.3900870721786,-38.7321355521171,147.2));
#10358=CARTESIAN_POINT('Ctrl Pts',(59.0483128356037,-38.5614209794751,147.2));
#10359=CARTESIAN_POINT('Ctrl Pts',(60.0845325116213,-38.1748251741852,147.2));
#10360=CARTESIAN_POINT('Ctrl Pts',(60.6094321945974,-37.9233701970452,147.2));
#10361=CARTESIAN_POINT('Ctrl Pts',(61.2746171380086,-37.5101113368244,147.2));
#10362=CARTESIAN_POINT('Ctrl Pts',(61.5386525297617,-37.3225910330053,147.2));
#10363=CARTESIAN_POINT('Ctrl Pts',(61.7874999999998,-37.1131067484605,147.2));
#10364=CARTESIAN_POINT('',(-23.25,-38.994562646538,147.2));
#10365=CARTESIAN_POINT('',(-11.,-38.994562646538,147.2));
#10366=CARTESIAN_POINT('',(-29.2875,-37.1131067484604,147.2));
#10367=CARTESIAN_POINT('Ctrl Pts',(-29.2875,-37.1131067484604,147.2));
#10368=CARTESIAN_POINT('Ctrl Pts',(-29.0386525297618,-37.3225910330052,
147.2));
#10369=CARTESIAN_POINT('Ctrl Pts',(-28.7746171380086,-37.5101113368244,
147.2));
#10370=CARTESIAN_POINT('Ctrl Pts',(-28.1094321945974,-37.9233701970452,
147.2));
#10371=CARTESIAN_POINT('Ctrl Pts',(-27.5845325116213,-38.1748251741852,
147.2));
#10372=CARTESIAN_POINT('Ctrl Pts',(-26.5483128356037,-38.5614209794751,
147.2));
#10373=CARTESIAN_POINT('Ctrl Pts',(-25.8900870721786,-38.7321355521171,
147.2));
#10374=CARTESIAN_POINT('Ctrl Pts',(-24.5512960882968,-38.9479690290565,
147.2));
#10375=CARTESIAN_POINT('Ctrl Pts',(-23.8709690307446,-38.994562646538,147.2));
#10376=CARTESIAN_POINT('Ctrl Pts',(-23.25,-38.994562646538,147.2));
#10377=CARTESIAN_POINT('Origin',(-28.25,-33.25,147.2));
#10378=CARTESIAN_POINT('',(-17.25,-37.25,147.2));
#10379=CARTESIAN_POINT('Origin',(-10.25,-37.25,166.2));
#10380=CARTESIAN_POINT('',(-10.25,-36.25,166.2));
#10381=CARTESIAN_POINT('Origin',(-9.25,-36.25,166.2));
#10382=CARTESIAN_POINT('',(-9.25,-37.25,166.2));
#10383=CARTESIAN_POINT('Origin',(43.75,-34.25,166.2));
#10384=CARTESIAN_POINT('',(43.75,-33.25,166.2));
#10385=CARTESIAN_POINT('',(42.75,-34.25,166.2));
#10386=CARTESIAN_POINT('Origin',(49.75,-33.25,166.2));
#10387=CARTESIAN_POINT('',(48.75,-33.25,166.2));
#10388=CARTESIAN_POINT('Origin',(41.75,-36.25,166.2));
#10389=CARTESIAN_POINT('',(41.75,-37.25,166.2));
#10390=CARTESIAN_POINT('',(42.75,-36.25,166.2));
#10391=CARTESIAN_POINT('Origin',(42.75,-37.25,166.2));
#10392=CARTESIAN_POINT('Origin',(48.75,-34.25,166.2));
#10393=CARTESIAN_POINT('',(49.75,-34.25,166.2));
#10394=CARTESIAN_POINT('Origin',(49.75,-37.25,166.2));
#10395=CARTESIAN_POINT('',(49.75,-36.25,166.2));
#10396=CARTESIAN_POINT('Origin',(50.75,-36.25,166.2));
#10397=CARTESIAN_POINT('',(50.75,-37.25,166.2));
#10398=CARTESIAN_POINT('Origin',(63.75,-23.25,166.2));
#10399=CARTESIAN_POINT('',(64.75,-23.25,166.2));
#10400=CARTESIAN_POINT('',(63.75,-22.25,166.2));
#10401=CARTESIAN_POINT('Origin',(63.75,-21.25,166.2));
#10402=CARTESIAN_POINT('',(62.75,-21.25,147.2));
#10403=CARTESIAN_POINT('',(62.75,-21.25,166.2));
#10404=CARTESIAN_POINT('Origin',(63.75,-21.25,147.2));
#10405=CARTESIAN_POINT('Origin',(16.25,38.,147.2));
#10406=CARTESIAN_POINT('',(62.75,-16.25,147.2));
#10407=CARTESIAN_POINT('',(62.75,-22.25,147.2));
#10408=CARTESIAN_POINT('Origin',(63.75,-16.25,147.2));
#10409=CARTESIAN_POINT('Origin',(62.75,-15.25,166.2));
#10410=CARTESIAN_POINT('',(62.75,-16.25,166.2));
#10411=CARTESIAN_POINT('Origin',(63.75,-16.25,166.2));
#10412=CARTESIAN_POINT('',(63.75,-15.25,166.2));
#10413=CARTESIAN_POINT('Origin',(63.75,-14.25,166.2));
#10414=CARTESIAN_POINT('',(64.75,-14.25,166.2));
#10415=CARTESIAN_POINT('Origin',(64.75,34.5,166.2));
#10416=CARTESIAN_POINT('',(64.75,33.5,166.2));
#10417=CARTESIAN_POINT('Origin',(63.75,33.5,166.2));
#10418=CARTESIAN_POINT('',(63.75,34.5,166.2));
#10419=CARTESIAN_POINT('Origin',(63.75,35.5,166.2));
#10420=CARTESIAN_POINT('',(62.75,35.5,147.2));
#10421=CARTESIAN_POINT('',(62.75,35.5,166.2));
#10422=CARTESIAN_POINT('Origin',(63.75,35.5,147.2));
#10423=CARTESIAN_POINT('Origin',(16.25,38.,147.2));
#10424=CARTESIAN_POINT('',(62.75,40.5,147.2));
#10425=CARTESIAN_POINT('',(62.75,34.5,147.2));
#10426=CARTESIAN_POINT('Origin',(63.75,40.5,147.2));
#10427=CARTESIAN_POINT('Origin',(62.75,41.5,166.2));
#10428=CARTESIAN_POINT('',(62.75,40.5,166.2));
#10429=CARTESIAN_POINT('Origin',(63.75,40.5,166.2));
#10430=CARTESIAN_POINT('',(63.75,41.5,166.2));
#10431=CARTESIAN_POINT('Origin',(63.75,42.5,166.2));
#10432=CARTESIAN_POINT('Origin',(64.75,-22.25,166.2));
#10433=CARTESIAN_POINT('',(64.75,-33.25,166.2));
#10434=CARTESIAN_POINT('Origin',(60.75,-33.25,166.2));
#10435=CARTESIAN_POINT('Ctrl Pts',(61.7874999999998,-37.1131067484604,147.2));
#10436=CARTESIAN_POINT('Ctrl Pts',(62.0733727277886,-37.036330988847,147.330591395992));
#10437=CARTESIAN_POINT('Ctrl Pts',(62.3539455726143,-36.9270066115487,147.4501502324));
#10438=CARTESIAN_POINT('Ctrl Pts',(63.01782508497,-36.5750921670608,147.715152113363));
#10439=CARTESIAN_POINT('Ctrl Pts',(63.3808755198756,-36.2981669740064,147.843917764914));
#10440=CARTESIAN_POINT('Ctrl Pts',(64.018239339503,-35.6056083408248,148.053978483709));
#10441=CARTESIAN_POINT('Ctrl Pts',(64.280239145819,-35.1932353645277,148.130989770312));
#10442=CARTESIAN_POINT('Ctrl Pts',(64.6517031114693,-34.2676157786562,148.236920219259));
#10443=CARTESIAN_POINT('Ctrl Pts',(64.75,-33.7615536137929,148.262746066806));
#10444=CARTESIAN_POINT('Ctrl Pts',(64.75,-33.25,148.262746066806));
#10445=CARTESIAN_POINT('',(60.75,-37.25,166.2));
#10446=CARTESIAN_POINT('Origin',(-28.25,-33.25,166.2));
#10447=CARTESIAN_POINT('Ctrl Pts',(-32.25,-33.25,148.262746066806));
#10448=CARTESIAN_POINT('Ctrl Pts',(-32.25,-33.668506378233,148.262746066806));
#10449=CARTESIAN_POINT('Ctrl Pts',(-32.1842424861677,-34.0840319033169,
148.245316777844));
#10450=CARTESIAN_POINT('Ctrl Pts',(-31.9178711892357,-34.9077294774475,
148.170696967363));
#10451=CARTESIAN_POINT('Ctrl Pts',(-31.7097462101848,-35.3057495239261,
148.111203438216));
#10452=CARTESIAN_POINT('Ctrl Pts',(-31.1252932743936,-36.0804056770434,
147.927358213441));
#10453=CARTESIAN_POINT('Ctrl Pts',(-30.7331340509614,-36.4272113433206,
147.795025160178));
#10454=CARTESIAN_POINT('Ctrl Pts',(-29.9739767853335,-36.8786104341077,
147.500781304982));
#10455=CARTESIAN_POINT('Ctrl Pts',(-29.6348770446015,-37.0198130065989,
147.358687586399));
#10456=CARTESIAN_POINT('Ctrl Pts',(-29.2875,-37.1131067484604,147.2));
#10457=CARTESIAN_POINT('Origin',(16.25,38.,147.2));
#10458=CARTESIAN_POINT('',(-30.25,98.25,147.2));
#10459=CARTESIAN_POINT('Origin',(67.75,-33.25,166.2));
#10460=CARTESIAN_POINT('',(67.75,109.25,166.2));
#10461=CARTESIAN_POINT('',(67.75,-33.25,166.2));
#10462=CARTESIAN_POINT('',(67.75,-43.25,166.2));
#10463=CARTESIAN_POINT('',(67.75,109.25,166.2));
#10464=CARTESIAN_POINT('',(67.75,-33.25,166.2));
#10465=CARTESIAN_POINT('Origin',(60.75,-33.25,166.2));
#10466=CARTESIAN_POINT('',(60.75,-40.25,166.2));
#10467=CARTESIAN_POINT('Origin',(60.75,-33.25,166.2));
#10468=CARTESIAN_POINT('',(60.75,-40.25,166.2));
#10469=CARTESIAN_POINT('Origin',(60.75,109.25,166.2));
#10470=CARTESIAN_POINT('',(60.75,116.25,166.2));
#10471=CARTESIAN_POINT('Origin',(60.75,109.25,166.2));
#10472=CARTESIAN_POINT('',(60.75,116.25,166.2));
#10473=CARTESIAN_POINT('Origin',(-28.25,-40.25,166.2));
#10474=CARTESIAN_POINT('',(-28.25,-40.25,166.2));
#10475=CARTESIAN_POINT('',(-38.25,-40.25,166.2));
#10476=CARTESIAN_POINT('',(-28.25,-40.25,166.2));
#10477=CARTESIAN_POINT('Origin',(60.75,116.25,166.2));
#10478=CARTESIAN_POINT('',(-28.25,116.25,166.2));
#10479=CARTESIAN_POINT('',(70.75,116.25,166.2));
#10480=CARTESIAN_POINT('',(-28.25,116.25,166.2));
#10481=CARTESIAN_POINT('Origin',(-28.25,-33.25,166.2));
#10482=CARTESIAN_POINT('',(-35.25,-33.25,166.2));
#10483=CARTESIAN_POINT('Origin',(-28.25,-33.25,166.2));
#10484=CARTESIAN_POINT('',(-35.25,-33.25,166.2));
#10485=CARTESIAN_POINT('Origin',(-28.25,109.25,166.2));
#10486=CARTESIAN_POINT('',(-35.25,109.25,166.2));
#10487=CARTESIAN_POINT('Origin',(-28.25,109.25,166.2));
#10488=CARTESIAN_POINT('',(-35.25,109.25,166.2));
#10489=CARTESIAN_POINT('Origin',(-35.25,109.25,166.2));
#10490=CARTESIAN_POINT('',(-35.25,119.25,166.2));
#10491=CARTESIAN_POINT('Origin',(-30.25,91.25,166.2));
#10492=CARTESIAN_POINT('Origin',(-17.25,-33.25,166.2));
#10493=CARTESIAN_POINT('Origin',(42.75,-33.25,166.2));
#10494=CARTESIAN_POINT('Origin',(60.75,-37.25,166.2));
#10495=CARTESIAN_POINT('Origin',(64.75,109.25,166.2));
#10496=CARTESIAN_POINT('',(64.75,109.25,166.2));
#10497=CARTESIAN_POINT('Origin',(60.75,109.25,166.2));
#10498=CARTESIAN_POINT('Ctrl Pts',(64.75,109.25,148.262746066806));
#10499=CARTESIAN_POINT('Ctrl Pts',(64.75,109.668506378233,148.262746066806));
#10500=CARTESIAN_POINT('Ctrl Pts',(64.6842424861677,110.084031903317,148.245316777844));
#10501=CARTESIAN_POINT('Ctrl Pts',(64.4178711892357,110.907729477448,148.170696967363));
#10502=CARTESIAN_POINT('Ctrl Pts',(64.2097462101848,111.305749523926,148.111203438216));
#10503=CARTESIAN_POINT('Ctrl Pts',(63.6252932743936,112.080405677043,147.927358213441));
#10504=CARTESIAN_POINT('Ctrl Pts',(63.2331340509613,112.427211343321,147.795025160178));
#10505=CARTESIAN_POINT('Ctrl Pts',(62.4739767853335,112.878610434108,147.500781304982));
#10506=CARTESIAN_POINT('Ctrl Pts',(62.1348770446014,113.019813006599,147.358687586399));
#10507=CARTESIAN_POINT('Ctrl Pts',(61.7875,113.11310674846,147.2));
#10508=CARTESIAN_POINT('Origin',(42.75,109.25,166.2));
#10509=CARTESIAN_POINT('Origin',(-28.25,113.25,166.2));
#10510=CARTESIAN_POINT('',(-28.25,113.25,166.2));
#10511=CARTESIAN_POINT('Origin',(-28.25,109.25,166.2));
#10512=CARTESIAN_POINT('Ctrl Pts',(-29.2875,113.11310674846,147.2));
#10513=CARTESIAN_POINT('Ctrl Pts',(-29.5733727277883,113.036330988847,147.330591395992));
#10514=CARTESIAN_POINT('Ctrl Pts',(-29.8539455726143,112.927006611549,147.4501502324));
#10515=CARTESIAN_POINT('Ctrl Pts',(-30.5178250849703,112.575092167061,147.715152113364));
#10516=CARTESIAN_POINT('Ctrl Pts',(-30.8808755198757,112.298166974006,147.843917764914));
#10517=CARTESIAN_POINT('Ctrl Pts',(-31.5182393395029,111.605608340825,148.053978483709));
#10518=CARTESIAN_POINT('Ctrl Pts',(-31.780239145819,111.193235364528,148.130989770312));
#10519=CARTESIAN_POINT('Ctrl Pts',(-32.1517031114693,110.267615778656,148.236920219259));
#10520=CARTESIAN_POINT('Ctrl Pts',(-32.25,109.761553613793,148.262746066806));
#10521=CARTESIAN_POINT('Ctrl Pts',(-32.25,109.25,148.262746066806));
#10522=CARTESIAN_POINT('Ctrl Pts',(55.75,114.994562646538,147.2));
#10523=CARTESIAN_POINT('Ctrl Pts',(59.8127460668062,114.994562646538,147.2));
#10524=CARTESIAN_POINT('Ctrl Pts',(62.5,114.994562646538,150.247059550105));
#10525=CARTESIAN_POINT('Ctrl Pts',(55.75,112.90563077507,144.2));
#10526=CARTESIAN_POINT('Ctrl Pts',(61.1669947557416,112.90563077507,144.2));
#10527=CARTESIAN_POINT('Ctrl Pts',(64.75,112.90563077507,148.262746066806));
#10528=CARTESIAN_POINT('Ctrl Pts',(55.75,109.25,144.2));
#10529=CARTESIAN_POINT('Ctrl Pts',(61.1669947557416,109.25,144.2));
#10530=CARTESIAN_POINT('Ctrl Pts',(64.75,109.25,148.262746066806));
#10531=CARTESIAN_POINT('Ctrl Pts',(62.25,112.749999999987,147.248923066743));
#10532=CARTESIAN_POINT('Ctrl Pts',(62.25,112.62466505319,147.159494370497));
#10533=CARTESIAN_POINT('Ctrl Pts',(62.25,112.494369020794,147.073460468084));
#10534=CARTESIAN_POINT('Ctrl Pts',(62.25,112.028386100274,146.790471480759));
#10535=CARTESIAN_POINT('Ctrl Pts',(62.25,111.675808936349,146.621490096396));
#10536=CARTESIAN_POINT('Ctrl Pts',(62.25,111.028087622551,146.377312806512));
#10537=CARTESIAN_POINT('Ctrl Pts',(62.25,110.673962815173,146.275781491301));
#10538=CARTESIAN_POINT('Ctrl Pts',(62.25,109.952793463105,146.14354609406));
#10539=CARTESIAN_POINT('Ctrl Pts',(62.25,109.585742045201,146.112879499084));
#10540=CARTESIAN_POINT('Ctrl Pts',(62.25,109.25,146.112879499084));
#10541=CARTESIAN_POINT('Origin',(55.75,109.25,151.2));
#10542=CARTESIAN_POINT('Origin',(43.5,109.25,151.2));
#10543=CARTESIAN_POINT('Origin',(-23.25,109.25,151.2));
#10544=CARTESIAN_POINT('',(-11.95,109.25,144.2));
#10545=CARTESIAN_POINT('',(43.5,109.25,144.2));
#10546=CARTESIAN_POINT('Origin',(-11.95,109.25,151.2));
#10547=CARTESIAN_POINT('Ctrl Pts',(-30.,114.994562646538,150.247059550105));
#10548=CARTESIAN_POINT('Ctrl Pts',(-27.3127460668062,114.994562646538,147.2));
#10549=CARTESIAN_POINT('Ctrl Pts',(-23.25,114.994562646538,147.2));
#10550=CARTESIAN_POINT('Ctrl Pts',(-32.25,112.90563077507,148.262746066806));
#10551=CARTESIAN_POINT('Ctrl Pts',(-28.6669947557416,112.90563077507,144.2));
#10552=CARTESIAN_POINT('Ctrl Pts',(-23.25,112.90563077507,144.2));
#10553=CARTESIAN_POINT('Ctrl Pts',(-32.25,109.25,148.262746066806));
#10554=CARTESIAN_POINT('Ctrl Pts',(-28.6669947557416,109.25,144.2));
#10555=CARTESIAN_POINT('Ctrl Pts',(-23.25,109.25,144.2));
#10556=CARTESIAN_POINT('Origin',(62.25,100.25,144.2));
#10557=CARTESIAN_POINT('',(62.25,102.25,149.2));
#10558=CARTESIAN_POINT('Origin',(58.15,104.25,144.2));
#10559=CARTESIAN_POINT('',(59.65,104.25,149.2));
#10560=CARTESIAN_POINT('Origin',(58.15,104.25,149.2));
#10561=CARTESIAN_POINT('',(59.65,104.25,144.851431808373));
#10562=CARTESIAN_POINT('',(59.65,104.25,144.2));
#10563=CARTESIAN_POINT('Ctrl Pts',(59.65,104.25,144.851431808373));
#10564=CARTESIAN_POINT('Ctrl Pts',(59.65,104.438610954328,144.851431808373));
#10565=CARTESIAN_POINT('Ctrl Pts',(59.6122281566766,104.638915756204,144.838241408867));
#10566=CARTESIAN_POINT('Ctrl Pts',(59.4608233803378,105.005717448391,144.787894395136));
#10567=CARTESIAN_POINT('Ctrl Pts',(59.3472589333574,105.172287785712,144.75106751401));
#10568=CARTESIAN_POINT('Ctrl Pts',(59.0838917955539,105.439164728388,144.671570398604));
#10569=CARTESIAN_POINT('Ctrl Pts',(58.9146778292665,105.556069729414,144.62323054569));
#10570=CARTESIAN_POINT('Ctrl Pts',(58.5431382281884,105.711503571711,144.52801835182));
#10571=CARTESIAN_POINT('Ctrl Pts',(58.3407382134744,105.75,144.481383509429));
#10572=CARTESIAN_POINT('Ctrl Pts',(57.963112150548,105.75,144.404300912117));
#10573=CARTESIAN_POINT('Ctrl Pts',(57.7625082669708,105.712888474698,144.3684761184));
#10574=CARTESIAN_POINT('Ctrl Pts',(57.3919304523369,105.559779798316,144.311383122177));
#10575=CARTESIAN_POINT('Ctrl Pts',(57.2220158349964,105.443734030073,144.289860615282));
#10576=CARTESIAN_POINT('Ctrl Pts',(56.9553183510522,105.176241537821,144.259942635619));
#10577=CARTESIAN_POINT('Ctrl Pts',(56.8402430419398,105.007898723398,144.249383352377));
#10578=CARTESIAN_POINT('Ctrl Pts',(56.687583400758,104.638859214527,144.236438428033));
#10579=CARTESIAN_POINT('Ctrl Pts',(56.65,104.438171130452,144.233797594893));
#10580=CARTESIAN_POINT('Ctrl Pts',(56.65,104.061828869548,144.233797594893));
#10581=CARTESIAN_POINT('Ctrl Pts',(56.687583400758,103.861140785473,144.236438428033));
#10582=CARTESIAN_POINT('Ctrl Pts',(56.8402430419398,103.492101276602,144.249383352377));
#10583=CARTESIAN_POINT('Ctrl Pts',(56.9553183510522,103.323758462179,144.259942635619));
#10584=CARTESIAN_POINT('Ctrl Pts',(57.2220158349964,103.056265969927,144.289860615282));
#10585=CARTESIAN_POINT('Ctrl Pts',(57.3919304523369,102.940220201684,144.311383122177));
#10586=CARTESIAN_POINT('Ctrl Pts',(57.7625082669708,102.787111525302,144.3684761184));
#10587=CARTESIAN_POINT('Ctrl Pts',(57.963112150548,102.75,144.404300912117));
#10588=CARTESIAN_POINT('Ctrl Pts',(58.3407382134744,102.75,144.481383509429));
#10589=CARTESIAN_POINT('Ctrl Pts',(58.5431382281883,102.788496428289,144.52801835182));
#10590=CARTESIAN_POINT('Ctrl Pts',(58.9146778292665,102.943930270586,144.62323054569));
#10591=CARTESIAN_POINT('Ctrl Pts',(59.0838917955539,103.060835271612,144.671570398604));
#10592=CARTESIAN_POINT('Ctrl Pts',(59.3472589333574,103.327712214288,144.75106751401));
#10593=CARTESIAN_POINT('Ctrl Pts',(59.4608233803377,103.494282551609,144.787894395136));
#10594=CARTESIAN_POINT('Ctrl Pts',(59.6122281566766,103.861084243796,144.838241408867));
#10595=CARTESIAN_POINT('Ctrl Pts',(59.65,104.061389045672,144.851431808373));
#10596=CARTESIAN_POINT('Ctrl Pts',(59.65,104.25,144.851431808373));
#10597=CARTESIAN_POINT('Origin',(-7.85,104.25,144.2));
#10598=CARTESIAN_POINT('',(-6.35,104.25,149.2));
#10599=CARTESIAN_POINT('Origin',(-7.85,104.25,149.2));
#10600=CARTESIAN_POINT('',(-6.35,104.25,144.2));
#10601=CARTESIAN_POINT('',(-6.35,104.25,144.2));
#10602=CARTESIAN_POINT('Origin',(-7.85,104.25,144.2));
#10603=CARTESIAN_POINT('Origin',(-11.95,108.25,144.2));
#10604=CARTESIAN_POINT('',(-11.95,73.125,144.2));
#10605=CARTESIAN_POINT('',(-11.95,108.25,149.2));
#10606=CARTESIAN_POINT('Origin',(25.15,104.25,149.2));
#10607=CARTESIAN_POINT('Origin',(55.75,-2.62500000000001,156.2));
#10608=CARTESIAN_POINT('Origin',(16.25,38.,144.2));
#10609=CARTESIAN_POINT('',(-19.2,73.,144.2));
#10610=CARTESIAN_POINT('Ctrl Pts',(-23.25,72.9484905308047,144.2));
#10611=CARTESIAN_POINT('Ctrl Pts',(-22.6719126330455,72.9746554202694,144.2));
#10612=CARTESIAN_POINT('Ctrl Pts',(-21.3218517544866,73.0034998978197,144.2));
#10613=CARTESIAN_POINT('Ctrl Pts',(-19.9715796937572,73.,144.2));
#10614=CARTESIAN_POINT('Ctrl Pts',(-19.2,73.,144.2));
#10615=CARTESIAN_POINT('',(-19.2,66.,144.2));
#10616=CARTESIAN_POINT('',(-19.2,86.,144.2));
#10617=CARTESIAN_POINT('',(-9.2,66.,144.2));
#10618=CARTESIAN_POINT('',(-19.2,66.,144.2));
#10619=CARTESIAN_POINT('',(-9.2,10.,144.2));
#10620=CARTESIAN_POINT('',(-9.2,57.,144.2));
#10621=CARTESIAN_POINT('',(-19.2,10.,144.2));
#10622=CARTESIAN_POINT('',(-19.2,10.,144.2));
#10623=CARTESIAN_POINT('',(-19.2,3.,144.2));
#10624=CARTESIAN_POINT('',(-19.2,-10.,144.2));
#10625=CARTESIAN_POINT('Ctrl Pts',(-19.2,3.,144.2));
#10626=CARTESIAN_POINT('Ctrl Pts',(-19.9714642019055,3.,144.2));
#10627=CARTESIAN_POINT('Ctrl Pts',(-21.3222403909387,2.99650070815776,144.2));
#10628=CARTESIAN_POINT('Ctrl Pts',(-22.6720261180871,3.02534971619219,144.2));
#10629=CARTESIAN_POINT('Ctrl Pts',(-23.25,3.0515094691953,144.2));
#10630=CARTESIAN_POINT('',(-11.,-33.25,144.2));
#10631=CARTESIAN_POINT('',(-11.9498924648806,6.81542940281968,144.2));
#10632=CARTESIAN_POINT('Origin',(58.15,-28.25,144.2));
#10633=CARTESIAN_POINT('',(59.65,-28.25,144.851431808373));
#10634=CARTESIAN_POINT('',(59.65,-28.25,144.2));
#10635=CARTESIAN_POINT('Ctrl Pts',(59.65,-28.25,144.851431808373));
#10636=CARTESIAN_POINT('Ctrl Pts',(59.65,-28.0613890456716,144.851431808373));
#10637=CARTESIAN_POINT('Ctrl Pts',(59.6122281566766,-27.8610842437957,144.838241408867));
#10638=CARTESIAN_POINT('Ctrl Pts',(59.4608233803378,-27.4942825516089,144.787894395136));
#10639=CARTESIAN_POINT('Ctrl Pts',(59.3472589333574,-27.3277122142884,144.75106751401));
#10640=CARTESIAN_POINT('Ctrl Pts',(59.0838917955539,-27.060835271612,144.671570398604));
#10641=CARTESIAN_POINT('Ctrl Pts',(58.9146778292665,-26.9439302705864,144.62323054569));
#10642=CARTESIAN_POINT('Ctrl Pts',(58.5431382281884,-26.7884964282887,144.52801835182));
#10643=CARTESIAN_POINT('Ctrl Pts',(58.3407382134744,-26.75,144.481383509429));
#10644=CARTESIAN_POINT('Ctrl Pts',(57.963112150548,-26.75,144.404300912117));
#10645=CARTESIAN_POINT('Ctrl Pts',(57.7625082669708,-26.7871115253025,144.3684761184));
#10646=CARTESIAN_POINT('Ctrl Pts',(57.3919304523369,-26.9402202016836,144.311383122177));
#10647=CARTESIAN_POINT('Ctrl Pts',(57.2220158349964,-27.0562659699268,144.289860615282));
#10648=CARTESIAN_POINT('Ctrl Pts',(56.9553183510523,-27.323758462179,144.259942635619));
#10649=CARTESIAN_POINT('Ctrl Pts',(56.8402430419398,-27.492101276602,144.249383352377));
#10650=CARTESIAN_POINT('Ctrl Pts',(56.687583400758,-27.8611407854727,144.236438428033));
#10651=CARTESIAN_POINT('Ctrl Pts',(56.65,-28.0618288695484,144.233797594893));
#10652=CARTESIAN_POINT('Ctrl Pts',(56.65,-28.4381711304516,144.233797594893));
#10653=CARTESIAN_POINT('Ctrl Pts',(56.687583400758,-28.6388592145273,144.236438428033));
#10654=CARTESIAN_POINT('Ctrl Pts',(56.8402430419398,-29.007898723398,144.249383352377));
#10655=CARTESIAN_POINT('Ctrl Pts',(56.9553183510523,-29.176241537821,144.259942635619));
#10656=CARTESIAN_POINT('Ctrl Pts',(57.2220158349964,-29.4437340300733,144.289860615282));
#10657=CARTESIAN_POINT('Ctrl Pts',(57.3919304523369,-29.5597797983165,144.311383122177));
#10658=CARTESIAN_POINT('Ctrl Pts',(57.7625082669708,-29.7128884746976,144.3684761184));
#10659=CARTESIAN_POINT('Ctrl Pts',(57.963112150548,-29.75,144.404300912117));
#10660=CARTESIAN_POINT('Ctrl Pts',(58.3407382134744,-29.75,144.481383509429));
#10661=CARTESIAN_POINT('Ctrl Pts',(58.5431382281884,-29.7115035717113,144.52801835182));
#10662=CARTESIAN_POINT('Ctrl Pts',(58.9146778292665,-29.5560697294136,144.62323054569));
#10663=CARTESIAN_POINT('Ctrl Pts',(59.0838917955539,-29.439164728388,144.671570398604));
#10664=CARTESIAN_POINT('Ctrl Pts',(59.3472589333574,-29.1722877857116,144.75106751401));
#10665=CARTESIAN_POINT('Ctrl Pts',(59.4608233803378,-29.0057174483911,144.787894395136));
#10666=CARTESIAN_POINT('Ctrl Pts',(59.6122281566766,-28.6389157562043,144.838241408867));
#10667=CARTESIAN_POINT('Ctrl Pts',(59.65,-28.4386109543285,144.851431808373));
#10668=CARTESIAN_POINT('Ctrl Pts',(59.65,-28.25,144.851431808373));
#10669=CARTESIAN_POINT('Origin',(-7.84989246488061,-28.3691411943606,144.2));
#10670=CARTESIAN_POINT('',(-6.34989246488061,-28.3691411943606,144.2));
#10671=CARTESIAN_POINT('',(-6.34989246488061,-28.3691411943606,144.2));
#10672=CARTESIAN_POINT('Origin',(-7.84989246488061,-28.3691411943606,144.2));
#10673=CARTESIAN_POINT('Origin',(-11.9498924648806,-24.3691411943606,144.2));
#10674=CARTESIAN_POINT('',(-11.9498924648806,-32.25,144.2));
#10675=CARTESIAN_POINT('Origin',(62.25,-32.25,144.2));
#10676=CARTESIAN_POINT('',(62.25,-32.25,144.2));
#10677=CARTESIAN_POINT('Origin',(-11.9498924648806,-32.25,144.2));
#10678=CARTESIAN_POINT('Origin',(16.25,38.,144.2));
#10679=CARTESIAN_POINT('Origin',(-12.2,73.,131.2));
#10680=CARTESIAN_POINT('',(-9.2,64.7817685886992,134.545221359391));
#10681=CARTESIAN_POINT('',(-9.2,64.1270166537926,131.2));
#10682=CARTESIAN_POINT('Origin',(-9.2,73.,131.2));
#10683=CARTESIAN_POINT('',(-12.2000000001706,64.7817685886992,134.545221359391));
#10684=CARTESIAN_POINT('',(-12.2000000001706,64.7817685886992,134.545221359391));
#10685=CARTESIAN_POINT('',(-12.2,64.1270166537926,131.2));
#10686=CARTESIAN_POINT('Origin',(-12.2,73.,131.2));
#10687=CARTESIAN_POINT('',(-12.2,64.1270166537926,131.2));
#10688=CARTESIAN_POINT('Origin',(-12.2,53.,131.2));
#10689=CARTESIAN_POINT('',(-9.2,61.649306308241,124.2));
#10690=CARTESIAN_POINT('Origin',(-9.2,53.,131.2));
#10691=CARTESIAN_POINT('',(-12.2,61.649306308241,124.2));
#10692=CARTESIAN_POINT('Origin',(-12.2,53.,131.2));
#10693=CARTESIAN_POINT('',(-12.2,61.649306308241,124.2));
#10694=CARTESIAN_POINT('Origin',(-12.2,23.,131.2));
#10695=CARTESIAN_POINT('',(-9.2,14.350693691759,124.2));
#10696=CARTESIAN_POINT('',(-9.2,11.8729833462074,131.2));
#10697=CARTESIAN_POINT('Origin',(-9.2,23.,131.2));
#10698=CARTESIAN_POINT('',(-12.2,14.350693691759,124.2));
#10699=CARTESIAN_POINT('',(-12.2,14.350693691759,124.2));
#10700=CARTESIAN_POINT('',(-12.2,11.8729833462074,131.2));
#10701=CARTESIAN_POINT('Origin',(-12.2,23.,131.2));
#10702=CARTESIAN_POINT('',(-12.2,11.8729833462074,131.2));
#10703=CARTESIAN_POINT('Origin',(-12.2,3.,131.2));
#10704=CARTESIAN_POINT('',(-9.2,11.2182314109926,134.545221358513));
#10705=CARTESIAN_POINT('Origin',(-9.2,3.,131.2));
#10706=CARTESIAN_POINT('',(-12.2,11.2182314109926,134.545221358513));
#10707=CARTESIAN_POINT('Origin',(-12.2,3.,131.2));
#10708=CARTESIAN_POINT('',(-12.2,11.2182314109926,134.545221358513));
#10709=CARTESIAN_POINT('Origin',(16.25,38.,141.2));
#10710=CARTESIAN_POINT('',(-9.2,69.5,141.2));
#10711=CARTESIAN_POINT('',(-9.2,86.,141.2));
#10712=CARTESIAN_POINT('',(-9.2,57.,141.2));
#10713=CARTESIAN_POINT('',(-19.2,86.,141.2));
#10714=CARTESIAN_POINT('',(1.025,86.,141.2));
#10715=CARTESIAN_POINT('',(-19.2,73.,141.2));
#10716=CARTESIAN_POINT('',(-19.2,19.,141.2));
#10717=CARTESIAN_POINT('',(-23.25,72.9484905308047,141.2));
#10718=CARTESIAN_POINT('Ctrl Pts',(-23.25,72.9484905308047,141.2));
#10719=CARTESIAN_POINT('Ctrl Pts',(-22.6719126330455,72.9746554202694,141.2));
#10720=CARTESIAN_POINT('Ctrl Pts',(-21.3218517557368,73.0034999034708,141.2));
#10721=CARTESIAN_POINT('Ctrl Pts',(-19.9715796937572,73.,141.2));
#10722=CARTESIAN_POINT('Ctrl Pts',(-19.2,73.,141.2));
#10723=CARTESIAN_POINT('',(-23.25,109.25,141.2));
#10724=CARTESIAN_POINT('',(-23.25,78.625,141.2));
#10725=CARTESIAN_POINT('',(55.75,109.25,141.2));
#10726=CARTESIAN_POINT('',(43.5,109.25,141.2));
#10727=CARTESIAN_POINT('',(55.75,-33.25,141.2));
#10728=CARTESIAN_POINT('',(55.75,-2.62500000000001,141.2));
#10729=CARTESIAN_POINT('',(-23.25,-33.25,141.2));
#10730=CARTESIAN_POINT('',(-11.,-33.25,141.2));
#10731=CARTESIAN_POINT('',(-23.25,3.0515094691953,141.2));
#10732=CARTESIAN_POINT('',(-23.25,78.625,141.2));
#10733=CARTESIAN_POINT('',(-19.2,3.,141.2));
#10734=CARTESIAN_POINT('Ctrl Pts',(-19.2,3.,141.2));
#10735=CARTESIAN_POINT('Ctrl Pts',(-19.9714642019055,3.,141.2));
#10736=CARTESIAN_POINT('Ctrl Pts',(-21.3222403908935,2.99650071165235,141.2));
#10737=CARTESIAN_POINT('Ctrl Pts',(-22.6720261180871,3.02534971619219,141.2));
#10738=CARTESIAN_POINT('Ctrl Pts',(-23.25,3.0515094691953,141.2));
#10739=CARTESIAN_POINT('',(-19.2,-10.,141.2));
#10740=CARTESIAN_POINT('',(-19.2,19.,141.2));
#10741=CARTESIAN_POINT('',(-9.2,-10.,141.2));
#10742=CARTESIAN_POINT('',(3.525,-10.,141.2));
#10743=CARTESIAN_POINT('',(-9.2,6.5,141.2));
#10744=CARTESIAN_POINT('',(-9.2,57.,141.2));
#10745=CARTESIAN_POINT('',(-12.2,6.5,141.2));
#10746=CARTESIAN_POINT('',(-12.2,6.5,141.2));
#10747=CARTESIAN_POINT('',(-13.4817747070779,6.5000000003979,141.2));
#10748=CARTESIAN_POINT('',(-14.2,6.5,141.2));
#10749=CARTESIAN_POINT('',(-15.7264490564644,10.,141.2));
#10750=CARTESIAN_POINT('Ctrl Pts',(-15.7264490564644,10.,141.2));
#10751=CARTESIAN_POINT('Ctrl Pts',(-15.5181055201351,9.82488592449214,141.2));
#10752=CARTESIAN_POINT('Ctrl Pts',(-15.3122993952161,9.62727557111839,141.2));
#10753=CARTESIAN_POINT('Ctrl Pts',(-14.8551711626298,9.12550031333579,141.2));
#10754=CARTESIAN_POINT('Ctrl Pts',(-14.6170721334669,8.8089881037021,141.2));
#10755=CARTESIAN_POINT('Ctrl Pts',(-14.1416298348981,8.07475169342289,141.2));
#10756=CARTESIAN_POINT('Ctrl Pts',(-13.8645464060337,7.5236373168392,141.2));
#10757=CARTESIAN_POINT('Ctrl Pts',(-13.6076027761161,6.86968331368065,141.2));
#10758=CARTESIAN_POINT('Ctrl Pts',(-13.5423588481653,6.68743901888884,141.2));
#10759=CARTESIAN_POINT('Ctrl Pts',(-13.4817747070779,6.5000000003979,141.2));
#10760=CARTESIAN_POINT('',(-12.2,10.,141.2));
#10761=CARTESIAN_POINT('',(-19.2,10.,141.2));
#10762=CARTESIAN_POINT('',(-12.2,66.,141.2));
#10763=CARTESIAN_POINT('',(-12.2,57.,141.2));
#10764=CARTESIAN_POINT('',(-15.7264490564644,66.,141.2));
#10765=CARTESIAN_POINT('',(-19.2,66.,141.2));
#10766=CARTESIAN_POINT('',(-13.4817747069675,69.4999999999434,141.2));
#10767=CARTESIAN_POINT('Ctrl Pts',(-13.4817747069675,69.4999999999434,141.2));
#10768=CARTESIAN_POINT('Ctrl Pts',(-13.5423588480861,69.3125609813324,141.2));
#10769=CARTESIAN_POINT('Ctrl Pts',(-13.6076027760743,69.1303166864259,141.2));
#10770=CARTESIAN_POINT('Ctrl Pts',(-13.8645464060337,68.4763626831608,141.2));
#10771=CARTESIAN_POINT('Ctrl Pts',(-14.1416298348981,67.9252483065771,141.2));
#10772=CARTESIAN_POINT('Ctrl Pts',(-14.6170721334669,67.1910118962979,141.2));
#10773=CARTESIAN_POINT('Ctrl Pts',(-14.8551711626298,66.8744996866642,141.2));
#10774=CARTESIAN_POINT('Ctrl Pts',(-15.3122993952161,66.3727244288816,141.2));
#10775=CARTESIAN_POINT('Ctrl Pts',(-15.5181055201351,66.1751140755078,141.2));
#10776=CARTESIAN_POINT('Ctrl Pts',(-15.7264490564644,66.,141.2));
#10777=CARTESIAN_POINT('',(-12.2,69.5,141.2));
#10778=CARTESIAN_POINT('',(-14.2,69.5,141.2));
#10779=CARTESIAN_POINT('',(-12.2,69.5,141.2));
#10780=CARTESIAN_POINT('',(41.7,86.,141.2));
#10781=CARTESIAN_POINT('',(51.7,86.,141.2));
#10782=CARTESIAN_POINT('',(28.975,86.,141.2));
#10783=CARTESIAN_POINT('',(41.7,-10.,141.2));
#10784=CARTESIAN_POINT('',(41.7,19.,141.2));
#10785=CARTESIAN_POINT('',(51.7,-10.,141.2));
#10786=CARTESIAN_POINT('',(31.475,-10.,141.2));
#10787=CARTESIAN_POINT('',(51.7,57.,141.2));
#10788=CARTESIAN_POINT('Origin',(-19.2,66.,144.2));
#10789=CARTESIAN_POINT('',(-19.2,66.,142.154451150103));
#10790=CARTESIAN_POINT('Origin',(-19.2,73.,131.2));
#10791=CARTESIAN_POINT('',(-19.2,66.,144.2));
#10792=CARTESIAN_POINT('Origin',(-9.2,66.,144.2));
#10793=CARTESIAN_POINT('Ctrl Pts',(-15.7264490564644,66.,141.2));
#10794=CARTESIAN_POINT('Ctrl Pts',(-16.0928545844174,66.,141.415576333652));
#10795=CARTESIAN_POINT('Ctrl Pts',(-16.4788828929352,66.,141.595866719738));
#10796=CARTESIAN_POINT('Ctrl Pts',(-17.1982529921556,66.,141.862058239008));
#10797=CARTESIAN_POINT('Ctrl Pts',(-17.5972328199645,66.,141.974359882755));
#10798=CARTESIAN_POINT('Ctrl Pts',(-18.4092429228734,66.,142.120574617918));
#10799=CARTESIAN_POINT('Ctrl Pts',(-18.8222797805925,66.,142.154451150103));
#10800=CARTESIAN_POINT('Ctrl Pts',(-19.2,66.,142.154451150103));
#10801=CARTESIAN_POINT('Origin',(-9.2,66.,141.2));
#10802=CARTESIAN_POINT('Origin',(-14.2,76.,141.2));
#10803=CARTESIAN_POINT('',(-12.9550020016016,73.,141.2));
#10804=CARTESIAN_POINT('Ctrl Pts',(-12.9550020016016,73.,141.2));
#10805=CARTESIAN_POINT('Ctrl Pts',(-12.9550020016016,72.3508129629519,141.2));
#10806=CARTESIAN_POINT('Ctrl Pts',(-13.0079839471638,71.6401162920419,141.2));
#10807=CARTESIAN_POINT('Ctrl Pts',(-13.2143620800695,70.4468706183705,141.2));
#10808=CARTESIAN_POINT('Ctrl Pts',(-13.3337979890946,69.9578196580797,141.2));
#10809=CARTESIAN_POINT('Ctrl Pts',(-13.4817747069675,69.4999999999434,141.2));
#10810=CARTESIAN_POINT('',(-12.9550020005713,77.6933761355327,141.199999999357));
#10811=CARTESIAN_POINT('',(-12.9550020016016,19.,141.2));
#10812=CARTESIAN_POINT('',(-12.2,77.6933761370819,141.2));
#10813=CARTESIAN_POINT('',(1.025,77.6933761370819,141.2));
#10814=CARTESIAN_POINT('',(-12.2,57.,141.2));
#10815=CARTESIAN_POINT('Origin',(-9.2,57.,141.2));
#10816=CARTESIAN_POINT('Origin',(-9.2,10.,141.2));
#10817=CARTESIAN_POINT('Origin',(-14.2,69.5,136.2));
#10818=CARTESIAN_POINT('',(-14.2,69.5,141.2));
#10819=CARTESIAN_POINT('',(-12.2000000000142,72.6697906829525,140.066836824365));
#10820=CARTESIAN_POINT('Origin',(-12.2,69.5,136.2));
#10821=CARTESIAN_POINT('Ctrl Pts',(-13.4817747069675,69.4999999999434,141.2));
#10822=CARTESIAN_POINT('Ctrl Pts',(-13.415357799039,69.7054847986359,141.200000000002));
#10823=CARTESIAN_POINT('Ctrl Pts',(-13.3451600546837,69.9099374784873,141.187328781899));
#10824=CARTESIAN_POINT('Ctrl Pts',(-13.0713550330306,70.6710862015244,141.09344066296));
#10825=CARTESIAN_POINT('Ctrl Pts',(-12.8517777122786,71.2116025476326,140.930933185941));
#10826=CARTESIAN_POINT('Ctrl Pts',(-12.4867636852484,72.0525930383666,140.516076076835));
#10827=CARTESIAN_POINT('Ctrl Pts',(-12.3401038097979,72.3741028379073,140.309223203429));
#10828=CARTESIAN_POINT('Ctrl Pts',(-12.2000000000284,72.6697906829525,140.066836824365));
#10829=CARTESIAN_POINT('Ctrl Pts',(-12.2,70.0688061829327,139.5748394772));
#10830=CARTESIAN_POINT('Ctrl Pts',(-12.2,71.4920743800749,140.072983346207));
#10831=CARTESIAN_POINT('Ctrl Pts',(-12.2,73.,140.072983346207));
#10832=CARTESIAN_POINT('Ctrl Pts',(-12.7243346454459,69.7557402331491,140.469313619424));
#10833=CARTESIAN_POINT('Ctrl Pts',(-12.7243346454459,71.3310204901356,141.020661709378));
#10834=CARTESIAN_POINT('Ctrl Pts',(-12.7243346454459,73.,141.020661709378));
#10835=CARTESIAN_POINT('Ctrl Pts',(-13.4817747069675,69.4999999999434,141.2));
#10836=CARTESIAN_POINT('Ctrl Pts',(-13.4817747069675,71.1994572862795,141.794810050227));
#10837=CARTESIAN_POINT('Ctrl Pts',(-13.4817747069675,73.,141.794810050227));
#10838=CARTESIAN_POINT('',(-12.2,73.,140.072983346207));
#10839=CARTESIAN_POINT('Origin',(-12.2,73.,131.2));
#10840=CARTESIAN_POINT('Origin',(-19.2,73.,136.2));
#10841=CARTESIAN_POINT('Origin',(-19.2,-10.,144.2));
#10842=CARTESIAN_POINT('',(-19.2,10.,142.154451150103));
#10843=CARTESIAN_POINT('Origin',(-19.2,2.99999999999999,131.2));
#10844=CARTESIAN_POINT('',(-19.2,10.,144.2));
#10845=CARTESIAN_POINT('Origin',(-19.2,10.,144.2));
#10846=CARTESIAN_POINT('Ctrl Pts',(-19.2,10.,142.154451150103));
#10847=CARTESIAN_POINT('Ctrl Pts',(-18.8222797805925,10.,142.154451150103));
#10848=CARTESIAN_POINT('Ctrl Pts',(-18.4092429228734,10.,142.120574617918));
#10849=CARTESIAN_POINT('Ctrl Pts',(-17.5972328199645,10.,141.974359882755));
#10850=CARTESIAN_POINT('Ctrl Pts',(-17.1982529921556,10.,141.862058239008));
#10851=CARTESIAN_POINT('Ctrl Pts',(-16.4788828929352,10.,141.595866719738));
#10852=CARTESIAN_POINT('Ctrl Pts',(-16.0928545844174,10.,141.415576333652));
#10853=CARTESIAN_POINT('Ctrl Pts',(-15.7264490564644,10.,141.2));
#10854=CARTESIAN_POINT('Origin',(-14.2,0.,141.2));
#10855=CARTESIAN_POINT('',(-12.2,-1.69337613708192,141.2));
#10856=CARTESIAN_POINT('',(-12.2,57.,141.2));
#10857=CARTESIAN_POINT('',(-12.9550020005713,-1.69337613553268,141.199999999357));
#10858=CARTESIAN_POINT('',(3.525,-1.69337613708192,141.2));
#10859=CARTESIAN_POINT('',(-12.9550020016016,3.,141.2));
#10860=CARTESIAN_POINT('',(-12.9550020016016,19.,141.2));
#10861=CARTESIAN_POINT('Ctrl Pts',(-13.4817747070779,6.5000000003979,141.2));
#10862=CARTESIAN_POINT('Ctrl Pts',(-13.3337979891544,6.0421803421632,141.2));
#10863=CARTESIAN_POINT('Ctrl Pts',(-13.2143620800907,5.55312938175254,141.2));
#10864=CARTESIAN_POINT('Ctrl Pts',(-13.0079839471638,4.35988370795811,141.2));
#10865=CARTESIAN_POINT('Ctrl Pts',(-12.9550020016016,3.6491870370481,141.2));
#10866=CARTESIAN_POINT('Ctrl Pts',(-12.9550020016016,3.,141.2));
#10867=CARTESIAN_POINT('Origin',(-14.2,6.5,136.2));
#10868=CARTESIAN_POINT('',(-14.2,6.5,141.2));
#10869=CARTESIAN_POINT('Origin',(-9.2,6.5,136.2));
#10870=CARTESIAN_POINT('Ctrl Pts',(-13.4817747070778,6.50000000039791,141.2));
#10871=CARTESIAN_POINT('Ctrl Pts',(-13.5080328205399,6.58123900003606,141.199999999994));
#10872=CARTESIAN_POINT('Ctrl Pts',(-13.5337085436491,6.66266845525918,141.19802023703));
#10873=CARTESIAN_POINT('Ctrl Pts',(-13.7402527726518,7.3360645397628,141.165088947978));
#10874=CARTESIAN_POINT('Ctrl Pts',(-13.8851405289637,7.92910730635922,141.030678361694));
#10875=CARTESIAN_POINT('Ctrl Pts',(-14.0345316353916,9.00592351467375,140.562720374145));
#10876=CARTESIAN_POINT('Ctrl Pts',(-14.0473063699736,9.47700535126708,140.256258131068));
#10877=CARTESIAN_POINT('Ctrl Pts',(-13.9517027792978,10.2919769848489,139.50452364883));
#10878=CARTESIAN_POINT('Ctrl Pts',(-13.8488361905809,10.6238012916172,139.076759677189));
#10879=CARTESIAN_POINT('Ctrl Pts',(-13.5512800525103,11.1683563596249,138.087959797878));
#10880=CARTESIAN_POINT('Ctrl Pts',(-13.3496642185215,11.3563416457664,137.52415190649));
#10881=CARTESIAN_POINT('Ctrl Pts',(-12.9252215193532,11.5275124237474,136.395665269042));
#10882=CARTESIAN_POINT('Ctrl Pts',(-12.7036348789902,11.5176522532047,135.832471512401));
#10883=CARTESIAN_POINT('Ctrl Pts',(-12.3903593963073,11.3686349869175,135.033326056321));
#10884=CARTESIAN_POINT('Ctrl Pts',(-12.2936942545795,11.3028528776978,134.786500555783));
#10885=CARTESIAN_POINT('Ctrl Pts',(-12.2000000000353,11.2182314110245,134.545221358604));
#10886=CARTESIAN_POINT('Ctrl Pts',(-12.2,3.,140.072983346207));
#10887=CARTESIAN_POINT('Ctrl Pts',(-12.2,4.50792562006387,140.072983346207));
#10888=CARTESIAN_POINT('Ctrl Pts',(-12.2,5.9311938173219,139.57483947711));
#10889=CARTESIAN_POINT('Ctrl Pts',(-12.7243346454848,3.,141.020661709449));
#10890=CARTESIAN_POINT('Ctrl Pts',(-12.7243346454848,4.66897951003001,141.020661709449));
#10891=CARTESIAN_POINT('Ctrl Pts',(-12.7243346454848,6.24425976715595,140.469313619392));
#10892=CARTESIAN_POINT('Ctrl Pts',(-13.4817747070779,3.,141.79481005034));
#10893=CARTESIAN_POINT('Ctrl Pts',(-13.4817747070779,4.80054271390542,141.79481005034));
#10894=CARTESIAN_POINT('Ctrl Pts',(-13.4817747070779,6.50000000039791,141.2));
#10895=CARTESIAN_POINT('',(-12.2,3.,140.072983346207));
#10896=CARTESIAN_POINT('Origin',(-19.2,3.,136.2));
#10897=CARTESIAN_POINT('',(-12.2,3.33020931698754,140.066836824316));
#10898=CARTESIAN_POINT('Origin',(-12.2,3.,131.2));
#10899=CARTESIAN_POINT('Ctrl Pts',(-12.2000000001695,3.3302093173452,140.066836824609));
#10900=CARTESIAN_POINT('Ctrl Pts',(-12.4003271694743,3.7529980273369,140.413412533503));
#10901=CARTESIAN_POINT('Ctrl Pts',(-12.6141087923685,4.22838784266674,140.68718578409));
#10902=CARTESIAN_POINT('Ctrl Pts',(-13.0570344627721,5.2952787452916,141.0892738982));
#10903=CARTESIAN_POINT('Ctrl Pts',(-13.2853894218145,5.89241087784042,141.200000000048));
#10904=CARTESIAN_POINT('Ctrl Pts',(-13.4817747070779,6.50000000039791,141.2));
#10905=CARTESIAN_POINT('Ctrl Pts',(-12.2,5.9311938173219,139.57483947711));
#10906=CARTESIAN_POINT('Ctrl Pts',(-12.2,11.8729833462074,137.495213141764));
#10907=CARTESIAN_POINT('Ctrl Pts',(-12.2,11.8729833462074,131.2));
#10908=CARTESIAN_POINT('Ctrl Pts',(-14.4834095385228,7.29455552190033,143.470158632606));
#10909=CARTESIAN_POINT('Ctrl Pts',(-14.4834095385228,16.,140.423253064925));
#10910=CARTESIAN_POINT('Ctrl Pts',(-14.4834095385228,16.,131.2));
#10911=CARTESIAN_POINT('Ctrl Pts',(-19.2,7.29455552190033,143.470158632606));
#10912=CARTESIAN_POINT('Ctrl Pts',(-19.2,16.,140.423253064925));
#10913=CARTESIAN_POINT('Ctrl Pts',(-19.2,16.,131.2));
#10914=CARTESIAN_POINT('',(-19.2,16.,131.2));
#10915=CARTESIAN_POINT('Origin',(-19.2,8.,131.2));
#10916=CARTESIAN_POINT('Origin',(-19.2,2.99999999999999,131.2));
#10917=CARTESIAN_POINT('Origin',(-19.2,19.,136.2));
#10918=CARTESIAN_POINT('',(-12.2,-0.498938662553238,140.072983346207));
#10919=CARTESIAN_POINT('Ctrl Pts',(-12.9550020005713,-1.69337613553267,
141.199999998713));
#10920=CARTESIAN_POINT('Ctrl Pts',(-12.687303113957,-1.29085905065023,140.865644196356));
#10921=CARTESIAN_POINT('Ctrl Pts',(-12.429782690324,-0.886791760724184,
140.488290794883));
#10922=CARTESIAN_POINT('Ctrl Pts',(-12.1999999999924,-0.498938662540413,
140.072983346194));
#10923=CARTESIAN_POINT('',(-12.2,19.,140.072983346207));
#10924=CARTESIAN_POINT('Origin',(41.7,0.,141.2));
#10925=CARTESIAN_POINT('',(41.7,0.,131.2));
#10926=CARTESIAN_POINT('',(41.7,10.,121.2));
#10927=CARTESIAN_POINT('Origin',(41.7,10.,131.2));
#10928=CARTESIAN_POINT('Origin',(41.7,-10.,131.2));
#10929=CARTESIAN_POINT('',(41.7,76.,131.2));
#10930=CARTESIAN_POINT('Origin',(41.7,86.,131.2));
#10931=CARTESIAN_POINT('',(41.7,66.,121.2));
#10932=CARTESIAN_POINT('Origin',(41.7,66.,131.2));
#10933=CARTESIAN_POINT('',(41.7,76.,121.2));
#10934=CARTESIAN_POINT('',(41.7,7.75,136.2));
#10935=CARTESIAN_POINT('Origin',(41.7,6.5,136.2));
#10936=CARTESIAN_POINT('',(41.7,70.75,131.2));
#10937=CARTESIAN_POINT('Origin',(41.7,69.5,131.2));
#10938=CARTESIAN_POINT('',(41.7,70.75,126.2));
#10939=CARTESIAN_POINT('Origin',(41.7,69.5,126.2));
#10940=CARTESIAN_POINT('',(41.7,7.75,131.2));
#10941=CARTESIAN_POINT('Origin',(41.7,6.5,131.2));
#10942=CARTESIAN_POINT('',(41.7,70.75,136.2));
#10943=CARTESIAN_POINT('Origin',(41.7,69.5,136.2));
#10944=CARTESIAN_POINT('',(41.7,7.75,126.2));
#10945=CARTESIAN_POINT('Origin',(41.7,6.5,126.2));
#10946=CARTESIAN_POINT('Origin',(-14.2,6.5,136.2));
#10947=CARTESIAN_POINT('',(-12.2,7.75,136.2));
#10948=CARTESIAN_POINT('Origin',(-12.2,6.5,136.2));
#10949=CARTESIAN_POINT('',(-9.2,7.75,136.2));
#10950=CARTESIAN_POINT('',(-14.2,7.75,136.2));
#10951=CARTESIAN_POINT('Origin',(-9.2,6.5,136.2));
#10952=CARTESIAN_POINT('Origin',(-14.2,6.5,136.2));
#10953=CARTESIAN_POINT('',(44.7,7.75,136.2));
#10954=CARTESIAN_POINT('',(-14.2,7.75,136.2));
#10955=CARTESIAN_POINT('Origin',(44.7,6.5,136.2));
#10956=CARTESIAN_POINT('Origin',(-14.2,69.5,131.2));
#10957=CARTESIAN_POINT('',(-12.2,70.75,131.2));
#10958=CARTESIAN_POINT('Origin',(-12.2,69.5,131.2));
#10959=CARTESIAN_POINT('',(-9.2,70.75,131.2));
#10960=CARTESIAN_POINT('',(-14.2,70.75,131.2));
#10961=CARTESIAN_POINT('Origin',(-9.2,69.5,131.2));
#10962=CARTESIAN_POINT('Origin',(-14.2,69.5,131.2));
#10963=CARTESIAN_POINT('',(44.7,70.75,131.2));
#10964=CARTESIAN_POINT('',(-14.2,70.75,131.2));
#10965=CARTESIAN_POINT('Origin',(44.7,69.5,131.2));
#10966=CARTESIAN_POINT('Origin',(-14.2,69.5,126.2));
#10967=CARTESIAN_POINT('',(-12.2,70.75,126.2));
#10968=CARTESIAN_POINT('Origin',(-12.2,69.5,126.2));
#10969=CARTESIAN_POINT('',(-9.2,70.75,126.2));
#10970=CARTESIAN_POINT('',(-14.2,70.75,126.2));
#10971=CARTESIAN_POINT('Origin',(-9.2,69.5,126.2));
#10972=CARTESIAN_POINT('Origin',(-14.2,69.5,126.2));
#10973=CARTESIAN_POINT('',(44.7,70.75,126.2));
#10974=CARTESIAN_POINT('',(-14.2,70.75,126.2));
#10975=CARTESIAN_POINT('Origin',(44.7,69.5,126.2));
#10976=CARTESIAN_POINT('Origin',(-14.2,6.5,131.2));
#10977=CARTESIAN_POINT('',(-12.2,7.75,131.2));
#10978=CARTESIAN_POINT('Origin',(-12.2,6.5,131.2));
#10979=CARTESIAN_POINT('',(-9.2,7.75,131.2));
#10980=CARTESIAN_POINT('',(-14.2,7.75,131.2));
#10981=CARTESIAN_POINT('Origin',(-9.2,6.5,131.2));
#10982=CARTESIAN_POINT('Origin',(-14.2,6.5,131.2));
#10983=CARTESIAN_POINT('',(44.7,7.75,131.2));
#10984=CARTESIAN_POINT('',(-14.2,7.75,131.2));
#10985=CARTESIAN_POINT('Origin',(44.7,6.5,131.2));
#10986=CARTESIAN_POINT('Origin',(-14.2,69.5,136.2));
#10987=CARTESIAN_POINT('',(-12.2,70.75,136.2));
#10988=CARTESIAN_POINT('Origin',(-12.2,69.5,136.2));
#10989=CARTESIAN_POINT('',(-9.2,70.75,136.2));
#10990=CARTESIAN_POINT('',(-14.2,70.75,136.2));
#10991=CARTESIAN_POINT('Origin',(-9.2,69.5,136.2));
#10992=CARTESIAN_POINT('Origin',(-14.2,69.5,136.2));
#10993=CARTESIAN_POINT('',(44.7,70.75,136.2));
#10994=CARTESIAN_POINT('',(-14.2,70.75,136.2));
#10995=CARTESIAN_POINT('Origin',(44.7,69.5,136.2));
#10996=CARTESIAN_POINT('Origin',(-14.2,6.5,126.2));
#10997=CARTESIAN_POINT('',(-12.2,7.75,126.2));
#10998=CARTESIAN_POINT('Origin',(-12.2,6.5,126.2));
#10999=CARTESIAN_POINT('',(-9.2,7.75,126.2));
#11000=CARTESIAN_POINT('',(-14.2,7.75,126.2));
#11001=CARTESIAN_POINT('Origin',(-9.2,6.5,126.2));
#11002=CARTESIAN_POINT('Origin',(-14.2,6.5,126.2));
#11003=CARTESIAN_POINT('',(44.7,7.75,126.2));
#11004=CARTESIAN_POINT('',(-14.2,7.75,126.2));
#11005=CARTESIAN_POINT('Origin',(44.7,6.5,126.2));
#11006=CARTESIAN_POINT('Origin',(-12.2,6.5,136.2));
#11007=CARTESIAN_POINT('',(-12.2,8.50000000000001,136.2));
#11008=CARTESIAN_POINT('Origin',(-12.2,6.5,136.2));
#11009=CARTESIAN_POINT('Origin',(-14.2,6.5,136.2));
#11010=CARTESIAN_POINT('',(-14.2,4.51381530127503,135.965329289108));
#11011=CARTESIAN_POINT('',(-14.2,6.95933906114108,134.253462657201));
#11012=CARTESIAN_POINT('Origin',(-14.2,6.5,136.2));
#11013=CARTESIAN_POINT('',(-14.8318947200657,8.50000000000001,136.2));
#11014=CARTESIAN_POINT('Ctrl Pts',(-14.8318947200657,8.50000000000001,136.200000000001));
#11015=CARTESIAN_POINT('Ctrl Pts',(-14.8950291890309,8.49999999999995,136.368502954949));
#11016=CARTESIAN_POINT('Ctrl Pts',(-14.9570558348957,8.4787166514748,136.537286556632));
#11017=CARTESIAN_POINT('Ctrl Pts',(-15.0976551256082,8.37314902073716,136.944104849443));
#11018=CARTESIAN_POINT('Ctrl Pts',(-15.1699058454389,8.26454550238381,137.176388964762));
#11019=CARTESIAN_POINT('Ctrl Pts',(-15.2523212591712,8.00057617939153,137.535354189389));
#11020=CARTESIAN_POINT('Ctrl Pts',(-15.2734391579549,7.86865333954983,137.67066753244));
#11021=CARTESIAN_POINT('Ctrl Pts',(-15.2831007937929,7.57676038201495,137.894785417725));
#11022=CARTESIAN_POINT('Ctrl Pts',(-15.2734796780867,7.4225326386978,137.983297453287));
#11023=CARTESIAN_POINT('Ctrl Pts',(-15.2193866783554,7.03465963939049,138.142414659512));
#11024=CARTESIAN_POINT('Ctrl Pts',(-15.1642299214945,6.79943274321758,138.191333109445));
#11025=CARTESIAN_POINT('Ctrl Pts',(-15.0241350530781,6.32531853532949,138.206724226982));
#11026=CARTESIAN_POINT('Ctrl Pts',(-14.9395760869872,6.08903668619663,138.171315903181));
#11027=CARTESIAN_POINT('Ctrl Pts',(-14.7545517356521,5.61827628035701,138.014144281526));
#11028=CARTESIAN_POINT('Ctrl Pts',(-14.6535566765197,5.38746636155403,137.882860959696));
#11029=CARTESIAN_POINT('Ctrl Pts',(-14.4705246059157,4.98953708909787,137.537054626333));
#11030=CARTESIAN_POINT('Ctrl Pts',(-14.3892645167885,4.82384904252401,137.324363376438));
#11031=CARTESIAN_POINT('Ctrl Pts',(-14.2718179239644,4.59596794530874,136.859713910552));
#11032=CARTESIAN_POINT('Ctrl Pts',(-14.2336702605947,4.52820597276348,136.618718106835));
#11033=CARTESIAN_POINT('Ctrl Pts',(-14.2045532368646,4.4957447344956,136.233685478475));
#11034=CARTESIAN_POINT('Ctrl Pts',(-14.2,4.4980400018749,136.098846838729));
#11035=CARTESIAN_POINT('Ctrl Pts',(-14.2,4.51381530127503,135.965329289108));
#11036=CARTESIAN_POINT('',(-14.2,8.50000000000001,136.2));
#11037=CARTESIAN_POINT('Ctrl Pts',(-14.2,6.95933906114553,134.253462657202));
#11038=CARTESIAN_POINT('Ctrl Pts',(-14.2,6.9868910450525,134.259964306126));
#11039=CARTESIAN_POINT('Ctrl Pts',(-14.2001996086747,7.0143287637318,134.267056513494));
#11040=CARTESIAN_POINT('Ctrl Pts',(-14.2042445447519,7.28173117677008,134.34228488607));
#11041=CARTESIAN_POINT('Ctrl Pts',(-14.2248280922633,7.50480332609618,134.453275356989));
#11042=CARTESIAN_POINT('Ctrl Pts',(-14.3051713336789,7.89957560939777,134.750013302598));
#11043=CARTESIAN_POINT('Ctrl Pts',(-14.3636767184218,8.06497340615924,134.931657237794));
#11044=CARTESIAN_POINT('Ctrl Pts',(-14.515736549065,8.3369987791038,135.364184032396));
#11045=CARTESIAN_POINT('Ctrl Pts',(-14.6113314585005,8.43135648090477,135.617108172841));
#11046=CARTESIAN_POINT('Ctrl Pts',(-14.7506576051481,8.49128411403889,135.984529390651));
#11047=CARTESIAN_POINT('Ctrl Pts',(-14.7915065581853,8.50000000000004,136.092205878448));
#11048=CARTESIAN_POINT('Ctrl Pts',(-14.8318947200657,8.50000000000001,136.200000000001));
#11049=CARTESIAN_POINT('Origin',(-12.2,69.5,131.2));
#11050=CARTESIAN_POINT('',(-12.2,71.5,131.2));
#11051=CARTESIAN_POINT('Origin',(-12.2,69.5,131.2));
#11052=CARTESIAN_POINT('Origin',(-14.2,69.5,131.2));
#11053=CARTESIAN_POINT('',(-14.2,67.9469696969697,129.939802841667));
#11054=CARTESIAN_POINT('',(-14.2,71.5,131.2));
#11055=CARTESIAN_POINT('Origin',(-14.2,69.5,131.2));
#11056=CARTESIAN_POINT('',(-14.2250628144669,67.5,131.2));
#11057=CARTESIAN_POINT('Ctrl Pts',(-14.2250628144669,67.5,131.2));
#11058=CARTESIAN_POINT('Ctrl Pts',(-14.2250628144669,67.5,131.115605824799));
#11059=CARTESIAN_POINT('Ctrl Pts',(-14.2244405354138,67.5053406487675,131.031309958333));
#11060=CARTESIAN_POINT('Ctrl Pts',(-14.2216820059521,67.5304115892312,130.834244820802));
#11061=CARTESIAN_POINT('Ctrl Pts',(-14.219080821908,67.5545134399916,130.722370888514));
#11062=CARTESIAN_POINT('Ctrl Pts',(-14.210096338515,67.6535245201808,130.399777964767));
#11063=CARTESIAN_POINT('Ctrl Pts',(-14.2024083743008,67.7542494835675,130.198929744507));
#11064=CARTESIAN_POINT('Ctrl Pts',(-14.2001593031367,67.9056987889177,129.991979396941));
#11065=CARTESIAN_POINT('Ctrl Pts',(-14.2,67.9260222883975,129.96561781837));
#11066=CARTESIAN_POINT('Ctrl Pts',(-14.2,67.9469696969697,129.939802841667));
#11067=CARTESIAN_POINT('',(-14.2,68.25,132.7612494996));
#11068=CARTESIAN_POINT('Ctrl Pts',(-14.2,68.25,132.7612494996));
#11069=CARTESIAN_POINT('Ctrl Pts',(-14.2,68.2110792783729,132.730087983105));
#11070=CARTESIAN_POINT('Ctrl Pts',(-14.2002222857346,68.1734190111808,132.697547041109));
#11071=CARTESIAN_POINT('Ctrl Pts',(-14.2027497598437,67.939631834228,132.479860935645));
#11072=CARTESIAN_POINT('Ctrl Pts',(-14.2094941834327,67.7853016612806,132.261726015799));
#11073=CARTESIAN_POINT('Ctrl Pts',(-14.2178473646324,67.6190655435305,131.894690360693));
#11074=CARTESIAN_POINT('Ctrl Pts',(-14.2204279031714,67.5752981007445,131.760824494829));
#11075=CARTESIAN_POINT('Ctrl Pts',(-14.2240516218757,67.5153982394759,131.486155088014));
#11076=CARTESIAN_POINT('Ctrl Pts',(-14.2250628144669,67.5,131.343292898519));
#11077=CARTESIAN_POINT('Ctrl Pts',(-14.2250628144669,67.5,131.2));
#11078=CARTESIAN_POINT('Origin',(-14.2,69.5,131.2));
#11079=CARTESIAN_POINT('',(-14.2,71.5,131.2));
#11080=CARTESIAN_POINT('Origin',(-12.2,69.5,126.2));
#11081=CARTESIAN_POINT('',(-12.2,71.5,126.2));
#11082=CARTESIAN_POINT('Origin',(-12.2,69.5,126.2));
#11083=CARTESIAN_POINT('Origin',(-14.2,69.5,126.2));
#11084=CARTESIAN_POINT('',(-14.2,71.5,126.2));
#11085=CARTESIAN_POINT('Origin',(-14.2,69.5,126.2));
#11086=CARTESIAN_POINT('',(-14.2,71.5,126.2));
#11087=CARTESIAN_POINT('Origin',(-12.2,6.5,131.2));
#11088=CARTESIAN_POINT('',(-12.2,8.5,131.2));
#11089=CARTESIAN_POINT('Origin',(-12.2,6.5,131.2));
#11090=CARTESIAN_POINT('Origin',(-14.2,6.5,131.2));
#11091=CARTESIAN_POINT('',(-14.2250628144669,8.5,131.2));
#11092=CARTESIAN_POINT('',(-14.2,7.74999999999999,132.7612494996));
#11093=CARTESIAN_POINT('Ctrl Pts',(-14.2250628144669,8.5,131.2));
#11094=CARTESIAN_POINT('Ctrl Pts',(-14.2250628144669,8.5,131.463736182623));
#11095=CARTESIAN_POINT('Ctrl Pts',(-14.2214803698554,8.44795036916002,131.719487754792));
#11096=CARTESIAN_POINT('Ctrl Pts',(-14.2112857490157,8.2542927507445,132.194919961867));
#11097=CARTESIAN_POINT('Ctrl Pts',(-14.2048005114164,8.11255676557587,132.40915782647));
#11098=CARTESIAN_POINT('Ctrl Pts',(-14.2006408361572,7.87927625209748,132.650866345467));
#11099=CARTESIAN_POINT('Ctrl Pts',(-14.2,7.81607068804681,132.708350613112));
#11100=CARTESIAN_POINT('Ctrl Pts',(-14.2,7.74999999999995,132.7612494996));
#11101=CARTESIAN_POINT('',(-14.2,8.5,131.2));
#11102=CARTESIAN_POINT('',(-14.2,8.0530303030303,129.939802841667));
#11103=CARTESIAN_POINT('Ctrl Pts',(-14.2,8.0530303030303,129.939802841667));
#11104=CARTESIAN_POINT('Ctrl Pts',(-14.2,8.09945148995969,129.997010961466));
#11105=CARTESIAN_POINT('Ctrl Pts',(-14.200782369249,8.14277560965207,130.056862512845));
#11106=CARTESIAN_POINT('Ctrl Pts',(-14.2054224136664,8.28839554148528,130.28357028043));
#11107=CARTESIAN_POINT('Ctrl Pts',(-14.2120316208393,8.36936783282818,130.462631771185));
#11108=CARTESIAN_POINT('Ctrl Pts',(-14.2198835043339,8.45317401263508,130.756024809572));
#11109=CARTESIAN_POINT('Ctrl Pts',(-14.2222204511474,8.47456344655935,130.863676209955));
#11110=CARTESIAN_POINT('Ctrl Pts',(-14.2245598977243,8.49566878344661,131.048075689754));
#11111=CARTESIAN_POINT('Ctrl Pts',(-14.2250628144669,8.5,131.124000132198));
#11112=CARTESIAN_POINT('Ctrl Pts',(-14.2250628144669,8.5,131.2));
#11113=CARTESIAN_POINT('Origin',(-14.2,6.5,131.2));
#11114=CARTESIAN_POINT('Origin',(-12.2,69.5,136.2));
#11115=CARTESIAN_POINT('',(-12.2,71.5,136.2));
#11116=CARTESIAN_POINT('Origin',(-12.2,69.5,136.2));
#11117=CARTESIAN_POINT('Origin',(-14.2,69.5,136.2));
#11118=CARTESIAN_POINT('',(-14.2,69.0406609388589,134.253462657201));
#11119=CARTESIAN_POINT('',(-14.2,71.486184698725,135.965329289108));
#11120=CARTESIAN_POINT('Origin',(-14.2,69.5,136.2));
#11121=CARTESIAN_POINT('',(-14.2048490969188,71.5,136.2));
#11122=CARTESIAN_POINT('Ctrl Pts',(-14.2048490969188,71.5,136.2));
#11123=CARTESIAN_POINT('Ctrl Pts',(-14.2132037988349,71.5,136.397909987488));
#11124=CARTESIAN_POINT('Ctrl Pts',(-14.232899636628,71.4707081113181,136.593706704884));
#11125=CARTESIAN_POINT('Ctrl Pts',(-14.3051713336789,71.3414529779569,137.018733313746));
#11126=CARTESIAN_POINT('Ctrl Pts',(-14.3636767184218,71.2273934927712,137.236314067046));
#11127=CARTESIAN_POINT('Ctrl Pts',(-14.515736549065,70.9141018335494,137.639954461253));
#11128=CARTESIAN_POINT('Ctrl Pts',(-14.6113314585006,70.7087519216672,137.815184054641));
#11129=CARTESIAN_POINT('Ctrl Pts',(-14.8137760432219,70.2369311875051,138.079735818593));
#11130=CARTESIAN_POINT('Ctrl Pts',(-14.9205611248671,69.9689620881355,138.164246917085));
#11131=CARTESIAN_POINT('Ctrl Pts',(-15.0976551256082,69.4419860478898,138.214699397482));
#11132=CARTESIAN_POINT('Ctrl Pts',(-15.1699058454389,69.1865595003682,138.192162466689));
#11133=CARTESIAN_POINT('Ctrl Pts',(-15.2523212591713,68.7589248230502,138.067004891098));
#11134=CARTESIAN_POINT('Ctrl Pts',(-15.2734391579549,68.5866299716475,137.989365850278));
#11135=CARTESIAN_POINT('Ctrl Pts',(-15.2831007937929,68.276139738264,137.79181550192));
#11136=CARTESIAN_POINT('Ctrl Pts',(-15.2734796780867,68.1401847054593,137.677199594197));
#11137=CARTESIAN_POINT('Ctrl Pts',(-15.2193866783554,67.8579167065588,137.367218101676));
#11138=CARTESIAN_POINT('Ctrl Pts',(-15.1642299214945,67.731439158267,137.162943440484));
#11139=CARTESIAN_POINT('Ctrl Pts',(-15.024135053078,67.554697003519,136.722735104176));
#11140=CARTESIAN_POINT('Ctrl Pts',(-14.9395760869871,67.5070915741657,136.488605685434));
#11141=CARTESIAN_POINT('Ctrl Pts',(-14.7545517356521,67.493636851574,135.992483473878));
#11142=CARTESIAN_POINT('Ctrl Pts',(-14.6535566765197,67.5379882555822,135.730679191692));
#11143=CARTESIAN_POINT('Ctrl Pts',(-14.4705246059157,67.7267029789088,135.238422673937));
#11144=CARTESIAN_POINT('Ctrl Pts',(-14.3892645167885,67.869835090385,135.009942269475));
#11145=CARTESIAN_POINT('Ctrl Pts',(-14.2718179239644,68.2284189109632,134.636784709942));
#11146=CARTESIAN_POINT('Ctrl Pts',(-14.2336702605947,68.4316642258661,134.490627245876));
#11147=CARTESIAN_POINT('Ctrl Pts',(-14.2045532368646,68.7823289561935,134.328337061957));
#11148=CARTESIAN_POINT('Ctrl Pts',(-14.2,68.9098086085473,134.284340866025));
#11149=CARTESIAN_POINT('Ctrl Pts',(-14.2,69.0406609388589,134.253462657201));
#11150=CARTESIAN_POINT('',(-14.2,71.5,136.2));
#11151=CARTESIAN_POINT('Ctrl Pts',(-14.2,71.4861846987255,135.965329289112));
#11152=CARTESIAN_POINT('Ctrl Pts',(-14.2,71.4895063116777,135.993442455838));
#11153=CARTESIAN_POINT('Ctrl Pts',(-14.2001996086747,71.4922339265851,136.021650396716));
#11154=CARTESIAN_POINT('Ctrl Pts',(-14.2013441852576,71.4981316659683,136.100031758213));
#11155=CARTESIAN_POINT('Ctrl Pts',(-14.2027418616109,71.5,136.150082849441));
#11156=CARTESIAN_POINT('Ctrl Pts',(-14.2048490969188,71.5,136.2));
#11157=CARTESIAN_POINT('Origin',(-12.2,6.5,126.2));
#11158=CARTESIAN_POINT('',(-12.2,8.50000000000001,126.2));
#11159=CARTESIAN_POINT('Origin',(-12.2,6.5,126.2));
#11160=CARTESIAN_POINT('Origin',(-14.2,6.5,126.2));
#11161=CARTESIAN_POINT('',(-14.2,8.50000000000001,126.2));
#11162=CARTESIAN_POINT('Origin',(-14.2,6.5,126.2));
#11163=CARTESIAN_POINT('',(-14.2,8.50000000000001,126.2));
#11164=CARTESIAN_POINT('Origin',(44.7,69.5,136.2));
#11165=CARTESIAN_POINT('',(44.7,67.5,136.2));
#11166=CARTESIAN_POINT('Origin',(44.7,69.5,136.2));
#11167=CARTESIAN_POINT('Origin',(46.7,69.5,136.2));
#11168=CARTESIAN_POINT('',(46.7,71.5,136.2));
#11169=CARTESIAN_POINT('',(46.7,67.5,136.2));
#11170=CARTESIAN_POINT('Origin',(46.7,69.5,136.2));
#11171=CARTESIAN_POINT('Ctrl Pts',(46.7,67.5,136.2));
#11172=CARTESIAN_POINT('Ctrl Pts',(46.7,67.5,136.454114446866));
#11173=CARTESIAN_POINT('Ctrl Pts',(46.7212299114593,67.5513614323448,136.723288307694));
#11174=CARTESIAN_POINT('Ctrl Pts',(46.7978392344084,67.7563771272713,137.215284230685));
#11175=CARTESIAN_POINT('Ctrl Pts',(46.8522975824296,67.9098836769393,137.438310801686));
#11176=CARTESIAN_POINT('Ctrl Pts',(46.9560918982049,68.2618673269195,137.790294451666));
#11177=CARTESIAN_POINT('Ctrl Pts',(47.0125931513207,68.4848264754572,137.94366591114));
#11178=CARTESIAN_POINT('Ctrl Pts',(47.0940041662145,68.9765594018881,138.148578200721));
#11179=CARTESIAN_POINT('Ctrl Pts',(47.1174243050442,69.2456282231649,138.2));
#11180=CARTESIAN_POINT('Ctrl Pts',(47.1174243050442,69.5,138.2));
#11181=CARTESIAN_POINT('Ctrl Pts',(47.1174243050442,69.7543717768351,138.2));
#11182=CARTESIAN_POINT('Ctrl Pts',(47.0940041662145,70.0234405981119,138.148578200721));
#11183=CARTESIAN_POINT('Ctrl Pts',(47.0125931513207,70.5151735245428,137.94366591114));
#11184=CARTESIAN_POINT('Ctrl Pts',(46.9560918982049,70.7381326730805,137.790294451666));
#11185=CARTESIAN_POINT('Ctrl Pts',(46.8522975824296,71.0901163230607,137.438310801686));
#11186=CARTESIAN_POINT('Ctrl Pts',(46.7978392344084,71.2436228727287,137.215284230685));
#11187=CARTESIAN_POINT('Ctrl Pts',(46.7212299114593,71.4486385676552,136.723288307694));
#11188=CARTESIAN_POINT('Ctrl Pts',(46.7,71.5,136.454114446866));
#11189=CARTESIAN_POINT('Ctrl Pts',(46.7,71.5,136.2));
#11190=CARTESIAN_POINT('',(46.7,67.5,136.2));
#11191=CARTESIAN_POINT('Origin',(44.7,6.5,131.2));
#11192=CARTESIAN_POINT('',(44.7,4.50000000000001,131.2));
#11193=CARTESIAN_POINT('Origin',(44.7,6.5,131.2));
#11194=CARTESIAN_POINT('Origin',(46.7,6.5,131.2));
#11195=CARTESIAN_POINT('',(46.7,4.50000000000001,131.2));
#11196=CARTESIAN_POINT('Origin',(46.7,6.5,131.2));
#11197=CARTESIAN_POINT('',(46.7,4.50000000000001,131.2));
#11198=CARTESIAN_POINT('Origin',(44.7,6.5,126.2));
#11199=CARTESIAN_POINT('',(44.7,4.5,126.2));
#11200=CARTESIAN_POINT('Origin',(44.7,6.5,126.2));
#11201=CARTESIAN_POINT('Origin',(46.7,6.5,126.2));
#11202=CARTESIAN_POINT('',(46.7,4.5,126.2));
#11203=CARTESIAN_POINT('Origin',(46.7,6.5,126.2));
#11204=CARTESIAN_POINT('',(46.7,4.5,126.2));
#11205=CARTESIAN_POINT('Origin',(44.7,69.5,131.2));
#11206=CARTESIAN_POINT('',(44.7,67.5,131.2));
#11207=CARTESIAN_POINT('Origin',(44.7,69.5,131.2));
#11208=CARTESIAN_POINT('Origin',(46.7,69.5,131.2));
#11209=CARTESIAN_POINT('',(46.7,67.5,131.2));
#11210=CARTESIAN_POINT('Origin',(46.7,69.5,131.2));
#11211=CARTESIAN_POINT('',(46.7,67.5,131.2));
#11212=CARTESIAN_POINT('Origin',(44.7,6.5,136.2));
#11213=CARTESIAN_POINT('',(44.7,4.5,136.2));
#11214=CARTESIAN_POINT('Origin',(44.7,6.5,136.2));
#11215=CARTESIAN_POINT('Origin',(46.7,6.5,136.2));
#11216=CARTESIAN_POINT('',(46.7,8.50000000000001,136.2));
#11217=CARTESIAN_POINT('',(46.7,4.5,136.2));
#11218=CARTESIAN_POINT('Origin',(46.7,6.5,136.2));
#11219=CARTESIAN_POINT('Ctrl Pts',(46.7,4.5,136.2));
#11220=CARTESIAN_POINT('Ctrl Pts',(46.7,4.5,136.454114446866));
#11221=CARTESIAN_POINT('Ctrl Pts',(46.7212299114593,4.55136143234481,136.723288307694));
#11222=CARTESIAN_POINT('Ctrl Pts',(46.7978392344084,4.75637712727134,137.215284230685));
#11223=CARTESIAN_POINT('Ctrl Pts',(46.8522975824296,4.90988367693933,137.438310801686));
#11224=CARTESIAN_POINT('Ctrl Pts',(46.9560918982049,5.26186732691951,137.790294451666));
#11225=CARTESIAN_POINT('Ctrl Pts',(47.0125931513207,5.48482647545718,137.94366591114));
#11226=CARTESIAN_POINT('Ctrl Pts',(47.0940041662145,5.97655940188814,138.148578200721));
#11227=CARTESIAN_POINT('Ctrl Pts',(47.1174243050442,6.2456282231649,138.2));
#11228=CARTESIAN_POINT('Ctrl Pts',(47.1174243050442,6.5,138.2));
#11229=CARTESIAN_POINT('Ctrl Pts',(47.1174243050442,6.7543717768351,138.2));
#11230=CARTESIAN_POINT('Ctrl Pts',(47.0940041662145,7.02344059811187,138.148578200721));
#11231=CARTESIAN_POINT('Ctrl Pts',(47.0125931513207,7.51517352454283,137.94366591114));
#11232=CARTESIAN_POINT('Ctrl Pts',(46.9560918982049,7.7381326730805,137.790294451666));
#11233=CARTESIAN_POINT('Ctrl Pts',(46.8522975824296,8.09011632306068,137.438310801686));
#11234=CARTESIAN_POINT('Ctrl Pts',(46.7978392344084,8.24362287272866,137.215284230685));
#11235=CARTESIAN_POINT('Ctrl Pts',(46.7212299114593,8.44863856765519,136.723288307694));
#11236=CARTESIAN_POINT('Ctrl Pts',(46.7,8.50000000000001,136.454114446866));
#11237=CARTESIAN_POINT('Ctrl Pts',(46.7,8.50000000000001,136.2));
#11238=CARTESIAN_POINT('',(46.7,4.5,136.2));
#11239=CARTESIAN_POINT('Origin',(44.7,69.5,126.2));
#11240=CARTESIAN_POINT('',(44.7,67.5,126.2));
#11241=CARTESIAN_POINT('Origin',(44.7,69.5,126.2));
#11242=CARTESIAN_POINT('Origin',(46.7,69.5,126.2));
#11243=CARTESIAN_POINT('',(46.7,67.5,126.2));
#11244=CARTESIAN_POINT('Origin',(46.7,69.5,126.2));
#11245=CARTESIAN_POINT('',(46.7,67.5,126.2));
#11246=CARTESIAN_POINT('Origin',(-23.25,78.625,156.2));
#11247=CARTESIAN_POINT('',(-32.25,8.76632514070944,144.2));
#11248=CARTESIAN_POINT('',(-35.2499999996855,16.9092282902761,147.19999999979));
#11249=CARTESIAN_POINT('Ctrl Pts',(-32.25,8.76632514070945,144.2));
#11250=CARTESIAN_POINT('Ctrl Pts',(-33.1783475859529,10.2936050726998,144.896260689465));
#11251=CARTESIAN_POINT('Ctrl Pts',(-34.3005618767518,12.8573573000002,145.988575987459));
#11252=CARTESIAN_POINT('Ctrl Pts',(-35.0535629238702,15.886552991324,146.937983859654));
#11253=CARTESIAN_POINT('Ctrl Pts',(-35.2495655608675,16.9095905344335,147.198906040596));
#11254=CARTESIAN_POINT('Ctrl Pts',(-23.25,3.05150946919531,141.2));
#11255=CARTESIAN_POINT('Ctrl Pts',(-23.745497694741,3.08888744800967,141.2));
#11256=CARTESIAN_POINT('Ctrl Pts',(-25.2286235492683,3.27639463929597,141.274551389372));
#11257=CARTESIAN_POINT('Ctrl Pts',(-28.599244908977,4.42389524793546,141.950428742922));
#11258=CARTESIAN_POINT('Ctrl Pts',(-31.0043445438194,6.7170231236794,143.265758407865));
#11259=CARTESIAN_POINT('Ctrl Pts',(-32.25,8.76632514070944,144.2));
#11260=CARTESIAN_POINT('',(-38.25,-33.25,156.2));
#11261=CARTESIAN_POINT('Origin',(-23.25,-33.25,156.2));
#11262=CARTESIAN_POINT('',(-38.25,109.25,156.2));
#11263=CARTESIAN_POINT('',(-38.25,78.625,156.2));
#11264=CARTESIAN_POINT('Origin',(-23.25,109.25,156.2));
#11265=CARTESIAN_POINT('',(-32.25,67.2336748592905,144.2));
#11266=CARTESIAN_POINT('Ctrl Pts',(-32.25,67.2336748592906,144.2));
#11267=CARTESIAN_POINT('Ctrl Pts',(-31.3157640467181,68.7706420952493,143.499323035039));
#11268=CARTESIAN_POINT('Ctrl Pts',(-29.429470034776,70.843615350625,142.380577614067));
#11269=CARTESIAN_POINT('Ctrl Pts',(-26.2184350415204,72.5052764141766,141.399625927279));
#11270=CARTESIAN_POINT('Ctrl Pts',(-24.2409894080769,72.8737350243846,141.2));
#11271=CARTESIAN_POINT('Ctrl Pts',(-23.25,72.9484905308047,141.2));
#11272=CARTESIAN_POINT('',(-35.2499999997638,59.0907717093155,147.199999999843));
#11273=CARTESIAN_POINT('Ctrl Pts',(-35.2495458657406,59.0904061074417,147.198918178857));
#11274=CARTESIAN_POINT('Ctrl Pts',(-35.1921613882046,59.3885460309346,147.122250900051));
#11275=CARTESIAN_POINT('Ctrl Pts',(-34.5370557173515,62.5355175645456,146.263634808899));
#11276=CARTESIAN_POINT('Ctrl Pts',(-33.4877967812708,65.1973016166366,145.128347585953));
#11277=CARTESIAN_POINT('Ctrl Pts',(-32.25,67.2336748592905,144.2));
#11278=CARTESIAN_POINT('',(-35.82,53.,148.014946548739));
#11279=CARTESIAN_POINT('Ctrl Pts',(-35.82,53.,148.014946548739));
#11280=CARTESIAN_POINT('Ctrl Pts',(-35.82,54.6429191216683,148.014946548739));
#11281=CARTESIAN_POINT('Ctrl Pts',(-35.6586922232863,56.7495293052897,147.759487532284));
#11282=CARTESIAN_POINT('Ctrl Pts',(-35.3315553517812,58.6643274369771,147.30848516284));
#11283=CARTESIAN_POINT('Ctrl Pts',(-35.2495458657406,59.0904061074417,147.198918178857));
#11284=CARTESIAN_POINT('',(-35.82,23.,148.014946548739));
#11285=CARTESIAN_POINT('',(-35.82,78.625,148.014946548739));
#11286=CARTESIAN_POINT('Ctrl Pts',(-35.2495655608675,16.9095905344335,147.198906040596));
#11287=CARTESIAN_POINT('Ctrl Pts',(-35.3312139746166,17.3357551711971,147.307597854708));
#11288=CARTESIAN_POINT('Ctrl Pts',(-35.6561738683051,19.2520897247295,147.753142034725));
#11289=CARTESIAN_POINT('Ctrl Pts',(-35.82,21.3570808783318,148.014946548739));
#11290=CARTESIAN_POINT('Ctrl Pts',(-35.82,23.,148.014946548739));
#11291=CARTESIAN_POINT('Origin',(70.75,-43.25,141.2));
#11292=CARTESIAN_POINT('',(70.75,-33.25,156.2));
#11293=CARTESIAN_POINT('',(70.75,-33.25,166.2));
#11294=CARTESIAN_POINT('',(70.75,-33.25,141.2));
#11295=CARTESIAN_POINT('',(70.75,109.25,156.2));
#11296=CARTESIAN_POINT('',(70.75,-2.62500000000001,156.2));
#11297=CARTESIAN_POINT('',(70.75,109.25,166.2));
#11298=CARTESIAN_POINT('',(70.75,109.25,141.2));
#11299=CARTESIAN_POINT('',(70.75,-43.25,166.2));
#11300=CARTESIAN_POINT('Origin',(55.75,-2.62500000000001,156.2));
#11301=CARTESIAN_POINT('Origin',(55.75,-33.25,156.2));
#11302=CARTESIAN_POINT('Origin',(55.75,109.25,156.2));
#11303=CARTESIAN_POINT('Origin',(-38.25,119.25,141.2));
#11304=CARTESIAN_POINT('',(-38.25,-33.25,166.2));
#11305=CARTESIAN_POINT('',(-38.25,-33.25,141.2));
#11306=CARTESIAN_POINT('',(-38.25,109.25,166.2));
#11307=CARTESIAN_POINT('',(-38.25,119.25,166.2));
#11308=CARTESIAN_POINT('',(-38.25,109.25,141.2));
#11309=CARTESIAN_POINT('Origin',(70.75,119.25,141.2));
#11310=CARTESIAN_POINT('',(60.75,119.25,156.2));
#11311=CARTESIAN_POINT('',(60.75,119.25,166.2));
#11312=CARTESIAN_POINT('',(60.75,119.25,141.2));
#11313=CARTESIAN_POINT('',(55.75,119.25,151.2));
#11314=CARTESIAN_POINT('Origin',(55.75,119.25,156.2));
#11315=CARTESIAN_POINT('',(-23.25,119.25,151.2));
#11316=CARTESIAN_POINT('',(43.5,119.25,151.2));
#11317=CARTESIAN_POINT('',(-28.25,119.25,156.2));
#11318=CARTESIAN_POINT('Origin',(-23.25,119.25,156.2));
#11319=CARTESIAN_POINT('',(-28.25,119.25,166.2));
#11320=CARTESIAN_POINT('',(-28.25,119.25,141.2));
#11321=CARTESIAN_POINT('',(70.75,119.25,166.2));
#11322=CARTESIAN_POINT('Origin',(60.75,109.25,141.2));
#11323=CARTESIAN_POINT('Origin',(60.75,109.25,166.2));
#11324=CARTESIAN_POINT('Origin',(60.75,109.25,156.2));
#11325=CARTESIAN_POINT('Ctrl Pts',(55.75,119.25,151.2));
#11326=CARTESIAN_POINT('Ctrl Pts',(60.75,119.25,151.2));
#11327=CARTESIAN_POINT('Ctrl Pts',(60.75,119.25,156.2));
#11328=CARTESIAN_POINT('Ctrl Pts',(55.75,119.25,141.2));
#11329=CARTESIAN_POINT('Ctrl Pts',(70.75,119.25,141.2));
#11330=CARTESIAN_POINT('Ctrl Pts',(70.75,119.25,156.2));
#11331=CARTESIAN_POINT('Ctrl Pts',(55.75,109.25,141.2));
#11332=CARTESIAN_POINT('Ctrl Pts',(70.75,109.25,141.2));
#11333=CARTESIAN_POINT('Ctrl Pts',(70.75,109.25,156.2));
#11334=CARTESIAN_POINT('Origin',(55.75,109.25,151.2));
#11335=CARTESIAN_POINT('Origin',(43.5,109.25,151.2));
#11336=CARTESIAN_POINT('Origin',(-23.25,109.25,151.2));
#11337=CARTESIAN_POINT('Ctrl Pts',(-28.25,119.25,156.2));
#11338=CARTESIAN_POINT('Ctrl Pts',(-28.25,119.25,151.2));
#11339=CARTESIAN_POINT('Ctrl Pts',(-23.25,119.25,151.2));
#11340=CARTESIAN_POINT('Ctrl Pts',(-38.25,119.25,156.2));
#11341=CARTESIAN_POINT('Ctrl Pts',(-38.25,119.25,141.2));
#11342=CARTESIAN_POINT('Ctrl Pts',(-23.25,119.25,141.2));
#11343=CARTESIAN_POINT('Ctrl Pts',(-38.25,109.25,156.2));
#11344=CARTESIAN_POINT('Ctrl Pts',(-38.25,109.25,141.2));
#11345=CARTESIAN_POINT('Ctrl Pts',(-23.25,109.25,141.2));
#11346=CARTESIAN_POINT('Origin',(-28.25,109.25,156.2));
#11347=CARTESIAN_POINT('Origin',(-28.25,109.25,141.2));
#11348=CARTESIAN_POINT('Origin',(-28.25,109.25,166.2));
#11349=CARTESIAN_POINT('Origin',(16.25,38.,166.2));
#11350=CARTESIAN_POINT('',(-28.25,-43.25,166.2));
#11351=CARTESIAN_POINT('Origin',(-28.25,-33.25,166.2));
#11352=CARTESIAN_POINT('',(60.75,-43.25,166.2));
#11353=CARTESIAN_POINT('',(-38.25,-43.25,166.2));
#11354=CARTESIAN_POINT('Origin',(60.75,-33.25,166.2));
#11355=CARTESIAN_POINT('Origin',(-38.25,-43.25,141.2));
#11356=CARTESIAN_POINT('',(-28.25,-43.25,156.2));
#11357=CARTESIAN_POINT('',(-28.25,-43.25,141.2));
#11358=CARTESIAN_POINT('',(-23.25,-43.25,151.2));
#11359=CARTESIAN_POINT('Origin',(-23.25,-43.25,156.2));
#11360=CARTESIAN_POINT('',(55.75,-43.25,151.2));
#11361=CARTESIAN_POINT('',(-11.,-43.25,151.2));
#11362=CARTESIAN_POINT('',(60.75,-43.25,156.2));
#11363=CARTESIAN_POINT('Origin',(55.75,-43.25,156.2));
#11364=CARTESIAN_POINT('',(60.75,-43.25,141.2));
#11365=CARTESIAN_POINT('Origin',(-28.25,-33.25,141.2));
#11366=CARTESIAN_POINT('Origin',(-28.25,-33.25,156.2));
#11367=CARTESIAN_POINT('Ctrl Pts',(-23.25,-43.25,151.2));
#11368=CARTESIAN_POINT('Ctrl Pts',(-28.25,-43.25,151.2));
#11369=CARTESIAN_POINT('Ctrl Pts',(-28.25,-43.25,156.2));
#11370=CARTESIAN_POINT('Ctrl Pts',(-23.25,-43.25,141.2));
#11371=CARTESIAN_POINT('Ctrl Pts',(-38.25,-43.25,141.2));
#11372=CARTESIAN_POINT('Ctrl Pts',(-38.25,-43.25,156.2));
#11373=CARTESIAN_POINT('Ctrl Pts',(-23.25,-33.25,141.2));
#11374=CARTESIAN_POINT('Ctrl Pts',(-38.25,-33.25,141.2));
#11375=CARTESIAN_POINT('Ctrl Pts',(-38.25,-33.25,156.2));
#11376=CARTESIAN_POINT('Origin',(-23.25,-33.25,151.2));
#11377=CARTESIAN_POINT('Origin',(-11.,-33.25,151.2));
#11378=CARTESIAN_POINT('Origin',(55.75,-33.25,151.2));
#11379=CARTESIAN_POINT('Ctrl Pts',(60.75,-43.25,156.2));
#11380=CARTESIAN_POINT('Ctrl Pts',(60.75,-43.25,151.2));
#11381=CARTESIAN_POINT('Ctrl Pts',(55.75,-43.25,151.2));
#11382=CARTESIAN_POINT('Ctrl Pts',(70.75,-43.25,156.2));
#11383=CARTESIAN_POINT('Ctrl Pts',(70.75,-43.25,141.2));
#11384=CARTESIAN_POINT('Ctrl Pts',(55.75,-43.25,141.2));
#11385=CARTESIAN_POINT('Ctrl Pts',(70.75,-33.25,156.2));
#11386=CARTESIAN_POINT('Ctrl Pts',(70.75,-33.25,141.2));
#11387=CARTESIAN_POINT('Ctrl Pts',(55.75,-33.25,141.2));
#11388=CARTESIAN_POINT('Origin',(60.75,-33.25,156.2));
#11389=CARTESIAN_POINT('Origin',(60.75,-33.25,141.2));
#11390=CARTESIAN_POINT('Origin',(-19.2,38.,136.2));
#11391=CARTESIAN_POINT('',(-34.2,23.,136.2));
#11392=CARTESIAN_POINT('',(-19.2,23.,121.2));
#11393=CARTESIAN_POINT('Origin',(-19.2,23.,136.2));
#11394=CARTESIAN_POINT('',(-34.2,53.,136.2));
#11395=CARTESIAN_POINT('',(-34.2,38.,136.2));
#11396=CARTESIAN_POINT('',(-19.2,53.,121.2));
#11397=CARTESIAN_POINT('Origin',(-19.2,53.,136.2));
#11398=CARTESIAN_POINT('',(-19.2,38.,121.2));
#11399=CARTESIAN_POINT('Origin',(42.95,66.,131.2));
#11400=CARTESIAN_POINT('',(46.7,76.,131.2));
#11401=CARTESIAN_POINT('',(46.7,66.,121.2));
#11402=CARTESIAN_POINT('Origin',(46.7,66.,131.2));
#11403=CARTESIAN_POINT('',(42.95,66.,121.2));
#11404=CARTESIAN_POINT('',(42.95,76.,131.2));
#11405=CARTESIAN_POINT('Origin',(44.2,38.,121.2));
#11406=CARTESIAN_POINT('',(46.7,10.,121.2));
#11407=CARTESIAN_POINT('',(45.45,10.,121.2));
#11408=CARTESIAN_POINT('',(46.7,0.,121.2));
#11409=CARTESIAN_POINT('Origin',(45.45,10.,131.2));
#11410=CARTESIAN_POINT('',(46.7,0.,131.2));
#11411=CARTESIAN_POINT('Origin',(46.7,10.,131.2));
#11412=CARTESIAN_POINT('',(45.45,0.,131.2));
#11413=CARTESIAN_POINT('Origin',(-14.2,0.,141.2));
#11414=CARTESIAN_POINT('',(-14.2,77.3397459621556,136.2));
#11415=CARTESIAN_POINT('',(-14.2,73.,136.2));
#11416=CARTESIAN_POINT('',(-14.2,19.,136.2));
#11417=CARTESIAN_POINT('',(-14.2,76.,131.2));
#11418=CARTESIAN_POINT('Origin',(-14.2,86.,131.2));
#11419=CARTESIAN_POINT('',(-14.2,66.,121.2));
#11420=CARTESIAN_POINT('Origin',(-14.2,66.,131.2));
#11421=CARTESIAN_POINT('',(-14.2,64.180339887499,121.2));
#11422=CARTESIAN_POINT('',(-14.2,76.,121.2));
#11423=CARTESIAN_POINT('Origin',(-14.2,53.,131.2));
#11424=CARTESIAN_POINT('Origin',(-14.2,73.,131.2));
#11425=CARTESIAN_POINT('Origin',(-14.2,73.,131.2));
#11426=CARTESIAN_POINT('Origin',(-12.95,66.,131.2));
#11427=CARTESIAN_POINT('',(-9.2,76.,131.2));
#11428=CARTESIAN_POINT('',(-9.2,66.,121.2));
#11429=CARTESIAN_POINT('Origin',(-9.2,66.,131.2));
#11430=CARTESIAN_POINT('',(-12.95,66.,121.2));
#11431=CARTESIAN_POINT('',(-12.95,76.,131.2));
#11432=CARTESIAN_POINT('Origin',(-11.7,38.,121.2));
#11433=CARTESIAN_POINT('',(-14.2,10.,121.2));
#11434=CARTESIAN_POINT('',(-9.2,10.,121.2));
#11435=CARTESIAN_POINT('',(-10.45,10.,121.2));
#11436=CARTESIAN_POINT('',(-14.2,11.819660112501,121.2));
#11437=CARTESIAN_POINT('',(-14.2,76.,121.2));
#11438=CARTESIAN_POINT('Ctrl Pts',(-19.2,23.,121.2));
#11439=CARTESIAN_POINT('Ctrl Pts',(-18.4990547765021,22.0087137584486,121.2));
#11440=CARTESIAN_POINT('Ctrl Pts',(-17.725922253894,20.9192605123542,121.2));
#11441=CARTESIAN_POINT('Ctrl Pts',(-16.3090546319153,18.6678858420444,121.2));
#11442=CARTESIAN_POINT('Ctrl Pts',(-15.6718064794145,17.5018884762891,121.2));
#11443=CARTESIAN_POINT('Ctrl Pts',(-14.9222065726851,15.6984247453158,121.2));
#11444=CARTESIAN_POINT('Ctrl Pts',(-14.6588154309893,14.930383407963,121.2));
#11445=CARTESIAN_POINT('Ctrl Pts',(-14.2967058725782,13.360718595531,121.2));
#11446=CARTESIAN_POINT('Ctrl Pts',(-14.2,12.5586315213773,121.2));
#11447=CARTESIAN_POINT('Ctrl Pts',(-14.2,11.819660112501,121.2));
#11448=CARTESIAN_POINT('Ctrl Pts',(-14.2,64.180339887499,121.2));
#11449=CARTESIAN_POINT('Ctrl Pts',(-14.2,63.4413684786227,121.2));
#11450=CARTESIAN_POINT('Ctrl Pts',(-14.2967058725782,62.639281404469,121.2));
#11451=CARTESIAN_POINT('Ctrl Pts',(-14.6588154309893,61.069616592037,121.2));
#11452=CARTESIAN_POINT('Ctrl Pts',(-14.9222065726851,60.3015752546842,121.2));
#11453=CARTESIAN_POINT('Ctrl Pts',(-15.6718064794145,58.4981115237109,121.2));
#11454=CARTESIAN_POINT('Ctrl Pts',(-16.3090546319153,57.3321141579556,121.2));
#11455=CARTESIAN_POINT('Ctrl Pts',(-17.725922253894,55.0807394876458,121.2));
#11456=CARTESIAN_POINT('Ctrl Pts',(-18.4990547765021,53.9912862415514,121.2));
#11457=CARTESIAN_POINT('Ctrl Pts',(-19.2,53.,121.2));
#11458=CARTESIAN_POINT('',(-9.2,0.,121.2));
#11459=CARTESIAN_POINT('Origin',(-9.2,76.,141.2));
#11460=CARTESIAN_POINT('',(-9.2,0.,131.2));
#11461=CARTESIAN_POINT('Origin',(-9.2,-10.,131.2));
#11462=CARTESIAN_POINT('Origin',(-9.2,10.,131.2));
#11463=CARTESIAN_POINT('Origin',(-9.2,86.,131.2));
#11464=CARTESIAN_POINT('Origin',(-9.2,69.5,136.2));
#11465=CARTESIAN_POINT('',(-9.2,45.1753468458795,124.2));
#11466=CARTESIAN_POINT('Origin',(-10.45,10.,131.2));
#11467=CARTESIAN_POINT('',(-14.2,0.,131.2));
#11468=CARTESIAN_POINT('Origin',(-14.2,10.,131.2));
#11469=CARTESIAN_POINT('',(-10.45,0.,131.2));
#11470=CARTESIAN_POINT('Ctrl Pts',(-24.2,63.,136.2));
#11471=CARTESIAN_POINT('Ctrl Pts',(-24.2,63.,131.2));
#11472=CARTESIAN_POINT('Ctrl Pts',(-19.2,63.,131.2));
#11473=CARTESIAN_POINT('Ctrl Pts',(-34.2,63.,136.2));
#11474=CARTESIAN_POINT('Ctrl Pts',(-34.2,63.,121.2));
#11475=CARTESIAN_POINT('Ctrl Pts',(-19.2,63.,121.2));
#11476=CARTESIAN_POINT('Ctrl Pts',(-34.2,53.,136.2));
#11477=CARTESIAN_POINT('Ctrl Pts',(-34.2,53.,121.2));
#11478=CARTESIAN_POINT('Ctrl Pts',(-19.2,53.,121.2));
#11479=CARTESIAN_POINT('',(-22.7985543539237,62.9742452654023,131.757340303798));
#11480=CARTESIAN_POINT('',(-31.225,60.1168374296453,136.2));
#11481=CARTESIAN_POINT('Ctrl Pts',(-22.7985543539237,62.9742452654023,131.757340303798));
#11482=CARTESIAN_POINT('Ctrl Pts',(-24.0118665692134,62.9368675121923,132.071205347731));
#11483=CARTESIAN_POINT('Ctrl Pts',(-25.9873268015676,62.7526382070884,132.78256940216));
#11484=CARTESIAN_POINT('Ctrl Pts',(-28.8598981273584,61.9218076753125,134.221546321587));
#11485=CARTESIAN_POINT('Ctrl Pts',(-30.4464700389316,60.8853210476247,135.462848599855));
#11486=CARTESIAN_POINT('Ctrl Pts',(-31.225,60.1168374296453,136.2));
#11487=CARTESIAN_POINT('',(-19.2,63.,131.2));
#11488=CARTESIAN_POINT('Ctrl Pts',(-19.2,63.,131.2));
#11489=CARTESIAN_POINT('Ctrl Pts',(-19.9715796937572,63.,131.2));
#11490=CARTESIAN_POINT('Ctrl Pts',(-21.3024154059318,63.0017499517354,131.373156327407));
#11491=CARTESIAN_POINT('Ctrl Pts',(-22.3738875765914,62.9873277101347,131.647485597775));
#11492=CARTESIAN_POINT('Ctrl Pts',(-22.7985543539237,62.9742452654023,131.757340303798));
#11493=CARTESIAN_POINT('Origin',(-19.2,53.,131.2));
#11494=CARTESIAN_POINT('Origin',(-24.2,53.,136.2));
#11495=CARTESIAN_POINT('Origin',(-24.2,53.,136.2));
#11496=CARTESIAN_POINT('',(-34.2,53.,142.558244247898));
#11497=CARTESIAN_POINT('Ctrl Pts',(-31.225,60.1168374296453,136.2));
#11498=CARTESIAN_POINT('Ctrl Pts',(-32.2564973177261,59.098650808318,137.747245976589));
#11499=CARTESIAN_POINT('Ctrl Pts',(-33.2474850987332,57.590274535924,139.891722858675));
#11500=CARTESIAN_POINT('Ctrl Pts',(-34.0441969819517,55.0422918026997,142.064761707104));
#11501=CARTESIAN_POINT('Ctrl Pts',(-34.2,53.8214595608342,142.558244247898));
#11502=CARTESIAN_POINT('Ctrl Pts',(-34.2,53.,142.558244247898));
#11503=CARTESIAN_POINT('',(-34.2,53.,136.2));
#11504=CARTESIAN_POINT('Origin',(-34.2,38.,131.2));
#11505=CARTESIAN_POINT('',(-34.2,23.,142.558244247898));
#11506=CARTESIAN_POINT('',(-34.2,78.625,142.558244247898));
#11507=CARTESIAN_POINT('',(-34.2,23.,126.2));
#11508=CARTESIAN_POINT('Origin',(-24.2,23.,126.2));
#11509=CARTESIAN_POINT('',(-31.225,15.8831625703547,136.2));
#11510=CARTESIAN_POINT('Ctrl Pts',(-34.2,23.,142.558244247898));
#11511=CARTESIAN_POINT('Ctrl Pts',(-34.2,22.1785404391658,142.558244247898));
#11512=CARTESIAN_POINT('Ctrl Pts',(-33.9890037786509,20.5518945257628,141.883873650025));
#11513=CARTESIAN_POINT('Ctrl Pts',(-33.0584684026704,18.0995630638069,139.423650695467));
#11514=CARTESIAN_POINT('Ctrl Pts',(-31.9986229882945,16.6468025363501,137.360434482442));
#11515=CARTESIAN_POINT('Ctrl Pts',(-31.225,15.8831625703547,136.2));
#11516=CARTESIAN_POINT('Origin',(-24.2,23.,136.2));
#11517=CARTESIAN_POINT('Ctrl Pts',(-19.2,13.,131.2));
#11518=CARTESIAN_POINT('Ctrl Pts',(-24.2,13.,131.2));
#11519=CARTESIAN_POINT('Ctrl Pts',(-24.2,13.,136.2));
#11520=CARTESIAN_POINT('Ctrl Pts',(-19.2,13.,121.2));
#11521=CARTESIAN_POINT('Ctrl Pts',(-34.2,13.,121.2));
#11522=CARTESIAN_POINT('Ctrl Pts',(-34.2,13.,136.2));
#11523=CARTESIAN_POINT('Ctrl Pts',(-19.2,23.,121.2));
#11524=CARTESIAN_POINT('Ctrl Pts',(-34.2,23.,121.2));
#11525=CARTESIAN_POINT('Ctrl Pts',(-34.2,23.,136.2));
#11526=CARTESIAN_POINT('',(-22.7985543539236,13.0257547345976,131.757340303798));
#11527=CARTESIAN_POINT('',(-19.2,13.,131.2));
#11528=CARTESIAN_POINT('Ctrl Pts',(-22.7985543539237,13.0257547345976,131.757340303798));
#11529=CARTESIAN_POINT('Ctrl Pts',(-22.3739709434485,13.0126748580961,131.647507163488));
#11530=CARTESIAN_POINT('Ctrl Pts',(-21.3027823640798,12.9982503558262,131.373210931039));
#11531=CARTESIAN_POINT('Ctrl Pts',(-19.9714642019055,13.,131.2));
#11532=CARTESIAN_POINT('Ctrl Pts',(-19.2,13.,131.2));
#11533=CARTESIAN_POINT('Ctrl Pts',(-31.225,15.8831625703547,136.2));
#11534=CARTESIAN_POINT('Ctrl Pts',(-30.1869537865163,14.8585115618398,135.217125534083));
#11535=CARTESIAN_POINT('Ctrl Pts',(-28.1614323133482,13.7119476239677,133.745872381358));
#11536=CARTESIAN_POINT('Ctrl Pts',(-25.032846732201,13.138197319648,132.430534052594));
#11537=CARTESIAN_POINT('Ctrl Pts',(-23.4052141232182,13.0444437240048,131.914273772976));
#11538=CARTESIAN_POINT('Ctrl Pts',(-22.7985543539236,13.0257547345977,131.757340303798));
#11539=CARTESIAN_POINT('Origin',(-19.2,23.,131.2));
#11540=CARTESIAN_POINT('Origin',(-14.2,0.,141.2));
#11541=CARTESIAN_POINT('Origin',(-14.2,3.,131.2));
#11542=CARTESIAN_POINT('Origin',(-14.2,23.,131.2));
#11543=CARTESIAN_POINT('',(-14.2,-1.33974596215561,136.2));
#11544=CARTESIAN_POINT('Origin',(-14.2,-10.,131.2));
#11545=CARTESIAN_POINT('',(-14.2,3.,136.2));
#11546=CARTESIAN_POINT('',(-14.2,19.,136.2));
#11547=CARTESIAN_POINT('Origin',(-14.2,3.,131.2));
#11548=CARTESIAN_POINT('Ctrl Pts',(-22.7985543539236,13.0257547345977,131.757340303798));
#11549=CARTESIAN_POINT('Ctrl Pts',(-23.4052141232182,13.0444437240048,131.914273772976));
#11550=CARTESIAN_POINT('Ctrl Pts',(-25.032846732201,13.138197319648,132.430534052594));
#11551=CARTESIAN_POINT('Ctrl Pts',(-28.1614323133482,13.7119476239677,133.745872381358));
#11552=CARTESIAN_POINT('Ctrl Pts',(-30.1869537865163,14.8585115618398,135.217125534083));
#11553=CARTESIAN_POINT('Ctrl Pts',(-31.225,15.8831625703547,136.2));
#11554=CARTESIAN_POINT('Ctrl Pts',(-22.8021904420288,12.9454189624339,133.197986504726));
#11555=CARTESIAN_POINT('Ctrl Pts',(-23.3638981891891,12.940254890497,133.33726008999));
#11556=CARTESIAN_POINT('Ctrl Pts',(-24.8684280607844,12.9679507011136,133.794452107109));
#11557=CARTESIAN_POINT('Ctrl Pts',(-27.7891678335824,13.417350201398,134.939550751735));
#11558=CARTESIAN_POINT('Ctrl Pts',(-29.7962803609696,14.5004924984956,136.249534244772));
#11559=CARTESIAN_POINT('Ctrl Pts',(-30.8625287149296,15.5253687043585,137.154197454086));
#11560=CARTESIAN_POINT('Ctrl Pts',(-22.8381881368086,12.1500854824385,136.037114917197));
#11561=CARTESIAN_POINT('Ctrl Pts',(-23.3235144696047,12.1132351701177,136.132146313376));
#11562=CARTESIAN_POINT('Ctrl Pts',(-24.6308738316004,12.0564435931077,136.451469814208));
#11563=CARTESIAN_POINT('Ctrl Pts',(-27.2562704432899,12.3775356712601,137.260620689548));
#11564=CARTESIAN_POINT('Ctrl Pts',(-29.2650825479811,13.4585914369957,138.291870821463));
#11565=CARTESIAN_POINT('Ctrl Pts',(-30.387785493241,14.5574931073871,139.061036270985));
#11566=CARTESIAN_POINT('Ctrl Pts',(-22.9895515561131,8.80586036591749,139.983795986795));
#11567=CARTESIAN_POINT('Ctrl Pts',(-23.4120835035858,8.77310940898599,140.003821896112));
#11568=CARTESIAN_POINT('Ctrl Pts',(-24.6016592118242,8.74214731198408,140.107454878772));
#11569=CARTESIAN_POINT('Ctrl Pts',(-27.1911838107422,9.24835334514106,140.54361045935));
#11570=CARTESIAN_POINT('Ctrl Pts',(-29.3094486657204,10.7144880302875,141.377124703269));
#11571=CARTESIAN_POINT('Ctrl Pts',(-30.5098237997426,12.1596394520027,142.054200074328));
#11572=CARTESIAN_POINT('Ctrl Pts',(-23.1521400009908,5.21362940605453,141.2));
#11573=CARTESIAN_POINT('Ctrl Pts',(-23.6048018090632,5.22433583534084,141.196364040288));
#11574=CARTESIAN_POINT('Ctrl Pts',(-24.9355404243251,5.3293078953381,141.249303077338));
#11575=CARTESIAN_POINT('Ctrl Pts',(-27.9355718920846,6.23444721160802,141.750356063638));
#11576=CARTESIAN_POINT('Ctrl Pts',(-30.2150084958549,8.2174293537825,142.805291032697));
#11577=CARTESIAN_POINT('Ctrl Pts',(-31.4456115462054,10.0396129200555,143.596708659654));
#11578=CARTESIAN_POINT('Ctrl Pts',(-23.25,3.05150946919531,141.2));
#11579=CARTESIAN_POINT('Ctrl Pts',(-23.745497694741,3.08888744800967,141.2));
#11580=CARTESIAN_POINT('Ctrl Pts',(-25.2286235492683,3.27639463929597,141.274551389372));
#11581=CARTESIAN_POINT('Ctrl Pts',(-28.599244908977,4.42389524793546,141.950428742922));
#11582=CARTESIAN_POINT('Ctrl Pts',(-31.0043445438194,6.7170231236794,143.265758407865));
#11583=CARTESIAN_POINT('Ctrl Pts',(-32.25,8.76632514070944,144.2));
#11584=CARTESIAN_POINT('Origin',(-38.25,8.76632514070944,136.2));
#11585=CARTESIAN_POINT('Origin',(-23.25,3.0515094691953,131.2));
#11586=CARTESIAN_POINT('Ctrl Pts',(-31.225,60.1168374296453,136.2));
#11587=CARTESIAN_POINT('Ctrl Pts',(-30.4464700389316,60.8853210476247,135.462848599855));
#11588=CARTESIAN_POINT('Ctrl Pts',(-28.8598981273584,61.9218076753125,134.221546321587));
#11589=CARTESIAN_POINT('Ctrl Pts',(-25.9873268015676,62.7526382070884,132.78256940216));
#11590=CARTESIAN_POINT('Ctrl Pts',(-24.0118665692134,62.9368675121923,132.071205347731));
#11591=CARTESIAN_POINT('Ctrl Pts',(-22.7985543539237,62.9742452654023,131.757340303798));
#11592=CARTESIAN_POINT('Ctrl Pts',(-30.8625287149296,60.4746312956415,137.154197454086));
#11593=CARTESIAN_POINT('Ctrl Pts',(-30.0628472761699,61.2432838106125,136.475704142345));
#11594=CARTESIAN_POINT('Ctrl Pts',(-28.4767863430503,62.2399296992079,135.359109337008));
#11595=CARTESIAN_POINT('Ctrl Pts',(-25.7512300736625,62.961200954405,134.101568829486));
#11596=CARTESIAN_POINT('Ctrl Pts',(-23.9255991556889,63.0649091191017,133.476531994012));
#11597=CARTESIAN_POINT('Ctrl Pts',(-22.8021904420288,63.0545810375661,133.197986504726));
#11598=CARTESIAN_POINT('Ctrl Pts',(-30.3878112120503,61.4425164602109,139.06101457142));
#11599=CARTESIAN_POINT('Ctrl Pts',(-29.5457890853752,62.2666877384785,138.484143966149));
#11600=CARTESIAN_POINT('Ctrl Pts',(-27.9379489155352,63.2848087696899,137.583923074975));
#11601=CARTESIAN_POINT('Ctrl Pts',(-25.407962945487,63.9175557453835,136.664738287458));
#11602=CARTESIAN_POINT('Ctrl Pts',(-23.8088370950729,63.9236622280702,136.227081444062));
#11603=CARTESIAN_POINT('Ctrl Pts',(-22.8381902881022,63.8499620482675,136.037019798876));
#11604=CARTESIAN_POINT('Ctrl Pts',(-30.5098698839366,63.840373428978,142.054155581751));
#11605=CARTESIAN_POINT('Ctrl Pts',(-29.6095939672977,64.9242304533294,141.546352118453));
#11606=CARTESIAN_POINT('Ctrl Pts',(-27.908825272008,66.2911424109495,140.802340328342));
#11607=CARTESIAN_POINT('Ctrl Pts',(-25.3504753688782,67.1980895555027,140.200175183055));
#11608=CARTESIAN_POINT('Ctrl Pts',(-23.8346133599318,67.259707643892,140.02365482903));
#11609=CARTESIAN_POINT('Ctrl Pts',(-22.9895545655847,67.1942061253825,139.983603252139));
#11610=CARTESIAN_POINT('Ctrl Pts',(-31.4456115462054,65.9603870799445,143.596708659654));
#11611=CARTESIAN_POINT('Ctrl Pts',(-30.5226648291566,67.327016505959,143.003149022038));
#11612=CARTESIAN_POINT('Ctrl Pts',(-28.7156992399991,69.1352291146807,142.088709644852));
#11613=CARTESIAN_POINT('Ctrl Pts',(-25.8095169279793,70.5121125560521,141.340390480019));
#11614=CARTESIAN_POINT('Ctrl Pts',(-24.0574581528243,70.7649578646156,141.192728124467));
#11615=CARTESIAN_POINT('Ctrl Pts',(-23.1521400009908,70.7863705939455,141.2));
#11616=CARTESIAN_POINT('Ctrl Pts',(-32.25,67.2336748592906,144.2));
#11617=CARTESIAN_POINT('Ctrl Pts',(-31.3157640467181,68.7706420952493,143.499323035039));
#11618=CARTESIAN_POINT('Ctrl Pts',(-29.429470034776,70.843615350625,142.380577614067));
#11619=CARTESIAN_POINT('Ctrl Pts',(-26.2184350415204,72.5052764141766,141.399625927279));
#11620=CARTESIAN_POINT('Ctrl Pts',(-24.2409894080769,72.8737350243846,141.2));
#11621=CARTESIAN_POINT('Ctrl Pts',(-23.25,72.9484905308047,141.2));
#11622=CARTESIAN_POINT('Origin',(-23.25,72.9484905308047,131.2));
#11623=CARTESIAN_POINT('Origin',(-38.25,67.2336748592905,136.2));
#11624=CARTESIAN_POINT('Ctrl Pts',(-19.2,73.,141.2));
#11625=CARTESIAN_POINT('Ctrl Pts',(-19.9715796937572,73.,141.2));
#11626=CARTESIAN_POINT('Ctrl Pts',(-21.3218517557368,73.0034999034708,141.2));
#11627=CARTESIAN_POINT('Ctrl Pts',(-22.6719126330455,72.9746554202694,141.2));
#11628=CARTESIAN_POINT('Ctrl Pts',(-23.25,72.9484905308047,141.2));
#11629=CARTESIAN_POINT('Ctrl Pts',(-19.2,71.5040034982906,141.2));
#11630=CARTESIAN_POINT('Ctrl Pts',(-19.9715796937572,71.5040034982906,141.2));
#11631=CARTESIAN_POINT('Ctrl Pts',(-21.3187351811238,71.5238051431288,141.200053918802));
#11632=CARTESIAN_POINT('Ctrl Pts',(-22.6284221164429,71.5217430846211,141.200031725223));
#11633=CARTESIAN_POINT('Ctrl Pts',(-23.1847600006605,71.5070772395652,141.2));
#11634=CARTESIAN_POINT('Ctrl Pts',(-19.2,68.519392969848,140.514882166805));
#11635=CARTESIAN_POINT('Ctrl Pts',(-19.9715796937572,68.519392969848,140.514882166805));
#11636=CARTESIAN_POINT('Ctrl Pts',(-21.3125588504899,68.5713382047249,140.530287127156));
#11637=CARTESIAN_POINT('Ctrl Pts',(-22.5416574038082,68.6223418389154,140.553958468044));
#11638=CARTESIAN_POINT('Ctrl Pts',(-23.054563750104,68.6305197913469,140.563309875346));
#11639=CARTESIAN_POINT('Ctrl Pts',(-19.2,64.3113322683046,137.17087261305));
#11640=CARTESIAN_POINT('Ctrl Pts',(-19.9715796937572,64.3113322683046,137.17087261305));
#11641=CARTESIAN_POINT('Ctrl Pts',(-21.3039399782618,64.3871537640999,137.256255322303));
#11642=CARTESIAN_POINT('Ctrl Pts',(-22.4177921389151,64.4806760478559,137.388649470024));
#11643=CARTESIAN_POINT('Ctrl Pts',(-22.8679930905935,64.5084255072185,137.441179013226));
#11644=CARTESIAN_POINT('Ctrl Pts',(-19.2,63.,133.443994752564));
#11645=CARTESIAN_POINT('Ctrl Pts',(-19.9715796937572,63.,133.443994752564));
#11646=CARTESIAN_POINT('Ctrl Pts',(-21.3020965926626,63.0403483078076,133.592583800488));
#11647=CARTESIAN_POINT('Ctrl Pts',(-22.3765722737106,63.0847495085644,133.825477146337));
#11648=CARTESIAN_POINT('Ctrl Pts',(-22.8040084860814,63.094748923648,133.918309605191));
#11649=CARTESIAN_POINT('Ctrl Pts',(-19.2,63.,131.2));
#11650=CARTESIAN_POINT('Ctrl Pts',(-19.9715796937572,63.,131.2));
#11651=CARTESIAN_POINT('Ctrl Pts',(-21.3024154059318,63.0017499517354,131.373156327407));
#11652=CARTESIAN_POINT('Ctrl Pts',(-22.3738875765914,62.9873277101347,131.647485597775));
#11653=CARTESIAN_POINT('Ctrl Pts',(-22.7985543539237,62.9742452654023,131.757340303798));
#11654=CARTESIAN_POINT('Origin',(-19.2,73.,131.2));
#11655=CARTESIAN_POINT('Ctrl Pts',(-31.225,15.8831625703547,136.2));
#11656=CARTESIAN_POINT('Ctrl Pts',(-31.9986229882945,16.6468025363501,137.360434482442));
#11657=CARTESIAN_POINT('Ctrl Pts',(-33.0584684026704,18.0995630638069,139.423650695467));
#11658=CARTESIAN_POINT('Ctrl Pts',(-33.9890037786509,20.5518945257628,141.883873650025));
#11659=CARTESIAN_POINT('Ctrl Pts',(-34.2,22.1785404391658,142.558244247898));
#11660=CARTESIAN_POINT('Ctrl Pts',(-34.2,23.,142.558244247898));
#11661=CARTESIAN_POINT('Ctrl Pts',(-30.5000574298592,15.1675748383622,138.108394908172));
#11662=CARTESIAN_POINT('Ctrl Pts',(-31.3861054431193,15.8824392537173,139.078515348563));
#11663=CARTESIAN_POINT('Ctrl Pts',(-32.6977327131065,17.3767112953989,140.861915115996));
#11664=CARTESIAN_POINT('Ctrl Pts',(-33.9173068128198,20.1391468128671,143.050019189569));
#11665=CARTESIAN_POINT('Ctrl Pts',(-34.2,22.0398826597796,143.657651302948));
#11666=CARTESIAN_POINT('Ctrl Pts',(-34.2,23.,143.657651302948));
#11667=CARTESIAN_POINT('Ctrl Pts',(-30.1297855653115,13.0125740741503,141.438346863013));
#11668=CARTESIAN_POINT('Ctrl Pts',(-31.1425175834996,13.9090389425254,142.082664618471));
#11669=CARTESIAN_POINT('Ctrl Pts',(-32.7029995740585,15.8053679759921,143.377985237046));
#11670=CARTESIAN_POINT('Ctrl Pts',(-34.1737701980599,19.3397462277382,145.092106792181));
#11671=CARTESIAN_POINT('Ctrl Pts',(-34.5203604066762,21.7708564807082,145.581239126739));
#11672=CARTESIAN_POINT('Ctrl Pts',(-34.5203604066762,23.,145.581239126739));
#11673=CARTESIAN_POINT('Ctrl Pts',(-31.4456115462054,10.0396129200555,143.596708659654));
#11674=CARTESIAN_POINT('Ctrl Pts',(-32.4118160166921,11.3784293237945,144.223543139766));
#11675=CARTESIAN_POINT('Ctrl Pts',(-33.8066576703331,13.9810945347927,145.408405147929));
#11676=CARTESIAN_POINT('Ctrl Pts',(-35.0764387824887,18.474886551661,146.903708633152));
#11677=CARTESIAN_POINT('Ctrl Pts',(-35.3700647244861,21.4812008088816,147.32396921464));
#11678=CARTESIAN_POINT('Ctrl Pts',(-35.3700647244861,23.,147.32396921464));
#11679=CARTESIAN_POINT('Ctrl Pts',(-32.25,8.76632514070945,144.2));
#11680=CARTESIAN_POINT('Ctrl Pts',(-33.1783475859529,10.2936050726998,144.896260689465));
#11681=CARTESIAN_POINT('Ctrl Pts',(-34.4501620832045,13.199126127614,146.13419041728));
#11682=CARTESIAN_POINT('Ctrl Pts',(-35.5668045343809,18.1037890515254,147.610324190015));
#11683=CARTESIAN_POINT('Ctrl Pts',(-35.82,21.3570808783318,148.014946548739));
#11684=CARTESIAN_POINT('Ctrl Pts',(-35.82,23.,148.014946548739));
#11685=CARTESIAN_POINT('Origin',(-44.2,23.,142.558244247898));
#11686=CARTESIAN_POINT('Origin',(-44.2,78.625,142.558244247898));
#11687=CARTESIAN_POINT('Origin',(-44.2,53.,142.558244247898));
#11688=CARTESIAN_POINT('Ctrl Pts',(-34.2,53.,142.558244247898));
#11689=CARTESIAN_POINT('Ctrl Pts',(-34.2,53.8214595608342,142.558244247898));
#11690=CARTESIAN_POINT('Ctrl Pts',(-34.0441969819517,55.0422918026997,142.064761707104));
#11691=CARTESIAN_POINT('Ctrl Pts',(-33.2474850987332,57.590274535924,139.891722858675));
#11692=CARTESIAN_POINT('Ctrl Pts',(-32.2564973177261,59.098650808318,137.747245976589));
#11693=CARTESIAN_POINT('Ctrl Pts',(-31.225,60.1168374296453,136.2));
#11694=CARTESIAN_POINT('Ctrl Pts',(-34.2,53.,143.657651302948));
#11695=CARTESIAN_POINT('Ctrl Pts',(-34.2,53.9601173402204,143.657651302948));
#11696=CARTESIAN_POINT('Ctrl Pts',(-33.9905580215392,55.3862027358077,143.213249687465));
#11697=CARTESIAN_POINT('Ctrl Pts',(-32.9445160535651,58.2867264978509,141.276317180007));
#11698=CARTESIAN_POINT('Ctrl Pts',(-31.6814547808727,59.879272607831,139.401888828693));
#11699=CARTESIAN_POINT('Ctrl Pts',(-30.5000574298592,60.8324251616378,138.108394908172));
#11700=CARTESIAN_POINT('Ctrl Pts',(-34.5203661742043,53.,145.581237718775));
#11701=CARTESIAN_POINT('Ctrl Pts',(-34.5203661742043,54.2291435192919,145.581237718775));
#11702=CARTESIAN_POINT('Ctrl Pts',(-34.2629241770048,56.0532306415894,145.224104147797));
#11703=CARTESIAN_POINT('Ctrl Pts',(-33.0021292361253,59.7649354171461,143.698190180707));
#11704=CARTESIAN_POINT('Ctrl Pts',(-31.4801620815578,61.7921813135717,142.297402776705));
#11705=CARTESIAN_POINT('Ctrl Pts',(-30.1298527239735,62.9874678047387,141.438312436095));
#11706=CARTESIAN_POINT('Ctrl Pts',(-35.3700647244861,53.,147.32396921464));
#11707=CARTESIAN_POINT('Ctrl Pts',(-35.3700647244861,54.5187991911185,147.32396921464));
#11708=CARTESIAN_POINT('Ctrl Pts',(-35.1526907659815,56.7749304741448,147.016892672394));
#11709=CARTESIAN_POINT('Ctrl Pts',(-34.0644600163903,61.4558479977416,145.689969957313));
#11710=CARTESIAN_POINT('Ctrl Pts',(-32.7338841735212,64.1752985416257,144.43248796647));
#11711=CARTESIAN_POINT('Ctrl Pts',(-31.4456115462054,65.9603870799445,143.596708659654));
#11712=CARTESIAN_POINT('Ctrl Pts',(-35.82,53.,148.014946548739));
#11713=CARTESIAN_POINT('Ctrl Pts',(-35.82,54.6429191216683,148.014946548739));
#11714=CARTESIAN_POINT('Ctrl Pts',(-35.6330363783419,57.0845836053997,147.718857024262));
#11715=CARTESIAN_POINT('Ctrl Pts',(-34.6769821184799,62.1805490718478,146.415033715205));
#11716=CARTESIAN_POINT('Ctrl Pts',(-33.4877967812708,65.1973016166366,145.128347585953));
#11717=CARTESIAN_POINT('Ctrl Pts',(-32.25,67.2336748592905,144.2));
#11718=CARTESIAN_POINT('Ctrl Pts',(-23.25,3.0515094691953,141.2));
#11719=CARTESIAN_POINT('Ctrl Pts',(-22.6720261180871,3.02534971619219,141.2));
#11720=CARTESIAN_POINT('Ctrl Pts',(-21.3222403908935,2.99650071165235,141.2));
#11721=CARTESIAN_POINT('Ctrl Pts',(-19.9714642019055,3.,141.2));
#11722=CARTESIAN_POINT('Ctrl Pts',(-19.2,3.,141.2));
#11723=CARTESIAN_POINT('Ctrl Pts',(-23.1847600006605,4.49292276043478,141.2));
#11724=CARTESIAN_POINT('Ctrl Pts',(-22.6285340448129,4.47826637170427,141.200032723301));
#11725=CARTESIAN_POINT('Ctrl Pts',(-21.3191255132564,4.47620109656832,141.200055390027));
#11726=CARTESIAN_POINT('Ctrl Pts',(-19.9714642019055,4.49599650170942,141.2));
#11727=CARTESIAN_POINT('Ctrl Pts',(-19.2,4.49599650170942,141.2));
#11728=CARTESIAN_POINT('Ctrl Pts',(-23.0545808994275,7.36910131130272,140.563346113125));
#11729=CARTESIAN_POINT('Ctrl Pts',(-22.5417710069137,7.37726760318798,140.55399716886));
#11730=CARTESIAN_POINT('Ctrl Pts',(-21.3129403761196,7.42822791222384,140.530339713832));
#11731=CARTESIAN_POINT('Ctrl Pts',(-19.9714642019055,7.48016542529764,140.514948725237));
#11732=CARTESIAN_POINT('Ctrl Pts',(-19.2,7.48016542529764,140.514948725237));
#11733=CARTESIAN_POINT('Ctrl Pts',(-22.8679719245082,11.4920421365116,137.440874394018));
#11734=CARTESIAN_POINT('Ctrl Pts',(-22.4178613004253,11.5197906325451,137.388353426805));
#11735=CARTESIAN_POINT('Ctrl Pts',(-21.3042997451187,11.613323722536,137.255943515122));
#11736=CARTESIAN_POINT('Ctrl Pts',(-19.9714642019055,11.6892053434181,137.170480385711));
#11737=CARTESIAN_POINT('Ctrl Pts',(-19.2,11.6892053434181,137.170480385711));
#11738=CARTESIAN_POINT('Ctrl Pts',(-22.8040084860814,12.905251076352,133.918309605191));
#11739=CARTESIAN_POINT('Ctrl Pts',(-22.3766553854173,12.9152467481778,133.825496684632));
#11740=CARTESIAN_POINT('Ctrl Pts',(-21.3024610046213,12.9596345520817,133.59263268567));
#11741=CARTESIAN_POINT('Ctrl Pts',(-19.9714642019055,13.,133.443994752564));
#11742=CARTESIAN_POINT('Ctrl Pts',(-19.2,13.,133.443994752564));
#11743=CARTESIAN_POINT('Ctrl Pts',(-22.7985543539237,13.0257547345976,131.757340303798));
#11744=CARTESIAN_POINT('Ctrl Pts',(-22.3739709434485,13.0126748580961,131.647507163488));
#11745=CARTESIAN_POINT('Ctrl Pts',(-21.3027823640798,12.9982503558262,131.373210931039));
#11746=CARTESIAN_POINT('Ctrl Pts',(-19.9714642019055,13.,131.2));
#11747=CARTESIAN_POINT('Ctrl Pts',(-19.2,13.,131.2));
#11748=CARTESIAN_POINT('Origin',(-19.2,3.,131.2));
#11749=CARTESIAN_POINT('Origin',(-19.2,53.,131.2));
#11750=CARTESIAN_POINT('Origin',(-19.2,68.,131.2));
#11751=CARTESIAN_POINT('Ctrl Pts',(-14.2,68.,131.2));
#11752=CARTESIAN_POINT('Ctrl Pts',(-14.2,68.,136.2));
#11753=CARTESIAN_POINT('Ctrl Pts',(-14.2,73.,136.2));
#11754=CARTESIAN_POINT('Ctrl Pts',(-14.2,63.,131.2));
#11755=CARTESIAN_POINT('Ctrl Pts',(-14.2,63.,141.2));
#11756=CARTESIAN_POINT('Ctrl Pts',(-14.2,73.,141.2));
#11757=CARTESIAN_POINT('Ctrl Pts',(-19.2,63.,131.2));
#11758=CARTESIAN_POINT('Ctrl Pts',(-19.2,63.,141.2));
#11759=CARTESIAN_POINT('Ctrl Pts',(-19.2,73.,141.2));
#11760=CARTESIAN_POINT('Origin',(-19.2,73.,136.2));
#11761=CARTESIAN_POINT('Origin',(-19.2,19.,136.2));
#11762=CARTESIAN_POINT('Ctrl Pts',(-14.2,77.3397459621556,136.2));
#11763=CARTESIAN_POINT('Ctrl Pts',(-14.2,77.717584904975,136.854436246041));
#11764=CARTESIAN_POINT('Ctrl Pts',(-14.33419097078,78.1970657693507,137.502450210669));
#11765=CARTESIAN_POINT('Ctrl Pts',(-14.7903439448142,79.2670233682164,138.634627185903));
#11766=CARTESIAN_POINT('Ctrl Pts',(-15.1100709875613,79.8571784188608,139.11999322001));
#11767=CARTESIAN_POINT('Ctrl Pts',(-15.9302408596949,81.2467127542527,140.054254499147));
#11768=CARTESIAN_POINT('Ctrl Pts',(-16.5466520034978,82.1853869595867,140.498163989785));
#11769=CARTESIAN_POINT('Ctrl Pts',(-17.8619653727088,84.1090906943086,141.070743510596));
#11770=CARTESIAN_POINT('Ctrl Pts',(-18.559826181006,85.0946575029025,141.2));
#11771=CARTESIAN_POINT('Ctrl Pts',(-19.2,86.,141.2));
#11772=CARTESIAN_POINT('Origin',(-19.2,19.,136.2));
#11773=CARTESIAN_POINT('Origin',(-19.2,3.,136.2));
#11774=CARTESIAN_POINT('Ctrl Pts',(-19.2,-10.,141.2));
#11775=CARTESIAN_POINT('Ctrl Pts',(-18.559826181006,-9.09465750290254,141.2));
#11776=CARTESIAN_POINT('Ctrl Pts',(-17.8619653727088,-8.10909069430857,
141.070743510596));
#11777=CARTESIAN_POINT('Ctrl Pts',(-16.5466520034978,-6.1853869595867,140.498163989785));
#11778=CARTESIAN_POINT('Ctrl Pts',(-15.9302408596949,-5.24671275425271,
140.054254499147));
#11779=CARTESIAN_POINT('Ctrl Pts',(-15.1100709875613,-3.85717841886079,
139.11999322001));
#11780=CARTESIAN_POINT('Ctrl Pts',(-14.7903439448142,-3.26702336821638,
138.634627185903));
#11781=CARTESIAN_POINT('Ctrl Pts',(-14.33419097078,-2.19706576935072,137.502450210669));
#11782=CARTESIAN_POINT('Ctrl Pts',(-14.2,-1.71758490497496,136.854436246041));
#11783=CARTESIAN_POINT('Ctrl Pts',(-14.2,-1.33974596215562,136.2));
#11784=CARTESIAN_POINT('Ctrl Pts',(-14.2,3.,136.2));
#11785=CARTESIAN_POINT('Ctrl Pts',(-14.2,8.,136.2));
#11786=CARTESIAN_POINT('Ctrl Pts',(-14.2,7.99999999999998,131.2));
#11787=CARTESIAN_POINT('Ctrl Pts',(-14.2,3.,141.2));
#11788=CARTESIAN_POINT('Ctrl Pts',(-14.2,13.,141.2));
#11789=CARTESIAN_POINT('Ctrl Pts',(-14.2,13.,131.2));
#11790=CARTESIAN_POINT('Ctrl Pts',(-19.2,3.,141.2));
#11791=CARTESIAN_POINT('Ctrl Pts',(-19.2,13.,141.2));
#11792=CARTESIAN_POINT('Ctrl Pts',(-19.2,13.,131.2));
#11793=CARTESIAN_POINT('Origin',(-19.2,8.,131.2));
#11794=CARTESIAN_POINT('Origin',(-19.2,23.,131.2));
#11795=CARTESIAN_POINT('Origin',(1.025,86.,131.2));
#11796=CARTESIAN_POINT('Origin',(3.525,-10.,131.2));
#11797=CARTESIAN_POINT('Origin',(28.975,86.,131.2));
#11798=CARTESIAN_POINT('',(46.7,77.3397459621556,136.2));
#11799=CARTESIAN_POINT('Origin',(46.7,86.,131.2));
#11800=CARTESIAN_POINT('Ctrl Pts',(46.7,77.3397459621556,136.2));
#11801=CARTESIAN_POINT('Ctrl Pts',(46.7,77.717584904975,136.854436246041));
#11802=CARTESIAN_POINT('Ctrl Pts',(46.83419097078,78.1970657693507,137.502450210669));
#11803=CARTESIAN_POINT('Ctrl Pts',(47.2903439448142,79.2670233682164,138.634627185903));
#11804=CARTESIAN_POINT('Ctrl Pts',(47.6100709875613,79.8571784188608,139.11999322001));
#11805=CARTESIAN_POINT('Ctrl Pts',(48.4302408596949,81.2467127542527,140.054254499147));
#11806=CARTESIAN_POINT('Ctrl Pts',(49.0466520034978,82.1853869595867,140.498163989785));
#11807=CARTESIAN_POINT('Ctrl Pts',(50.3619653727088,84.1090906943086,141.070743510596));
#11808=CARTESIAN_POINT('Ctrl Pts',(51.059826181006,85.0946575029025,141.2));
#11809=CARTESIAN_POINT('Ctrl Pts',(51.7,86.,141.2));
#11810=CARTESIAN_POINT('Origin',(31.475,-10.,131.2));
#11811=CARTESIAN_POINT('',(46.7,-1.33974596215562,136.2));
#11812=CARTESIAN_POINT('Origin',(46.7,-10.,131.2));
#11813=CARTESIAN_POINT('Ctrl Pts',(51.7,-10.,141.2));
#11814=CARTESIAN_POINT('Ctrl Pts',(51.059826181006,-9.09465750290253,141.2));
#11815=CARTESIAN_POINT('Ctrl Pts',(50.3619653727088,-8.10909069430856,141.070743510596));
#11816=CARTESIAN_POINT('Ctrl Pts',(49.0466520034978,-6.18538695958668,140.498163989785));
#11817=CARTESIAN_POINT('Ctrl Pts',(48.4302408596949,-5.24671275425268,140.054254499147));
#11818=CARTESIAN_POINT('Ctrl Pts',(47.6100709875613,-3.85717841886077,139.11999322001));
#11819=CARTESIAN_POINT('Ctrl Pts',(47.2903439448142,-3.26702336821637,138.634627185903));
#11820=CARTESIAN_POINT('Ctrl Pts',(46.83419097078,-2.19706576935073,137.502450210669));
#11821=CARTESIAN_POINT('Ctrl Pts',(46.7,-1.71758490497496,136.854436246041));
#11822=CARTESIAN_POINT('Ctrl Pts',(46.7,-1.33974596215562,136.2));
#11823=CARTESIAN_POINT('Origin',(46.7,76.,141.2));
#11824=CARTESIAN_POINT('',(46.7,57.,136.2));
#11825=CARTESIAN_POINT('',(46.7,57.,136.2));
#11826=CARTESIAN_POINT('',(46.7,57.,136.2));
#11827=CARTESIAN_POINT('Origin',(51.7,57.,136.2));
#11828=CARTESIAN_POINT('Origin',(3.525,-10.,131.2));
#11829=CARTESIAN_POINT('Origin',(-12.2,-10.,131.2));
#11830=CARTESIAN_POINT('Origin',(1.025,86.,131.2));
#11831=CARTESIAN_POINT('',(-12.2,76.4989386625532,140.072983346207));
#11832=CARTESIAN_POINT('Ctrl Pts',(-12.1999999999924,76.4989386625404,140.072983346194));
#11833=CARTESIAN_POINT('Ctrl Pts',(-12.429782690324,76.8867917607242,140.488290794883));
#11834=CARTESIAN_POINT('Ctrl Pts',(-12.6873031139571,77.2908590506503,140.865644196356));
#11835=CARTESIAN_POINT('Ctrl Pts',(-12.9550020005713,77.6933761355327,141.199999998713));
#11836=CARTESIAN_POINT('Origin',(-12.2,86.,131.2));
#11837=CARTESIAN_POINT('Origin',(-19.2,23.,131.2));
#11838=CARTESIAN_POINT('',(-19.2,23.,124.2));
#11839=CARTESIAN_POINT('Ctrl Pts',(-19.2,23.,124.2));
#11840=CARTESIAN_POINT('Ctrl Pts',(-18.0946214110043,21.9660130093256,124.2));
#11841=CARTESIAN_POINT('Ctrl Pts',(-16.8756409029203,20.8299563954878,124.2));
#11842=CARTESIAN_POINT('Ctrl Pts',(-14.6446749091495,18.3917555557596,124.2));
#11843=CARTESIAN_POINT('Ctrl Pts',(-13.6422336073554,17.0808954829226,124.2));
#11844=CARTESIAN_POINT('Ctrl Pts',(-12.6518750423529,15.3205616476423,124.2));
#11845=CARTESIAN_POINT('Ctrl Pts',(-12.4132806147129,14.8466018520338,124.2));
#11846=CARTESIAN_POINT('Ctrl Pts',(-12.2,14.350693691759,124.2));
#11847=CARTESIAN_POINT('Origin',(-19.2,23.,131.2));
#11848=CARTESIAN_POINT('Origin',(-19.2,19.,136.2));
#11849=CARTESIAN_POINT('',(-12.2,19.,140.072983346207));
#11850=CARTESIAN_POINT('Ctrl Pts',(-12.2,64.1270166537926,131.2));
#11851=CARTESIAN_POINT('Ctrl Pts',(-12.2,64.1270166537926,137.495213141967));
#11852=CARTESIAN_POINT('Ctrl Pts',(-12.2,70.0688061829327,139.5748394772));
#11853=CARTESIAN_POINT('Ctrl Pts',(-14.4834095385228,60.,131.2));
#11854=CARTESIAN_POINT('Ctrl Pts',(-14.4834095385228,60.,140.423253065222));
#11855=CARTESIAN_POINT('Ctrl Pts',(-14.4834095385228,68.7054444784728,143.470158632737));
#11856=CARTESIAN_POINT('Ctrl Pts',(-19.2,60.,131.2));
#11857=CARTESIAN_POINT('Ctrl Pts',(-19.2,60.,140.423253065222));
#11858=CARTESIAN_POINT('Ctrl Pts',(-19.2,68.7054444784728,143.470158632737));
#11859=CARTESIAN_POINT('',(-19.2,60.,131.2));
#11860=CARTESIAN_POINT('Origin',(-19.2,73.,131.2));
#11861=CARTESIAN_POINT('Origin',(-19.2,68.,131.2));
#11862=CARTESIAN_POINT('Ctrl Pts',(-12.2000000003412,64.7817685886992,134.545221359391));
#11863=CARTESIAN_POINT('Ctrl Pts',(-12.348291746387,64.6478365231734,134.927098707235));
#11864=CARTESIAN_POINT('Ctrl Pts',(-12.5040178900256,64.5611421321941,135.322736652984));
#11865=CARTESIAN_POINT('Ctrl Pts',(-12.929731703427,64.4569433410949,136.410633520196));
#11866=CARTESIAN_POINT('Ctrl Pts',(-13.2015141198591,64.5336610648492,137.109695611621));
#11867=CARTESIAN_POINT('Ctrl Pts',(-13.6363521800778,64.9460358161748,138.351791045251));
#11868=CARTESIAN_POINT('Ctrl Pts',(-13.8071928252387,65.244629706216,138.899910790013));
#11869=CARTESIAN_POINT('Ctrl Pts',(-14.0066979507439,66.0034516064021,139.817739769489));
#11870=CARTESIAN_POINT('Ctrl Pts',(-14.0454314802985,66.4310695573062,140.187981528704));
#11871=CARTESIAN_POINT('Ctrl Pts',(-13.9965899055397,67.3831839492577,140.762374416632));
#11872=CARTESIAN_POINT('Ctrl Pts',(-13.9154250879479,67.8846509203359,140.961514593173));
#11873=CARTESIAN_POINT('Ctrl Pts',(-13.70580535412,68.7668102428104,141.160054742476));
#11874=CARTESIAN_POINT('Ctrl Pts',(-13.5997408412455,69.1350289690619,141.199999999996));
#11875=CARTESIAN_POINT('Ctrl Pts',(-13.4817747069675,69.4999999999434,141.2));
#11876=CARTESIAN_POINT('Origin',(-19.2,53.,131.2));
#11877=CARTESIAN_POINT('',(-19.2,53.,124.2));
#11878=CARTESIAN_POINT('Origin',(-19.2,53.,131.2));
#11879=CARTESIAN_POINT('Ctrl Pts',(-12.2,61.649306308241,124.2));
#11880=CARTESIAN_POINT('Ctrl Pts',(-12.4132806147129,61.1533981479662,124.2));
#11881=CARTESIAN_POINT('Ctrl Pts',(-12.6518750423529,60.6794383523577,124.2));
#11882=CARTESIAN_POINT('Ctrl Pts',(-13.6422336073554,58.9191045170774,124.2));
#11883=CARTESIAN_POINT('Ctrl Pts',(-14.6446749091495,57.6082444442404,124.2));
#11884=CARTESIAN_POINT('Ctrl Pts',(-16.8756409029203,55.1700436045122,124.2));
#11885=CARTESIAN_POINT('Ctrl Pts',(-18.0946214110043,54.0339869906744,124.2));
#11886=CARTESIAN_POINT('Ctrl Pts',(-19.2,53.,124.2));
#11887=CARTESIAN_POINT('Origin',(16.25,38.,144.2));
#11888=CARTESIAN_POINT('Ctrl Pts',(-23.25,3.0515094691953,144.2));
#11889=CARTESIAN_POINT('Ctrl Pts',(-22.6720261180871,3.02534971619219,144.2));
#11890=CARTESIAN_POINT('Ctrl Pts',(-21.3222403909387,2.99650070815776,144.2));
#11891=CARTESIAN_POINT('Ctrl Pts',(-19.9714642019055,3.,144.2));
#11892=CARTESIAN_POINT('Ctrl Pts',(-19.2,3.,144.2));
#11893=CARTESIAN_POINT('Ctrl Pts',(-23.1651880008587,4.92534674780663,144.2));
#11894=CARTESIAN_POINT('Ctrl Pts',(-22.6154556715992,4.9140687770946,144.200046527975));
#11895=CARTESIAN_POINT('Ctrl Pts',(-21.3181338434156,4.91998965596459,144.200078261934));
#11896=CARTESIAN_POINT('Ctrl Pts',(-19.9714642019055,4.94479545222225,144.2));
#11897=CARTESIAN_POINT('Ctrl Pts',(-19.2,4.94479545222225,144.2));
#11898=CARTESIAN_POINT('Ctrl Pts',(-22.9956012161511,8.67219910787569,143.374501960319));
#11899=CARTESIAN_POINT('Ctrl Pts',(-22.5023850267042,8.69076764144061,143.362338891432));
#11900=CARTESIAN_POINT('Ctrl Pts',(-21.3100062513346,8.76622312508133,143.33154721711));
#11901=CARTESIAN_POINT('Ctrl Pts',(-19.9714642019055,8.83339230199537,143.311496839791));
#11902=CARTESIAN_POINT('Ctrl Pts',(-19.2,8.83339230199537,143.311496839791));
#11903=CARTESIAN_POINT('Ctrl Pts',(-22.8054612144655,12.8731544788265,140.182320091783));
#11904=CARTESIAN_POINT('Ctrl Pts',(-22.3761969755926,12.9115119865064,140.126081847953));
#11905=CARTESIAN_POINT('Ctrl Pts',(-21.30131125776,13.0296737785316,139.984266399059));
#11906=CARTESIAN_POINT('Ctrl Pts',(-19.9714642019055,13.1205033334554,139.892690156729));
#11907=CARTESIAN_POINT('Ctrl Pts',(-19.2,13.1205033334554,139.892690156729));
#11908=CARTESIAN_POINT('Ctrl Pts',(-22.6945796085284,15.3229739480154,136.111747898181));
#11909=CARTESIAN_POINT('Ctrl Pts',(-22.3036017491997,15.3508913039521,136.006795622417));
#11910=CARTESIAN_POINT('Ctrl Pts',(-21.2969941637021,15.4373072724346,135.743232168976));
#11911=CARTESIAN_POINT('Ctrl Pts',(-19.9714642019055,15.5037616227596,135.574633073189));
#11912=CARTESIAN_POINT('Ctrl Pts',(-19.2,15.5037616227596,135.574633073189));
#11913=CARTESIAN_POINT('Ctrl Pts',(-22.6666658460033,15.9397009363587,133.329172440843));
#11914=CARTESIAN_POINT('Ctrl Pts',(-22.2862326480869,15.9453875327123,133.197462902908));
#11915=CARTESIAN_POINT('Ctrl Pts',(-21.2966121078354,15.9734127498848,132.867814850332));
#11916=CARTESIAN_POINT('Ctrl Pts',(-19.9714642019055,16.,132.658596589167));
#11917=CARTESIAN_POINT('Ctrl Pts',(-19.2,16.,132.658596589167));
#11918=CARTESIAN_POINT('Ctrl Pts',(-22.6631206601008,16.0180283142184,131.924542394937));
#11919=CARTESIAN_POINT('Ctrl Pts',(-22.2845543910569,16.0088724006673,131.781759312534));
#11920=CARTESIAN_POINT('Ctrl Pts',(-21.2969448908409,15.9987752478552,131.425174213228));
#11921=CARTESIAN_POINT('Ctrl Pts',(-19.9714642019055,16.,131.2));
#11922=CARTESIAN_POINT('Ctrl Pts',(-19.2,16.,131.2));
#11923=CARTESIAN_POINT('',(-22.6631206601007,16.0180283142184,131.924542394937));
#11924=CARTESIAN_POINT('Ctrl Pts',(-22.6631206601008,16.0180283142184,131.924542394937));
#11925=CARTESIAN_POINT('Ctrl Pts',(-22.2845543910569,16.0088724006673,131.781759312534));
#11926=CARTESIAN_POINT('Ctrl Pts',(-21.2969448908409,15.9987752478552,131.425174213228));
#11927=CARTESIAN_POINT('Ctrl Pts',(-19.9714642019055,16.,131.2));
#11928=CARTESIAN_POINT('Ctrl Pts',(-19.2,16.,131.2));
#11929=CARTESIAN_POINT('Ctrl Pts',(-23.25,3.05150946919531,144.2));
#11930=CARTESIAN_POINT('Ctrl Pts',(-23.122782001288,5.86226538711229,144.2));
#11931=CARTESIAN_POINT('Ctrl Pts',(-22.9114047349277,10.5324371265723,142.618425081309));
#11932=CARTESIAN_POINT('Ctrl Pts',(-22.7146157981173,14.8802941461806,137.489999394215));
#11933=CARTESIAN_POINT('Ctrl Pts',(-22.6678475746375,15.9135918104054,133.797382456144));
#11934=CARTESIAN_POINT('Ctrl Pts',(-22.6631206601007,16.0180283142184,131.924542394937));
#11935=CARTESIAN_POINT('Ctrl Pts',(-31.2,53.,142.558244247898));
#11936=CARTESIAN_POINT('Ctrl Pts',(-31.2,53.5750216925839,142.558244247898));
#11937=CARTESIAN_POINT('Ctrl Pts',(-31.0909394640172,54.429593116672,142.064762333582));
#11938=CARTESIAN_POINT('Ctrl Pts',(-30.5332457075655,56.2131865108994,139.891756610061));
#11939=CARTESIAN_POINT('Ctrl Pts',(-29.8395481224082,57.2690555658226,137.747245976589));
#11940=CARTESIAN_POINT('Ctrl Pts',(-29.1175,57.9817862007517,136.2));
#11941=CARTESIAN_POINT('Ctrl Pts',(-31.2,53.,143.987473419463));
#11942=CARTESIAN_POINT('Ctrl Pts',(-31.2,53.7552768057861,143.987473419463));
#11943=CARTESIAN_POINT('Ctrl Pts',(-31.0212150162849,54.8766822032463,143.557790886041));
#11944=CARTESIAN_POINT('Ctrl Pts',(-30.1393913789377,57.1185830679252,141.691718649261));
#11945=CARTESIAN_POINT('Ctrl Pts',(-29.0919928244988,58.2838639051895,139.898281684324));
#11946=CARTESIAN_POINT('Ctrl Pts',(-28.175074658817,58.9120502523419,138.680913380624));
#11947=CARTESIAN_POINT('Ctrl Pts',(-31.6164636835329,53.,146.488138773183));
#11948=CARTESIAN_POINT('Ctrl Pts',(-31.6164636835329,54.1050108385789,146.488138773183));
#11949=CARTESIAN_POINT('Ctrl Pts',(-31.3752149389246,55.7437670351807,146.171934337055));
#11950=CARTESIAN_POINT('Ctrl Pts',(-30.2142070471597,59.0402001457366,144.840184323326));
#11951=CARTESIAN_POINT('Ctrl Pts',(-28.8301685909325,60.770555598762,143.662523492867));
#11952=CARTESIAN_POINT('Ctrl Pts',(-27.6936648167087,61.7135160644826,143.00987984305));
#11953=CARTESIAN_POINT('Ctrl Pts',(-32.721084141832,53.,148.753686704663));
#11954=CARTESIAN_POINT('Ctrl Pts',(-32.721084141832,54.4815632119535,148.753686704663));
#11955=CARTESIAN_POINT('Ctrl Pts',(-32.5319736760744,56.6819977111529,148.502530022272));
#11956=CARTESIAN_POINT('Ctrl Pts',(-31.5953031920345,61.2384109775368,147.429461149429));
#11957=CARTESIAN_POINT('Ctrl Pts',(-30.4601510349418,63.8686976191228,146.438060563435));
#11958=CARTESIAN_POINT('Ctrl Pts',(-29.404295010067,65.5784007461407,145.81572125755));
#11959=CARTESIAN_POINT('Ctrl Pts',(-33.306,53.,149.651957238991));
#11960=CARTESIAN_POINT('Ctrl Pts',(-33.306,54.6429191216683,149.651957238991));
#11961=CARTESIAN_POINT('Ctrl Pts',(-33.1564312649377,57.0845517619202,149.415085920119));
#11962=CARTESIAN_POINT('Ctrl Pts',(-32.3915941132328,62.1805328882841,148.372043172829));
#11963=CARTESIAN_POINT('Ctrl Pts',(-31.4402374250162,65.1973016166369,147.342678068762));
#11964=CARTESIAN_POINT('Ctrl Pts',(-30.45,67.2336748592905,146.6));
#11965=CARTESIAN_POINT('',(-31.2,53.,142.558244247898));
#11966=CARTESIAN_POINT('Origin',(-44.2,53.,142.558244247898));
#11967=CARTESIAN_POINT('',(-29.1175,57.9817862007517,136.2));
#11968=CARTESIAN_POINT('Ctrl Pts',(-29.1175,57.9817862007517,136.2));
#11969=CARTESIAN_POINT('Ctrl Pts',(-29.8395481224082,57.2690555658226,137.747245976589));
#11970=CARTESIAN_POINT('Ctrl Pts',(-30.3945061905341,56.4243603218841,139.462854483366));
#11971=CARTESIAN_POINT('Ctrl Pts',(-30.7604435213943,55.4400642928781,140.79935022976));
#11972=CARTESIAN_POINT('Ctrl Pts',(-30.8519278541093,55.1939902856266,141.133474166358));
#11973=CARTESIAN_POINT('Ctrl Pts',(-30.9315983907453,54.9391912293084,141.443903555433));
#11974=CARTESIAN_POINT('Ctrl Pts',(-30.9968299191674,54.6743728113087,141.705687805295));
#11975=CARTESIAN_POINT('Ctrl Pts',(-31.1272929760115,54.1447359753093,142.229256305021));
#11976=CARTESIAN_POINT('Ctrl Pts',(-31.2,53.5750216925839,142.558244247898));
#11977=CARTESIAN_POINT('Ctrl Pts',(-31.2,53.,142.558244247898));
#11978=CARTESIAN_POINT('Ctrl Pts',(-30.45,67.2336748592905,146.6));
#11979=CARTESIAN_POINT('Ctrl Pts',(-29.404295010067,65.5784007461407,145.81572125755));
#11980=CARTESIAN_POINT('Ctrl Pts',(-28.1878908458432,62.8223315719688,143.81025457494));
#11981=CARTESIAN_POINT('Ctrl Pts',(-28.0287591653457,59.7050551925585,139.91969644981));
#11982=CARTESIAN_POINT('Ctrl Pts',(-28.6462873294085,58.4469182265468,137.440456690312));
#11983=CARTESIAN_POINT('Ctrl Pts',(-29.1175,57.9817862007517,136.2));
#11984=CARTESIAN_POINT('Origin',(-44.2,78.625,142.558244247898));
#11985=CARTESIAN_POINT('',(-31.2,23.,142.558244247898));
#11986=CARTESIAN_POINT('Ctrl Pts',(-31.2,23.,142.558244247898));
#11987=CARTESIAN_POINT('Ctrl Pts',(-31.2,23.,143.987473419463));
#11988=CARTESIAN_POINT('Ctrl Pts',(-31.4919811268587,23.,145.740722173737));
#11989=CARTESIAN_POINT('Ctrl Pts',(-32.1222408404179,23.,147.37839470351));
#11990=CARTESIAN_POINT('Ctrl Pts',(-32.2499799411295,23.,147.67654116397));
#11991=CARTESIAN_POINT('',(-31.2,78.625,142.558244247898));
#11992=CARTESIAN_POINT('Ctrl Pts',(-29.1175,18.0182137992483,136.2));
#11993=CARTESIAN_POINT('Ctrl Pts',(-29.6590360918062,18.5527617754451,137.360434482442));
#11994=CARTESIAN_POINT('Ctrl Pts',(-30.4009232779255,19.5697017145584,139.423608751275));
#11995=CARTESIAN_POINT('Ctrl Pts',(-31.0522970375754,21.2863395889581,141.883823028855));
#11996=CARTESIAN_POINT('Ctrl Pts',(-31.2,22.4249783074161,142.558244247898));
#11997=CARTESIAN_POINT('Ctrl Pts',(-31.2,23.,142.558244247898));
#11998=CARTESIAN_POINT('Ctrl Pts',(-28.175074658817,17.0879497476581,138.680913380624));
#11999=CARTESIAN_POINT('Ctrl Pts',(-28.8627632830784,17.5590895080224,139.593939608399));
#12000=CARTESIAN_POINT('Ctrl Pts',(-29.9319824870508,18.6299693885733,141.293345421714));
#12001=CARTESIAN_POINT('Ctrl Pts',(-30.9591019808986,20.7497563966192,143.399810133552));
#12002=CARTESIAN_POINT('Ctrl Pts',(-31.2,22.244723194214,143.987473419463));
#12003=CARTESIAN_POINT('Ctrl Pts',(-31.2,23.,143.987473419463));
#12004=CARTESIAN_POINT('Ctrl Pts',(-27.6935541101434,14.2865529700666,143.009936593523));
#12005=CARTESIAN_POINT('Ctrl Pts',(-28.5459319408113,14.9937733193571,143.499419330886));
#12006=CARTESIAN_POINT('Ctrl Pts',(-29.9387122553933,16.5873073866652,144.564299164169));
#12007=CARTESIAN_POINT('Ctrl Pts',(-31.2924062663717,19.7106032579855,146.054576187301));
#12008=CARTESIAN_POINT('Ctrl Pts',(-31.6164541761483,21.8949891614213,146.488141094116));
#12009=CARTESIAN_POINT('Ctrl Pts',(-31.6164541761483,23.,146.488141094116));
#12010=CARTESIAN_POINT('Ctrl Pts',(-29.404295010067,10.4215992538593,145.81572125755));
#12011=CARTESIAN_POINT('Ctrl Pts',(-30.1961870287232,11.7038765991229,146.282475736964));
#12012=CARTESIAN_POINT('Ctrl Pts',(-31.3735572095857,14.215717959338,147.203803239153));
#12013=CARTESIAN_POINT('Ctrl Pts',(-32.4659533499986,18.5862582754607,148.409627282185));
#12014=CARTESIAN_POINT('Ctrl Pts',(-32.721084141832,21.5184367880468,148.753686704663));
#12015=CARTESIAN_POINT('Ctrl Pts',(-32.721084141832,23.,148.753686704663));
#12016=CARTESIAN_POINT('Ctrl Pts',(-30.45,8.76632514070944,146.6));
#12017=CARTESIAN_POINT('Ctrl Pts',(-31.1926780687623,10.2936050726998,147.157008551572));
#12018=CARTESIAN_POINT('Ctrl Pts',(-32.2101233525835,13.1991477558815,148.147332200612));
#12019=CARTESIAN_POINT('Ctrl Pts',(-33.1034359372461,18.1038273970231,149.32823505385));
#12020=CARTESIAN_POINT('Ctrl Pts',(-33.306,21.3570808783322,149.651957238991));
#12021=CARTESIAN_POINT('Ctrl Pts',(-33.306,23.,149.651957238991));
#12022=CARTESIAN_POINT('',(-29.1175,18.0182137992483,136.2));
#12023=CARTESIAN_POINT('Ctrl Pts',(-29.1175,18.0182137992483,136.2));
#12024=CARTESIAN_POINT('Ctrl Pts',(-28.6462873294085,17.5530817734532,137.440456690312));
#12025=CARTESIAN_POINT('Ctrl Pts',(-28.0287006340967,16.294965104674,139.919747777726));
#12026=CARTESIAN_POINT('Ctrl Pts',(-28.187816517404,13.1776884160428,143.81032737275));
#12027=CARTESIAN_POINT('Ctrl Pts',(-29.404295010067,10.4215992538593,145.81572125755));
#12028=CARTESIAN_POINT('Ctrl Pts',(-30.45,8.76632514070944,146.6));
#12029=CARTESIAN_POINT('Ctrl Pts',(-31.2,23.,142.558244247898));
#12030=CARTESIAN_POINT('Ctrl Pts',(-31.2,22.4249783074161,142.558244247898));
#12031=CARTESIAN_POINT('Ctrl Pts',(-31.1261485187877,21.8556589481871,142.221033638377));
#12032=CARTESIAN_POINT('Ctrl Pts',(-30.9961693839458,21.3257652865155,141.700969151104));
#12033=CARTESIAN_POINT('Ctrl Pts',(-30.866190249104,20.7958716248439,141.180904663832));
#12034=CARTESIAN_POINT('Ctrl Pts',(-30.6800834606326,20.3054036607297,140.477986298809));
#12035=CARTESIAN_POINT('Ctrl Pts',(-30.4497174377706,19.8484124920031,139.726127396782));
#12036=CARTESIAN_POINT('Ctrl Pts',(-30.1041684034777,19.1629257389131,138.598339043742));
#12037=CARTESIAN_POINT('Ctrl Pts',(-29.6590360918062,18.5527617754451,137.360434482442));
#12038=CARTESIAN_POINT('Ctrl Pts',(-29.1175,18.0182137992483,136.2));
#12039=CARTESIAN_POINT('Ctrl Pts',(-19.2,73.,144.2));
#12040=CARTESIAN_POINT('Ctrl Pts',(-19.9715796937572,73.,144.2));
#12041=CARTESIAN_POINT('Ctrl Pts',(-21.3218517544866,73.0034998978197,144.2));
#12042=CARTESIAN_POINT('Ctrl Pts',(-22.6719126330455,72.9746554202694,144.2));
#12043=CARTESIAN_POINT('Ctrl Pts',(-23.25,72.9484905308047,144.2));
#12044=CARTESIAN_POINT('Ctrl Pts',(-19.2,71.0552045477777,144.2));
#12045=CARTESIAN_POINT('Ctrl Pts',(-19.9715796937572,71.0552045477777,144.2));
#12046=CARTESIAN_POINT('Ctrl Pts',(-21.3177493704243,71.0800044626418,144.20007862992));
#12047=CARTESIAN_POINT('Ctrl Pts',(-22.6153477317801,71.0859334373324,144.20004653711));
#12048=CARTESIAN_POINT('Ctrl Pts',(-23.1651880008587,71.0746532521934,144.2));
#12049=CARTESIAN_POINT('Ctrl Pts',(-19.2,67.1666298766162,143.311378848929));
#12050=CARTESIAN_POINT('Ctrl Pts',(-19.9715796937572,67.1666298766162,143.311378848929));
#12051=CARTESIAN_POINT('Ctrl Pts',(-21.309631011408,67.2337771288796,143.331433174538));
#12052=CARTESIAN_POINT('Ctrl Pts',(-22.5022890346976,67.3092475120094,143.362233977836));
#12053=CARTESIAN_POINT('Ctrl Pts',(-22.9956020670323,67.3278196915017,143.374399434939));
#12054=CARTESIAN_POINT('Ctrl Pts',(-19.2,62.8795138885038,139.892635871374));
#12055=CARTESIAN_POINT('Ctrl Pts',(-19.9715796937572,62.8795138885038,139.892635871374));
#12056=CARTESIAN_POINT('Ctrl Pts',(-21.3009452203564,62.9703145114881,139.984188006053));
#12057=CARTESIAN_POINT('Ctrl Pts',(-22.3761133544901,63.0884951708591,140.126023308917));
#12058=CARTESIAN_POINT('Ctrl Pts',(-22.8054618792996,63.126860210027,140.182272595114));
#12059=CARTESIAN_POINT('Ctrl Pts',(-19.2,60.4962545395988,135.574585579435));
#12060=CARTESIAN_POINT('Ctrl Pts',(-19.9715796937572,60.4962545395988,135.574585579435));
#12061=CARTESIAN_POINT('Ctrl Pts',(-21.2966332351408,60.5626875839083,135.743135373655));
#12062=CARTESIAN_POINT('Ctrl Pts',(-22.3035256116301,60.6491171523791,136.006733262004));
#12063=CARTESIAN_POINT('Ctrl Pts',(-22.6945802393734,60.6770399898824,136.111706145123));
#12064=CARTESIAN_POINT('Ctrl Pts',(-19.2,60.,132.658596589167));
#12065=CARTESIAN_POINT('Ctrl Pts',(-19.9715796937572,60.,132.658596589167));
#12066=CARTESIAN_POINT('Ctrl Pts',(-21.2962519490857,60.0265793476737,132.867749095185));
#12067=CARTESIAN_POINT('Ctrl Pts',(-22.2861579501141,60.0546113507257,133.19743704177));
#12068=CARTESIAN_POINT('Ctrl Pts',(-22.6666658460033,60.0602990636413,133.329172440843));
#12069=CARTESIAN_POINT('Ctrl Pts',(-19.2,60.,131.2));
#12070=CARTESIAN_POINT('Ctrl Pts',(-19.9715796937572,60.,131.2));
#12071=CARTESIAN_POINT('Ctrl Pts',(-21.2965846065375,60.0012249642369,131.425103220925));
#12072=CARTESIAN_POINT('Ctrl Pts',(-22.2844800596552,59.9911293970943,131.781731277108));
#12073=CARTESIAN_POINT('Ctrl Pts',(-22.6631206601008,59.9819716857816,131.924542394937));
#12074=CARTESIAN_POINT('',(-22.6631206601008,59.9819716857816,131.924542394937));
#12075=CARTESIAN_POINT('Ctrl Pts',(-22.6631206601008,59.9819716857816,131.924542394937));
#12076=CARTESIAN_POINT('Ctrl Pts',(-22.6678475746375,60.0864081895946,133.797382456144));
#12077=CARTESIAN_POINT('Ctrl Pts',(-22.7146203683308,61.1198068281686,137.489775843379));
#12078=CARTESIAN_POINT('Ctrl Pts',(-22.9114093761483,65.4676654166087,142.618111147459));
#12079=CARTESIAN_POINT('Ctrl Pts',(-23.122782001288,70.1377346128877,144.2));
#12080=CARTESIAN_POINT('Ctrl Pts',(-23.25,72.9484905308047,144.2));
#12081=CARTESIAN_POINT('Ctrl Pts',(-19.2,60.,131.2));
#12082=CARTESIAN_POINT('Ctrl Pts',(-19.9715796937572,60.,131.2));
#12083=CARTESIAN_POINT('Ctrl Pts',(-21.2965846065375,60.0012249642369,131.425103220925));
#12084=CARTESIAN_POINT('Ctrl Pts',(-22.2844800596552,59.9911293970943,131.781731277108));
#12085=CARTESIAN_POINT('Ctrl Pts',(-22.6631206601008,59.9819716857816,131.924542394937));
#12086=CARTESIAN_POINT('Ctrl Pts',(-29.1175,57.9817862007517,136.2));
#12087=CARTESIAN_POINT('Ctrl Pts',(-28.5725290272521,58.5197247333373,135.592041662292));
#12088=CARTESIAN_POINT('Ctrl Pts',(-27.4457492200275,59.2458657048493,134.543810445845));
#12089=CARTESIAN_POINT('Ctrl Pts',(-25.6281615505289,59.7437730611873,133.355067020594));
#12090=CARTESIAN_POINT('Ctrl Pts',(-24.1262962777626,59.924666584664,132.549883699195));
#12091=CARTESIAN_POINT('Ctrl Pts',(-23.2040262480199,59.9688894721581,132.128554673494));
#12092=CARTESIAN_POINT('Ctrl Pts',(-22.6631206601008,59.9819716857816,131.924542394937));
#12093=CARTESIAN_POINT('Ctrl Pts',(-28.6462873294085,58.4469182265468,137.440456690312));
#12094=CARTESIAN_POINT('Ctrl Pts',(-28.0738273878609,58.9850867982093,136.908739756941));
#12095=CARTESIAN_POINT('Ctrl Pts',(-26.9477269940532,59.6596798449095,136.022316959236));
#12096=CARTESIAN_POINT('Ctrl Pts',(-25.293851210418,60.0354697706394,135.035868862715));
#12097=CARTESIAN_POINT('Ctrl Pts',(-23.9654183491455,60.1178271477378,134.348086743809));
#12098=CARTESIAN_POINT('Ctrl Pts',(-23.1503252229702,60.1043259144873,133.978445047652));
#12099=CARTESIAN_POINT('Ctrl Pts',(-22.6678475746375,60.0864081895946,133.797382456144));
#12100=CARTESIAN_POINT('Ctrl Pts',(-28.0287591653457,59.7050551925585,139.91969644981));
#12101=CARTESIAN_POINT('Ctrl Pts',(-27.4012380385354,60.3153806422015,139.520127696205));
#12102=CARTESIAN_POINT('Ctrl Pts',(-26.2474302234482,61.0182098435781,138.914522849803));
#12103=CARTESIAN_POINT('Ctrl Pts',(-24.810928675861,61.2948744007974,138.30585347473));
#12104=CARTESIAN_POINT('Ctrl Pts',(-23.7408206318848,61.2663183244971,137.862491401003));
#12105=CARTESIAN_POINT('Ctrl Pts',(-23.0977796879797,61.1789318787514,137.613299571987));
#12106=CARTESIAN_POINT('Ctrl Pts',(-22.7146203683308,61.1198068281686,137.489775843379));
#12107=CARTESIAN_POINT('Ctrl Pts',(-28.1878908458432,62.8223315719688,143.81025457494));
#12108=CARTESIAN_POINT('Ctrl Pts',(-27.4846535386159,63.7702484182011,143.500431514359));
#12109=CARTESIAN_POINT('Ctrl Pts',(-26.2124158812495,64.9270705231038,143.094581576494));
#12110=CARTESIAN_POINT('Ctrl Pts',(-24.7419715704215,65.5087423028705,142.841632075312));
#12111=CARTESIAN_POINT('Ctrl Pts',(-23.7519813273939,65.5861861128761,142.706594747205));
#12112=CARTESIAN_POINT('Ctrl Pts',(-23.2129570989016,65.5214596277267,142.644158537783));
#12113=CARTESIAN_POINT('Ctrl Pts',(-22.9114093761483,65.4676654166087,142.618111147459));
#12114=CARTESIAN_POINT('Ctrl Pts',(-29.404295010067,65.5784007461407,145.81572125755));
#12115=CARTESIAN_POINT('Ctrl Pts',(-28.6715814197431,66.8939356834534,145.394441231148));
#12116=CARTESIAN_POINT('Ctrl Pts',(-27.2641533307228,68.6243763612072,144.765759517325));
#12117=CARTESIAN_POINT('Ctrl Pts',(-25.4031143013323,69.7300405642901,144.35042682959));
#12118=CARTESIAN_POINT('Ctrl Pts',(-24.1235867239088,70.0809006210276,144.2147854452));
#12119=CARTESIAN_POINT('Ctrl Pts',(-23.4634885085629,70.1350246335205,144.195265290859));
#12120=CARTESIAN_POINT('Ctrl Pts',(-23.122782001288,70.1377346128877,144.2));
#12121=CARTESIAN_POINT('Ctrl Pts',(-30.45,67.2336748592905,146.6));
#12122=CARTESIAN_POINT('Ctrl Pts',(-29.7026112373745,68.7706420952493,146.039458428031));
#12123=CARTESIAN_POINT('Ctrl Pts',(-28.1934934604856,70.8453305852838,145.144239102766));
#12124=CARTESIAN_POINT('Ctrl Pts',(-25.9917972772386,72.2679230319638,144.471760183158));
#12125=CARTESIAN_POINT('Ctrl Pts',(-24.4381344163523,72.7847616704686,144.239511462882));
#12126=CARTESIAN_POINT('Ctrl Pts',(-23.6463957632308,72.9111127775947,144.2));
#12127=CARTESIAN_POINT('Ctrl Pts',(-23.25,72.9484905308047,144.2));
#12128=CARTESIAN_POINT('Ctrl Pts',(-22.6631206601008,59.9819716857816,131.924542394937));
#12129=CARTESIAN_POINT('Ctrl Pts',(-23.2040262480199,59.9688894721581,132.128554673494));
#12130=CARTESIAN_POINT('Ctrl Pts',(-23.6651612628912,59.946778028411,132.339219186344));
#12131=CARTESIAN_POINT('Ctrl Pts',(-24.0834619294227,59.9131106161029,132.545199357945));
#12132=CARTESIAN_POINT('Ctrl Pts',(-24.5017625959541,59.8794432037948,132.751179529545));
#12133=CARTESIAN_POINT('Ctrl Pts',(-24.8772289141457,59.8342198229257,132.952475359894));
#12134=CARTESIAN_POINT('Ctrl Pts',(-25.22851688569,59.7764093825497,133.15271388153));
#12135=CARTESIAN_POINT('Ctrl Pts',(-25.9310928287787,59.6607885017977,133.553190924802));
#12136=CARTESIAN_POINT('Ctrl Pts',(-26.5369553852782,59.4948193830183,133.949438733219));
#12137=CARTESIAN_POINT('Ctrl Pts',(-27.0807576883339,59.2790553563088,134.354904412901));
#12138=CARTESIAN_POINT('Ctrl Pts',(-27.8964611429173,58.9554093162445,134.963102932423));
#12139=CARTESIAN_POINT('Ctrl Pts',(-28.5725290272521,58.5197247333373,135.592041662292));
#12140=CARTESIAN_POINT('Ctrl Pts',(-29.1175,57.9817862007517,136.2));
#12141=CARTESIAN_POINT('Ctrl Pts',(-22.6631206601007,16.0180283142184,131.924542394937));
#12142=CARTESIAN_POINT('Ctrl Pts',(-23.2040295128131,16.0311106068034,132.128555904869));
#12143=CARTESIAN_POINT('Ctrl Pts',(-24.578386383047,16.0967378853047,132.762421699023));
#12144=CARTESIAN_POINT('Ctrl Pts',(-26.9602307360462,16.4983617361345,134.134466125892));
#12145=CARTESIAN_POINT('Ctrl Pts',(-28.3908676505614,17.3009580932878,135.389383990376));
#12146=CARTESIAN_POINT('Ctrl Pts',(-29.1175,18.0182137992483,136.2));
#12147=CARTESIAN_POINT('Ctrl Pts',(-22.6678475746375,15.9135918104054,133.797382456144));
#12148=CARTESIAN_POINT('Ctrl Pts',(-23.1503281351046,15.8956739773651,133.978446140508));
#12149=CARTESIAN_POINT('Ctrl Pts',(-24.3646617766526,15.8754209917402,134.535514534721));
#12150=CARTESIAN_POINT('Ctrl Pts',(-26.4763433706064,16.1154275215759,135.6863046515));
#12151=CARTESIAN_POINT('Ctrl Pts',(-27.8830028003467,16.8355193468723,136.731496500041));
#12152=CARTESIAN_POINT('Ctrl Pts',(-28.6462873294085,17.5530817734532,137.440456690312));
#12153=CARTESIAN_POINT('Ctrl Pts',(-22.7146157981173,14.8802941461806,137.489999394215));
#12154=CARTESIAN_POINT('Ctrl Pts',(-23.0977774304359,14.8211687387314,137.613523868387));
#12155=CARTESIAN_POINT('Ctrl Pts',(-24.0556527534448,14.6909745171542,137.991088575646));
#12156=CARTESIAN_POINT('Ctrl Pts',(-25.783264387354,14.7640822706446,138.704928382937));
#12157=CARTESIAN_POINT('Ctrl Pts',(-27.1920007482342,15.4811929267538,139.386986223968));
#12158=CARTESIAN_POINT('Ctrl Pts',(-28.0287006340967,16.294965104674,139.919747777726));
#12159=CARTESIAN_POINT('Ctrl Pts',(-22.9114047349277,10.5324371265723,142.618425081309));
#12160=CARTESIAN_POINT('Ctrl Pts',(-23.2129542777601,10.4786425907636,142.644472628849));
#12161=CARTESIAN_POINT('Ctrl Pts',(-24.0178667077851,10.3820973769364,142.742008471712));
#12162=CARTESIAN_POINT('Ctrl Pts',(-25.6989859295766,10.6958832959483,142.971214631572));
#12163=CARTESIAN_POINT('Ctrl Pts',(-27.2501611149757,11.9137916591618,143.397227465273));
#12164=CARTESIAN_POINT('Ctrl Pts',(-28.187816517404,13.1776884160428,143.81032737275));
#12165=CARTESIAN_POINT('Ctrl Pts',(-23.122782001288,5.86226538711229,144.2));
#12166=CARTESIAN_POINT('Ctrl Pts',(-23.4634905649963,5.86497538283634,144.195265262281));
#12167=CARTESIAN_POINT('Ctrl Pts',(-24.4518681868891,5.94517987301959,144.226805759721));
#12168=CARTESIAN_POINT('Ctrl Pts',(-26.6665629427137,6.77762644075084,144.540212926203));
#12169=CARTESIAN_POINT('Ctrl Pts',(-28.4273376596263,8.66754208371604,145.254011165336));
#12170=CARTESIAN_POINT('Ctrl Pts',(-29.404295010067,10.4215992538593,145.81572125755));
#12171=CARTESIAN_POINT('Ctrl Pts',(-23.25,3.05150946919531,144.2));
#12172=CARTESIAN_POINT('Ctrl Pts',(-23.6463981557929,3.08888744800968,144.2));
#12173=CARTESIAN_POINT('Ctrl Pts',(-24.8328944450645,3.27639395801335,144.259644240902));
#12174=CARTESIAN_POINT('Ctrl Pts',(-27.5293665800501,4.42389067467017,144.80036388115));
#12175=CARTESIAN_POINT('Ctrl Pts',(-29.4534756350553,6.71702312367925,145.852606726292));
#12176=CARTESIAN_POINT('Ctrl Pts',(-30.45,8.76632514070944,146.6));
#12177=CARTESIAN_POINT('Ctrl Pts',(-29.1175,18.0182137992483,136.2));
#12178=CARTESIAN_POINT('Ctrl Pts',(-28.3908676505614,17.3009580932878,135.389383990376));
#12179=CARTESIAN_POINT('Ctrl Pts',(-27.4371097075513,16.7658938551856,134.55277208072));
#12180=CARTESIAN_POINT('Ctrl Pts',(-26.2118211158815,16.4345395469307,133.75121785298));
#12181=CARTESIAN_POINT('Ctrl Pts',(-25.5991768200467,16.2688623928032,133.35044073911));
#12182=CARTESIAN_POINT('Ctrl Pts',(-24.9186498620469,16.1541127211375,132.958428045718));
#12183=CARTESIAN_POINT('Ctrl Pts',(-24.0809822670541,16.0866951512484,132.546039017186));
#12184=CARTESIAN_POINT('Ctrl Pts',(-23.6621484695578,16.0529863663038,132.33984450292));
#12185=CARTESIAN_POINT('Ctrl Pts',(-23.2040295128131,16.0311106068034,132.128555904869));
#12186=CARTESIAN_POINT('Ctrl Pts',(-22.6631206601008,16.0180283142184,131.924542394937));
#12187=CARTESIAN_POINT('Ctrl Pts',(-19.2,16.,131.2));
#12188=CARTESIAN_POINT('Ctrl Pts',(-24.2,16.,131.2));
#12189=CARTESIAN_POINT('Ctrl Pts',(-24.2,16.,136.2));
#12190=CARTESIAN_POINT('Ctrl Pts',(-19.2,16.,124.2));
#12191=CARTESIAN_POINT('Ctrl Pts',(-31.2,16.,124.2));
#12192=CARTESIAN_POINT('Ctrl Pts',(-31.2,16.,136.2));
#12193=CARTESIAN_POINT('Ctrl Pts',(-19.2,23.,124.2));
#12194=CARTESIAN_POINT('Ctrl Pts',(-31.2,23.,124.2));
#12195=CARTESIAN_POINT('Ctrl Pts',(-31.2,23.,136.2));
#12196=CARTESIAN_POINT('',(-31.2,23.,136.2));
#12197=CARTESIAN_POINT('Origin',(-19.2,23.,136.2));
#12198=CARTESIAN_POINT('Origin',(-24.2,23.,136.2));
#12199=CARTESIAN_POINT('Origin',(-24.2,23.,126.2));
#12200=CARTESIAN_POINT('',(-31.2,23.,126.2));
#12201=CARTESIAN_POINT('Origin',(-31.2,38.,131.2));
#12202=CARTESIAN_POINT('',(-31.2,53.,136.2));
#12203=CARTESIAN_POINT('',(-31.2,38.,136.2));
#12204=CARTESIAN_POINT('',(-31.2,53.,136.2));
#12205=CARTESIAN_POINT('Origin',(-24.2,53.,136.2));
#12206=CARTESIAN_POINT('Origin',(-24.2,53.,136.2));
#12207=CARTESIAN_POINT('Ctrl Pts',(-24.2,60.,136.2));
#12208=CARTESIAN_POINT('Ctrl Pts',(-24.2,60.,131.2));
#12209=CARTESIAN_POINT('Ctrl Pts',(-19.2,60.,131.2));
#12210=CARTESIAN_POINT('Ctrl Pts',(-31.2,60.,136.2));
#12211=CARTESIAN_POINT('Ctrl Pts',(-31.2,60.,124.2));
#12212=CARTESIAN_POINT('Ctrl Pts',(-19.2,60.,124.2));
#12213=CARTESIAN_POINT('Ctrl Pts',(-31.2,53.,136.2));
#12214=CARTESIAN_POINT('Ctrl Pts',(-31.2,53.,124.2));
#12215=CARTESIAN_POINT('Ctrl Pts',(-19.2,53.,124.2));
#12216=CARTESIAN_POINT('Origin',(-19.2,53.,136.2));
#12217=CARTESIAN_POINT('Origin',(-12.2,76.,141.2));
#12218=CARTESIAN_POINT('Origin',(-12.2,6.5,136.2));
#12219=CARTESIAN_POINT('Origin',(-12.2,76.,141.2));
#12220=CARTESIAN_POINT('Origin',(-11.7,38.,124.2));
#12221=CARTESIAN_POINT('',(-19.2,38.,124.2));
#12222=CARTESIAN_POINT('Origin',(-19.2,38.,136.2));
#12223=CARTESIAN_POINT('Ctrl Pts',(62.5,-38.994562646538,150.247059550105));
#12224=CARTESIAN_POINT('Ctrl Pts',(59.8127460668062,-38.994562646538,147.2));
#12225=CARTESIAN_POINT('Ctrl Pts',(55.75,-38.994562646538,147.2));
#12226=CARTESIAN_POINT('Ctrl Pts',(64.75,-36.9056307750697,148.262746066806));
#12227=CARTESIAN_POINT('Ctrl Pts',(61.1669947557416,-36.9056307750697,144.2));
#12228=CARTESIAN_POINT('Ctrl Pts',(55.75,-36.9056307750697,144.2));
#12229=CARTESIAN_POINT('Ctrl Pts',(64.75,-33.25,148.262746066806));
#12230=CARTESIAN_POINT('Ctrl Pts',(61.1669947557416,-33.25,144.2));
#12231=CARTESIAN_POINT('Ctrl Pts',(55.75,-33.25,144.2));
#12232=CARTESIAN_POINT('Origin',(55.75,-33.25,151.2));
#12233=CARTESIAN_POINT('Origin',(-11.,-33.25,151.2));
#12234=CARTESIAN_POINT('Origin',(-23.25,-33.25,151.2));
#12235=CARTESIAN_POINT('Ctrl Pts',(-23.25,-38.994562646538,147.2));
#12236=CARTESIAN_POINT('Ctrl Pts',(-27.3127460668062,-38.994562646538,147.2));
#12237=CARTESIAN_POINT('Ctrl Pts',(-30.,-38.994562646538,150.247059550105));
#12238=CARTESIAN_POINT('Ctrl Pts',(-23.25,-36.9056307750696,144.2));
#12239=CARTESIAN_POINT('Ctrl Pts',(-28.6669947557416,-36.9056307750696,
144.2));
#12240=CARTESIAN_POINT('Ctrl Pts',(-32.25,-36.9056307750696,148.262746066806));
#12241=CARTESIAN_POINT('Ctrl Pts',(-23.25,-33.25,144.2));
#12242=CARTESIAN_POINT('Ctrl Pts',(-28.6669947557416,-33.25,144.2));
#12243=CARTESIAN_POINT('Ctrl Pts',(-32.25,-33.25,148.262746066806));
#12244=CARTESIAN_POINT('Origin',(55.75,-2.62500000000001,156.2));
#12245=CARTESIAN_POINT('Origin',(-14.2,69.5,136.2));
#12246=CARTESIAN_POINT('Origin',(-14.2,6.5,136.2));
#12247=CARTESIAN_POINT('Origin',(46.7,38.,141.2));
#12248=CARTESIAN_POINT('',(45.4550020016016,6.5,141.2));
#12249=CARTESIAN_POINT('',(44.7,6.5,141.2));
#12250=CARTESIAN_POINT('',(46.7,6.5,141.2));
#12251=CARTESIAN_POINT('',(45.4550020005712,-1.69337613553266,141.199999999357));
#12252=CARTESIAN_POINT('',(45.4550020016016,57.,141.2));
#12253=CARTESIAN_POINT('',(44.7,-1.69337613708192,141.2));
#12254=CARTESIAN_POINT('',(31.475,-1.69337613708192,141.2));
#12255=CARTESIAN_POINT('',(44.7,19.,141.2));
#12256=CARTESIAN_POINT('Origin',(46.7,38.,141.2));
#12257=CARTESIAN_POINT('',(45.4550020016016,69.5,141.2));
#12258=CARTESIAN_POINT('',(44.7,69.5,141.2));
#12259=CARTESIAN_POINT('',(46.7,69.5,141.2));
#12260=CARTESIAN_POINT('',(45.4550020016016,57.,141.2));
#12261=CARTESIAN_POINT('',(44.7,19.,141.2));
#12262=CARTESIAN_POINT('Origin',(46.7,38.,141.2));
#12263=CARTESIAN_POINT('',(44.7,77.6933761370819,141.2));
#12264=CARTESIAN_POINT('',(44.7,19.,141.2));
#12265=CARTESIAN_POINT('',(45.4550020005713,77.6933761355327,141.199999999357));
#12266=CARTESIAN_POINT('',(28.975,77.6933761370819,141.2));
#12267=CARTESIAN_POINT('',(45.4550020016016,57.,141.2));
#12268=CARTESIAN_POINT('Origin',(46.7,6.5,136.2));
#12269=CARTESIAN_POINT('',(46.7,6.5,141.2));
#12270=CARTESIAN_POINT('',(44.7000000004093,3.3377223424286,140.072983347588));
#12271=CARTESIAN_POINT('Origin',(44.7,6.5,136.2));
#12272=CARTESIAN_POINT('Ctrl Pts',(45.4550020016016,6.5,141.2));
#12273=CARTESIAN_POINT('Ctrl Pts',(45.4550020016016,5.84757353720529,141.2));
#12274=CARTESIAN_POINT('Ctrl Pts',(45.3420808284867,5.17189065996575,141.065787849118));
#12275=CARTESIAN_POINT('Ctrl Pts',(45.0280930286184,4.11316412801522,140.620263026423));
#12276=CARTESIAN_POINT('Ctrl Pts',(44.8628074399782,3.69811197132484,140.367240247702));
#12277=CARTESIAN_POINT('Ctrl Pts',(44.7000000012277,3.33772234254939,140.072983348426));
#12278=CARTESIAN_POINT('Origin',(51.7,57.,136.2));
#12279=CARTESIAN_POINT('',(44.7000000004093,66.3377223425494,140.072983347687));
#12280=CARTESIAN_POINT('Ctrl Pts',(45.4550020016016,69.5,141.2));
#12281=CARTESIAN_POINT('Ctrl Pts',(45.4550020016016,68.8475735372053,141.2));
#12282=CARTESIAN_POINT('Ctrl Pts',(45.3420808284867,68.1718906599657,141.065787849118));
#12283=CARTESIAN_POINT('Ctrl Pts',(45.0280930286184,67.1131641280152,140.620263026423));
#12284=CARTESIAN_POINT('Ctrl Pts',(44.8628074399782,66.6981119713248,140.367240247702));
#12285=CARTESIAN_POINT('Ctrl Pts',(44.7000000012278,66.3377223425494,140.072983348426));
#12286=CARTESIAN_POINT('',(44.7000000004093,9.66227765757139,140.072983347588));
#12287=CARTESIAN_POINT('',(44.7,57.,140.072983346207));
#12288=CARTESIAN_POINT('Ctrl Pts',(44.7000000012278,9.66227765745059,140.072983348427));
#12289=CARTESIAN_POINT('Ctrl Pts',(44.8628074399783,9.30188802867514,140.367240247702));
#12290=CARTESIAN_POINT('Ctrl Pts',(45.0280930286184,8.88683587198478,140.620263026423));
#12291=CARTESIAN_POINT('Ctrl Pts',(45.3420808284867,7.82810934003425,141.065787849118));
#12292=CARTESIAN_POINT('Ctrl Pts',(45.4550020016016,7.15242646279472,141.2));
#12293=CARTESIAN_POINT('Ctrl Pts',(45.4550020016016,6.5,141.2));
#12294=CARTESIAN_POINT('Origin',(51.7,57.,136.2));
#12295=CARTESIAN_POINT('',(44.7,76.4989386625532,140.072983346207));
#12296=CARTESIAN_POINT('Ctrl Pts',(44.6999999999924,76.4989386625404,140.072983346194));
#12297=CARTESIAN_POINT('Ctrl Pts',(44.929782690324,76.8867917607242,140.488290794883));
#12298=CARTESIAN_POINT('Ctrl Pts',(45.187303113957,77.2908590506502,140.865644196356));
#12299=CARTESIAN_POINT('Ctrl Pts',(45.4550020005713,77.6933761355327,141.199999998713));
#12300=CARTESIAN_POINT('',(44.7000000004093,72.6622776574506,140.072983347687));
#12301=CARTESIAN_POINT('',(44.7,57.,140.072983346207));
#12302=CARTESIAN_POINT('Ctrl Pts',(44.7000000012277,72.6622776574506,140.072983348426));
#12303=CARTESIAN_POINT('Ctrl Pts',(44.8628074399782,72.3018880286752,140.367240247702));
#12304=CARTESIAN_POINT('Ctrl Pts',(45.0280930286184,71.8868358719848,140.620263026423));
#12305=CARTESIAN_POINT('Ctrl Pts',(45.3420808284867,70.8281093400342,141.065787849118));
#12306=CARTESIAN_POINT('Ctrl Pts',(45.4550020016016,70.1524264627947,141.2));
#12307=CARTESIAN_POINT('Ctrl Pts',(45.4550020016016,69.5,141.2));
#12308=CARTESIAN_POINT('Origin',(51.7,57.,136.2));
#12309=CARTESIAN_POINT('',(44.7,-0.498938662553238,140.072983346207));
#12310=CARTESIAN_POINT('',(44.7,57.,140.072983346207));
#12311=CARTESIAN_POINT('Ctrl Pts',(45.4550020005712,-1.69337613553265,141.199999998713));
#12312=CARTESIAN_POINT('Ctrl Pts',(45.187303113957,-1.29085905065022,140.865644196356));
#12313=CARTESIAN_POINT('Ctrl Pts',(44.929782690324,-0.886791760724183,140.488290794883));
#12314=CARTESIAN_POINT('Ctrl Pts',(44.6999999999924,-0.498938662540423,
140.072983346194));
#12315=CARTESIAN_POINT('Origin',(46.7,69.5,136.2));
#12316=CARTESIAN_POINT('',(46.7,69.5,141.2));
#12317=CARTESIAN_POINT('Origin',(44.7,69.5,136.2));
#12318=CARTESIAN_POINT('Origin',(28.975,86.,131.2));
#12319=CARTESIAN_POINT('Origin',(44.7,86.,131.2));
#12320=CARTESIAN_POINT('Origin',(44.7,0.,141.2));
#12321=CARTESIAN_POINT('Origin',(44.7,6.5,136.2));
#12322=CARTESIAN_POINT('Origin',(44.7,0.,141.2));
#12323=CARTESIAN_POINT('Origin',(44.7,-10.,131.2));
#12324=CARTESIAN_POINT('Origin',(44.7,0.,141.2));
#12325=CARTESIAN_POINT('Origin',(44.7,69.5,136.2));
#12326=CARTESIAN_POINT('Origin',(46.7,69.5,136.2));
#12327=CARTESIAN_POINT('Origin',(46.7,6.5,136.2));
#12328=CARTESIAN_POINT('Origin',(31.475,-10.,131.2));
#12329=UNCERTAINTY_MEASURE_WITH_UNIT(LENGTH_MEASURE(0.01),#12333,
'DISTANCE_ACCURACY_VALUE',
'Maximum model space distance between geometric entities at asserted c
onnectivities');
#12330=UNCERTAINTY_MEASURE_WITH_UNIT(LENGTH_MEASURE(0.01),#12333,
'DISTANCE_ACCURACY_VALUE',
'Maximum model space distance between geometric entities at asserted c
onnectivities');
#12331=(
GEOMETRIC_REPRESENTATION_CONTEXT(3)
GLOBAL_UNCERTAINTY_ASSIGNED_CONTEXT((#12329))
GLOBAL_UNIT_ASSIGNED_CONTEXT((#12333,#12335,#12336))
REPRESENTATION_CONTEXT('','3D')
);
#12332=(
GEOMETRIC_REPRESENTATION_CONTEXT(3)
GLOBAL_UNCERTAINTY_ASSIGNED_CONTEXT((#12330))
GLOBAL_UNIT_ASSIGNED_CONTEXT((#12333,#12335,#12336))
REPRESENTATION_CONTEXT('','3D')
);
#12333=(
LENGTH_UNIT()
NAMED_UNIT(*)
SI_UNIT(.MILLI.,.METRE.)
);
#12334=(
LENGTH_UNIT()
NAMED_UNIT(*)
SI_UNIT($,.METRE.)
);
#12335=(
NAMED_UNIT(*)
PLANE_ANGLE_UNIT()
SI_UNIT($,.RADIAN.)
);
#12336=(
NAMED_UNIT(*)
SI_UNIT($,.STERADIAN.)
SOLID_ANGLE_UNIT()
);
#12337=SHAPE_DEFINITION_REPRESENTATION(#12338,#12339);
#12338=PRODUCT_DEFINITION_SHAPE('',$,#12341);
#12339=SHAPE_REPRESENTATION('',(#5389),#12331);
#12340=PRODUCT_DEFINITION_CONTEXT('part definition',#12345,'design');
#12341=PRODUCT_DEFINITION('FusionComponent','FusionComponent',#12342,#12340);
#12342=PRODUCT_DEFINITION_FORMATION('',$,#12347);
#12343=PRODUCT_RELATED_PRODUCT_CATEGORY('FusionComponent',
'FusionComponent',(#12347));
#12344=APPLICATION_PROTOCOL_DEFINITION('international standard',
'automotive_design',2009,#12345);
#12345=APPLICATION_CONTEXT(
'Core Data for Automotive Mechanical Design Process');
#12346=PRODUCT_CONTEXT('part definition',#12345,'mechanical');
#12347=PRODUCT('FusionComponent','FusionComponent',$,(#12346));
#12348=PRESENTATION_STYLE_ASSIGNMENT((#12349));
#12349=SURFACE_STYLE_USAGE(.BOTH.,#12350);
#12350=SURFACE_SIDE_STYLE('',(#12351));
#12351=SURFACE_STYLE_FILL_AREA(#12352);
#12352=FILL_AREA_STYLE('Steel - Satin',(#12353));
#12353=FILL_AREA_STYLE_COLOUR('Steel - Satin',#12354);
#12354=COLOUR_RGB('Steel - Satin',0.627450980392157,0.627450980392157,0.627450980392157);
ENDSEC;
END-ISO-10303-21;
