ISO-10303-21;
HEADER;
/* Generated by software containing ST-Developer
 * from STEP Tools, Inc. (www.steptools.com) 
 */

FILE_DESCRIPTION(
/* description */ (''),
/* implementation_level */ '2;1');

FILE_NAME(
/* name */ 'MotorCover.step',
/* time_stamp */ '2026-08-13T21:13:08+02:00',
/* author */ (''),
/* organization */ (''),
/* preprocessor_version */ 'ST-DEVELOPER v20.1',
/* originating_system */ 'Autodesk Translation Framework v15.8.0.0',
/* authorisation */ '');

FILE_SCHEMA (('AUTOMOTIVE_DESIGN { 1 0 10303 214 3 1 1 }'));
ENDSEC;

DATA;
#10=MECHANICAL_DESIGN_GEOMETRIC_PRESENTATION_REPRESENTATION('',(#13),#2620);
#11=SHAPE_REPRESENTATION_RELATIONSHIP('SRR','None',#2627,#12);
#12=ADVANCED_BREP_SHAPE_REPRESENTATION('',(#14),#2619);
#13=STYLED_ITEM('',(#2636),#14);
#14=MANIFOLD_SOLID_BREP('Body1',#1524);
#15=FACE_BOUND('',#181,.T.);
#16=FACE_BOUND('',#182,.T.);
#17=FACE_BOUND('',#183,.T.);
#18=FACE_BOUND('',#184,.T.);
#19=FACE_BOUND('',#185,.T.);
#20=FACE_BOUND('',#186,.T.);
#21=FACE_BOUND('',#187,.T.);
#22=FACE_BOUND('',#188,.T.);
#23=FACE_BOUND('',#189,.T.);
#24=FACE_BOUND('',#190,.T.);
#25=FACE_BOUND('',#191,.T.);
#26=FACE_BOUND('',#192,.T.);
#27=FACE_BOUND('',#193,.T.);
#28=FACE_BOUND('',#194,.T.);
#29=FACE_BOUND('',#195,.T.);
#30=FACE_BOUND('',#196,.T.);
#31=FACE_BOUND('',#197,.T.);
#32=FACE_BOUND('',#198,.T.);
#33=FACE_BOUND('',#199,.T.);
#34=FACE_BOUND('',#200,.T.);
#35=FACE_BOUND('',#201,.T.);
#36=FACE_BOUND('',#205,.T.);
#37=FACE_BOUND('',#206,.T.);
#38=FACE_BOUND('',#207,.T.);
#39=FACE_BOUND('',#208,.T.);
#40=FACE_BOUND('',#209,.T.);
#41=FACE_BOUND('',#210,.T.);
#42=FACE_BOUND('',#211,.T.);
#43=FACE_BOUND('',#212,.T.);
#44=FACE_BOUND('',#213,.T.);
#45=FACE_BOUND('',#214,.T.);
#46=FACE_BOUND('',#215,.T.);
#47=FACE_BOUND('',#216,.T.);
#48=FACE_BOUND('',#217,.T.);
#49=FACE_BOUND('',#218,.T.);
#50=FACE_BOUND('',#219,.T.);
#51=FACE_BOUND('',#220,.T.);
#52=FACE_BOUND('',#221,.T.);
#53=FACE_BOUND('',#222,.T.);
#54=FACE_BOUND('',#223,.T.);
#55=FACE_BOUND('',#224,.T.);
#56=FACE_BOUND('',#225,.T.);
#57=FACE_BOUND('',#226,.T.);
#58=FACE_BOUND('',#227,.T.);
#59=FACE_BOUND('',#230,.T.);
#60=FACE_BOUND('',#233,.T.);
#61=FACE_BOUND('',#236,.T.);
#62=FACE_BOUND('',#239,.T.);
#63=PLANE('',#1559);
#64=PLANE('',#1594);
#65=PLANE('',#1597);
#66=PLANE('',#1633);
#67=PLANE('',#1637);
#68=PLANE('',#1641);
#69=PLANE('',#1645);
#70=PLANE('',#1649);
#71=PLANE('',#1651);
#72=PLANE('',#1653);
#73=PLANE('',#1655);
#74=PLANE('',#1657);
#75=PLANE('',#1659);
#76=PLANE('',#1661);
#77=PLANE('',#1663);
#78=PLANE('',#1665);
#79=PLANE('',#1667);
#80=PLANE('',#1669);
#81=PLANE('',#1671);
#82=PLANE('',#1673);
#83=PLANE('',#1675);
#84=PLANE('',#1677);
#85=PLANE('',#1679);
#86=PLANE('',#1687);
#87=PLANE('',#1689);
#88=PLANE('',#1692);
#89=PLANE('',#1694);
#90=PLANE('',#1696);
#91=PLANE('',#1698);
#92=PLANE('',#1700);
#93=PLANE('',#1702);
#94=B_SPLINE_CURVE_WITH_KNOTS('',3,(#2170,#2171,#2172,#2173,#2174,#2175,
#2176,#2177,#2178,#2179,#2180,#2181,#2182,#2183),.UNSPECIFIED.,.F.,.F.,
(4,2,2,2,2,2,4),(0.,0.052236187952134,0.10823509560021,0.165524238171218,
0.224500700466006,0.282661521767558,0.286568353952907),.UNSPECIFIED.);
#95=B_SPLINE_CURVE_WITH_KNOTS('',3,(#2199,#2200,#2201,#2202,#2203,#2204),
 .UNSPECIFIED.,.F.,.F.,(4,2,4),(0.753230694021752,0.804229767600768,0.83973416908062),
 .UNSPECIFIED.);
#96=B_SPLINE_CURVE_WITH_KNOTS('',3,(#2206,#2207,#2208,#2209,#2210,#2211,
#2212,#2213,#2214,#2215,#2216,#2217),.UNSPECIFIED.,.F.,.F.,(4,2,2,2,2,4),
(0.83973416908062,0.860460608608706,0.918142493389439,0.977585922768761,
1.00830928723731,1.04178088270419),.UNSPECIFIED.);
#97=TOROIDAL_SURFACE('',#1541,10.,3.);
#98=TOROIDAL_SURFACE('',#1548,10.,3.);
#99=FACE_OUTER_BOUND('',#174,.T.);
#100=FACE_OUTER_BOUND('',#175,.T.);
#101=FACE_OUTER_BOUND('',#176,.T.);
#102=FACE_OUTER_BOUND('',#177,.T.);
#103=FACE_OUTER_BOUND('',#178,.T.);
#104=FACE_OUTER_BOUND('',#179,.T.);
#105=FACE_OUTER_BOUND('',#180,.T.);
#106=FACE_OUTER_BOUND('',#202,.T.);
#107=FACE_OUTER_BOUND('',#203,.T.);
#108=FACE_OUTER_BOUND('',#204,.T.);
#109=FACE_OUTER_BOUND('',#228,.T.);
#110=FACE_OUTER_BOUND('',#229,.T.);
#111=FACE_OUTER_BOUND('',#231,.T.);
#112=FACE_OUTER_BOUND('',#232,.T.);
#113=FACE_OUTER_BOUND('',#234,.T.);
#114=FACE_OUTER_BOUND('',#235,.T.);
#115=FACE_OUTER_BOUND('',#237,.T.);
#116=FACE_OUTER_BOUND('',#238,.T.);
#117=FACE_OUTER_BOUND('',#240,.T.);
#118=FACE_OUTER_BOUND('',#241,.T.);
#119=FACE_OUTER_BOUND('',#242,.T.);
#120=FACE_OUTER_BOUND('',#243,.T.);
#121=FACE_OUTER_BOUND('',#244,.T.);
#122=FACE_OUTER_BOUND('',#245,.T.);
#123=FACE_OUTER_BOUND('',#246,.T.);
#124=FACE_OUTER_BOUND('',#247,.T.);
#125=FACE_OUTER_BOUND('',#248,.T.);
#126=FACE_OUTER_BOUND('',#249,.T.);
#127=FACE_OUTER_BOUND('',#250,.T.);
#128=FACE_OUTER_BOUND('',#251,.T.);
#129=FACE_OUTER_BOUND('',#252,.T.);
#130=FACE_OUTER_BOUND('',#253,.T.);
#131=FACE_OUTER_BOUND('',#254,.T.);
#132=FACE_OUTER_BOUND('',#255,.T.);
#133=FACE_OUTER_BOUND('',#256,.T.);
#134=FACE_OUTER_BOUND('',#257,.T.);
#135=FACE_OUTER_BOUND('',#258,.T.);
#136=FACE_OUTER_BOUND('',#259,.T.);
#137=FACE_OUTER_BOUND('',#260,.T.);
#138=FACE_OUTER_BOUND('',#261,.T.);
#139=FACE_OUTER_BOUND('',#262,.T.);
#140=FACE_OUTER_BOUND('',#263,.T.);
#141=FACE_OUTER_BOUND('',#264,.T.);
#142=FACE_OUTER_BOUND('',#265,.T.);
#143=FACE_OUTER_BOUND('',#266,.T.);
#144=FACE_OUTER_BOUND('',#267,.T.);
#145=FACE_OUTER_BOUND('',#268,.T.);
#146=FACE_OUTER_BOUND('',#269,.T.);
#147=FACE_OUTER_BOUND('',#270,.T.);
#148=FACE_OUTER_BOUND('',#271,.T.);
#149=FACE_OUTER_BOUND('',#272,.T.);
#150=FACE_OUTER_BOUND('',#273,.T.);
#151=FACE_OUTER_BOUND('',#274,.T.);
#152=FACE_OUTER_BOUND('',#275,.T.);
#153=FACE_OUTER_BOUND('',#276,.T.);
#154=FACE_OUTER_BOUND('',#277,.T.);
#155=FACE_OUTER_BOUND('',#278,.T.);
#156=FACE_OUTER_BOUND('',#279,.T.);
#157=FACE_OUTER_BOUND('',#280,.T.);
#158=FACE_OUTER_BOUND('',#281,.T.);
#159=FACE_OUTER_BOUND('',#282,.T.);
#160=FACE_OUTER_BOUND('',#283,.T.);
#161=FACE_OUTER_BOUND('',#284,.T.);
#162=FACE_OUTER_BOUND('',#285,.T.);
#163=FACE_OUTER_BOUND('',#286,.T.);
#164=FACE_OUTER_BOUND('',#287,.T.);
#165=FACE_OUTER_BOUND('',#288,.T.);
#166=FACE_OUTER_BOUND('',#289,.T.);
#167=FACE_OUTER_BOUND('',#290,.T.);
#168=FACE_OUTER_BOUND('',#291,.T.);
#169=FACE_OUTER_BOUND('',#292,.T.);
#170=FACE_OUTER_BOUND('',#293,.T.);
#171=FACE_OUTER_BOUND('',#294,.T.);
#172=FACE_OUTER_BOUND('',#295,.T.);
#173=FACE_OUTER_BOUND('',#296,.T.);
#174=EDGE_LOOP('',(#981,#982,#983,#984));
#175=EDGE_LOOP('',(#985,#986,#987,#988,#989,#990));
#176=EDGE_LOOP('',(#991,#992,#993,#994));
#177=EDGE_LOOP('',(#995,#996,#997,#998,#999,#1000,#1001));
#178=EDGE_LOOP('',(#1002,#1003,#1004,#1005));
#179=EDGE_LOOP('',(#1006,#1007,#1008,#1009,#1010,#1011));
#180=EDGE_LOOP('',(#1012,#1013,#1014,#1015,#1016,#1017,#1018,#1019,#1020,
#1021,#1022));
#181=EDGE_LOOP('',(#1023,#1024,#1025,#1026));
#182=EDGE_LOOP('',(#1027,#1028,#1029,#1030));
#183=EDGE_LOOP('',(#1031,#1032,#1033,#1034));
#184=EDGE_LOOP('',(#1035,#1036,#1037,#1038));
#185=EDGE_LOOP('',(#1039,#1040,#1041,#1042));
#186=EDGE_LOOP('',(#1043,#1044,#1045,#1046));
#187=EDGE_LOOP('',(#1047,#1048,#1049,#1050));
#188=EDGE_LOOP('',(#1051,#1052,#1053,#1054));
#189=EDGE_LOOP('',(#1055));
#190=EDGE_LOOP('',(#1056));
#191=EDGE_LOOP('',(#1057));
#192=EDGE_LOOP('',(#1058));
#193=EDGE_LOOP('',(#1059));
#194=EDGE_LOOP('',(#1060,#1061,#1062,#1063));
#195=EDGE_LOOP('',(#1064,#1065,#1066,#1067));
#196=EDGE_LOOP('',(#1068,#1069,#1070,#1071));
#197=EDGE_LOOP('',(#1072,#1073,#1074,#1075));
#198=EDGE_LOOP('',(#1076));
#199=EDGE_LOOP('',(#1077));
#200=EDGE_LOOP('',(#1078));
#201=EDGE_LOOP('',(#1079));
#202=EDGE_LOOP('',(#1080,#1081,#1082,#1083));
#203=EDGE_LOOP('',(#1084,#1085,#1086,#1087,#1088,#1089));
#204=EDGE_LOOP('',(#1090,#1091,#1092,#1093,#1094,#1095));
#205=EDGE_LOOP('',(#1096,#1097,#1098,#1099));
#206=EDGE_LOOP('',(#1100,#1101,#1102,#1103));
#207=EDGE_LOOP('',(#1104));
#208=EDGE_LOOP('',(#1105,#1106,#1107,#1108));
#209=EDGE_LOOP('',(#1109));
#210=EDGE_LOOP('',(#1110,#1111,#1112,#1113));
#211=EDGE_LOOP('',(#1114));
#212=EDGE_LOOP('',(#1115));
#213=EDGE_LOOP('',(#1116));
#214=EDGE_LOOP('',(#1117));
#215=EDGE_LOOP('',(#1118));
#216=EDGE_LOOP('',(#1119));
#217=EDGE_LOOP('',(#1120));
#218=EDGE_LOOP('',(#1121,#1122,#1123,#1124));
#219=EDGE_LOOP('',(#1125,#1126,#1127,#1128));
#220=EDGE_LOOP('',(#1129,#1130,#1131,#1132));
#221=EDGE_LOOP('',(#1133,#1134,#1135,#1136));
#222=EDGE_LOOP('',(#1137,#1138,#1139,#1140));
#223=EDGE_LOOP('',(#1141,#1142,#1143,#1144));
#224=EDGE_LOOP('',(#1145,#1146,#1147,#1148));
#225=EDGE_LOOP('',(#1149,#1150,#1151,#1152));
#226=EDGE_LOOP('',(#1153));
#227=EDGE_LOOP('',(#1154));
#228=EDGE_LOOP('',(#1155,#1156,#1157,#1158));
#229=EDGE_LOOP('',(#1159));
#230=EDGE_LOOP('',(#1160));
#231=EDGE_LOOP('',(#1161,#1162,#1163,#1164));
#232=EDGE_LOOP('',(#1165));
#233=EDGE_LOOP('',(#1166));
#234=EDGE_LOOP('',(#1167,#1168,#1169,#1170));
#235=EDGE_LOOP('',(#1171));
#236=EDGE_LOOP('',(#1172));
#237=EDGE_LOOP('',(#1173,#1174,#1175,#1176));
#238=EDGE_LOOP('',(#1177));
#239=EDGE_LOOP('',(#1178));
#240=EDGE_LOOP('',(#1179,#1180,#1181,#1182));
#241=EDGE_LOOP('',(#1183,#1184,#1185,#1186));
#242=EDGE_LOOP('',(#1187,#1188,#1189,#1190));
#243=EDGE_LOOP('',(#1191,#1192,#1193,#1194));
#244=EDGE_LOOP('',(#1195,#1196,#1197,#1198));
#245=EDGE_LOOP('',(#1199,#1200,#1201,#1202));
#246=EDGE_LOOP('',(#1203,#1204,#1205,#1206));
#247=EDGE_LOOP('',(#1207,#1208,#1209,#1210));
#248=EDGE_LOOP('',(#1211,#1212,#1213,#1214));
#249=EDGE_LOOP('',(#1215,#1216,#1217,#1218));
#250=EDGE_LOOP('',(#1219,#1220,#1221,#1222));
#251=EDGE_LOOP('',(#1223,#1224,#1225,#1226));
#252=EDGE_LOOP('',(#1227,#1228,#1229,#1230));
#253=EDGE_LOOP('',(#1231,#1232,#1233,#1234));
#254=EDGE_LOOP('',(#1235,#1236,#1237,#1238));
#255=EDGE_LOOP('',(#1239,#1240,#1241,#1242));
#256=EDGE_LOOP('',(#1243,#1244,#1245,#1246));
#257=EDGE_LOOP('',(#1247,#1248,#1249,#1250));
#258=EDGE_LOOP('',(#1251,#1252,#1253,#1254));
#259=EDGE_LOOP('',(#1255,#1256,#1257,#1258));
#260=EDGE_LOOP('',(#1259,#1260,#1261,#1262));
#261=EDGE_LOOP('',(#1263,#1264,#1265,#1266));
#262=EDGE_LOOP('',(#1267,#1268,#1269,#1270));
#263=EDGE_LOOP('',(#1271,#1272,#1273,#1274));
#264=EDGE_LOOP('',(#1275,#1276,#1277,#1278));
#265=EDGE_LOOP('',(#1279,#1280,#1281,#1282));
#266=EDGE_LOOP('',(#1283,#1284,#1285,#1286));
#267=EDGE_LOOP('',(#1287,#1288,#1289,#1290));
#268=EDGE_LOOP('',(#1291,#1292,#1293,#1294));
#269=EDGE_LOOP('',(#1295,#1296,#1297,#1298));
#270=EDGE_LOOP('',(#1299,#1300,#1301,#1302));
#271=EDGE_LOOP('',(#1303,#1304,#1305,#1306));
#272=EDGE_LOOP('',(#1307,#1308,#1309,#1310));
#273=EDGE_LOOP('',(#1311,#1312,#1313,#1314));
#274=EDGE_LOOP('',(#1315,#1316,#1317,#1318));
#275=EDGE_LOOP('',(#1319,#1320,#1321,#1322));
#276=EDGE_LOOP('',(#1323,#1324,#1325,#1326));
#277=EDGE_LOOP('',(#1327,#1328,#1329,#1330));
#278=EDGE_LOOP('',(#1331,#1332,#1333,#1334));
#279=EDGE_LOOP('',(#1335,#1336,#1337,#1338));
#280=EDGE_LOOP('',(#1339,#1340,#1341,#1342));
#281=EDGE_LOOP('',(#1343,#1344,#1345,#1346));
#282=EDGE_LOOP('',(#1347,#1348,#1349,#1350));
#283=EDGE_LOOP('',(#1351,#1352,#1353,#1354));
#284=EDGE_LOOP('',(#1355,#1356,#1357,#1358));
#285=EDGE_LOOP('',(#1359,#1360,#1361,#1362));
#286=EDGE_LOOP('',(#1363,#1364,#1365,#1366));
#287=EDGE_LOOP('',(#1367,#1368,#1369,#1370));
#288=EDGE_LOOP('',(#1371,#1372,#1373,#1374));
#289=EDGE_LOOP('',(#1375,#1376,#1377,#1378));
#290=EDGE_LOOP('',(#1379,#1380,#1381,#1382));
#291=EDGE_LOOP('',(#1383,#1384,#1385,#1386));
#292=EDGE_LOOP('',(#1387,#1388,#1389,#1390));
#293=EDGE_LOOP('',(#1391,#1392,#1393,#1394));
#294=EDGE_LOOP('',(#1395,#1396,#1397,#1398));
#295=EDGE_LOOP('',(#1399,#1400,#1401,#1402));
#296=EDGE_LOOP('',(#1403,#1404,#1405,#1406));
#297=LINE('',#2163,#416);
#298=LINE('',#2166,#417);
#299=LINE('',#2192,#418);
#300=LINE('',#2195,#419);
#301=LINE('',#2228,#420);
#302=LINE('',#2229,#421);
#303=LINE('',#2234,#422);
#304=LINE('',#2239,#423);
#305=LINE('',#2244,#424);
#306=LINE('',#2247,#425);
#307=LINE('',#2252,#426);
#308=LINE('',#2255,#427);
#309=LINE('',#2260,#428);
#310=LINE('',#2263,#429);
#311=LINE('',#2268,#430);
#312=LINE('',#2271,#431);
#313=LINE('',#2276,#432);
#314=LINE('',#2279,#433);
#315=LINE('',#2284,#434);
#316=LINE('',#2287,#435);
#317=LINE('',#2292,#436);
#318=LINE('',#2295,#437);
#319=LINE('',#2300,#438);
#320=LINE('',#2303,#439);
#321=LINE('',#2318,#440);
#322=LINE('',#2321,#441);
#323=LINE('',#2326,#442);
#324=LINE('',#2329,#443);
#325=LINE('',#2334,#444);
#326=LINE('',#2337,#445);
#327=LINE('',#2342,#446);
#328=LINE('',#2345,#447);
#329=LINE('',#2355,#448);
#330=LINE('',#2358,#449);
#331=LINE('',#2365,#450);
#332=LINE('',#2368,#451);
#333=LINE('',#2373,#452);
#334=LINE('',#2376,#453);
#335=LINE('',#2381,#454);
#336=LINE('',#2384,#455);
#337=LINE('',#2391,#456);
#338=LINE('',#2394,#457);
#339=LINE('',#2411,#458);
#340=LINE('',#2414,#459);
#341=LINE('',#2419,#460);
#342=LINE('',#2422,#461);
#343=LINE('',#2427,#462);
#344=LINE('',#2430,#463);
#345=LINE('',#2435,#464);
#346=LINE('',#2438,#465);
#347=LINE('',#2443,#466);
#348=LINE('',#2446,#467);
#349=LINE('',#2451,#468);
#350=LINE('',#2454,#469);
#351=LINE('',#2459,#470);
#352=LINE('',#2462,#471);
#353=LINE('',#2467,#472);
#354=LINE('',#2470,#473);
#355=LINE('',#2477,#474);
#356=LINE('',#2484,#475);
#357=LINE('',#2491,#476);
#358=LINE('',#2498,#477);
#359=LINE('',#2504,#478);
#360=LINE('',#2506,#479);
#361=LINE('',#2508,#480);
#362=LINE('',#2509,#481);
#363=LINE('',#2511,#482);
#364=LINE('',#2513,#483);
#365=LINE('',#2516,#484);
#366=LINE('',#2517,#485);
#367=LINE('',#2519,#486);
#368=LINE('',#2521,#487);
#369=LINE('',#2524,#488);
#370=LINE('',#2525,#489);
#371=LINE('',#2527,#490);
#372=LINE('',#2529,#491);
#373=LINE('',#2532,#492);
#374=LINE('',#2533,#493);
#375=LINE('',#2535,#494);
#376=LINE('',#2537,#495);
#377=LINE('',#2540,#496);
#378=LINE('',#2541,#497);
#379=LINE('',#2543,#498);
#380=LINE('',#2545,#499);
#381=LINE('',#2548,#500);
#382=LINE('',#2549,#501);
#383=LINE('',#2551,#502);
#384=LINE('',#2553,#503);
#385=LINE('',#2556,#504);
#386=LINE('',#2557,#505);
#387=LINE('',#2559,#506);
#388=LINE('',#2561,#507);
#389=LINE('',#2564,#508);
#390=LINE('',#2565,#509);
#391=LINE('',#2567,#510);
#392=LINE('',#2569,#511);
#393=LINE('',#2572,#512);
#394=LINE('',#2574,#513);
#395=LINE('',#2576,#514);
#396=LINE('',#2578,#515);
#397=LINE('',#2580,#516);
#398=LINE('',#2582,#517);
#399=LINE('',#2584,#518);
#400=LINE('',#2585,#519);
#401=LINE('',#2587,#520);
#402=LINE('',#2589,#521);
#403=LINE('',#2592,#522);
#404=LINE('',#2594,#523);
#405=LINE('',#2595,#524);
#406=LINE('',#2597,#525);
#407=LINE('',#2599,#526);
#408=LINE('',#2602,#527);
#409=LINE('',#2603,#528);
#410=LINE('',#2605,#529);
#411=LINE('',#2607,#530);
#412=LINE('',#2610,#531);
#413=LINE('',#2611,#532);
#414=LINE('',#2613,#533);
#415=LINE('',#2615,#534);
#416=VECTOR('',#1710,10.);
#417=VECTOR('',#1713,10.);
#418=VECTOR('',#1726,10.);
#419=VECTOR('',#1729,10.);
#420=VECTOR('',#1744,10.);
#421=VECTOR('',#1745,10.);
#422=VECTOR('',#1750,1.5);
#423=VECTOR('',#1759,10.);
#424=VECTOR('',#1762,10.);
#425=VECTOR('',#1765,10.);
#426=VECTOR('',#1768,10.);
#427=VECTOR('',#1771,10.);
#428=VECTOR('',#1774,10.);
#429=VECTOR('',#1777,10.);
#430=VECTOR('',#1780,10.);
#431=VECTOR('',#1783,10.);
#432=VECTOR('',#1786,10.);
#433=VECTOR('',#1789,10.);
#434=VECTOR('',#1792,10.);
#435=VECTOR('',#1795,10.);
#436=VECTOR('',#1798,10.);
#437=VECTOR('',#1801,10.);
#438=VECTOR('',#1804,10.);
#439=VECTOR('',#1807,10.);
#440=VECTOR('',#1820,10.);
#441=VECTOR('',#1823,10.);
#442=VECTOR('',#1826,10.);
#443=VECTOR('',#1829,10.);
#444=VECTOR('',#1832,10.);
#445=VECTOR('',#1835,10.);
#446=VECTOR('',#1838,10.);
#447=VECTOR('',#1841,10.);
#448=VECTOR('',#1852,10.);
#449=VECTOR('',#1855,1.5);
#450=VECTOR('',#1862,10.);
#451=VECTOR('',#1865,10.);
#452=VECTOR('',#1868,10.);
#453=VECTOR('',#1871,10.);
#454=VECTOR('',#1874,10.);
#455=VECTOR('',#1877,10.);
#456=VECTOR('',#1882,10.);
#457=VECTOR('',#1885,10.);
#458=VECTOR('',#1900,10.);
#459=VECTOR('',#1903,10.);
#460=VECTOR('',#1906,10.);
#461=VECTOR('',#1909,10.);
#462=VECTOR('',#1912,10.);
#463=VECTOR('',#1915,10.);
#464=VECTOR('',#1918,10.);
#465=VECTOR('',#1921,10.);
#466=VECTOR('',#1924,10.);
#467=VECTOR('',#1927,10.);
#468=VECTOR('',#1930,10.);
#469=VECTOR('',#1933,10.);
#470=VECTOR('',#1936,10.);
#471=VECTOR('',#1939,10.);
#472=VECTOR('',#1942,10.);
#473=VECTOR('',#1945,10.);
#474=VECTOR('',#1952,2.);
#475=VECTOR('',#1961,2.);
#476=VECTOR('',#1970,2.);
#477=VECTOR('',#1979,2.);
#478=VECTOR('',#1988,4.);
#479=VECTOR('',#1991,4.);
#480=VECTOR('',#1994,10.);
#481=VECTOR('',#1995,10.);
#482=VECTOR('',#1998,10.);
#483=VECTOR('',#2001,10.);
#484=VECTOR('',#2006,10.);
#485=VECTOR('',#2007,10.);
#486=VECTOR('',#2010,10.);
#487=VECTOR('',#2013,10.);
#488=VECTOR('',#2018,10.);
#489=VECTOR('',#2019,10.);
#490=VECTOR('',#2022,10.);
#491=VECTOR('',#2025,10.);
#492=VECTOR('',#2030,10.);
#493=VECTOR('',#2031,10.);
#494=VECTOR('',#2034,10.);
#495=VECTOR('',#2037,10.);
#496=VECTOR('',#2042,10.);
#497=VECTOR('',#2043,10.);
#498=VECTOR('',#2046,10.);
#499=VECTOR('',#2049,10.);
#500=VECTOR('',#2054,10.);
#501=VECTOR('',#2055,10.);
#502=VECTOR('',#2058,10.);
#503=VECTOR('',#2061,10.);
#504=VECTOR('',#2066,10.);
#505=VECTOR('',#2067,10.);
#506=VECTOR('',#2070,10.);
#507=VECTOR('',#2073,10.);
#508=VECTOR('',#2078,10.);
#509=VECTOR('',#2079,10.);
#510=VECTOR('',#2082,10.);
#511=VECTOR('',#2085,10.);
#512=VECTOR('',#2090,1.5);
#513=VECTOR('',#2093,1.5);
#514=VECTOR('',#2096,1.5);
#515=VECTOR('',#2099,7.);
#516=VECTOR('',#2102,1.49999999999999);
#517=VECTOR('',#2105,4.);
#518=VECTOR('',#2108,10.);
#519=VECTOR('',#2109,10.);
#520=VECTOR('',#2112,10.);
#521=VECTOR('',#2115,10.);
#522=VECTOR('',#2120,4.);
#523=VECTOR('',#2123,10.);
#524=VECTOR('',#2124,10.);
#525=VECTOR('',#2127,10.);
#526=VECTOR('',#2130,10.);
#527=VECTOR('',#2135,10.);
#528=VECTOR('',#2136,10.);
#529=VECTOR('',#2139,10.);
#530=VECTOR('',#2142,10.);
#531=VECTOR('',#2147,10.);
#532=VECTOR('',#2148,10.);
#533=VECTOR('',#2151,10.);
#534=VECTOR('',#2154,10.);
#535=CIRCLE('',#1539,3.);
#536=CIRCLE('',#1540,3.);
#537=CIRCLE('',#1542,10.);
#538=CIRCLE('',#1543,13.);
#539=CIRCLE('',#1544,3.);
#540=CIRCLE('',#1545,10.);
#541=CIRCLE('',#1547,3.);
#542=CIRCLE('',#1549,10.);
#543=CIRCLE('',#1550,13.);
#544=CIRCLE('',#1551,3.);
#545=CIRCLE('',#1552,10.);
#546=CIRCLE('',#1554,3.);
#547=CIRCLE('',#1556,1.5);
#548=CIRCLE('',#1557,1.5);
#549=CIRCLE('',#1558,1.5);
#550=CIRCLE('',#1560,1.5);
#551=CIRCLE('',#1561,1.25);
#552=CIRCLE('',#1562,1.25);
#553=CIRCLE('',#1563,3.25);
#554=CIRCLE('',#1564,3.25000000000001);
#555=CIRCLE('',#1565,1.25);
#556=CIRCLE('',#1566,1.25);
#557=CIRCLE('',#1567,1.24999999999999);
#558=CIRCLE('',#1568,1.25);
#559=CIRCLE('',#1569,1.25000000000001);
#560=CIRCLE('',#1570,1.25000000000001);
#561=CIRCLE('',#1571,1.25);
#562=CIRCLE('',#1572,1.25);
#563=CIRCLE('',#1573,1.25);
#564=CIRCLE('',#1574,1.25);
#565=CIRCLE('',#1575,1.25);
#566=CIRCLE('',#1576,1.25);
#567=CIRCLE('',#1577,1.5);
#568=CIRCLE('',#1578,1.5);
#569=CIRCLE('',#1579,1.5);
#570=CIRCLE('',#1580,7.);
#571=CIRCLE('',#1581,1.49999999999999);
#572=CIRCLE('',#1582,1.25);
#573=CIRCLE('',#1583,1.25);
#574=CIRCLE('',#1584,1.25);
#575=CIRCLE('',#1585,1.25);
#576=CIRCLE('',#1586,1.25);
#577=CIRCLE('',#1587,1.25);
#578=CIRCLE('',#1588,1.24999999999999);
#579=CIRCLE('',#1589,1.24999999999999);
#580=CIRCLE('',#1590,2.);
#581=CIRCLE('',#1591,2.);
#582=CIRCLE('',#1592,2.);
#583=CIRCLE('',#1593,2.);
#584=CIRCLE('',#1596,1.5);
#585=CIRCLE('',#1598,1.24999999999999);
#586=CIRCLE('',#1599,1.24999999999999);
#587=CIRCLE('',#1600,1.25);
#588=CIRCLE('',#1601,1.25);
#589=CIRCLE('',#1602,1.25);
#590=CIRCLE('',#1603,1.25);
#591=CIRCLE('',#1604,4.);
#592=CIRCLE('',#1605,1.25);
#593=CIRCLE('',#1606,1.25);
#594=CIRCLE('',#1607,4.);
#595=CIRCLE('',#1608,1.49999999999999);
#596=CIRCLE('',#1609,7.);
#597=CIRCLE('',#1610,1.5);
#598=CIRCLE('',#1611,1.5);
#599=CIRCLE('',#1612,1.5);
#600=CIRCLE('',#1613,1.25);
#601=CIRCLE('',#1614,1.25);
#602=CIRCLE('',#1615,1.25);
#603=CIRCLE('',#1616,1.25);
#604=CIRCLE('',#1617,1.25);
#605=CIRCLE('',#1618,1.25);
#606=CIRCLE('',#1619,1.25000000000001);
#607=CIRCLE('',#1620,1.25000000000001);
#608=CIRCLE('',#1621,1.24999999999999);
#609=CIRCLE('',#1622,1.25);
#610=CIRCLE('',#1623,1.25);
#611=CIRCLE('',#1624,1.25);
#612=CIRCLE('',#1625,3.25);
#613=CIRCLE('',#1626,3.25000000000001);
#614=CIRCLE('',#1627,1.25);
#615=CIRCLE('',#1628,1.25);
#616=CIRCLE('',#1629,4.);
#617=CIRCLE('',#1630,4.);
#618=CIRCLE('',#1632,2.);
#619=CIRCLE('',#1634,4.);
#620=CIRCLE('',#1636,2.);
#621=CIRCLE('',#1638,4.);
#622=CIRCLE('',#1640,2.);
#623=CIRCLE('',#1642,4.);
#624=CIRCLE('',#1644,2.);
#625=CIRCLE('',#1646,4.);
#626=VERTEX_POINT('',#2159);
#627=VERTEX_POINT('',#2160);
#628=VERTEX_POINT('',#2162);
#629=VERTEX_POINT('',#2164);
#630=VERTEX_POINT('',#2168);
#631=VERTEX_POINT('',#2169);
#632=VERTEX_POINT('',#2185);
#633=VERTEX_POINT('',#2187);
#634=VERTEX_POINT('',#2191);
#635=VERTEX_POINT('',#2193);
#636=VERTEX_POINT('',#2197);
#637=VERTEX_POINT('',#2198);
#638=VERTEX_POINT('',#2205);
#639=VERTEX_POINT('',#2219);
#640=VERTEX_POINT('',#2221);
#641=VERTEX_POINT('',#2225);
#642=VERTEX_POINT('',#2226);
#643=VERTEX_POINT('',#2231);
#644=VERTEX_POINT('',#2233);
#645=VERTEX_POINT('',#2240);
#646=VERTEX_POINT('',#2241);
#647=VERTEX_POINT('',#2243);
#648=VERTEX_POINT('',#2245);
#649=VERTEX_POINT('',#2248);
#650=VERTEX_POINT('',#2249);
#651=VERTEX_POINT('',#2251);
#652=VERTEX_POINT('',#2253);
#653=VERTEX_POINT('',#2256);
#654=VERTEX_POINT('',#2257);
#655=VERTEX_POINT('',#2259);
#656=VERTEX_POINT('',#2261);
#657=VERTEX_POINT('',#2264);
#658=VERTEX_POINT('',#2265);
#659=VERTEX_POINT('',#2267);
#660=VERTEX_POINT('',#2269);
#661=VERTEX_POINT('',#2272);
#662=VERTEX_POINT('',#2273);
#663=VERTEX_POINT('',#2275);
#664=VERTEX_POINT('',#2277);
#665=VERTEX_POINT('',#2280);
#666=VERTEX_POINT('',#2281);
#667=VERTEX_POINT('',#2283);
#668=VERTEX_POINT('',#2285);
#669=VERTEX_POINT('',#2288);
#670=VERTEX_POINT('',#2289);
#671=VERTEX_POINT('',#2291);
#672=VERTEX_POINT('',#2293);
#673=VERTEX_POINT('',#2296);
#674=VERTEX_POINT('',#2297);
#675=VERTEX_POINT('',#2299);
#676=VERTEX_POINT('',#2301);
#677=VERTEX_POINT('',#2304);
#678=VERTEX_POINT('',#2306);
#679=VERTEX_POINT('',#2308);
#680=VERTEX_POINT('',#2310);
#681=VERTEX_POINT('',#2312);
#682=VERTEX_POINT('',#2314);
#683=VERTEX_POINT('',#2315);
#684=VERTEX_POINT('',#2317);
#685=VERTEX_POINT('',#2319);
#686=VERTEX_POINT('',#2322);
#687=VERTEX_POINT('',#2323);
#688=VERTEX_POINT('',#2325);
#689=VERTEX_POINT('',#2327);
#690=VERTEX_POINT('',#2330);
#691=VERTEX_POINT('',#2331);
#692=VERTEX_POINT('',#2333);
#693=VERTEX_POINT('',#2335);
#694=VERTEX_POINT('',#2338);
#695=VERTEX_POINT('',#2339);
#696=VERTEX_POINT('',#2341);
#697=VERTEX_POINT('',#2343);
#698=VERTEX_POINT('',#2346);
#699=VERTEX_POINT('',#2348);
#700=VERTEX_POINT('',#2350);
#701=VERTEX_POINT('',#2352);
#702=VERTEX_POINT('',#2357);
#703=VERTEX_POINT('',#2361);
#704=VERTEX_POINT('',#2362);
#705=VERTEX_POINT('',#2364);
#706=VERTEX_POINT('',#2366);
#707=VERTEX_POINT('',#2369);
#708=VERTEX_POINT('',#2370);
#709=VERTEX_POINT('',#2372);
#710=VERTEX_POINT('',#2374);
#711=VERTEX_POINT('',#2377);
#712=VERTEX_POINT('',#2378);
#713=VERTEX_POINT('',#2380);
#714=VERTEX_POINT('',#2382);
#715=VERTEX_POINT('',#2385);
#716=VERTEX_POINT('',#2387);
#717=VERTEX_POINT('',#2388);
#718=VERTEX_POINT('',#2390);
#719=VERTEX_POINT('',#2392);
#720=VERTEX_POINT('',#2395);
#721=VERTEX_POINT('',#2397);
#722=VERTEX_POINT('',#2399);
#723=VERTEX_POINT('',#2401);
#724=VERTEX_POINT('',#2403);
#725=VERTEX_POINT('',#2405);
#726=VERTEX_POINT('',#2407);
#727=VERTEX_POINT('',#2408);
#728=VERTEX_POINT('',#2410);
#729=VERTEX_POINT('',#2412);
#730=VERTEX_POINT('',#2415);
#731=VERTEX_POINT('',#2416);
#732=VERTEX_POINT('',#2418);
#733=VERTEX_POINT('',#2420);
#734=VERTEX_POINT('',#2423);
#735=VERTEX_POINT('',#2424);
#736=VERTEX_POINT('',#2426);
#737=VERTEX_POINT('',#2428);
#738=VERTEX_POINT('',#2431);
#739=VERTEX_POINT('',#2432);
#740=VERTEX_POINT('',#2434);
#741=VERTEX_POINT('',#2436);
#742=VERTEX_POINT('',#2439);
#743=VERTEX_POINT('',#2440);
#744=VERTEX_POINT('',#2442);
#745=VERTEX_POINT('',#2444);
#746=VERTEX_POINT('',#2447);
#747=VERTEX_POINT('',#2448);
#748=VERTEX_POINT('',#2450);
#749=VERTEX_POINT('',#2452);
#750=VERTEX_POINT('',#2455);
#751=VERTEX_POINT('',#2456);
#752=VERTEX_POINT('',#2458);
#753=VERTEX_POINT('',#2460);
#754=VERTEX_POINT('',#2463);
#755=VERTEX_POINT('',#2464);
#756=VERTEX_POINT('',#2466);
#757=VERTEX_POINT('',#2468);
#758=VERTEX_POINT('',#2471);
#759=VERTEX_POINT('',#2473);
#760=VERTEX_POINT('',#2476);
#761=VERTEX_POINT('',#2480);
#762=VERTEX_POINT('',#2483);
#763=VERTEX_POINT('',#2487);
#764=VERTEX_POINT('',#2490);
#765=VERTEX_POINT('',#2494);
#766=VERTEX_POINT('',#2497);
#767=VERTEX_POINT('',#2501);
#768=EDGE_CURVE('',#626,#627,#535,.T.);
#769=EDGE_CURVE('',#628,#627,#297,.T.);
#770=EDGE_CURVE('',#628,#629,#536,.T.);
#771=EDGE_CURVE('',#629,#626,#298,.T.);
#772=EDGE_CURVE('',#630,#631,#94,.T.);
#773=EDGE_CURVE('',#631,#629,#537,.T.);
#774=EDGE_CURVE('',#628,#632,#538,.T.);
#775=EDGE_CURVE('',#632,#633,#539,.T.);
#776=EDGE_CURVE('',#633,#630,#540,.T.);
#777=EDGE_CURVE('',#634,#632,#299,.T.);
#778=EDGE_CURVE('',#634,#635,#541,.T.);
#779=EDGE_CURVE('',#635,#633,#300,.T.);
#780=EDGE_CURVE('',#636,#637,#95,.T.);
#781=EDGE_CURVE('',#637,#638,#96,.T.);
#782=EDGE_CURVE('',#638,#635,#542,.T.);
#783=EDGE_CURVE('',#634,#639,#543,.T.);
#784=EDGE_CURVE('',#639,#640,#544,.T.);
#785=EDGE_CURVE('',#640,#636,#545,.T.);
#786=EDGE_CURVE('',#641,#642,#546,.T.);
#787=EDGE_CURVE('',#642,#640,#301,.T.);
#788=EDGE_CURVE('',#641,#639,#302,.T.);
#789=EDGE_CURVE('',#643,#630,#547,.T.);
#790=EDGE_CURVE('',#643,#644,#303,.T.);
#791=EDGE_CURVE('',#644,#644,#548,.T.);
#792=EDGE_CURVE('',#631,#643,#549,.T.);
#793=EDGE_CURVE('',#638,#636,#550,.T.);
#794=EDGE_CURVE('',#642,#626,#304,.T.);
#795=EDGE_CURVE('',#645,#646,#551,.T.);
#796=EDGE_CURVE('',#646,#647,#305,.T.);
#797=EDGE_CURVE('',#647,#648,#552,.T.);
#798=EDGE_CURVE('',#648,#645,#306,.T.);
#799=EDGE_CURVE('',#649,#650,#553,.T.);
#800=EDGE_CURVE('',#650,#651,#307,.T.);
#801=EDGE_CURVE('',#651,#652,#554,.T.);
#802=EDGE_CURVE('',#652,#649,#308,.T.);
#803=EDGE_CURVE('',#653,#654,#555,.T.);
#804=EDGE_CURVE('',#654,#655,#309,.T.);
#805=EDGE_CURVE('',#655,#656,#556,.T.);
#806=EDGE_CURVE('',#656,#653,#310,.T.);
#807=EDGE_CURVE('',#657,#658,#557,.T.);
#808=EDGE_CURVE('',#658,#659,#311,.T.);
#809=EDGE_CURVE('',#659,#660,#558,.T.);
#810=EDGE_CURVE('',#660,#657,#312,.T.);
#811=EDGE_CURVE('',#661,#662,#559,.T.);
#812=EDGE_CURVE('',#662,#663,#313,.T.);
#813=EDGE_CURVE('',#663,#664,#560,.T.);
#814=EDGE_CURVE('',#664,#661,#314,.T.);
#815=EDGE_CURVE('',#665,#666,#561,.T.);
#816=EDGE_CURVE('',#666,#667,#315,.T.);
#817=EDGE_CURVE('',#667,#668,#562,.T.);
#818=EDGE_CURVE('',#668,#665,#316,.T.);
#819=EDGE_CURVE('',#669,#670,#563,.T.);
#820=EDGE_CURVE('',#670,#671,#317,.T.);
#821=EDGE_CURVE('',#671,#672,#564,.T.);
#822=EDGE_CURVE('',#672,#669,#318,.T.);
#823=EDGE_CURVE('',#673,#674,#565,.T.);
#824=EDGE_CURVE('',#674,#675,#319,.T.);
#825=EDGE_CURVE('',#675,#676,#566,.T.);
#826=EDGE_CURVE('',#676,#673,#320,.T.);
#827=EDGE_CURVE('',#677,#677,#567,.T.);
#828=EDGE_CURVE('',#678,#678,#568,.T.);
#829=EDGE_CURVE('',#679,#679,#569,.T.);
#830=EDGE_CURVE('',#680,#680,#570,.T.);
#831=EDGE_CURVE('',#681,#681,#571,.T.);
#832=EDGE_CURVE('',#682,#683,#572,.T.);
#833=EDGE_CURVE('',#683,#684,#321,.T.);
#834=EDGE_CURVE('',#684,#685,#573,.T.);
#835=EDGE_CURVE('',#685,#682,#322,.T.);
#836=EDGE_CURVE('',#686,#687,#574,.T.);
#837=EDGE_CURVE('',#687,#688,#323,.T.);
#838=EDGE_CURVE('',#688,#689,#575,.T.);
#839=EDGE_CURVE('',#689,#686,#324,.T.);
#840=EDGE_CURVE('',#690,#691,#576,.T.);
#841=EDGE_CURVE('',#691,#692,#325,.T.);
#842=EDGE_CURVE('',#692,#693,#577,.T.);
#843=EDGE_CURVE('',#693,#690,#326,.T.);
#844=EDGE_CURVE('',#694,#695,#578,.T.);
#845=EDGE_CURVE('',#695,#696,#327,.T.);
#846=EDGE_CURVE('',#696,#697,#579,.T.);
#847=EDGE_CURVE('',#697,#694,#328,.T.);
#848=EDGE_CURVE('',#698,#698,#580,.T.);
#849=EDGE_CURVE('',#699,#699,#581,.T.);
#850=EDGE_CURVE('',#700,#700,#582,.T.);
#851=EDGE_CURVE('',#701,#701,#583,.T.);
#852=EDGE_CURVE('',#627,#641,#329,.T.);
#853=EDGE_CURVE('',#637,#702,#330,.T.);
#854=EDGE_CURVE('',#702,#702,#584,.T.);
#855=EDGE_CURVE('',#703,#704,#585,.T.);
#856=EDGE_CURVE('',#705,#703,#331,.T.);
#857=EDGE_CURVE('',#706,#705,#586,.T.);
#858=EDGE_CURVE('',#704,#706,#332,.T.);
#859=EDGE_CURVE('',#707,#708,#587,.T.);
#860=EDGE_CURVE('',#709,#707,#333,.T.);
#861=EDGE_CURVE('',#710,#709,#588,.T.);
#862=EDGE_CURVE('',#708,#710,#334,.T.);
#863=EDGE_CURVE('',#711,#712,#589,.T.);
#864=EDGE_CURVE('',#713,#711,#335,.T.);
#865=EDGE_CURVE('',#714,#713,#590,.T.);
#866=EDGE_CURVE('',#712,#714,#336,.T.);
#867=EDGE_CURVE('',#715,#715,#591,.T.);
#868=EDGE_CURVE('',#716,#717,#592,.T.);
#869=EDGE_CURVE('',#718,#716,#337,.T.);
#870=EDGE_CURVE('',#719,#718,#593,.T.);
#871=EDGE_CURVE('',#717,#719,#338,.T.);
#872=EDGE_CURVE('',#720,#720,#594,.T.);
#873=EDGE_CURVE('',#721,#721,#595,.T.);
#874=EDGE_CURVE('',#722,#722,#596,.T.);
#875=EDGE_CURVE('',#723,#723,#597,.T.);
#876=EDGE_CURVE('',#724,#724,#598,.T.);
#877=EDGE_CURVE('',#725,#725,#599,.T.);
#878=EDGE_CURVE('',#726,#727,#600,.T.);
#879=EDGE_CURVE('',#728,#726,#339,.T.);
#880=EDGE_CURVE('',#729,#728,#601,.T.);
#881=EDGE_CURVE('',#727,#729,#340,.T.);
#882=EDGE_CURVE('',#730,#731,#602,.T.);
#883=EDGE_CURVE('',#732,#730,#341,.T.);
#884=EDGE_CURVE('',#733,#732,#603,.T.);
#885=EDGE_CURVE('',#731,#733,#342,.T.);
#886=EDGE_CURVE('',#734,#735,#604,.T.);
#887=EDGE_CURVE('',#736,#734,#343,.T.);
#888=EDGE_CURVE('',#737,#736,#605,.T.);
#889=EDGE_CURVE('',#735,#737,#344,.T.);
#890=EDGE_CURVE('',#738,#739,#606,.T.);
#891=EDGE_CURVE('',#740,#738,#345,.T.);
#892=EDGE_CURVE('',#741,#740,#607,.T.);
#893=EDGE_CURVE('',#739,#741,#346,.T.);
#894=EDGE_CURVE('',#742,#743,#608,.T.);
#895=EDGE_CURVE('',#744,#742,#347,.T.);
#896=EDGE_CURVE('',#745,#744,#609,.T.);
#897=EDGE_CURVE('',#743,#745,#348,.T.);
#898=EDGE_CURVE('',#746,#747,#610,.T.);
#899=EDGE_CURVE('',#748,#746,#349,.T.);
#900=EDGE_CURVE('',#749,#748,#611,.T.);
#901=EDGE_CURVE('',#747,#749,#350,.T.);
#902=EDGE_CURVE('',#750,#751,#612,.T.);
#903=EDGE_CURVE('',#752,#750,#351,.T.);
#904=EDGE_CURVE('',#753,#752,#613,.T.);
#905=EDGE_CURVE('',#751,#753,#352,.T.);
#906=EDGE_CURVE('',#754,#755,#614,.T.);
#907=EDGE_CURVE('',#756,#754,#353,.T.);
#908=EDGE_CURVE('',#757,#756,#615,.T.);
#909=EDGE_CURVE('',#755,#757,#354,.T.);
#910=EDGE_CURVE('',#758,#758,#616,.T.);
#911=EDGE_CURVE('',#759,#759,#617,.T.);
#912=EDGE_CURVE('',#701,#760,#355,.T.);
#913=EDGE_CURVE('',#760,#760,#618,.T.);
#914=EDGE_CURVE('',#761,#761,#619,.T.);
#915=EDGE_CURVE('',#700,#762,#356,.T.);
#916=EDGE_CURVE('',#762,#762,#620,.T.);
#917=EDGE_CURVE('',#763,#763,#621,.T.);
#918=EDGE_CURVE('',#699,#764,#357,.T.);
#919=EDGE_CURVE('',#764,#764,#622,.T.);
#920=EDGE_CURVE('',#765,#765,#623,.T.);
#921=EDGE_CURVE('',#698,#766,#358,.T.);
#922=EDGE_CURVE('',#766,#766,#624,.T.);
#923=EDGE_CURVE('',#767,#767,#625,.T.);
#924=EDGE_CURVE('',#767,#759,#359,.T.);
#925=EDGE_CURVE('',#763,#758,#360,.T.);
#926=EDGE_CURVE('',#754,#645,#361,.T.);
#927=EDGE_CURVE('',#756,#648,#362,.T.);
#928=EDGE_CURVE('',#757,#647,#363,.T.);
#929=EDGE_CURVE('',#755,#646,#364,.T.);
#930=EDGE_CURVE('',#750,#649,#365,.T.);
#931=EDGE_CURVE('',#752,#652,#366,.T.);
#932=EDGE_CURVE('',#753,#651,#367,.T.);
#933=EDGE_CURVE('',#751,#650,#368,.T.);
#934=EDGE_CURVE('',#746,#653,#369,.T.);
#935=EDGE_CURVE('',#748,#656,#370,.T.);
#936=EDGE_CURVE('',#749,#655,#371,.T.);
#937=EDGE_CURVE('',#747,#654,#372,.T.);
#938=EDGE_CURVE('',#742,#657,#373,.T.);
#939=EDGE_CURVE('',#744,#660,#374,.T.);
#940=EDGE_CURVE('',#745,#659,#375,.T.);
#941=EDGE_CURVE('',#743,#658,#376,.T.);
#942=EDGE_CURVE('',#738,#661,#377,.T.);
#943=EDGE_CURVE('',#740,#664,#378,.T.);
#944=EDGE_CURVE('',#741,#663,#379,.T.);
#945=EDGE_CURVE('',#739,#662,#380,.T.);
#946=EDGE_CURVE('',#734,#665,#381,.T.);
#947=EDGE_CURVE('',#736,#668,#382,.T.);
#948=EDGE_CURVE('',#737,#667,#383,.T.);
#949=EDGE_CURVE('',#735,#666,#384,.T.);
#950=EDGE_CURVE('',#730,#669,#385,.T.);
#951=EDGE_CURVE('',#732,#672,#386,.T.);
#952=EDGE_CURVE('',#733,#671,#387,.T.);
#953=EDGE_CURVE('',#731,#670,#388,.T.);
#954=EDGE_CURVE('',#726,#673,#389,.T.);
#955=EDGE_CURVE('',#728,#676,#390,.T.);
#956=EDGE_CURVE('',#729,#675,#391,.T.);
#957=EDGE_CURVE('',#727,#674,#392,.T.);
#958=EDGE_CURVE('',#677,#725,#393,.T.);
#959=EDGE_CURVE('',#678,#724,#394,.T.);
#960=EDGE_CURVE('',#679,#723,#395,.T.);
#961=EDGE_CURVE('',#680,#722,#396,.T.);
#962=EDGE_CURVE('',#681,#721,#397,.T.);
#963=EDGE_CURVE('',#761,#720,#398,.T.);
#964=EDGE_CURVE('',#716,#682,#399,.T.);
#965=EDGE_CURVE('',#718,#685,#400,.T.);
#966=EDGE_CURVE('',#719,#684,#401,.T.);
#967=EDGE_CURVE('',#717,#683,#402,.T.);
#968=EDGE_CURVE('',#765,#715,#403,.T.);
#969=EDGE_CURVE('',#711,#686,#404,.T.);
#970=EDGE_CURVE('',#713,#689,#405,.T.);
#971=EDGE_CURVE('',#714,#688,#406,.T.);
#972=EDGE_CURVE('',#712,#687,#407,.T.);
#973=EDGE_CURVE('',#707,#690,#408,.T.);
#974=EDGE_CURVE('',#709,#693,#409,.T.);
#975=EDGE_CURVE('',#710,#692,#410,.T.);
#976=EDGE_CURVE('',#708,#691,#411,.T.);
#977=EDGE_CURVE('',#703,#694,#412,.T.);
#978=EDGE_CURVE('',#705,#697,#413,.T.);
#979=EDGE_CURVE('',#706,#696,#414,.T.);
#980=EDGE_CURVE('',#704,#695,#415,.T.);
#981=ORIENTED_EDGE('',*,*,#768,.T.);
#982=ORIENTED_EDGE('',*,*,#769,.F.);
#983=ORIENTED_EDGE('',*,*,#770,.T.);
#984=ORIENTED_EDGE('',*,*,#771,.T.);
#985=ORIENTED_EDGE('',*,*,#772,.T.);
#986=ORIENTED_EDGE('',*,*,#773,.T.);
#987=ORIENTED_EDGE('',*,*,#770,.F.);
#988=ORIENTED_EDGE('',*,*,#774,.T.);
#989=ORIENTED_EDGE('',*,*,#775,.T.);
#990=ORIENTED_EDGE('',*,*,#776,.T.);
#991=ORIENTED_EDGE('',*,*,#775,.F.);
#992=ORIENTED_EDGE('',*,*,#777,.F.);
#993=ORIENTED_EDGE('',*,*,#778,.T.);
#994=ORIENTED_EDGE('',*,*,#779,.T.);
#995=ORIENTED_EDGE('',*,*,#780,.T.);
#996=ORIENTED_EDGE('',*,*,#781,.T.);
#997=ORIENTED_EDGE('',*,*,#782,.T.);
#998=ORIENTED_EDGE('',*,*,#778,.F.);
#999=ORIENTED_EDGE('',*,*,#783,.T.);
#1000=ORIENTED_EDGE('',*,*,#784,.T.);
#1001=ORIENTED_EDGE('',*,*,#785,.T.);
#1002=ORIENTED_EDGE('',*,*,#786,.T.);
#1003=ORIENTED_EDGE('',*,*,#787,.T.);
#1004=ORIENTED_EDGE('',*,*,#784,.F.);
#1005=ORIENTED_EDGE('',*,*,#788,.F.);
#1006=ORIENTED_EDGE('',*,*,#772,.F.);
#1007=ORIENTED_EDGE('',*,*,#789,.F.);
#1008=ORIENTED_EDGE('',*,*,#790,.T.);
#1009=ORIENTED_EDGE('',*,*,#791,.T.);
#1010=ORIENTED_EDGE('',*,*,#790,.F.);
#1011=ORIENTED_EDGE('',*,*,#792,.F.);
#1012=ORIENTED_EDGE('',*,*,#771,.F.);
#1013=ORIENTED_EDGE('',*,*,#773,.F.);
#1014=ORIENTED_EDGE('',*,*,#792,.T.);
#1015=ORIENTED_EDGE('',*,*,#789,.T.);
#1016=ORIENTED_EDGE('',*,*,#776,.F.);
#1017=ORIENTED_EDGE('',*,*,#779,.F.);
#1018=ORIENTED_EDGE('',*,*,#782,.F.);
#1019=ORIENTED_EDGE('',*,*,#793,.T.);
#1020=ORIENTED_EDGE('',*,*,#785,.F.);
#1021=ORIENTED_EDGE('',*,*,#787,.F.);
#1022=ORIENTED_EDGE('',*,*,#794,.T.);
#1023=ORIENTED_EDGE('',*,*,#795,.T.);
#1024=ORIENTED_EDGE('',*,*,#796,.T.);
#1025=ORIENTED_EDGE('',*,*,#797,.T.);
#1026=ORIENTED_EDGE('',*,*,#798,.T.);
#1027=ORIENTED_EDGE('',*,*,#799,.T.);
#1028=ORIENTED_EDGE('',*,*,#800,.T.);
#1029=ORIENTED_EDGE('',*,*,#801,.T.);
#1030=ORIENTED_EDGE('',*,*,#802,.T.);
#1031=ORIENTED_EDGE('',*,*,#803,.T.);
#1032=ORIENTED_EDGE('',*,*,#804,.T.);
#1033=ORIENTED_EDGE('',*,*,#805,.T.);
#1034=ORIENTED_EDGE('',*,*,#806,.T.);
#1035=ORIENTED_EDGE('',*,*,#807,.T.);
#1036=ORIENTED_EDGE('',*,*,#808,.T.);
#1037=ORIENTED_EDGE('',*,*,#809,.T.);
#1038=ORIENTED_EDGE('',*,*,#810,.T.);
#1039=ORIENTED_EDGE('',*,*,#811,.T.);
#1040=ORIENTED_EDGE('',*,*,#812,.T.);
#1041=ORIENTED_EDGE('',*,*,#813,.T.);
#1042=ORIENTED_EDGE('',*,*,#814,.T.);
#1043=ORIENTED_EDGE('',*,*,#815,.T.);
#1044=ORIENTED_EDGE('',*,*,#816,.T.);
#1045=ORIENTED_EDGE('',*,*,#817,.T.);
#1046=ORIENTED_EDGE('',*,*,#818,.T.);
#1047=ORIENTED_EDGE('',*,*,#819,.T.);
#1048=ORIENTED_EDGE('',*,*,#820,.T.);
#1049=ORIENTED_EDGE('',*,*,#821,.T.);
#1050=ORIENTED_EDGE('',*,*,#822,.T.);
#1051=ORIENTED_EDGE('',*,*,#823,.T.);
#1052=ORIENTED_EDGE('',*,*,#824,.T.);
#1053=ORIENTED_EDGE('',*,*,#825,.T.);
#1054=ORIENTED_EDGE('',*,*,#826,.T.);
#1055=ORIENTED_EDGE('',*,*,#827,.T.);
#1056=ORIENTED_EDGE('',*,*,#828,.T.);
#1057=ORIENTED_EDGE('',*,*,#829,.T.);
#1058=ORIENTED_EDGE('',*,*,#830,.T.);
#1059=ORIENTED_EDGE('',*,*,#831,.T.);
#1060=ORIENTED_EDGE('',*,*,#832,.T.);
#1061=ORIENTED_EDGE('',*,*,#833,.T.);
#1062=ORIENTED_EDGE('',*,*,#834,.T.);
#1063=ORIENTED_EDGE('',*,*,#835,.T.);
#1064=ORIENTED_EDGE('',*,*,#836,.T.);
#1065=ORIENTED_EDGE('',*,*,#837,.T.);
#1066=ORIENTED_EDGE('',*,*,#838,.T.);
#1067=ORIENTED_EDGE('',*,*,#839,.T.);
#1068=ORIENTED_EDGE('',*,*,#840,.T.);
#1069=ORIENTED_EDGE('',*,*,#841,.T.);
#1070=ORIENTED_EDGE('',*,*,#842,.T.);
#1071=ORIENTED_EDGE('',*,*,#843,.T.);
#1072=ORIENTED_EDGE('',*,*,#844,.T.);
#1073=ORIENTED_EDGE('',*,*,#845,.T.);
#1074=ORIENTED_EDGE('',*,*,#846,.T.);
#1075=ORIENTED_EDGE('',*,*,#847,.T.);
#1076=ORIENTED_EDGE('',*,*,#848,.T.);
#1077=ORIENTED_EDGE('',*,*,#849,.T.);
#1078=ORIENTED_EDGE('',*,*,#850,.T.);
#1079=ORIENTED_EDGE('',*,*,#851,.T.);
#1080=ORIENTED_EDGE('',*,*,#768,.F.);
#1081=ORIENTED_EDGE('',*,*,#794,.F.);
#1082=ORIENTED_EDGE('',*,*,#786,.F.);
#1083=ORIENTED_EDGE('',*,*,#852,.F.);
#1084=ORIENTED_EDGE('',*,*,#780,.F.);
#1085=ORIENTED_EDGE('',*,*,#793,.F.);
#1086=ORIENTED_EDGE('',*,*,#781,.F.);
#1087=ORIENTED_EDGE('',*,*,#853,.T.);
#1088=ORIENTED_EDGE('',*,*,#854,.T.);
#1089=ORIENTED_EDGE('',*,*,#853,.F.);
#1090=ORIENTED_EDGE('',*,*,#774,.F.);
#1091=ORIENTED_EDGE('',*,*,#769,.T.);
#1092=ORIENTED_EDGE('',*,*,#852,.T.);
#1093=ORIENTED_EDGE('',*,*,#788,.T.);
#1094=ORIENTED_EDGE('',*,*,#783,.F.);
#1095=ORIENTED_EDGE('',*,*,#777,.T.);
#1096=ORIENTED_EDGE('',*,*,#855,.F.);
#1097=ORIENTED_EDGE('',*,*,#856,.F.);
#1098=ORIENTED_EDGE('',*,*,#857,.F.);
#1099=ORIENTED_EDGE('',*,*,#858,.F.);
#1100=ORIENTED_EDGE('',*,*,#859,.F.);
#1101=ORIENTED_EDGE('',*,*,#860,.F.);
#1102=ORIENTED_EDGE('',*,*,#861,.F.);
#1103=ORIENTED_EDGE('',*,*,#862,.F.);
#1104=ORIENTED_EDGE('',*,*,#791,.F.);
#1105=ORIENTED_EDGE('',*,*,#863,.F.);
#1106=ORIENTED_EDGE('',*,*,#864,.F.);
#1107=ORIENTED_EDGE('',*,*,#865,.F.);
#1108=ORIENTED_EDGE('',*,*,#866,.F.);
#1109=ORIENTED_EDGE('',*,*,#867,.F.);
#1110=ORIENTED_EDGE('',*,*,#868,.F.);
#1111=ORIENTED_EDGE('',*,*,#869,.F.);
#1112=ORIENTED_EDGE('',*,*,#870,.F.);
#1113=ORIENTED_EDGE('',*,*,#871,.F.);
#1114=ORIENTED_EDGE('',*,*,#872,.F.);
#1115=ORIENTED_EDGE('',*,*,#873,.F.);
#1116=ORIENTED_EDGE('',*,*,#874,.F.);
#1117=ORIENTED_EDGE('',*,*,#875,.F.);
#1118=ORIENTED_EDGE('',*,*,#854,.F.);
#1119=ORIENTED_EDGE('',*,*,#876,.F.);
#1120=ORIENTED_EDGE('',*,*,#877,.F.);
#1121=ORIENTED_EDGE('',*,*,#878,.F.);
#1122=ORIENTED_EDGE('',*,*,#879,.F.);
#1123=ORIENTED_EDGE('',*,*,#880,.F.);
#1124=ORIENTED_EDGE('',*,*,#881,.F.);
#1125=ORIENTED_EDGE('',*,*,#882,.F.);
#1126=ORIENTED_EDGE('',*,*,#883,.F.);
#1127=ORIENTED_EDGE('',*,*,#884,.F.);
#1128=ORIENTED_EDGE('',*,*,#885,.F.);
#1129=ORIENTED_EDGE('',*,*,#886,.F.);
#1130=ORIENTED_EDGE('',*,*,#887,.F.);
#1131=ORIENTED_EDGE('',*,*,#888,.F.);
#1132=ORIENTED_EDGE('',*,*,#889,.F.);
#1133=ORIENTED_EDGE('',*,*,#890,.F.);
#1134=ORIENTED_EDGE('',*,*,#891,.F.);
#1135=ORIENTED_EDGE('',*,*,#892,.F.);
#1136=ORIENTED_EDGE('',*,*,#893,.F.);
#1137=ORIENTED_EDGE('',*,*,#894,.F.);
#1138=ORIENTED_EDGE('',*,*,#895,.F.);
#1139=ORIENTED_EDGE('',*,*,#896,.F.);
#1140=ORIENTED_EDGE('',*,*,#897,.F.);
#1141=ORIENTED_EDGE('',*,*,#898,.F.);
#1142=ORIENTED_EDGE('',*,*,#899,.F.);
#1143=ORIENTED_EDGE('',*,*,#900,.F.);
#1144=ORIENTED_EDGE('',*,*,#901,.F.);
#1145=ORIENTED_EDGE('',*,*,#902,.F.);
#1146=ORIENTED_EDGE('',*,*,#903,.F.);
#1147=ORIENTED_EDGE('',*,*,#904,.F.);
#1148=ORIENTED_EDGE('',*,*,#905,.F.);
#1149=ORIENTED_EDGE('',*,*,#906,.F.);
#1150=ORIENTED_EDGE('',*,*,#907,.F.);
#1151=ORIENTED_EDGE('',*,*,#908,.F.);
#1152=ORIENTED_EDGE('',*,*,#909,.F.);
#1153=ORIENTED_EDGE('',*,*,#910,.F.);
#1154=ORIENTED_EDGE('',*,*,#911,.F.);
#1155=ORIENTED_EDGE('',*,*,#851,.F.);
#1156=ORIENTED_EDGE('',*,*,#912,.T.);
#1157=ORIENTED_EDGE('',*,*,#913,.T.);
#1158=ORIENTED_EDGE('',*,*,#912,.F.);
#1159=ORIENTED_EDGE('',*,*,#914,.F.);
#1160=ORIENTED_EDGE('',*,*,#913,.F.);
#1161=ORIENTED_EDGE('',*,*,#850,.F.);
#1162=ORIENTED_EDGE('',*,*,#915,.T.);
#1163=ORIENTED_EDGE('',*,*,#916,.T.);
#1164=ORIENTED_EDGE('',*,*,#915,.F.);
#1165=ORIENTED_EDGE('',*,*,#917,.F.);
#1166=ORIENTED_EDGE('',*,*,#916,.F.);
#1167=ORIENTED_EDGE('',*,*,#849,.F.);
#1168=ORIENTED_EDGE('',*,*,#918,.T.);
#1169=ORIENTED_EDGE('',*,*,#919,.T.);
#1170=ORIENTED_EDGE('',*,*,#918,.F.);
#1171=ORIENTED_EDGE('',*,*,#920,.F.);
#1172=ORIENTED_EDGE('',*,*,#919,.F.);
#1173=ORIENTED_EDGE('',*,*,#848,.F.);
#1174=ORIENTED_EDGE('',*,*,#921,.T.);
#1175=ORIENTED_EDGE('',*,*,#922,.T.);
#1176=ORIENTED_EDGE('',*,*,#921,.F.);
#1177=ORIENTED_EDGE('',*,*,#923,.F.);
#1178=ORIENTED_EDGE('',*,*,#922,.F.);
#1179=ORIENTED_EDGE('',*,*,#923,.T.);
#1180=ORIENTED_EDGE('',*,*,#924,.T.);
#1181=ORIENTED_EDGE('',*,*,#911,.T.);
#1182=ORIENTED_EDGE('',*,*,#924,.F.);
#1183=ORIENTED_EDGE('',*,*,#917,.T.);
#1184=ORIENTED_EDGE('',*,*,#925,.T.);
#1185=ORIENTED_EDGE('',*,*,#910,.T.);
#1186=ORIENTED_EDGE('',*,*,#925,.F.);
#1187=ORIENTED_EDGE('',*,*,#907,.T.);
#1188=ORIENTED_EDGE('',*,*,#926,.T.);
#1189=ORIENTED_EDGE('',*,*,#798,.F.);
#1190=ORIENTED_EDGE('',*,*,#927,.F.);
#1191=ORIENTED_EDGE('',*,*,#908,.T.);
#1192=ORIENTED_EDGE('',*,*,#927,.T.);
#1193=ORIENTED_EDGE('',*,*,#797,.F.);
#1194=ORIENTED_EDGE('',*,*,#928,.F.);
#1195=ORIENTED_EDGE('',*,*,#909,.T.);
#1196=ORIENTED_EDGE('',*,*,#928,.T.);
#1197=ORIENTED_EDGE('',*,*,#796,.F.);
#1198=ORIENTED_EDGE('',*,*,#929,.F.);
#1199=ORIENTED_EDGE('',*,*,#906,.T.);
#1200=ORIENTED_EDGE('',*,*,#929,.T.);
#1201=ORIENTED_EDGE('',*,*,#795,.F.);
#1202=ORIENTED_EDGE('',*,*,#926,.F.);
#1203=ORIENTED_EDGE('',*,*,#903,.T.);
#1204=ORIENTED_EDGE('',*,*,#930,.T.);
#1205=ORIENTED_EDGE('',*,*,#802,.F.);
#1206=ORIENTED_EDGE('',*,*,#931,.F.);
#1207=ORIENTED_EDGE('',*,*,#904,.T.);
#1208=ORIENTED_EDGE('',*,*,#931,.T.);
#1209=ORIENTED_EDGE('',*,*,#801,.F.);
#1210=ORIENTED_EDGE('',*,*,#932,.F.);
#1211=ORIENTED_EDGE('',*,*,#905,.T.);
#1212=ORIENTED_EDGE('',*,*,#932,.T.);
#1213=ORIENTED_EDGE('',*,*,#800,.F.);
#1214=ORIENTED_EDGE('',*,*,#933,.F.);
#1215=ORIENTED_EDGE('',*,*,#902,.T.);
#1216=ORIENTED_EDGE('',*,*,#933,.T.);
#1217=ORIENTED_EDGE('',*,*,#799,.F.);
#1218=ORIENTED_EDGE('',*,*,#930,.F.);
#1219=ORIENTED_EDGE('',*,*,#899,.T.);
#1220=ORIENTED_EDGE('',*,*,#934,.T.);
#1221=ORIENTED_EDGE('',*,*,#806,.F.);
#1222=ORIENTED_EDGE('',*,*,#935,.F.);
#1223=ORIENTED_EDGE('',*,*,#900,.T.);
#1224=ORIENTED_EDGE('',*,*,#935,.T.);
#1225=ORIENTED_EDGE('',*,*,#805,.F.);
#1226=ORIENTED_EDGE('',*,*,#936,.F.);
#1227=ORIENTED_EDGE('',*,*,#901,.T.);
#1228=ORIENTED_EDGE('',*,*,#936,.T.);
#1229=ORIENTED_EDGE('',*,*,#804,.F.);
#1230=ORIENTED_EDGE('',*,*,#937,.F.);
#1231=ORIENTED_EDGE('',*,*,#898,.T.);
#1232=ORIENTED_EDGE('',*,*,#937,.T.);
#1233=ORIENTED_EDGE('',*,*,#803,.F.);
#1234=ORIENTED_EDGE('',*,*,#934,.F.);
#1235=ORIENTED_EDGE('',*,*,#895,.T.);
#1236=ORIENTED_EDGE('',*,*,#938,.T.);
#1237=ORIENTED_EDGE('',*,*,#810,.F.);
#1238=ORIENTED_EDGE('',*,*,#939,.F.);
#1239=ORIENTED_EDGE('',*,*,#896,.T.);
#1240=ORIENTED_EDGE('',*,*,#939,.T.);
#1241=ORIENTED_EDGE('',*,*,#809,.F.);
#1242=ORIENTED_EDGE('',*,*,#940,.F.);
#1243=ORIENTED_EDGE('',*,*,#897,.T.);
#1244=ORIENTED_EDGE('',*,*,#940,.T.);
#1245=ORIENTED_EDGE('',*,*,#808,.F.);
#1246=ORIENTED_EDGE('',*,*,#941,.F.);
#1247=ORIENTED_EDGE('',*,*,#894,.T.);
#1248=ORIENTED_EDGE('',*,*,#941,.T.);
#1249=ORIENTED_EDGE('',*,*,#807,.F.);
#1250=ORIENTED_EDGE('',*,*,#938,.F.);
#1251=ORIENTED_EDGE('',*,*,#891,.T.);
#1252=ORIENTED_EDGE('',*,*,#942,.T.);
#1253=ORIENTED_EDGE('',*,*,#814,.F.);
#1254=ORIENTED_EDGE('',*,*,#943,.F.);
#1255=ORIENTED_EDGE('',*,*,#892,.T.);
#1256=ORIENTED_EDGE('',*,*,#943,.T.);
#1257=ORIENTED_EDGE('',*,*,#813,.F.);
#1258=ORIENTED_EDGE('',*,*,#944,.F.);
#1259=ORIENTED_EDGE('',*,*,#893,.T.);
#1260=ORIENTED_EDGE('',*,*,#944,.T.);
#1261=ORIENTED_EDGE('',*,*,#812,.F.);
#1262=ORIENTED_EDGE('',*,*,#945,.F.);
#1263=ORIENTED_EDGE('',*,*,#890,.T.);
#1264=ORIENTED_EDGE('',*,*,#945,.T.);
#1265=ORIENTED_EDGE('',*,*,#811,.F.);
#1266=ORIENTED_EDGE('',*,*,#942,.F.);
#1267=ORIENTED_EDGE('',*,*,#887,.T.);
#1268=ORIENTED_EDGE('',*,*,#946,.T.);
#1269=ORIENTED_EDGE('',*,*,#818,.F.);
#1270=ORIENTED_EDGE('',*,*,#947,.F.);
#1271=ORIENTED_EDGE('',*,*,#888,.T.);
#1272=ORIENTED_EDGE('',*,*,#947,.T.);
#1273=ORIENTED_EDGE('',*,*,#817,.F.);
#1274=ORIENTED_EDGE('',*,*,#948,.F.);
#1275=ORIENTED_EDGE('',*,*,#889,.T.);
#1276=ORIENTED_EDGE('',*,*,#948,.T.);
#1277=ORIENTED_EDGE('',*,*,#816,.F.);
#1278=ORIENTED_EDGE('',*,*,#949,.F.);
#1279=ORIENTED_EDGE('',*,*,#886,.T.);
#1280=ORIENTED_EDGE('',*,*,#949,.T.);
#1281=ORIENTED_EDGE('',*,*,#815,.F.);
#1282=ORIENTED_EDGE('',*,*,#946,.F.);
#1283=ORIENTED_EDGE('',*,*,#883,.T.);
#1284=ORIENTED_EDGE('',*,*,#950,.T.);
#1285=ORIENTED_EDGE('',*,*,#822,.F.);
#1286=ORIENTED_EDGE('',*,*,#951,.F.);
#1287=ORIENTED_EDGE('',*,*,#884,.T.);
#1288=ORIENTED_EDGE('',*,*,#951,.T.);
#1289=ORIENTED_EDGE('',*,*,#821,.F.);
#1290=ORIENTED_EDGE('',*,*,#952,.F.);
#1291=ORIENTED_EDGE('',*,*,#885,.T.);
#1292=ORIENTED_EDGE('',*,*,#952,.T.);
#1293=ORIENTED_EDGE('',*,*,#820,.F.);
#1294=ORIENTED_EDGE('',*,*,#953,.F.);
#1295=ORIENTED_EDGE('',*,*,#882,.T.);
#1296=ORIENTED_EDGE('',*,*,#953,.T.);
#1297=ORIENTED_EDGE('',*,*,#819,.F.);
#1298=ORIENTED_EDGE('',*,*,#950,.F.);
#1299=ORIENTED_EDGE('',*,*,#879,.T.);
#1300=ORIENTED_EDGE('',*,*,#954,.T.);
#1301=ORIENTED_EDGE('',*,*,#826,.F.);
#1302=ORIENTED_EDGE('',*,*,#955,.F.);
#1303=ORIENTED_EDGE('',*,*,#880,.T.);
#1304=ORIENTED_EDGE('',*,*,#955,.T.);
#1305=ORIENTED_EDGE('',*,*,#825,.F.);
#1306=ORIENTED_EDGE('',*,*,#956,.F.);
#1307=ORIENTED_EDGE('',*,*,#881,.T.);
#1308=ORIENTED_EDGE('',*,*,#956,.T.);
#1309=ORIENTED_EDGE('',*,*,#824,.F.);
#1310=ORIENTED_EDGE('',*,*,#957,.F.);
#1311=ORIENTED_EDGE('',*,*,#878,.T.);
#1312=ORIENTED_EDGE('',*,*,#957,.T.);
#1313=ORIENTED_EDGE('',*,*,#823,.F.);
#1314=ORIENTED_EDGE('',*,*,#954,.F.);
#1315=ORIENTED_EDGE('',*,*,#827,.F.);
#1316=ORIENTED_EDGE('',*,*,#958,.T.);
#1317=ORIENTED_EDGE('',*,*,#877,.T.);
#1318=ORIENTED_EDGE('',*,*,#958,.F.);
#1319=ORIENTED_EDGE('',*,*,#828,.F.);
#1320=ORIENTED_EDGE('',*,*,#959,.T.);
#1321=ORIENTED_EDGE('',*,*,#876,.T.);
#1322=ORIENTED_EDGE('',*,*,#959,.F.);
#1323=ORIENTED_EDGE('',*,*,#829,.F.);
#1324=ORIENTED_EDGE('',*,*,#960,.T.);
#1325=ORIENTED_EDGE('',*,*,#875,.T.);
#1326=ORIENTED_EDGE('',*,*,#960,.F.);
#1327=ORIENTED_EDGE('',*,*,#830,.F.);
#1328=ORIENTED_EDGE('',*,*,#961,.T.);
#1329=ORIENTED_EDGE('',*,*,#874,.T.);
#1330=ORIENTED_EDGE('',*,*,#961,.F.);
#1331=ORIENTED_EDGE('',*,*,#831,.F.);
#1332=ORIENTED_EDGE('',*,*,#962,.T.);
#1333=ORIENTED_EDGE('',*,*,#873,.T.);
#1334=ORIENTED_EDGE('',*,*,#962,.F.);
#1335=ORIENTED_EDGE('',*,*,#914,.T.);
#1336=ORIENTED_EDGE('',*,*,#963,.T.);
#1337=ORIENTED_EDGE('',*,*,#872,.T.);
#1338=ORIENTED_EDGE('',*,*,#963,.F.);
#1339=ORIENTED_EDGE('',*,*,#869,.T.);
#1340=ORIENTED_EDGE('',*,*,#964,.T.);
#1341=ORIENTED_EDGE('',*,*,#835,.F.);
#1342=ORIENTED_EDGE('',*,*,#965,.F.);
#1343=ORIENTED_EDGE('',*,*,#870,.T.);
#1344=ORIENTED_EDGE('',*,*,#965,.T.);
#1345=ORIENTED_EDGE('',*,*,#834,.F.);
#1346=ORIENTED_EDGE('',*,*,#966,.F.);
#1347=ORIENTED_EDGE('',*,*,#871,.T.);
#1348=ORIENTED_EDGE('',*,*,#966,.T.);
#1349=ORIENTED_EDGE('',*,*,#833,.F.);
#1350=ORIENTED_EDGE('',*,*,#967,.F.);
#1351=ORIENTED_EDGE('',*,*,#868,.T.);
#1352=ORIENTED_EDGE('',*,*,#967,.T.);
#1353=ORIENTED_EDGE('',*,*,#832,.F.);
#1354=ORIENTED_EDGE('',*,*,#964,.F.);
#1355=ORIENTED_EDGE('',*,*,#920,.T.);
#1356=ORIENTED_EDGE('',*,*,#968,.T.);
#1357=ORIENTED_EDGE('',*,*,#867,.T.);
#1358=ORIENTED_EDGE('',*,*,#968,.F.);
#1359=ORIENTED_EDGE('',*,*,#864,.T.);
#1360=ORIENTED_EDGE('',*,*,#969,.T.);
#1361=ORIENTED_EDGE('',*,*,#839,.F.);
#1362=ORIENTED_EDGE('',*,*,#970,.F.);
#1363=ORIENTED_EDGE('',*,*,#865,.T.);
#1364=ORIENTED_EDGE('',*,*,#970,.T.);
#1365=ORIENTED_EDGE('',*,*,#838,.F.);
#1366=ORIENTED_EDGE('',*,*,#971,.F.);
#1367=ORIENTED_EDGE('',*,*,#866,.T.);
#1368=ORIENTED_EDGE('',*,*,#971,.T.);
#1369=ORIENTED_EDGE('',*,*,#837,.F.);
#1370=ORIENTED_EDGE('',*,*,#972,.F.);
#1371=ORIENTED_EDGE('',*,*,#863,.T.);
#1372=ORIENTED_EDGE('',*,*,#972,.T.);
#1373=ORIENTED_EDGE('',*,*,#836,.F.);
#1374=ORIENTED_EDGE('',*,*,#969,.F.);
#1375=ORIENTED_EDGE('',*,*,#860,.T.);
#1376=ORIENTED_EDGE('',*,*,#973,.T.);
#1377=ORIENTED_EDGE('',*,*,#843,.F.);
#1378=ORIENTED_EDGE('',*,*,#974,.F.);
#1379=ORIENTED_EDGE('',*,*,#861,.T.);
#1380=ORIENTED_EDGE('',*,*,#974,.T.);
#1381=ORIENTED_EDGE('',*,*,#842,.F.);
#1382=ORIENTED_EDGE('',*,*,#975,.F.);
#1383=ORIENTED_EDGE('',*,*,#862,.T.);
#1384=ORIENTED_EDGE('',*,*,#975,.T.);
#1385=ORIENTED_EDGE('',*,*,#841,.F.);
#1386=ORIENTED_EDGE('',*,*,#976,.F.);
#1387=ORIENTED_EDGE('',*,*,#859,.T.);
#1388=ORIENTED_EDGE('',*,*,#976,.T.);
#1389=ORIENTED_EDGE('',*,*,#840,.F.);
#1390=ORIENTED_EDGE('',*,*,#973,.F.);
#1391=ORIENTED_EDGE('',*,*,#856,.T.);
#1392=ORIENTED_EDGE('',*,*,#977,.T.);
#1393=ORIENTED_EDGE('',*,*,#847,.F.);
#1394=ORIENTED_EDGE('',*,*,#978,.F.);
#1395=ORIENTED_EDGE('',*,*,#857,.T.);
#1396=ORIENTED_EDGE('',*,*,#978,.T.);
#1397=ORIENTED_EDGE('',*,*,#846,.F.);
#1398=ORIENTED_EDGE('',*,*,#979,.F.);
#1399=ORIENTED_EDGE('',*,*,#858,.T.);
#1400=ORIENTED_EDGE('',*,*,#979,.T.);
#1401=ORIENTED_EDGE('',*,*,#845,.F.);
#1402=ORIENTED_EDGE('',*,*,#980,.F.);
#1403=ORIENTED_EDGE('',*,*,#855,.T.);
#1404=ORIENTED_EDGE('',*,*,#980,.T.);
#1405=ORIENTED_EDGE('',*,*,#844,.F.);
#1406=ORIENTED_EDGE('',*,*,#977,.F.);
#1407=CYLINDRICAL_SURFACE('',#1538,3.);
#1408=CYLINDRICAL_SURFACE('',#1546,3.);
#1409=CYLINDRICAL_SURFACE('',#1553,3.);
#1410=CYLINDRICAL_SURFACE('',#1555,1.5);
#1411=CYLINDRICAL_SURFACE('',#1595,1.5);
#1412=CYLINDRICAL_SURFACE('',#1631,2.);
#1413=CYLINDRICAL_SURFACE('',#1635,2.);
#1414=CYLINDRICAL_SURFACE('',#1639,2.);
#1415=CYLINDRICAL_SURFACE('',#1643,2.);
#1416=CYLINDRICAL_SURFACE('',#1647,4.);
#1417=CYLINDRICAL_SURFACE('',#1648,4.);
#1418=CYLINDRICAL_SURFACE('',#1650,1.25);
#1419=CYLINDRICAL_SURFACE('',#1652,1.25);
#1420=CYLINDRICAL_SURFACE('',#1654,3.25000000000001);
#1421=CYLINDRICAL_SURFACE('',#1656,3.25);
#1422=CYLINDRICAL_SURFACE('',#1658,1.25);
#1423=CYLINDRICAL_SURFACE('',#1660,1.25);
#1424=CYLINDRICAL_SURFACE('',#1662,1.25);
#1425=CYLINDRICAL_SURFACE('',#1664,1.24999999999999);
#1426=CYLINDRICAL_SURFACE('',#1666,1.25000000000001);
#1427=CYLINDRICAL_SURFACE('',#1668,1.25000000000001);
#1428=CYLINDRICAL_SURFACE('',#1670,1.25);
#1429=CYLINDRICAL_SURFACE('',#1672,1.25);
#1430=CYLINDRICAL_SURFACE('',#1674,1.25);
#1431=CYLINDRICAL_SURFACE('',#1676,1.25);
#1432=CYLINDRICAL_SURFACE('',#1678,1.25);
#1433=CYLINDRICAL_SURFACE('',#1680,1.25);
#1434=CYLINDRICAL_SURFACE('',#1681,1.5);
#1435=CYLINDRICAL_SURFACE('',#1682,1.5);
#1436=CYLINDRICAL_SURFACE('',#1683,1.5);
#1437=CYLINDRICAL_SURFACE('',#1684,7.);
#1438=CYLINDRICAL_SURFACE('',#1685,1.49999999999999);
#1439=CYLINDRICAL_SURFACE('',#1686,4.);
#1440=CYLINDRICAL_SURFACE('',#1688,1.25);
#1441=CYLINDRICAL_SURFACE('',#1690,1.25);
#1442=CYLINDRICAL_SURFACE('',#1691,4.);
#1443=CYLINDRICAL_SURFACE('',#1693,1.25);
#1444=CYLINDRICAL_SURFACE('',#1695,1.25);
#1445=CYLINDRICAL_SURFACE('',#1697,1.25);
#1446=CYLINDRICAL_SURFACE('',#1699,1.25);
#1447=CYLINDRICAL_SURFACE('',#1701,1.24999999999999);
#1448=CYLINDRICAL_SURFACE('',#1703,1.24999999999999);
#1449=ADVANCED_FACE('',(#99),#1407,.T.);
#1450=ADVANCED_FACE('',(#100),#97,.T.);
#1451=ADVANCED_FACE('',(#101),#1408,.T.);
#1452=ADVANCED_FACE('',(#102),#98,.T.);
#1453=ADVANCED_FACE('',(#103),#1409,.T.);
#1454=ADVANCED_FACE('',(#104),#1410,.F.);
#1455=ADVANCED_FACE('',(#105,#15,#16,#17,#18,#19,#20,#21,#22,#23,#24,#25,
#26,#27,#28,#29,#30,#31,#32,#33,#34,#35),#63,.T.);
#1456=ADVANCED_FACE('',(#106),#64,.T.);
#1457=ADVANCED_FACE('',(#107),#1411,.F.);
#1458=ADVANCED_FACE('',(#108,#36,#37,#38,#39,#40,#41,#42,#43,#44,#45,#46,
#47,#48,#49,#50,#51,#52,#53,#54,#55,#56,#57,#58),#65,.F.);
#1459=ADVANCED_FACE('',(#109),#1412,.F.);
#1460=ADVANCED_FACE('',(#110,#59),#66,.F.);
#1461=ADVANCED_FACE('',(#111),#1413,.F.);
#1462=ADVANCED_FACE('',(#112,#60),#67,.F.);
#1463=ADVANCED_FACE('',(#113),#1414,.F.);
#1464=ADVANCED_FACE('',(#114,#61),#68,.F.);
#1465=ADVANCED_FACE('',(#115),#1415,.F.);
#1466=ADVANCED_FACE('',(#116,#62),#69,.F.);
#1467=ADVANCED_FACE('',(#117),#1416,.F.);
#1468=ADVANCED_FACE('',(#118),#1417,.F.);
#1469=ADVANCED_FACE('',(#119),#70,.T.);
#1470=ADVANCED_FACE('',(#120),#1418,.F.);
#1471=ADVANCED_FACE('',(#121),#71,.T.);
#1472=ADVANCED_FACE('',(#122),#1419,.F.);
#1473=ADVANCED_FACE('',(#123),#72,.T.);
#1474=ADVANCED_FACE('',(#124),#1420,.F.);
#1475=ADVANCED_FACE('',(#125),#73,.T.);
#1476=ADVANCED_FACE('',(#126),#1421,.F.);
#1477=ADVANCED_FACE('',(#127),#74,.T.);
#1478=ADVANCED_FACE('',(#128),#1422,.F.);
#1479=ADVANCED_FACE('',(#129),#75,.T.);
#1480=ADVANCED_FACE('',(#130),#1423,.F.);
#1481=ADVANCED_FACE('',(#131),#76,.T.);
#1482=ADVANCED_FACE('',(#132),#1424,.F.);
#1483=ADVANCED_FACE('',(#133),#77,.T.);
#1484=ADVANCED_FACE('',(#134),#1425,.F.);
#1485=ADVANCED_FACE('',(#135),#78,.T.);
#1486=ADVANCED_FACE('',(#136),#1426,.F.);
#1487=ADVANCED_FACE('',(#137),#79,.T.);
#1488=ADVANCED_FACE('',(#138),#1427,.F.);
#1489=ADVANCED_FACE('',(#139),#80,.T.);
#1490=ADVANCED_FACE('',(#140),#1428,.F.);
#1491=ADVANCED_FACE('',(#141),#81,.T.);
#1492=ADVANCED_FACE('',(#142),#1429,.F.);
#1493=ADVANCED_FACE('',(#143),#82,.T.);
#1494=ADVANCED_FACE('',(#144),#1430,.F.);
#1495=ADVANCED_FACE('',(#145),#83,.T.);
#1496=ADVANCED_FACE('',(#146),#1431,.F.);
#1497=ADVANCED_FACE('',(#147),#84,.T.);
#1498=ADVANCED_FACE('',(#148),#1432,.F.);
#1499=ADVANCED_FACE('',(#149),#85,.T.);
#1500=ADVANCED_FACE('',(#150),#1433,.F.);
#1501=ADVANCED_FACE('',(#151),#1434,.F.);
#1502=ADVANCED_FACE('',(#152),#1435,.F.);
#1503=ADVANCED_FACE('',(#153),#1436,.F.);
#1504=ADVANCED_FACE('',(#154),#1437,.F.);
#1505=ADVANCED_FACE('',(#155),#1438,.F.);
#1506=ADVANCED_FACE('',(#156),#1439,.F.);
#1507=ADVANCED_FACE('',(#157),#86,.T.);
#1508=ADVANCED_FACE('',(#158),#1440,.F.);
#1509=ADVANCED_FACE('',(#159),#87,.T.);
#1510=ADVANCED_FACE('',(#160),#1441,.F.);
#1511=ADVANCED_FACE('',(#161),#1442,.F.);
#1512=ADVANCED_FACE('',(#162),#88,.T.);
#1513=ADVANCED_FACE('',(#163),#1443,.F.);
#1514=ADVANCED_FACE('',(#164),#89,.T.);
#1515=ADVANCED_FACE('',(#165),#1444,.F.);
#1516=ADVANCED_FACE('',(#166),#90,.T.);
#1517=ADVANCED_FACE('',(#167),#1445,.F.);
#1518=ADVANCED_FACE('',(#168),#91,.T.);
#1519=ADVANCED_FACE('',(#169),#1446,.F.);
#1520=ADVANCED_FACE('',(#170),#92,.T.);
#1521=ADVANCED_FACE('',(#171),#1447,.F.);
#1522=ADVANCED_FACE('',(#172),#93,.T.);
#1523=ADVANCED_FACE('',(#173),#1448,.F.);
#1524=CLOSED_SHELL('',(#1449,#1450,#1451,#1452,#1453,#1454,#1455,#1456,
#1457,#1458,#1459,#1460,#1461,#1462,#1463,#1464,#1465,#1466,#1467,#1468,
#1469,#1470,#1471,#1472,#1473,#1474,#1475,#1476,#1477,#1478,#1479,#1480,
#1481,#1482,#1483,#1484,#1485,#1486,#1487,#1488,#1489,#1490,#1491,#1492,
#1493,#1494,#1495,#1496,#1497,#1498,#1499,#1500,#1501,#1502,#1503,#1504,
#1505,#1506,#1507,#1508,#1509,#1510,#1511,#1512,#1513,#1514,#1515,#1516,
#1517,#1518,#1519,#1520,#1521,#1522,#1523));
#1525=DERIVED_UNIT_ELEMENT(#1527,1.);
#1526=DERIVED_UNIT_ELEMENT(#2622,-3.);
#1527=(
MASS_UNIT()
NAMED_UNIT(*)
SI_UNIT(.KILO.,.GRAM.)
);
#1528=DERIVED_UNIT((#1525,#1526));
#1529=MEASURE_REPRESENTATION_ITEM('density measure',
POSITIVE_RATIO_MEASURE(7850.),#1528);
#1530=PROPERTY_DEFINITION_REPRESENTATION(#1535,#1532);
#1531=PROPERTY_DEFINITION_REPRESENTATION(#1536,#1533);
#1532=REPRESENTATION('material name',(#1534),#2619);
#1533=REPRESENTATION('density',(#1529),#2619);
#1534=DESCRIPTIVE_REPRESENTATION_ITEM('Steel','Steel');
#1535=PROPERTY_DEFINITION('material property','material name',#2629);
#1536=PROPERTY_DEFINITION('material property','density of part',#2629);
#1537=AXIS2_PLACEMENT_3D('',#2157,#1704,#1705);
#1538=AXIS2_PLACEMENT_3D('',#2158,#1706,#1707);
#1539=AXIS2_PLACEMENT_3D('',#2161,#1708,#1709);
#1540=AXIS2_PLACEMENT_3D('',#2165,#1711,#1712);
#1541=AXIS2_PLACEMENT_3D('',#2167,#1714,#1715);
#1542=AXIS2_PLACEMENT_3D('',#2184,#1716,#1717);
#1543=AXIS2_PLACEMENT_3D('',#2186,#1718,#1719);
#1544=AXIS2_PLACEMENT_3D('',#2188,#1720,#1721);
#1545=AXIS2_PLACEMENT_3D('',#2189,#1722,#1723);
#1546=AXIS2_PLACEMENT_3D('',#2190,#1724,#1725);
#1547=AXIS2_PLACEMENT_3D('',#2194,#1727,#1728);
#1548=AXIS2_PLACEMENT_3D('',#2196,#1730,#1731);
#1549=AXIS2_PLACEMENT_3D('',#2218,#1732,#1733);
#1550=AXIS2_PLACEMENT_3D('',#2220,#1734,#1735);
#1551=AXIS2_PLACEMENT_3D('',#2222,#1736,#1737);
#1552=AXIS2_PLACEMENT_3D('',#2223,#1738,#1739);
#1553=AXIS2_PLACEMENT_3D('',#2224,#1740,#1741);
#1554=AXIS2_PLACEMENT_3D('',#2227,#1742,#1743);
#1555=AXIS2_PLACEMENT_3D('',#2230,#1746,#1747);
#1556=AXIS2_PLACEMENT_3D('',#2232,#1748,#1749);
#1557=AXIS2_PLACEMENT_3D('',#2235,#1751,#1752);
#1558=AXIS2_PLACEMENT_3D('',#2236,#1753,#1754);
#1559=AXIS2_PLACEMENT_3D('',#2237,#1755,#1756);
#1560=AXIS2_PLACEMENT_3D('',#2238,#1757,#1758);
#1561=AXIS2_PLACEMENT_3D('',#2242,#1760,#1761);
#1562=AXIS2_PLACEMENT_3D('',#2246,#1763,#1764);
#1563=AXIS2_PLACEMENT_3D('',#2250,#1766,#1767);
#1564=AXIS2_PLACEMENT_3D('',#2254,#1769,#1770);
#1565=AXIS2_PLACEMENT_3D('',#2258,#1772,#1773);
#1566=AXIS2_PLACEMENT_3D('',#2262,#1775,#1776);
#1567=AXIS2_PLACEMENT_3D('',#2266,#1778,#1779);
#1568=AXIS2_PLACEMENT_3D('',#2270,#1781,#1782);
#1569=AXIS2_PLACEMENT_3D('',#2274,#1784,#1785);
#1570=AXIS2_PLACEMENT_3D('',#2278,#1787,#1788);
#1571=AXIS2_PLACEMENT_3D('',#2282,#1790,#1791);
#1572=AXIS2_PLACEMENT_3D('',#2286,#1793,#1794);
#1573=AXIS2_PLACEMENT_3D('',#2290,#1796,#1797);
#1574=AXIS2_PLACEMENT_3D('',#2294,#1799,#1800);
#1575=AXIS2_PLACEMENT_3D('',#2298,#1802,#1803);
#1576=AXIS2_PLACEMENT_3D('',#2302,#1805,#1806);
#1577=AXIS2_PLACEMENT_3D('',#2305,#1808,#1809);
#1578=AXIS2_PLACEMENT_3D('',#2307,#1810,#1811);
#1579=AXIS2_PLACEMENT_3D('',#2309,#1812,#1813);
#1580=AXIS2_PLACEMENT_3D('',#2311,#1814,#1815);
#1581=AXIS2_PLACEMENT_3D('',#2313,#1816,#1817);
#1582=AXIS2_PLACEMENT_3D('',#2316,#1818,#1819);
#1583=AXIS2_PLACEMENT_3D('',#2320,#1821,#1822);
#1584=AXIS2_PLACEMENT_3D('',#2324,#1824,#1825);
#1585=AXIS2_PLACEMENT_3D('',#2328,#1827,#1828);
#1586=AXIS2_PLACEMENT_3D('',#2332,#1830,#1831);
#1587=AXIS2_PLACEMENT_3D('',#2336,#1833,#1834);
#1588=AXIS2_PLACEMENT_3D('',#2340,#1836,#1837);
#1589=AXIS2_PLACEMENT_3D('',#2344,#1839,#1840);
#1590=AXIS2_PLACEMENT_3D('',#2347,#1842,#1843);
#1591=AXIS2_PLACEMENT_3D('',#2349,#1844,#1845);
#1592=AXIS2_PLACEMENT_3D('',#2351,#1846,#1847);
#1593=AXIS2_PLACEMENT_3D('',#2353,#1848,#1849);
#1594=AXIS2_PLACEMENT_3D('',#2354,#1850,#1851);
#1595=AXIS2_PLACEMENT_3D('',#2356,#1853,#1854);
#1596=AXIS2_PLACEMENT_3D('',#2359,#1856,#1857);
#1597=AXIS2_PLACEMENT_3D('',#2360,#1858,#1859);
#1598=AXIS2_PLACEMENT_3D('',#2363,#1860,#1861);
#1599=AXIS2_PLACEMENT_3D('',#2367,#1863,#1864);
#1600=AXIS2_PLACEMENT_3D('',#2371,#1866,#1867);
#1601=AXIS2_PLACEMENT_3D('',#2375,#1869,#1870);
#1602=AXIS2_PLACEMENT_3D('',#2379,#1872,#1873);
#1603=AXIS2_PLACEMENT_3D('',#2383,#1875,#1876);
#1604=AXIS2_PLACEMENT_3D('',#2386,#1878,#1879);
#1605=AXIS2_PLACEMENT_3D('',#2389,#1880,#1881);
#1606=AXIS2_PLACEMENT_3D('',#2393,#1883,#1884);
#1607=AXIS2_PLACEMENT_3D('',#2396,#1886,#1887);
#1608=AXIS2_PLACEMENT_3D('',#2398,#1888,#1889);
#1609=AXIS2_PLACEMENT_3D('',#2400,#1890,#1891);
#1610=AXIS2_PLACEMENT_3D('',#2402,#1892,#1893);
#1611=AXIS2_PLACEMENT_3D('',#2404,#1894,#1895);
#1612=AXIS2_PLACEMENT_3D('',#2406,#1896,#1897);
#1613=AXIS2_PLACEMENT_3D('',#2409,#1898,#1899);
#1614=AXIS2_PLACEMENT_3D('',#2413,#1901,#1902);
#1615=AXIS2_PLACEMENT_3D('',#2417,#1904,#1905);
#1616=AXIS2_PLACEMENT_3D('',#2421,#1907,#1908);
#1617=AXIS2_PLACEMENT_3D('',#2425,#1910,#1911);
#1618=AXIS2_PLACEMENT_3D('',#2429,#1913,#1914);
#1619=AXIS2_PLACEMENT_3D('',#2433,#1916,#1917);
#1620=AXIS2_PLACEMENT_3D('',#2437,#1919,#1920);
#1621=AXIS2_PLACEMENT_3D('',#2441,#1922,#1923);
#1622=AXIS2_PLACEMENT_3D('',#2445,#1925,#1926);
#1623=AXIS2_PLACEMENT_3D('',#2449,#1928,#1929);
#1624=AXIS2_PLACEMENT_3D('',#2453,#1931,#1932);
#1625=AXIS2_PLACEMENT_3D('',#2457,#1934,#1935);
#1626=AXIS2_PLACEMENT_3D('',#2461,#1937,#1938);
#1627=AXIS2_PLACEMENT_3D('',#2465,#1940,#1941);
#1628=AXIS2_PLACEMENT_3D('',#2469,#1943,#1944);
#1629=AXIS2_PLACEMENT_3D('',#2472,#1946,#1947);
#1630=AXIS2_PLACEMENT_3D('',#2474,#1948,#1949);
#1631=AXIS2_PLACEMENT_3D('',#2475,#1950,#1951);
#1632=AXIS2_PLACEMENT_3D('',#2478,#1953,#1954);
#1633=AXIS2_PLACEMENT_3D('',#2479,#1955,#1956);
#1634=AXIS2_PLACEMENT_3D('',#2481,#1957,#1958);
#1635=AXIS2_PLACEMENT_3D('',#2482,#1959,#1960);
#1636=AXIS2_PLACEMENT_3D('',#2485,#1962,#1963);
#1637=AXIS2_PLACEMENT_3D('',#2486,#1964,#1965);
#1638=AXIS2_PLACEMENT_3D('',#2488,#1966,#1967);
#1639=AXIS2_PLACEMENT_3D('',#2489,#1968,#1969);
#1640=AXIS2_PLACEMENT_3D('',#2492,#1971,#1972);
#1641=AXIS2_PLACEMENT_3D('',#2493,#1973,#1974);
#1642=AXIS2_PLACEMENT_3D('',#2495,#1975,#1976);
#1643=AXIS2_PLACEMENT_3D('',#2496,#1977,#1978);
#1644=AXIS2_PLACEMENT_3D('',#2499,#1980,#1981);
#1645=AXIS2_PLACEMENT_3D('',#2500,#1982,#1983);
#1646=AXIS2_PLACEMENT_3D('',#2502,#1984,#1985);
#1647=AXIS2_PLACEMENT_3D('',#2503,#1986,#1987);
#1648=AXIS2_PLACEMENT_3D('',#2505,#1989,#1990);
#1649=AXIS2_PLACEMENT_3D('',#2507,#1992,#1993);
#1650=AXIS2_PLACEMENT_3D('',#2510,#1996,#1997);
#1651=AXIS2_PLACEMENT_3D('',#2512,#1999,#2000);
#1652=AXIS2_PLACEMENT_3D('',#2514,#2002,#2003);
#1653=AXIS2_PLACEMENT_3D('',#2515,#2004,#2005);
#1654=AXIS2_PLACEMENT_3D('',#2518,#2008,#2009);
#1655=AXIS2_PLACEMENT_3D('',#2520,#2011,#2012);
#1656=AXIS2_PLACEMENT_3D('',#2522,#2014,#2015);
#1657=AXIS2_PLACEMENT_3D('',#2523,#2016,#2017);
#1658=AXIS2_PLACEMENT_3D('',#2526,#2020,#2021);
#1659=AXIS2_PLACEMENT_3D('',#2528,#2023,#2024);
#1660=AXIS2_PLACEMENT_3D('',#2530,#2026,#2027);
#1661=AXIS2_PLACEMENT_3D('',#2531,#2028,#2029);
#1662=AXIS2_PLACEMENT_3D('',#2534,#2032,#2033);
#1663=AXIS2_PLACEMENT_3D('',#2536,#2035,#2036);
#1664=AXIS2_PLACEMENT_3D('',#2538,#2038,#2039);
#1665=AXIS2_PLACEMENT_3D('',#2539,#2040,#2041);
#1666=AXIS2_PLACEMENT_3D('',#2542,#2044,#2045);
#1667=AXIS2_PLACEMENT_3D('',#2544,#2047,#2048);
#1668=AXIS2_PLACEMENT_3D('',#2546,#2050,#2051);
#1669=AXIS2_PLACEMENT_3D('',#2547,#2052,#2053);
#1670=AXIS2_PLACEMENT_3D('',#2550,#2056,#2057);
#1671=AXIS2_PLACEMENT_3D('',#2552,#2059,#2060);
#1672=AXIS2_PLACEMENT_3D('',#2554,#2062,#2063);
#1673=AXIS2_PLACEMENT_3D('',#2555,#2064,#2065);
#1674=AXIS2_PLACEMENT_3D('',#2558,#2068,#2069);
#1675=AXIS2_PLACEMENT_3D('',#2560,#2071,#2072);
#1676=AXIS2_PLACEMENT_3D('',#2562,#2074,#2075);
#1677=AXIS2_PLACEMENT_3D('',#2563,#2076,#2077);
#1678=AXIS2_PLACEMENT_3D('',#2566,#2080,#2081);
#1679=AXIS2_PLACEMENT_3D('',#2568,#2083,#2084);
#1680=AXIS2_PLACEMENT_3D('',#2570,#2086,#2087);
#1681=AXIS2_PLACEMENT_3D('',#2571,#2088,#2089);
#1682=AXIS2_PLACEMENT_3D('',#2573,#2091,#2092);
#1683=AXIS2_PLACEMENT_3D('',#2575,#2094,#2095);
#1684=AXIS2_PLACEMENT_3D('',#2577,#2097,#2098);
#1685=AXIS2_PLACEMENT_3D('',#2579,#2100,#2101);
#1686=AXIS2_PLACEMENT_3D('',#2581,#2103,#2104);
#1687=AXIS2_PLACEMENT_3D('',#2583,#2106,#2107);
#1688=AXIS2_PLACEMENT_3D('',#2586,#2110,#2111);
#1689=AXIS2_PLACEMENT_3D('',#2588,#2113,#2114);
#1690=AXIS2_PLACEMENT_3D('',#2590,#2116,#2117);
#1691=AXIS2_PLACEMENT_3D('',#2591,#2118,#2119);
#1692=AXIS2_PLACEMENT_3D('',#2593,#2121,#2122);
#1693=AXIS2_PLACEMENT_3D('',#2596,#2125,#2126);
#1694=AXIS2_PLACEMENT_3D('',#2598,#2128,#2129);
#1695=AXIS2_PLACEMENT_3D('',#2600,#2131,#2132);
#1696=AXIS2_PLACEMENT_3D('',#2601,#2133,#2134);
#1697=AXIS2_PLACEMENT_3D('',#2604,#2137,#2138);
#1698=AXIS2_PLACEMENT_3D('',#2606,#2140,#2141);
#1699=AXIS2_PLACEMENT_3D('',#2608,#2143,#2144);
#1700=AXIS2_PLACEMENT_3D('',#2609,#2145,#2146);
#1701=AXIS2_PLACEMENT_3D('',#2612,#2149,#2150);
#1702=AXIS2_PLACEMENT_3D('',#2614,#2152,#2153);
#1703=AXIS2_PLACEMENT_3D('',#2616,#2155,#2156);
#1704=DIRECTION('axis',(0.,0.,1.));
#1705=DIRECTION('refdir',(1.,0.,0.));
#1706=DIRECTION('center_axis',(0.,0.,-1.));
#1707=DIRECTION('ref_axis',(-0.707106781186548,-0.707106781186547,0.));
#1708=DIRECTION('center_axis',(0.,0.,-1.));
#1709=DIRECTION('ref_axis',(-0.707106781186548,-0.707106781186547,0.));
#1710=DIRECTION('',(0.,0.,1.));
#1711=DIRECTION('center_axis',(0.,0.,1.));
#1712=DIRECTION('ref_axis',(-1.,0.,0.));
#1713=DIRECTION('',(0.,0.,1.));
#1714=DIRECTION('center_axis',(0.,1.,0.));
#1715=DIRECTION('ref_axis',(0.,0.,1.));
#1716=DIRECTION('center_axis',(0.,1.,0.));
#1717=DIRECTION('ref_axis',(-0.707106781186548,0.,-0.707106781186547));
#1718=DIRECTION('center_axis',(0.,-1.,0.));
#1719=DIRECTION('ref_axis',(-0.707106781186548,0.,-0.707106781186547));
#1720=DIRECTION('center_axis',(-1.,0.,0.));
#1721=DIRECTION('ref_axis',(0.,0.,-1.));
#1722=DIRECTION('center_axis',(0.,1.,0.));
#1723=DIRECTION('ref_axis',(-0.707106781186548,0.,-0.707106781186547));
#1724=DIRECTION('center_axis',(1.,0.,0.));
#1725=DIRECTION('ref_axis',(0.,-0.707106781186547,-0.707106781186548));
#1726=DIRECTION('',(-1.,0.,0.));
#1727=DIRECTION('center_axis',(-1.,0.,0.));
#1728=DIRECTION('ref_axis',(0.,0.,-1.));
#1729=DIRECTION('',(-1.,0.,0.));
#1730=DIRECTION('center_axis',(0.,1.,0.));
#1731=DIRECTION('ref_axis',(0.,0.,1.));
#1732=DIRECTION('center_axis',(0.,1.,0.));
#1733=DIRECTION('ref_axis',(0.707106781186548,0.,-0.707106781186547));
#1734=DIRECTION('center_axis',(0.,-1.,0.));
#1735=DIRECTION('ref_axis',(0.707106781186547,0.,-0.707106781186548));
#1736=DIRECTION('center_axis',(3.70074341541719E-16,0.,-1.));
#1737=DIRECTION('ref_axis',(1.,0.,3.70074341541719E-16));
#1738=DIRECTION('center_axis',(0.,1.,0.));
#1739=DIRECTION('ref_axis',(0.707106781186548,0.,-0.707106781186547));
#1740=DIRECTION('center_axis',(0.,0.,1.));
#1741=DIRECTION('ref_axis',(0.707106781186547,-0.707106781186548,0.));
#1742=DIRECTION('center_axis',(0.,0.,-1.));
#1743=DIRECTION('ref_axis',(0.707106781186547,-0.707106781186548,0.));
#1744=DIRECTION('',(0.,0.,-1.));
#1745=DIRECTION('',(0.,0.,-1.));
#1746=DIRECTION('center_axis',(0.,-1.,0.));
#1747=DIRECTION('ref_axis',(-1.,0.,0.));
#1748=DIRECTION('center_axis',(0.,1.,0.));
#1749=DIRECTION('ref_axis',(-1.,0.,0.));
#1750=DIRECTION('',(0.,1.,0.));
#1751=DIRECTION('center_axis',(0.,1.,0.));
#1752=DIRECTION('ref_axis',(-1.,0.,0.));
#1753=DIRECTION('center_axis',(0.,1.,0.));
#1754=DIRECTION('ref_axis',(-1.,0.,0.));
#1755=DIRECTION('center_axis',(0.,-1.,0.));
#1756=DIRECTION('ref_axis',(-1.,0.,0.));
#1757=DIRECTION('center_axis',(0.,1.,0.));
#1758=DIRECTION('ref_axis',(-1.,0.,0.));
#1759=DIRECTION('',(-1.,0.,0.));
#1760=DIRECTION('center_axis',(0.,1.,0.));
#1761=DIRECTION('ref_axis',(-0.807391447809049,0.,0.590016143851003));
#1762=DIRECTION('',(0.590016143851004,0.,0.807391447809048));
#1763=DIRECTION('center_axis',(0.,1.,0.));
#1764=DIRECTION('ref_axis',(0.807391447809048,0.,-0.590016143851004));
#1765=DIRECTION('',(-0.590016143851004,0.,-0.807391447809048));
#1766=DIRECTION('center_axis',(0.,1.,0.));
#1767=DIRECTION('ref_axis',(0.,0.,1.));
#1768=DIRECTION('',(1.,0.,0.));
#1769=DIRECTION('center_axis',(0.,1.,0.));
#1770=DIRECTION('ref_axis',(-1.36642833800019E-15,0.,-1.));
#1771=DIRECTION('',(-1.,0.,4.67462326157961E-16));
#1772=DIRECTION('center_axis',(0.,1.,0.));
#1773=DIRECTION('ref_axis',(-0.807411670248414,0.,0.589988470011632));
#1774=DIRECTION('',(0.589988470011632,0.,0.807411670248414));
#1775=DIRECTION('center_axis',(0.,1.,0.));
#1776=DIRECTION('ref_axis',(0.807411670248414,0.,-0.589988470011631));
#1777=DIRECTION('',(-0.589988470011632,0.,-0.807411670248414));
#1778=DIRECTION('center_axis',(0.,1.,0.));
#1779=DIRECTION('ref_axis',(-0.80738968440813,0.,0.59001855692117));
#1780=DIRECTION('',(0.590018556921174,0.,0.807389684408127));
#1781=DIRECTION('center_axis',(0.,1.,0.));
#1782=DIRECTION('ref_axis',(0.807389684408123,0.,-0.590018556921181));
#1783=DIRECTION('',(-0.590018556921174,0.,-0.807389684408127));
#1784=DIRECTION('center_axis',(0.,1.,0.));
#1785=DIRECTION('ref_axis',(-0.807394242776503,0.,0.590012319135251));
#1786=DIRECTION('',(0.590012319135252,0.,0.807394242776503));
#1787=DIRECTION('center_axis',(0.,1.,0.));
#1788=DIRECTION('ref_axis',(0.807394242776503,0.,-0.590012319135252));
#1789=DIRECTION('',(-0.590012319135252,0.,-0.807394242776503));
#1790=DIRECTION('center_axis',(0.,1.,0.));
#1791=DIRECTION('ref_axis',(-0.807483124109253,0.,0.589890671462739));
#1792=DIRECTION('',(0.589890671462739,0.,0.807483124109252));
#1793=DIRECTION('center_axis',(0.,1.,0.));
#1794=DIRECTION('ref_axis',(0.807483124109253,0.,-0.589890671462739));
#1795=DIRECTION('',(-0.589890671462739,0.,-0.807483124109252));
#1796=DIRECTION('center_axis',(0.,1.,0.));
#1797=DIRECTION('ref_axis',(-0.807391447302458,0.,0.590016144544234));
#1798=DIRECTION('',(0.590016144544234,0.,0.807391447302458));
#1799=DIRECTION('center_axis',(0.,1.,0.));
#1800=DIRECTION('ref_axis',(0.807391447302458,0.,-0.590016144544234));
#1801=DIRECTION('',(-0.590016144544234,0.,-0.807391447302458));
#1802=DIRECTION('center_axis',(0.,1.,0.));
#1803=DIRECTION('ref_axis',(-0.807399349988427,0.,0.590005330177844));
#1804=DIRECTION('',(0.590005330177842,0.,0.807399349988428));
#1805=DIRECTION('center_axis',(0.,1.,0.));
#1806=DIRECTION('ref_axis',(0.807399349988427,0.,-0.590005330177844));
#1807=DIRECTION('',(-0.590005330177842,0.,-0.807399349988428));
#1808=DIRECTION('center_axis',(0.,1.,0.));
#1809=DIRECTION('ref_axis',(-1.,0.,0.));
#1810=DIRECTION('center_axis',(0.,1.,0.));
#1811=DIRECTION('ref_axis',(-1.,0.,0.));
#1812=DIRECTION('center_axis',(0.,1.,0.));
#1813=DIRECTION('ref_axis',(-1.,0.,0.));
#1814=DIRECTION('center_axis',(0.,1.,0.));
#1815=DIRECTION('ref_axis',(-1.,0.,0.));
#1816=DIRECTION('center_axis',(0.,1.,0.));
#1817=DIRECTION('ref_axis',(-1.,0.,0.));
#1818=DIRECTION('center_axis',(0.,1.,0.));
#1819=DIRECTION('ref_axis',(-0.807394242144307,0.,0.590012320000371));
#1820=DIRECTION('',(0.59001232000037,0.,0.807394242144308));
#1821=DIRECTION('center_axis',(0.,1.,0.));
#1822=DIRECTION('ref_axis',(0.807394242144307,0.,-0.590012320000371));
#1823=DIRECTION('',(-0.59001232000037,0.,-0.807394242144308));
#1824=DIRECTION('center_axis',(0.,1.,0.));
#1825=DIRECTION('ref_axis',(-0.807399350823654,0.,0.590005329034867));
#1826=DIRECTION('',(0.590005329034867,0.,0.807399350823654));
#1827=DIRECTION('center_axis',(0.,1.,0.));
#1828=DIRECTION('ref_axis',(0.807399350823654,0.,-0.590005329034867));
#1829=DIRECTION('',(-0.590005329034867,0.,-0.807399350823654));
#1830=DIRECTION('center_axis',(0.,1.,0.));
#1831=DIRECTION('ref_axis',(-0.80741166906457,0.,0.589988471631748));
#1832=DIRECTION('',(0.589988471631746,0.,0.807411669064571));
#1833=DIRECTION('center_axis',(0.,1.,0.));
#1834=DIRECTION('ref_axis',(0.80741166906457,0.,-0.589988471631748));
#1835=DIRECTION('',(-0.589988471631746,0.,-0.807411669064571));
#1836=DIRECTION('center_axis',(0.,1.,0.));
#1837=DIRECTION('ref_axis',(-0.807483123382351,0.,0.589890672457773));
#1838=DIRECTION('',(0.589890672457774,0.,0.80748312338235));
#1839=DIRECTION('center_axis',(0.,1.,0.));
#1840=DIRECTION('ref_axis',(0.807483123382351,0.,-0.589890672457773));
#1841=DIRECTION('',(-0.589890672457774,0.,-0.80748312338235));
#1842=DIRECTION('center_axis',(0.,1.,0.));
#1843=DIRECTION('ref_axis',(-1.,0.,0.));
#1844=DIRECTION('center_axis',(0.,1.,0.));
#1845=DIRECTION('ref_axis',(-1.,0.,0.));
#1846=DIRECTION('center_axis',(0.,1.,0.));
#1847=DIRECTION('ref_axis',(-1.,0.,0.));
#1848=DIRECTION('center_axis',(0.,1.,0.));
#1849=DIRECTION('ref_axis',(-1.,0.,0.));
#1850=DIRECTION('center_axis',(0.,0.,1.));
#1851=DIRECTION('ref_axis',(-1.,0.,0.));
#1852=DIRECTION('',(1.,0.,0.));
#1853=DIRECTION('center_axis',(0.,-1.,0.));
#1854=DIRECTION('ref_axis',(-1.,0.,0.));
#1855=DIRECTION('',(0.,1.,0.));
#1856=DIRECTION('center_axis',(0.,1.,0.));
#1857=DIRECTION('ref_axis',(-1.,0.,0.));
#1858=DIRECTION('center_axis',(0.,-1.,0.));
#1859=DIRECTION('ref_axis',(-1.,0.,0.));
#1860=DIRECTION('center_axis',(0.,1.,0.));
#1861=DIRECTION('ref_axis',(-0.807483123382351,0.,0.589890672457773));
#1862=DIRECTION('',(-0.589890672457774,0.,-0.80748312338235));
#1863=DIRECTION('center_axis',(0.,1.,0.));
#1864=DIRECTION('ref_axis',(0.807483123382351,0.,-0.589890672457773));
#1865=DIRECTION('',(0.589890672457774,0.,0.80748312338235));
#1866=DIRECTION('center_axis',(0.,1.,0.));
#1867=DIRECTION('ref_axis',(-0.80741166906457,0.,0.589988471631748));
#1868=DIRECTION('',(-0.589988471631746,0.,-0.807411669064571));
#1869=DIRECTION('center_axis',(0.,1.,0.));
#1870=DIRECTION('ref_axis',(0.80741166906457,0.,-0.589988471631748));
#1871=DIRECTION('',(0.589988471631746,0.,0.807411669064571));
#1872=DIRECTION('center_axis',(0.,1.,0.));
#1873=DIRECTION('ref_axis',(-0.807399350823654,0.,0.590005329034867));
#1874=DIRECTION('',(-0.590005329034867,0.,-0.807399350823654));
#1875=DIRECTION('center_axis',(0.,1.,0.));
#1876=DIRECTION('ref_axis',(0.807399350823654,0.,-0.590005329034867));
#1877=DIRECTION('',(0.590005329034867,0.,0.807399350823654));
#1878=DIRECTION('center_axis',(0.,1.,0.));
#1879=DIRECTION('ref_axis',(-1.,0.,0.));
#1880=DIRECTION('center_axis',(0.,1.,0.));
#1881=DIRECTION('ref_axis',(-0.807394242144307,0.,0.590012320000371));
#1882=DIRECTION('',(-0.59001232000037,0.,-0.807394242144308));
#1883=DIRECTION('center_axis',(0.,1.,0.));
#1884=DIRECTION('ref_axis',(0.807394242144307,0.,-0.590012320000371));
#1885=DIRECTION('',(0.59001232000037,0.,0.807394242144308));
#1886=DIRECTION('center_axis',(0.,1.,0.));
#1887=DIRECTION('ref_axis',(-1.,0.,0.));
#1888=DIRECTION('center_axis',(0.,1.,0.));
#1889=DIRECTION('ref_axis',(-1.,0.,0.));
#1890=DIRECTION('center_axis',(0.,1.,0.));
#1891=DIRECTION('ref_axis',(-1.,0.,0.));
#1892=DIRECTION('center_axis',(0.,1.,0.));
#1893=DIRECTION('ref_axis',(-1.,0.,0.));
#1894=DIRECTION('center_axis',(0.,1.,0.));
#1895=DIRECTION('ref_axis',(-1.,0.,0.));
#1896=DIRECTION('center_axis',(0.,1.,0.));
#1897=DIRECTION('ref_axis',(-1.,0.,0.));
#1898=DIRECTION('center_axis',(0.,1.,0.));
#1899=DIRECTION('ref_axis',(-0.807399349988427,0.,0.590005330177844));
#1900=DIRECTION('',(-0.590005330177842,0.,-0.807399349988428));
#1901=DIRECTION('center_axis',(0.,1.,0.));
#1902=DIRECTION('ref_axis',(0.807399349988427,0.,-0.590005330177844));
#1903=DIRECTION('',(0.590005330177842,0.,0.807399349988428));
#1904=DIRECTION('center_axis',(0.,1.,0.));
#1905=DIRECTION('ref_axis',(-0.807391447302458,0.,0.590016144544234));
#1906=DIRECTION('',(-0.590016144544234,0.,-0.807391447302458));
#1907=DIRECTION('center_axis',(0.,1.,0.));
#1908=DIRECTION('ref_axis',(0.807391447302458,0.,-0.590016144544234));
#1909=DIRECTION('',(0.590016144544234,0.,0.807391447302458));
#1910=DIRECTION('center_axis',(0.,1.,0.));
#1911=DIRECTION('ref_axis',(-0.807483124109253,0.,0.589890671462739));
#1912=DIRECTION('',(-0.589890671462739,0.,-0.807483124109252));
#1913=DIRECTION('center_axis',(0.,1.,0.));
#1914=DIRECTION('ref_axis',(0.807483124109253,0.,-0.589890671462739));
#1915=DIRECTION('',(0.589890671462739,0.,0.807483124109252));
#1916=DIRECTION('center_axis',(0.,1.,0.));
#1917=DIRECTION('ref_axis',(-0.807394242776503,0.,0.590012319135251));
#1918=DIRECTION('',(-0.590012319135252,0.,-0.807394242776503));
#1919=DIRECTION('center_axis',(0.,1.,0.));
#1920=DIRECTION('ref_axis',(0.807394242776503,0.,-0.590012319135252));
#1921=DIRECTION('',(0.590012319135252,0.,0.807394242776503));
#1922=DIRECTION('center_axis',(0.,1.,0.));
#1923=DIRECTION('ref_axis',(-0.80738968440813,0.,0.59001855692117));
#1924=DIRECTION('',(-0.590018556921174,0.,-0.807389684408127));
#1925=DIRECTION('center_axis',(0.,1.,0.));
#1926=DIRECTION('ref_axis',(0.807389684408123,0.,-0.590018556921181));
#1927=DIRECTION('',(0.590018556921174,0.,0.807389684408127));
#1928=DIRECTION('center_axis',(0.,1.,0.));
#1929=DIRECTION('ref_axis',(-0.807411670248414,0.,0.589988470011632));
#1930=DIRECTION('',(-0.589988470011632,0.,-0.807411670248414));
#1931=DIRECTION('center_axis',(0.,1.,0.));
#1932=DIRECTION('ref_axis',(0.807411670248414,0.,-0.589988470011631));
#1933=DIRECTION('',(0.589988470011632,0.,0.807411670248414));
#1934=DIRECTION('center_axis',(0.,1.,0.));
#1935=DIRECTION('ref_axis',(0.,0.,1.));
#1936=DIRECTION('',(-1.,0.,4.67462326157961E-16));
#1937=DIRECTION('center_axis',(0.,1.,0.));
#1938=DIRECTION('ref_axis',(-1.36642833800019E-15,0.,-1.));
#1939=DIRECTION('',(1.,0.,0.));
#1940=DIRECTION('center_axis',(0.,1.,0.));
#1941=DIRECTION('ref_axis',(-0.807391447809049,0.,0.590016143851003));
#1942=DIRECTION('',(-0.590016143851004,0.,-0.807391447809048));
#1943=DIRECTION('center_axis',(0.,1.,0.));
#1944=DIRECTION('ref_axis',(0.807391447809048,0.,-0.590016143851004));
#1945=DIRECTION('',(0.590016143851004,0.,0.807391447809048));
#1946=DIRECTION('center_axis',(0.,1.,0.));
#1947=DIRECTION('ref_axis',(-1.,0.,0.));
#1948=DIRECTION('center_axis',(0.,1.,0.));
#1949=DIRECTION('ref_axis',(-1.,0.,0.));
#1950=DIRECTION('center_axis',(0.,-1.,0.));
#1951=DIRECTION('ref_axis',(-1.,0.,0.));
#1952=DIRECTION('',(0.,1.,0.));
#1953=DIRECTION('center_axis',(0.,1.,0.));
#1954=DIRECTION('ref_axis',(-1.,0.,0.));
#1955=DIRECTION('center_axis',(0.,-1.,0.));
#1956=DIRECTION('ref_axis',(-1.,0.,0.));
#1957=DIRECTION('center_axis',(0.,-1.,0.));
#1958=DIRECTION('ref_axis',(-1.,0.,0.));
#1959=DIRECTION('center_axis',(0.,-1.,0.));
#1960=DIRECTION('ref_axis',(-1.,0.,0.));
#1961=DIRECTION('',(0.,1.,0.));
#1962=DIRECTION('center_axis',(0.,1.,0.));
#1963=DIRECTION('ref_axis',(-1.,0.,0.));
#1964=DIRECTION('center_axis',(0.,-1.,0.));
#1965=DIRECTION('ref_axis',(-1.,0.,0.));
#1966=DIRECTION('center_axis',(0.,-1.,0.));
#1967=DIRECTION('ref_axis',(-1.,0.,0.));
#1968=DIRECTION('center_axis',(0.,-1.,0.));
#1969=DIRECTION('ref_axis',(-1.,0.,0.));
#1970=DIRECTION('',(0.,1.,0.));
#1971=DIRECTION('center_axis',(0.,1.,0.));
#1972=DIRECTION('ref_axis',(-1.,0.,0.));
#1973=DIRECTION('center_axis',(0.,-1.,0.));
#1974=DIRECTION('ref_axis',(-1.,0.,0.));
#1975=DIRECTION('center_axis',(0.,-1.,0.));
#1976=DIRECTION('ref_axis',(-1.,0.,0.));
#1977=DIRECTION('center_axis',(0.,-1.,0.));
#1978=DIRECTION('ref_axis',(-1.,0.,0.));
#1979=DIRECTION('',(0.,1.,0.));
#1980=DIRECTION('center_axis',(0.,1.,0.));
#1981=DIRECTION('ref_axis',(-1.,0.,0.));
#1982=DIRECTION('center_axis',(0.,-1.,0.));
#1983=DIRECTION('ref_axis',(-1.,0.,0.));
#1984=DIRECTION('center_axis',(0.,-1.,0.));
#1985=DIRECTION('ref_axis',(-1.,0.,0.));
#1986=DIRECTION('center_axis',(0.,-1.,0.));
#1987=DIRECTION('ref_axis',(-1.,0.,0.));
#1988=DIRECTION('',(0.,1.,0.));
#1989=DIRECTION('center_axis',(0.,-1.,0.));
#1990=DIRECTION('ref_axis',(-1.,0.,0.));
#1991=DIRECTION('',(0.,1.,0.));
#1992=DIRECTION('center_axis',(-0.807391447809049,0.,0.590016143851004));
#1993=DIRECTION('ref_axis',(-0.590016143851004,0.,-0.807391447809048));
#1994=DIRECTION('',(0.,-1.,0.));
#1995=DIRECTION('',(0.,-1.,0.));
#1996=DIRECTION('center_axis',(0.,-1.,0.));
#1997=DIRECTION('ref_axis',(0.807391447809048,0.,-0.590016143851004));
#1998=DIRECTION('',(0.,-1.,0.));
#1999=DIRECTION('center_axis',(0.807391447809049,0.,-0.590016143851004));
#2000=DIRECTION('ref_axis',(0.590016143851004,0.,0.807391447809048));
#2001=DIRECTION('',(0.,-1.,0.));
#2002=DIRECTION('center_axis',(0.,-1.,0.));
#2003=DIRECTION('ref_axis',(-0.807391447809049,0.,0.590016143851003));
#2004=DIRECTION('center_axis',(4.67462326157961E-16,0.,1.));
#2005=DIRECTION('ref_axis',(-1.,0.,4.67462326157961E-16));
#2006=DIRECTION('',(0.,-1.,0.));
#2007=DIRECTION('',(0.,-1.,0.));
#2008=DIRECTION('center_axis',(0.,-1.,0.));
#2009=DIRECTION('ref_axis',(-1.36642833800019E-15,0.,-1.));
#2010=DIRECTION('',(0.,-1.,0.));
#2011=DIRECTION('center_axis',(0.,0.,-1.));
#2012=DIRECTION('ref_axis',(1.,0.,0.));
#2013=DIRECTION('',(0.,-1.,0.));
#2014=DIRECTION('center_axis',(0.,-1.,0.));
#2015=DIRECTION('ref_axis',(0.,0.,1.));
#2016=DIRECTION('center_axis',(-0.807411670248414,0.,0.589988470011632));
#2017=DIRECTION('ref_axis',(-0.589988470011632,0.,-0.807411670248414));
#2018=DIRECTION('',(0.,-1.,0.));
#2019=DIRECTION('',(0.,-1.,0.));
#2020=DIRECTION('center_axis',(0.,-1.,0.));
#2021=DIRECTION('ref_axis',(0.807411670248414,0.,-0.589988470011631));
#2022=DIRECTION('',(0.,-1.,0.));
#2023=DIRECTION('center_axis',(0.807411670248414,0.,-0.589988470011632));
#2024=DIRECTION('ref_axis',(0.589988470011632,0.,0.807411670248414));
#2025=DIRECTION('',(0.,-1.,0.));
#2026=DIRECTION('center_axis',(0.,-1.,0.));
#2027=DIRECTION('ref_axis',(-0.807411670248414,0.,0.589988470011632));
#2028=DIRECTION('center_axis',(-0.807389684408127,0.,0.590018556921174));
#2029=DIRECTION('ref_axis',(-0.590018556921174,0.,-0.807389684408127));
#2030=DIRECTION('',(0.,-1.,0.));
#2031=DIRECTION('',(0.,-1.,0.));
#2032=DIRECTION('center_axis',(0.,-1.,0.));
#2033=DIRECTION('ref_axis',(0.807389684408123,0.,-0.590018556921181));
#2034=DIRECTION('',(0.,-1.,0.));
#2035=DIRECTION('center_axis',(0.807389684408127,0.,-0.590018556921174));
#2036=DIRECTION('ref_axis',(0.590018556921174,0.,0.807389684408127));
#2037=DIRECTION('',(0.,-1.,0.));
#2038=DIRECTION('center_axis',(0.,-1.,0.));
#2039=DIRECTION('ref_axis',(-0.80738968440813,0.,0.59001855692117));
#2040=DIRECTION('center_axis',(-0.807394242776503,0.,0.590012319135252));
#2041=DIRECTION('ref_axis',(-0.590012319135252,0.,-0.807394242776503));
#2042=DIRECTION('',(0.,-1.,0.));
#2043=DIRECTION('',(0.,-1.,0.));
#2044=DIRECTION('center_axis',(0.,-1.,0.));
#2045=DIRECTION('ref_axis',(0.807394242776503,0.,-0.590012319135252));
#2046=DIRECTION('',(0.,-1.,0.));
#2047=DIRECTION('center_axis',(0.807394242776503,0.,-0.590012319135252));
#2048=DIRECTION('ref_axis',(0.590012319135252,0.,0.807394242776503));
#2049=DIRECTION('',(0.,-1.,0.));
#2050=DIRECTION('center_axis',(0.,-1.,0.));
#2051=DIRECTION('ref_axis',(-0.807394242776503,0.,0.590012319135251));
#2052=DIRECTION('center_axis',(-0.807483124109253,0.,0.589890671462739));
#2053=DIRECTION('ref_axis',(-0.589890671462739,0.,-0.807483124109252));
#2054=DIRECTION('',(0.,-1.,0.));
#2055=DIRECTION('',(0.,-1.,0.));
#2056=DIRECTION('center_axis',(0.,-1.,0.));
#2057=DIRECTION('ref_axis',(0.807483124109253,0.,-0.589890671462739));
#2058=DIRECTION('',(0.,-1.,0.));
#2059=DIRECTION('center_axis',(0.807483124109253,0.,-0.589890671462739));
#2060=DIRECTION('ref_axis',(0.589890671462739,0.,0.807483124109252));
#2061=DIRECTION('',(0.,-1.,0.));
#2062=DIRECTION('center_axis',(0.,-1.,0.));
#2063=DIRECTION('ref_axis',(-0.807483124109253,0.,0.589890671462739));
#2064=DIRECTION('center_axis',(-0.807391447302458,0.,0.590016144544234));
#2065=DIRECTION('ref_axis',(-0.590016144544234,0.,-0.807391447302458));
#2066=DIRECTION('',(0.,-1.,0.));
#2067=DIRECTION('',(0.,-1.,0.));
#2068=DIRECTION('center_axis',(0.,-1.,0.));
#2069=DIRECTION('ref_axis',(0.807391447302458,0.,-0.590016144544234));
#2070=DIRECTION('',(0.,-1.,0.));
#2071=DIRECTION('center_axis',(0.807391447302458,0.,-0.590016144544234));
#2072=DIRECTION('ref_axis',(0.590016144544234,0.,0.807391447302458));
#2073=DIRECTION('',(0.,-1.,0.));
#2074=DIRECTION('center_axis',(0.,-1.,0.));
#2075=DIRECTION('ref_axis',(-0.807391447302458,0.,0.590016144544234));
#2076=DIRECTION('center_axis',(-0.807399349988428,0.,0.590005330177842));
#2077=DIRECTION('ref_axis',(-0.590005330177842,0.,-0.807399349988428));
#2078=DIRECTION('',(0.,-1.,0.));
#2079=DIRECTION('',(0.,-1.,0.));
#2080=DIRECTION('center_axis',(0.,-1.,0.));
#2081=DIRECTION('ref_axis',(0.807399349988427,0.,-0.590005330177844));
#2082=DIRECTION('',(0.,-1.,0.));
#2083=DIRECTION('center_axis',(0.807399349988428,0.,-0.590005330177842));
#2084=DIRECTION('ref_axis',(0.590005330177842,0.,0.807399349988428));
#2085=DIRECTION('',(0.,-1.,0.));
#2086=DIRECTION('center_axis',(0.,-1.,0.));
#2087=DIRECTION('ref_axis',(-0.807399349988427,0.,0.590005330177844));
#2088=DIRECTION('center_axis',(0.,-1.,0.));
#2089=DIRECTION('ref_axis',(-1.,0.,0.));
#2090=DIRECTION('',(0.,1.,0.));
#2091=DIRECTION('center_axis',(0.,-1.,0.));
#2092=DIRECTION('ref_axis',(-1.,0.,0.));
#2093=DIRECTION('',(0.,1.,0.));
#2094=DIRECTION('center_axis',(0.,-1.,0.));
#2095=DIRECTION('ref_axis',(-1.,0.,0.));
#2096=DIRECTION('',(0.,1.,0.));
#2097=DIRECTION('center_axis',(0.,-1.,0.));
#2098=DIRECTION('ref_axis',(-1.,0.,0.));
#2099=DIRECTION('',(0.,1.,0.));
#2100=DIRECTION('center_axis',(0.,-1.,0.));
#2101=DIRECTION('ref_axis',(-1.,0.,0.));
#2102=DIRECTION('',(0.,1.,0.));
#2103=DIRECTION('center_axis',(0.,-1.,0.));
#2104=DIRECTION('ref_axis',(-1.,0.,0.));
#2105=DIRECTION('',(0.,1.,0.));
#2106=DIRECTION('center_axis',(-0.807394242144308,0.,0.59001232000037));
#2107=DIRECTION('ref_axis',(-0.59001232000037,0.,-0.807394242144308));
#2108=DIRECTION('',(0.,-1.,0.));
#2109=DIRECTION('',(0.,-1.,0.));
#2110=DIRECTION('center_axis',(0.,-1.,0.));
#2111=DIRECTION('ref_axis',(0.807394242144307,0.,-0.590012320000371));
#2112=DIRECTION('',(0.,-1.,0.));
#2113=DIRECTION('center_axis',(0.807394242144308,0.,-0.59001232000037));
#2114=DIRECTION('ref_axis',(0.59001232000037,0.,0.807394242144308));
#2115=DIRECTION('',(0.,-1.,0.));
#2116=DIRECTION('center_axis',(0.,-1.,0.));
#2117=DIRECTION('ref_axis',(-0.807394242144307,0.,0.590012320000371));
#2118=DIRECTION('center_axis',(0.,-1.,0.));
#2119=DIRECTION('ref_axis',(-1.,0.,0.));
#2120=DIRECTION('',(0.,1.,0.));
#2121=DIRECTION('center_axis',(-0.807399350823654,0.,0.590005329034867));
#2122=DIRECTION('ref_axis',(-0.590005329034867,0.,-0.807399350823654));
#2123=DIRECTION('',(0.,-1.,0.));
#2124=DIRECTION('',(0.,-1.,0.));
#2125=DIRECTION('center_axis',(0.,-1.,0.));
#2126=DIRECTION('ref_axis',(0.807399350823654,0.,-0.590005329034867));
#2127=DIRECTION('',(0.,-1.,0.));
#2128=DIRECTION('center_axis',(0.807399350823654,0.,-0.590005329034867));
#2129=DIRECTION('ref_axis',(0.590005329034867,0.,0.807399350823654));
#2130=DIRECTION('',(0.,-1.,0.));
#2131=DIRECTION('center_axis',(0.,-1.,0.));
#2132=DIRECTION('ref_axis',(-0.807399350823654,0.,0.590005329034867));
#2133=DIRECTION('center_axis',(-0.807411669064571,0.,0.589988471631746));
#2134=DIRECTION('ref_axis',(-0.589988471631746,0.,-0.807411669064571));
#2135=DIRECTION('',(0.,-1.,0.));
#2136=DIRECTION('',(0.,-1.,0.));
#2137=DIRECTION('center_axis',(0.,-1.,0.));
#2138=DIRECTION('ref_axis',(0.80741166906457,0.,-0.589988471631748));
#2139=DIRECTION('',(0.,-1.,0.));
#2140=DIRECTION('center_axis',(0.807411669064571,0.,-0.589988471631746));
#2141=DIRECTION('ref_axis',(0.589988471631746,0.,0.807411669064571));
#2142=DIRECTION('',(0.,-1.,0.));
#2143=DIRECTION('center_axis',(0.,-1.,0.));
#2144=DIRECTION('ref_axis',(-0.80741166906457,0.,0.589988471631748));
#2145=DIRECTION('center_axis',(-0.80748312338235,0.,0.589890672457774));
#2146=DIRECTION('ref_axis',(-0.589890672457774,0.,-0.80748312338235));
#2147=DIRECTION('',(0.,-1.,0.));
#2148=DIRECTION('',(0.,-1.,0.));
#2149=DIRECTION('center_axis',(0.,-1.,0.));
#2150=DIRECTION('ref_axis',(0.807483123382351,0.,-0.589890672457773));
#2151=DIRECTION('',(0.,-1.,0.));
#2152=DIRECTION('center_axis',(0.80748312338235,0.,-0.589890672457774));
#2153=DIRECTION('ref_axis',(0.589890672457774,0.,0.80748312338235));
#2154=DIRECTION('',(0.,-1.,0.));
#2155=DIRECTION('center_axis',(0.,-1.,0.));
#2156=DIRECTION('ref_axis',(-0.807483123382351,0.,0.589890672457773));
#2157=CARTESIAN_POINT('',(0.,0.,0.));
#2158=CARTESIAN_POINT('Origin',(-6.2,-10.,67.15));
#2159=CARTESIAN_POINT('',(-6.2,-13.,91.2));
#2160=CARTESIAN_POINT('',(-9.2,-10.,91.2));
#2161=CARTESIAN_POINT('Origin',(-6.2,-10.,91.2));
#2162=CARTESIAN_POINT('',(-9.2,-10.,8.));
#2163=CARTESIAN_POINT('',(-9.2,-10.,-5.));
#2164=CARTESIAN_POINT('',(-6.2,-13.,8.));
#2165=CARTESIAN_POINT('Origin',(-6.2,-10.,8.));
#2166=CARTESIAN_POINT('',(-6.2,-13.,67.15));
#2167=CARTESIAN_POINT('Origin',(3.8,-10.,8.));
#2168=CARTESIAN_POINT('',(-4.93891470061226,-13.,3.13878926033618));
#2169=CARTESIAN_POINT('',(-5.85986756923674,-13.,5.41408458282018));
#2170=CARTESIAN_POINT('Ctrl Pts',(-4.93891470061226,-13.,3.13878926033617));
#2171=CARTESIAN_POINT('Ctrl Pts',(-5.10853265357839,-13.,3.17813062033823));
#2172=CARTESIAN_POINT('Ctrl Pts',(-5.27015352394223,-12.9917618762967,3.24674546439558));
#2173=CARTESIAN_POINT('Ctrl Pts',(-5.57324170852055,-12.9718400078497,3.44339201630175));
#2174=CARTESIAN_POINT('Ctrl Pts',(-5.71005295138054,-12.9602930143025,3.57382719355609));
#2175=CARTESIAN_POINT('Ctrl Pts',(-5.93124494960393,-12.9466194684471,3.88258934975659));
#2176=CARTESIAN_POINT('Ctrl Pts',(-6.01215591852367,-12.9449938994749,4.05877725220601));
#2177=CARTESIAN_POINT('Ctrl Pts',(-6.10442540055567,-12.9540965750202,4.43866627562516));
#2178=CARTESIAN_POINT('Ctrl Pts',(-6.11254843818051,-12.9650390948598,4.6387194065638));
#2179=CARTESIAN_POINT('Ctrl Pts',(-6.0509842838361,-12.9874454717967,5.02762952151186));
#2180=CARTESIAN_POINT('Ctrl Pts',(-5.98290600667587,-12.998487123031,5.2132052011394));
#2181=CARTESIAN_POINT('Ctrl Pts',(-5.87400231313242,-12.9999524589722,5.39189115328582));
#2182=CARTESIAN_POINT('Ctrl Pts',(-5.86700494952461,-13.,5.40303885840313));
#2183=CARTESIAN_POINT('Ctrl Pts',(-5.85986756923674,-13.,5.41408458282018));
#2184=CARTESIAN_POINT('Origin',(3.8,-13.,8.));
#2185=CARTESIAN_POINT('',(3.8,-10.,-5.));
#2186=CARTESIAN_POINT('Origin',(3.8,-10.,8.));
#2187=CARTESIAN_POINT('',(3.8,-13.,-2.));
#2188=CARTESIAN_POINT('Origin',(3.8,-10.,-2.));
#2189=CARTESIAN_POINT('Origin',(3.8,-13.,8.));
#2190=CARTESIAN_POINT('Origin',(3.525,-10.,-2.));
#2191=CARTESIAN_POINT('',(28.7,-10.,-5.));
#2192=CARTESIAN_POINT('',(41.7,-10.,-5.));
#2193=CARTESIAN_POINT('',(28.7,-13.,-2.));
#2194=CARTESIAN_POINT('Origin',(28.7,-10.,-2.));
#2195=CARTESIAN_POINT('',(3.525,-13.,-2.));
#2196=CARTESIAN_POINT('Origin',(28.7,-10.,8.));
#2197=CARTESIAN_POINT('',(38.3598675692367,-13.,5.41408458282018));
#2198=CARTESIAN_POINT('',(38.6,-12.9633392084982,4.59999999999998));
#2199=CARTESIAN_POINT('Ctrl Pts',(38.3598675692367,-13.,5.41408458282018));
#2200=CARTESIAN_POINT('Ctrl Pts',(38.4518694298803,-13.,5.27170360302976));
#2201=CARTESIAN_POINT('Ctrl Pts',(38.5190731222661,-12.9921898605835,5.11474247496491));
#2202=CARTESIAN_POINT('Ctrl Pts',(38.5861402675186,-12.9764696385059,4.83518220183742));
#2203=CARTESIAN_POINT('Ctrl Pts',(38.6,-12.9693722488678,4.71771690551066));
#2204=CARTESIAN_POINT('Ctrl Pts',(38.6,-12.9633392084982,4.59999999999996));
#2205=CARTESIAN_POINT('',(37.4389147006123,-13.,3.13878926033618));
#2206=CARTESIAN_POINT('Ctrl Pts',(38.6,-12.9633392084982,4.59999999999996));
#2207=CARTESIAN_POINT('Ctrl Pts',(38.6,-12.9598172945614,4.53128028577282));
#2208=CARTESIAN_POINT('Ctrl Pts',(38.5952773986488,-12.9566481189871,4.46247533504928));
#2209=CARTESIAN_POINT('Ctrl Pts',(38.5594192446967,-12.9469169865297,4.20374163549769));
#2210=CARTESIAN_POINT('Ctrl Pts',(38.4967845903333,-12.9449524417159,4.02034544107973));
#2211=CARTESIAN_POINT('Ctrl Pts',(38.3023849431074,-12.9534563674537,3.68153832558796));
#2212=CARTESIAN_POINT('Ctrl Pts',(38.1707318826429,-12.9641602655332,3.5310472509372));
#2213=CARTESIAN_POINT('Ctrl Pts',(37.9328067819191,-12.9812419416815,3.34824724338258));
#2214=CARTESIAN_POINT('Ctrl Pts',(37.8455456385361,-12.9870744641936,3.29438457746308));
#2215=CARTESIAN_POINT('Ctrl Pts',(37.6531001600523,-12.996591992812,3.2012480539127));
#2216=CARTESIAN_POINT('Ctrl Pts',(37.5476014889898,-13.,3.16399818423989));
#2217=CARTESIAN_POINT('Ctrl Pts',(37.4389147006123,-13.,3.13878926033618));
#2218=CARTESIAN_POINT('Origin',(28.7,-13.,8.));
#2219=CARTESIAN_POINT('',(41.7,-10.,8.00000000000001));
#2220=CARTESIAN_POINT('Origin',(28.7,-10.,8.));
#2221=CARTESIAN_POINT('',(38.7,-13.,8.00000000000001));
#2222=CARTESIAN_POINT('Origin',(38.7,-10.,8.00000000000001));
#2223=CARTESIAN_POINT('Origin',(28.7,-13.,8.));
#2224=CARTESIAN_POINT('Origin',(38.7,-10.,19.05));
#2225=CARTESIAN_POINT('',(41.7,-10.,91.2));
#2226=CARTESIAN_POINT('',(38.7,-13.,91.2));
#2227=CARTESIAN_POINT('Origin',(38.7,-10.,91.2));
#2228=CARTESIAN_POINT('',(38.7,-13.,19.05));
#2229=CARTESIAN_POINT('',(41.7,-10.,91.2));
#2230=CARTESIAN_POINT('Origin',(-4.6,-10.,4.6));
#2231=CARTESIAN_POINT('',(-3.1,-13.,4.6));
#2232=CARTESIAN_POINT('Origin',(-4.6,-13.,4.6));
#2233=CARTESIAN_POINT('',(-3.1,-10.,4.6));
#2234=CARTESIAN_POINT('',(-3.1,-10.,4.6));
#2235=CARTESIAN_POINT('Origin',(-4.6,-10.,4.6));
#2236=CARTESIAN_POINT('Origin',(-4.6,-13.,4.6));
#2237=CARTESIAN_POINT('Origin',(16.25,-13.,43.1));
#2238=CARTESIAN_POINT('Origin',(37.1,-13.,4.6));
#2239=CARTESIAN_POINT('',(-9.2,-13.,91.2));
#2240=CARTESIAN_POINT('',(3.00923930976131,-13.,56.6624798201862));
#2241=CARTESIAN_POINT('',(0.99076069023869,-13.,58.1375201798138));
#2242=CARTESIAN_POINT('Origin',(2.,-13.,57.4));
#2243=CARTESIAN_POINT('',(24.2291953124733,-13.,89.9375201798138));
#2244=CARTESIAN_POINT('',(24.2291953124733,-13.,89.9375201798138));
#2245=CARTESIAN_POINT('',(26.2476739319959,-13.,88.4624798201863));
#2246=CARTESIAN_POINT('Origin',(25.2384346222346,-13.,89.2));
#2247=CARTESIAN_POINT('',(3.00923930976131,-13.,56.6624798201862));
#2248=CARTESIAN_POINT('',(11.5,-13.,24.7));
#2249=CARTESIAN_POINT('',(11.5,-13.,31.2));
#2250=CARTESIAN_POINT('Origin',(11.5,-13.,27.95));
#2251=CARTESIAN_POINT('',(21.,-13.,31.2));
#2252=CARTESIAN_POINT('',(21.,-13.,31.2));
#2253=CARTESIAN_POINT('',(21.,-13.,24.7));
#2254=CARTESIAN_POINT('Origin',(21.,-13.,27.95));
#2255=CARTESIAN_POINT('',(11.5,-13.,24.7));
#2256=CARTESIAN_POINT('',(3.00926458781052,-13.,78.2625144124855));
#2257=CARTESIAN_POINT('',(0.99073541218948,-13.,79.7374855875145));
#2258=CARTESIAN_POINT('Origin',(2.,-13.,79.));
#2259=CARTESIAN_POINT('',(8.4440366411241,-13.,89.9374855875146));
#2260=CARTESIAN_POINT('',(8.4440366411241,-13.,89.9374855875146));
#2261=CARTESIAN_POINT('',(10.4625658167451,-13.,88.4625144124855));
#2262=CARTESIAN_POINT('Origin',(9.45330122893462,-13.,89.2));
#2263=CARTESIAN_POINT('',(3.00926458781052,-13.,78.2625144124855));
#2264=CARTESIAN_POINT('',(3.00923710551015,-13.,49.4624768038485));
#2265=CARTESIAN_POINT('',(0.990762894489845,-13.,50.9375231961515));
#2266=CARTESIAN_POINT('Origin',(2.,-13.,50.2));
#2267=CARTESIAN_POINT('',(29.4907628944898,-13.,89.9373236866737));
#2268=CARTESIAN_POINT('',(29.4907628944898,-13.,89.9373236866737));
#2269=CARTESIAN_POINT('',(31.5092371055102,-13.,88.4622772943708));
#2270=CARTESIAN_POINT('Origin',(30.5,-13.,89.1998004905222));
#2271=CARTESIAN_POINT('',(3.00923710551015,-13.,49.4624768038485));
#2272=CARTESIAN_POINT('',(3.00924280347063,-13.,63.8624846010809));
#2273=CARTESIAN_POINT('',(0.990757196529366,-13.,65.3375153989191));
#2274=CARTESIAN_POINT('Origin',(2.,-13.,64.6));
#2275=CARTESIAN_POINT('',(18.967480687664,-13.,89.9375153989191));
#2276=CARTESIAN_POINT('',(18.967480687664,-13.,89.9375153989191));
#2277=CARTESIAN_POINT('',(20.9859662946053,-13.,88.4624846010809));
#2278=CARTESIAN_POINT('Origin',(19.9767234911346,-13.,89.2));
#2279=CARTESIAN_POINT('',(3.00924280347063,-13.,63.8624846010809));
#2280=CARTESIAN_POINT('',(29.3179095606366,-13.,49.4626366606716));
#2281=CARTESIAN_POINT('',(27.2992017503634,-13.,50.9373633393284));
#2282=CARTESIAN_POINT('Origin',(28.3085556555,-13.,50.2));
#2283=CARTESIAN_POINT('',(29.4906460948634,-13.,53.9371638298507));
#2284=CARTESIAN_POINT('',(29.4906460948634,-13.,53.9371638298507));
#2285=CARTESIAN_POINT('',(31.5093539051366,-13.,52.4624371511938));
#2286=CARTESIAN_POINT('Origin',(30.5,-13.,53.1998004905222));
#2287=CARTESIAN_POINT('',(29.3179095606366,-13.,49.4626366606716));
#2288=CARTESIAN_POINT('',(8.27095044022808,-13.,49.4624798193197));
#2289=CARTESIAN_POINT('',(6.25247182197192,-13.,50.9375201806803));
#2290=CARTESIAN_POINT('Origin',(7.2617111311,-13.,50.2));
#2291=CARTESIAN_POINT('',(29.4907606908719,-13.,82.7373206712025));
#2292=CARTESIAN_POINT('',(29.4907606908719,-13.,82.7373206712025));
#2293=CARTESIAN_POINT('',(31.5092393091281,-13.,81.2622803098419));
#2294=CARTESIAN_POINT('Origin',(30.5,-13.,81.9998004905222));
#2295=CARTESIAN_POINT('',(8.27095044022808,-13.,49.4624798193197));
#2296=CARTESIAN_POINT('',(18.7943825807855,-13.,49.4624933372777));
#2297=CARTESIAN_POINT('',(16.7758842058145,-13.,50.9375066627223));
#2298=CARTESIAN_POINT('Origin',(17.7851333933,-13.,50.2));
#2299=CARTESIAN_POINT('',(29.4907508125145,-13.,68.3373071532445));
#2300=CARTESIAN_POINT('',(29.4907508125145,-13.,68.3373071532445));
#2301=CARTESIAN_POINT('',(31.5092491874855,-13.,66.8622938277999));
#2302=CARTESIAN_POINT('Origin',(30.5,-13.,67.5998004905222));
#2303=CARTESIAN_POINT('',(18.7943825807855,-13.,49.4624933372777));
#2304=CARTESIAN_POINT('',(38.6,-13.,86.6));
#2305=CARTESIAN_POINT('Origin',(37.1,-13.,86.6));
#2306=CARTESIAN_POINT('',(-3.1,-13.,35.2));
#2307=CARTESIAN_POINT('Origin',(-4.6,-13.,35.2));
#2308=CARTESIAN_POINT('',(38.6,-13.,40.6));
#2309=CARTESIAN_POINT('Origin',(37.1,-13.,40.6));
#2310=CARTESIAN_POINT('',(23.25,-13.,14.95));
#2311=CARTESIAN_POINT('Origin',(16.25,-13.,14.95));
#2312=CARTESIAN_POINT('',(-3.10000000000001,-13.,71.2));
#2313=CARTESIAN_POINT('Origin',(-4.6,-13.,71.2));
#2314=CARTESIAN_POINT('',(13.5326650648804,-13.,49.4624845999995));
#2315=CARTESIAN_POINT('',(11.5141794595196,-13.,50.9375154000005));
#2316=CARTESIAN_POINT('Origin',(12.5234222622,-13.,50.2));
#2317=CARTESIAN_POINT('',(29.4907571973196,-13.,75.5373158905227));
#2318=CARTESIAN_POINT('',(29.4907571973196,-13.,75.5373158905227));
#2319=CARTESIAN_POINT('',(31.5092428026804,-13.,74.0622850905218));
#2320=CARTESIAN_POINT('Origin',(30.5,-13.,74.7998004905222));
#2321=CARTESIAN_POINT('',(13.5326650648804,-13.,49.4624845999995));
#2322=CARTESIAN_POINT('',(3.00924918852957,-13.,71.0624933387064));
#2323=CARTESIAN_POINT('',(0.990750811470433,-13.,72.5375066612936));
#2324=CARTESIAN_POINT('Origin',(2.,-13.,71.8));
#2325=CARTESIAN_POINT('',(13.7057631715051,-13.,89.9375066612936));
#2326=CARTESIAN_POINT('',(13.7057631715051,-13.,89.9375066612936));
#2327=CARTESIAN_POINT('',(15.7242615485642,-13.,88.4624933387064));
#2328=CARTESIAN_POINT('Origin',(14.7150123600346,-13.,89.2));
#2329=CARTESIAN_POINT('',(3.00924918852957,-13.,71.0624933387064));
#2330=CARTESIAN_POINT('',(24.0561091107307,-13.,49.4625144104603));
#2331=CARTESIAN_POINT('',(22.0375799380693,-13.,50.9374855895397));
#2332=CARTESIAN_POINT('Origin',(23.0468445244,-13.,50.2));
#2333=CARTESIAN_POINT('',(29.4907354136693,-13.,61.1372860800619));
#2334=CARTESIAN_POINT('',(29.4907354136693,-13.,61.1372860800619));
#2335=CARTESIAN_POINT('',(31.5092645863307,-13.,59.6623149009825));
#2336=CARTESIAN_POINT('Origin',(30.5,-13.,60.3998004905222));
#2337=CARTESIAN_POINT('',(24.0561091107307,-13.,49.4625144104603));
#2338=CARTESIAN_POINT('',(3.00935390422793,-13.,85.4626366594278));
#2339=CARTESIAN_POINT('',(0.990646095772066,-13.,86.9373633405722));
#2340=CARTESIAN_POINT('Origin',(2.,-13.,86.2));
#2341=CARTESIAN_POINT('',(3.18223619360668,-13.,89.9373633405722));
#2342=CARTESIAN_POINT('',(3.18223619360668,-13.,89.9373633405722));
#2343=CARTESIAN_POINT('',(5.20094400206255,-13.,88.4626366594278));
#2344=CARTESIAN_POINT('Origin',(4.19159009783462,-13.,89.2));
#2345=CARTESIAN_POINT('',(3.00935390422793,-13.,85.4626366594278));
#2346=CARTESIAN_POINT('',(27.45,-13.,38.7));
#2347=CARTESIAN_POINT('Origin',(25.45,-13.,38.7));
#2348=CARTESIAN_POINT('',(9.05,-13.,5.7));
#2349=CARTESIAN_POINT('Origin',(7.05,-13.,5.7));
#2350=CARTESIAN_POINT('',(9.05,-13.,38.7));
#2351=CARTESIAN_POINT('Origin',(7.05,-13.,38.7));
#2352=CARTESIAN_POINT('',(27.45,-13.,5.7));
#2353=CARTESIAN_POINT('Origin',(25.45,-13.,5.7));
#2354=CARTESIAN_POINT('Origin',(41.7,-10.,91.2));
#2355=CARTESIAN_POINT('',(-9.2,-10.,91.2));
#2356=CARTESIAN_POINT('Origin',(37.1,-10.,4.6));
#2357=CARTESIAN_POINT('',(38.6,-10.,4.6));
#2358=CARTESIAN_POINT('',(38.6,-10.,4.6));
#2359=CARTESIAN_POINT('Origin',(37.1,-10.,4.6));
#2360=CARTESIAN_POINT('Origin',(16.25,-10.,43.1));
#2361=CARTESIAN_POINT('',(3.00935390422793,-10.,85.4626366594278));
#2362=CARTESIAN_POINT('',(0.990646095772066,-10.,86.9373633405722));
#2363=CARTESIAN_POINT('Origin',(2.,-10.,86.2));
#2364=CARTESIAN_POINT('',(5.20094400206255,-10.,88.4626366594278));
#2365=CARTESIAN_POINT('',(3.00935390422793,-10.,85.4626366594278));
#2366=CARTESIAN_POINT('',(3.18223619360668,-10.,89.9373633405722));
#2367=CARTESIAN_POINT('Origin',(4.19159009783462,-10.,89.2));
#2368=CARTESIAN_POINT('',(3.18223619360668,-10.,89.9373633405722));
#2369=CARTESIAN_POINT('',(24.0561091107307,-10.,49.4625144104603));
#2370=CARTESIAN_POINT('',(22.0375799380693,-10.,50.9374855895397));
#2371=CARTESIAN_POINT('Origin',(23.0468445244,-10.,50.2));
#2372=CARTESIAN_POINT('',(31.5092645863307,-10.,59.6623149009825));
#2373=CARTESIAN_POINT('',(24.0561091107307,-10.,49.4625144104603));
#2374=CARTESIAN_POINT('',(29.4907354136693,-10.,61.1372860800619));
#2375=CARTESIAN_POINT('Origin',(30.5,-10.,60.3998004905222));
#2376=CARTESIAN_POINT('',(29.4907354136693,-10.,61.1372860800619));
#2377=CARTESIAN_POINT('',(3.00924918852957,-10.,71.0624933387064));
#2378=CARTESIAN_POINT('',(0.990750811470433,-10.,72.5375066612936));
#2379=CARTESIAN_POINT('Origin',(2.,-10.,71.8));
#2380=CARTESIAN_POINT('',(15.7242615485642,-10.,88.4624933387064));
#2381=CARTESIAN_POINT('',(3.00924918852957,-10.,71.0624933387064));
#2382=CARTESIAN_POINT('',(13.7057631715051,-10.,89.9375066612936));
#2383=CARTESIAN_POINT('Origin',(14.7150123600346,-10.,89.2));
#2384=CARTESIAN_POINT('',(13.7057631715051,-10.,89.9375066612936));
#2385=CARTESIAN_POINT('',(11.05,-10.,5.7));
#2386=CARTESIAN_POINT('Origin',(7.05,-10.,5.7));
#2387=CARTESIAN_POINT('',(13.5326650648804,-10.,49.4624845999995));
#2388=CARTESIAN_POINT('',(11.5141794595196,-10.,50.9375154000005));
#2389=CARTESIAN_POINT('Origin',(12.5234222622,-10.,50.2));
#2390=CARTESIAN_POINT('',(31.5092428026804,-10.,74.0622850905218));
#2391=CARTESIAN_POINT('',(13.5326650648804,-10.,49.4624845999995));
#2392=CARTESIAN_POINT('',(29.4907571973196,-10.,75.5373158905227));
#2393=CARTESIAN_POINT('Origin',(30.5,-10.,74.7998004905222));
#2394=CARTESIAN_POINT('',(29.4907571973196,-10.,75.5373158905227));
#2395=CARTESIAN_POINT('',(29.45,-10.,5.7));
#2396=CARTESIAN_POINT('Origin',(25.45,-10.,5.7));
#2397=CARTESIAN_POINT('',(-3.10000000000001,-10.,71.2));
#2398=CARTESIAN_POINT('Origin',(-4.6,-10.,71.2));
#2399=CARTESIAN_POINT('',(23.25,-10.,14.95));
#2400=CARTESIAN_POINT('Origin',(16.25,-10.,14.95));
#2401=CARTESIAN_POINT('',(38.6,-10.,40.6));
#2402=CARTESIAN_POINT('Origin',(37.1,-10.,40.6));
#2403=CARTESIAN_POINT('',(-3.1,-10.,35.2));
#2404=CARTESIAN_POINT('Origin',(-4.6,-10.,35.2));
#2405=CARTESIAN_POINT('',(38.6,-10.,86.6));
#2406=CARTESIAN_POINT('Origin',(37.1,-10.,86.6));
#2407=CARTESIAN_POINT('',(18.7943825807855,-10.,49.4624933372777));
#2408=CARTESIAN_POINT('',(16.7758842058145,-10.,50.9375066627223));
#2409=CARTESIAN_POINT('Origin',(17.7851333933,-10.,50.2));
#2410=CARTESIAN_POINT('',(31.5092491874855,-10.,66.8622938277999));
#2411=CARTESIAN_POINT('',(18.7943825807855,-10.,49.4624933372777));
#2412=CARTESIAN_POINT('',(29.4907508125145,-10.,68.3373071532445));
#2413=CARTESIAN_POINT('Origin',(30.5,-10.,67.5998004905222));
#2414=CARTESIAN_POINT('',(29.4907508125145,-10.,68.3373071532445));
#2415=CARTESIAN_POINT('',(8.27095044022808,-10.,49.4624798193197));
#2416=CARTESIAN_POINT('',(6.25247182197192,-10.,50.9375201806803));
#2417=CARTESIAN_POINT('Origin',(7.2617111311,-10.,50.2));
#2418=CARTESIAN_POINT('',(31.5092393091281,-10.,81.2622803098419));
#2419=CARTESIAN_POINT('',(8.27095044022808,-10.,49.4624798193197));
#2420=CARTESIAN_POINT('',(29.4907606908719,-10.,82.7373206712025));
#2421=CARTESIAN_POINT('Origin',(30.5,-10.,81.9998004905222));
#2422=CARTESIAN_POINT('',(29.4907606908719,-10.,82.7373206712025));
#2423=CARTESIAN_POINT('',(29.3179095606366,-10.,49.4626366606716));
#2424=CARTESIAN_POINT('',(27.2992017503634,-10.,50.9373633393284));
#2425=CARTESIAN_POINT('Origin',(28.3085556555,-10.,50.2));
#2426=CARTESIAN_POINT('',(31.5093539051366,-10.,52.4624371511938));
#2427=CARTESIAN_POINT('',(29.3179095606366,-10.,49.4626366606716));
#2428=CARTESIAN_POINT('',(29.4906460948634,-10.,53.9371638298507));
#2429=CARTESIAN_POINT('Origin',(30.5,-10.,53.1998004905222));
#2430=CARTESIAN_POINT('',(29.4906460948634,-10.,53.9371638298507));
#2431=CARTESIAN_POINT('',(3.00924280347063,-10.,63.8624846010809));
#2432=CARTESIAN_POINT('',(0.990757196529366,-10.,65.3375153989191));
#2433=CARTESIAN_POINT('Origin',(2.,-10.,64.6));
#2434=CARTESIAN_POINT('',(20.9859662946053,-10.,88.4624846010809));
#2435=CARTESIAN_POINT('',(3.00924280347063,-10.,63.8624846010809));
#2436=CARTESIAN_POINT('',(18.967480687664,-10.,89.9375153989191));
#2437=CARTESIAN_POINT('Origin',(19.9767234911346,-10.,89.2));
#2438=CARTESIAN_POINT('',(18.967480687664,-10.,89.9375153989191));
#2439=CARTESIAN_POINT('',(3.00923710551015,-10.,49.4624768038485));
#2440=CARTESIAN_POINT('',(0.990762894489845,-10.,50.9375231961515));
#2441=CARTESIAN_POINT('Origin',(2.,-10.,50.2));
#2442=CARTESIAN_POINT('',(31.5092371055102,-10.,88.4622772943708));
#2443=CARTESIAN_POINT('',(3.00923710551015,-10.,49.4624768038485));
#2444=CARTESIAN_POINT('',(29.4907628944898,-10.,89.9373236866737));
#2445=CARTESIAN_POINT('Origin',(30.5,-10.,89.1998004905222));
#2446=CARTESIAN_POINT('',(29.4907628944898,-10.,89.9373236866737));
#2447=CARTESIAN_POINT('',(3.00926458781052,-10.,78.2625144124855));
#2448=CARTESIAN_POINT('',(0.99073541218948,-10.,79.7374855875145));
#2449=CARTESIAN_POINT('Origin',(2.,-10.,79.));
#2450=CARTESIAN_POINT('',(10.4625658167451,-10.,88.4625144124855));
#2451=CARTESIAN_POINT('',(3.00926458781052,-10.,78.2625144124855));
#2452=CARTESIAN_POINT('',(8.4440366411241,-10.,89.9374855875146));
#2453=CARTESIAN_POINT('Origin',(9.45330122893462,-10.,89.2));
#2454=CARTESIAN_POINT('',(8.4440366411241,-10.,89.9374855875146));
#2455=CARTESIAN_POINT('',(11.5,-10.,24.7));
#2456=CARTESIAN_POINT('',(11.5,-10.,31.2));
#2457=CARTESIAN_POINT('Origin',(11.5,-10.,27.95));
#2458=CARTESIAN_POINT('',(21.,-10.,24.7));
#2459=CARTESIAN_POINT('',(11.5,-10.,24.7));
#2460=CARTESIAN_POINT('',(21.,-10.,31.2));
#2461=CARTESIAN_POINT('Origin',(21.,-10.,27.95));
#2462=CARTESIAN_POINT('',(21.,-10.,31.2));
#2463=CARTESIAN_POINT('',(3.00923930976131,-10.,56.6624798201862));
#2464=CARTESIAN_POINT('',(0.99076069023869,-10.,58.1375201798138));
#2465=CARTESIAN_POINT('Origin',(2.,-10.,57.4));
#2466=CARTESIAN_POINT('',(26.2476739319959,-10.,88.4624798201863));
#2467=CARTESIAN_POINT('',(3.00923930976131,-10.,56.6624798201862));
#2468=CARTESIAN_POINT('',(24.2291953124733,-10.,89.9375201798138));
#2469=CARTESIAN_POINT('Origin',(25.2384346222346,-10.,89.2));
#2470=CARTESIAN_POINT('',(24.2291953124733,-10.,89.9375201798138));
#2471=CARTESIAN_POINT('',(11.05,-10.,38.7));
#2472=CARTESIAN_POINT('Origin',(7.05,-10.,38.7));
#2473=CARTESIAN_POINT('',(29.45,-10.,38.7));
#2474=CARTESIAN_POINT('Origin',(25.45,-10.,38.7));
#2475=CARTESIAN_POINT('Origin',(25.45,-12.,5.7));
#2476=CARTESIAN_POINT('',(27.45,-12.,5.7));
#2477=CARTESIAN_POINT('',(27.45,-12.,5.7));
#2478=CARTESIAN_POINT('Origin',(25.45,-12.,5.7));
#2479=CARTESIAN_POINT('Origin',(25.45,-12.,5.7));
#2480=CARTESIAN_POINT('',(29.45,-12.,5.7));
#2481=CARTESIAN_POINT('Origin',(25.45,-12.,5.7));
#2482=CARTESIAN_POINT('Origin',(7.05,-12.,38.7));
#2483=CARTESIAN_POINT('',(9.05,-12.,38.7));
#2484=CARTESIAN_POINT('',(9.05,-12.,38.7));
#2485=CARTESIAN_POINT('Origin',(7.05,-12.,38.7));
#2486=CARTESIAN_POINT('Origin',(7.05,-12.,38.7));
#2487=CARTESIAN_POINT('',(11.05,-12.,38.7));
#2488=CARTESIAN_POINT('Origin',(7.05,-12.,38.7));
#2489=CARTESIAN_POINT('Origin',(7.05,-12.,5.7));
#2490=CARTESIAN_POINT('',(9.05,-12.,5.7));
#2491=CARTESIAN_POINT('',(9.05,-12.,5.7));
#2492=CARTESIAN_POINT('Origin',(7.05,-12.,5.7));
#2493=CARTESIAN_POINT('Origin',(7.05,-12.,5.7));
#2494=CARTESIAN_POINT('',(11.05,-12.,5.7));
#2495=CARTESIAN_POINT('Origin',(7.05,-12.,5.7));
#2496=CARTESIAN_POINT('Origin',(25.45,-12.,38.7));
#2497=CARTESIAN_POINT('',(27.45,-12.,38.7));
#2498=CARTESIAN_POINT('',(27.45,-12.,38.7));
#2499=CARTESIAN_POINT('Origin',(25.45,-12.,38.7));
#2500=CARTESIAN_POINT('Origin',(25.45,-12.,38.7));
#2501=CARTESIAN_POINT('',(29.45,-12.,38.7));
#2502=CARTESIAN_POINT('Origin',(25.45,-12.,38.7));
#2503=CARTESIAN_POINT('Origin',(25.45,-10.,38.7));
#2504=CARTESIAN_POINT('',(29.45,-10.,38.7));
#2505=CARTESIAN_POINT('Origin',(7.05,-10.,38.7));
#2506=CARTESIAN_POINT('',(11.05,-10.,38.7));
#2507=CARTESIAN_POINT('Origin',(26.2476739319959,-10.,88.4624798201863));
#2508=CARTESIAN_POINT('',(3.00923930976131,-10.,56.6624798201862));
#2509=CARTESIAN_POINT('',(26.2476739319959,-10.,88.4624798201863));
#2510=CARTESIAN_POINT('Origin',(25.2384346222346,-10.,89.2));
#2511=CARTESIAN_POINT('',(24.2291953124733,-10.,89.9375201798138));
#2512=CARTESIAN_POINT('Origin',(0.99076069023869,-10.,58.1375201798138));
#2513=CARTESIAN_POINT('',(0.99076069023869,-10.,58.1375201798138));
#2514=CARTESIAN_POINT('Origin',(2.,-10.,57.4));
#2515=CARTESIAN_POINT('Origin',(21.,-10.,24.7));
#2516=CARTESIAN_POINT('',(11.5,-10.,24.7));
#2517=CARTESIAN_POINT('',(21.,-10.,24.7));
#2518=CARTESIAN_POINT('Origin',(21.,-10.,27.95));
#2519=CARTESIAN_POINT('',(21.,-10.,31.2));
#2520=CARTESIAN_POINT('Origin',(11.5,-10.,31.2));
#2521=CARTESIAN_POINT('',(11.5,-10.,31.2));
#2522=CARTESIAN_POINT('Origin',(11.5,-10.,27.95));
#2523=CARTESIAN_POINT('Origin',(10.4625658167451,-10.,88.4625144124855));
#2524=CARTESIAN_POINT('',(3.00926458781052,-10.,78.2625144124855));
#2525=CARTESIAN_POINT('',(10.4625658167451,-10.,88.4625144124855));
#2526=CARTESIAN_POINT('Origin',(9.45330122893462,-10.,89.2));
#2527=CARTESIAN_POINT('',(8.4440366411241,-10.,89.9374855875146));
#2528=CARTESIAN_POINT('Origin',(0.99073541218948,-10.,79.7374855875145));
#2529=CARTESIAN_POINT('',(0.99073541218948,-10.,79.7374855875145));
#2530=CARTESIAN_POINT('Origin',(2.,-10.,79.));
#2531=CARTESIAN_POINT('Origin',(31.5092371055102,-10.,88.4622772943708));
#2532=CARTESIAN_POINT('',(3.00923710551015,-10.,49.4624768038485));
#2533=CARTESIAN_POINT('',(31.5092371055102,-10.,88.4622772943708));
#2534=CARTESIAN_POINT('Origin',(30.5,-10.,89.1998004905222));
#2535=CARTESIAN_POINT('',(29.4907628944898,-10.,89.9373236866737));
#2536=CARTESIAN_POINT('Origin',(0.990762894489845,-10.,50.9375231961515));
#2537=CARTESIAN_POINT('',(0.990762894489845,-10.,50.9375231961515));
#2538=CARTESIAN_POINT('Origin',(2.,-10.,50.2));
#2539=CARTESIAN_POINT('Origin',(20.9859662946053,-10.,88.4624846010809));
#2540=CARTESIAN_POINT('',(3.00924280347063,-10.,63.8624846010809));
#2541=CARTESIAN_POINT('',(20.9859662946053,-10.,88.4624846010809));
#2542=CARTESIAN_POINT('Origin',(19.9767234911346,-10.,89.2));
#2543=CARTESIAN_POINT('',(18.967480687664,-10.,89.9375153989191));
#2544=CARTESIAN_POINT('Origin',(0.990757196529366,-10.,65.3375153989191));
#2545=CARTESIAN_POINT('',(0.990757196529366,-10.,65.3375153989191));
#2546=CARTESIAN_POINT('Origin',(2.,-10.,64.6));
#2547=CARTESIAN_POINT('Origin',(31.5093539051366,-10.,52.4624371511938));
#2548=CARTESIAN_POINT('',(29.3179095606366,-10.,49.4626366606716));
#2549=CARTESIAN_POINT('',(31.5093539051366,-10.,52.4624371511938));
#2550=CARTESIAN_POINT('Origin',(30.5,-10.,53.1998004905222));
#2551=CARTESIAN_POINT('',(29.4906460948634,-10.,53.9371638298507));
#2552=CARTESIAN_POINT('Origin',(27.2992017503634,-10.,50.9373633393284));
#2553=CARTESIAN_POINT('',(27.2992017503634,-10.,50.9373633393284));
#2554=CARTESIAN_POINT('Origin',(28.3085556555,-10.,50.2));
#2555=CARTESIAN_POINT('Origin',(31.5092393091281,-10.,81.2622803098419));
#2556=CARTESIAN_POINT('',(8.27095044022808,-10.,49.4624798193197));
#2557=CARTESIAN_POINT('',(31.5092393091281,-10.,81.2622803098419));
#2558=CARTESIAN_POINT('Origin',(30.5,-10.,81.9998004905222));
#2559=CARTESIAN_POINT('',(29.4907606908719,-10.,82.7373206712025));
#2560=CARTESIAN_POINT('Origin',(6.25247182197192,-10.,50.9375201806803));
#2561=CARTESIAN_POINT('',(6.25247182197192,-10.,50.9375201806803));
#2562=CARTESIAN_POINT('Origin',(7.2617111311,-10.,50.2));
#2563=CARTESIAN_POINT('Origin',(31.5092491874855,-10.,66.8622938277999));
#2564=CARTESIAN_POINT('',(18.7943825807855,-10.,49.4624933372777));
#2565=CARTESIAN_POINT('',(31.5092491874855,-10.,66.8622938277999));
#2566=CARTESIAN_POINT('Origin',(30.5,-10.,67.5998004905222));
#2567=CARTESIAN_POINT('',(29.4907508125145,-10.,68.3373071532445));
#2568=CARTESIAN_POINT('Origin',(16.7758842058145,-10.,50.9375066627223));
#2569=CARTESIAN_POINT('',(16.7758842058145,-10.,50.9375066627223));
#2570=CARTESIAN_POINT('Origin',(17.7851333933,-10.,50.2));
#2571=CARTESIAN_POINT('Origin',(37.1,-10.,86.6));
#2572=CARTESIAN_POINT('',(38.6,-10.,86.6));
#2573=CARTESIAN_POINT('Origin',(-4.6,-10.,35.2));
#2574=CARTESIAN_POINT('',(-3.1,-10.,35.2));
#2575=CARTESIAN_POINT('Origin',(37.1,-10.,40.6));
#2576=CARTESIAN_POINT('',(38.6,-10.,40.6));
#2577=CARTESIAN_POINT('Origin',(16.25,-10.,14.95));
#2578=CARTESIAN_POINT('',(23.25,-10.,14.95));
#2579=CARTESIAN_POINT('Origin',(-4.6,-10.,71.2));
#2580=CARTESIAN_POINT('',(-3.10000000000001,-10.,71.2));
#2581=CARTESIAN_POINT('Origin',(25.45,-10.,5.7));
#2582=CARTESIAN_POINT('',(29.45,-10.,5.7));
#2583=CARTESIAN_POINT('Origin',(31.5092428026804,-10.,74.0622850905218));
#2584=CARTESIAN_POINT('',(13.5326650648804,-10.,49.4624845999995));
#2585=CARTESIAN_POINT('',(31.5092428026804,-10.,74.0622850905218));
#2586=CARTESIAN_POINT('Origin',(30.5,-10.,74.7998004905222));
#2587=CARTESIAN_POINT('',(29.4907571973196,-10.,75.5373158905227));
#2588=CARTESIAN_POINT('Origin',(11.5141794595196,-10.,50.9375154000005));
#2589=CARTESIAN_POINT('',(11.5141794595196,-10.,50.9375154000005));
#2590=CARTESIAN_POINT('Origin',(12.5234222622,-10.,50.2));
#2591=CARTESIAN_POINT('Origin',(7.05,-10.,5.7));
#2592=CARTESIAN_POINT('',(11.05,-10.,5.7));
#2593=CARTESIAN_POINT('Origin',(15.7242615485642,-10.,88.4624933387064));
#2594=CARTESIAN_POINT('',(3.00924918852957,-10.,71.0624933387064));
#2595=CARTESIAN_POINT('',(15.7242615485642,-10.,88.4624933387064));
#2596=CARTESIAN_POINT('Origin',(14.7150123600346,-10.,89.2));
#2597=CARTESIAN_POINT('',(13.7057631715051,-10.,89.9375066612936));
#2598=CARTESIAN_POINT('Origin',(0.990750811470433,-10.,72.5375066612936));
#2599=CARTESIAN_POINT('',(0.990750811470433,-10.,72.5375066612936));
#2600=CARTESIAN_POINT('Origin',(2.,-10.,71.8));
#2601=CARTESIAN_POINT('Origin',(31.5092645863307,-10.,59.6623149009825));
#2602=CARTESIAN_POINT('',(24.0561091107307,-10.,49.4625144104603));
#2603=CARTESIAN_POINT('',(31.5092645863307,-10.,59.6623149009825));
#2604=CARTESIAN_POINT('Origin',(30.5,-10.,60.3998004905222));
#2605=CARTESIAN_POINT('',(29.4907354136693,-10.,61.1372860800619));
#2606=CARTESIAN_POINT('Origin',(22.0375799380693,-10.,50.9374855895397));
#2607=CARTESIAN_POINT('',(22.0375799380693,-10.,50.9374855895397));
#2608=CARTESIAN_POINT('Origin',(23.0468445244,-10.,50.2));
#2609=CARTESIAN_POINT('Origin',(5.20094400206255,-10.,88.4626366594278));
#2610=CARTESIAN_POINT('',(3.00935390422793,-10.,85.4626366594278));
#2611=CARTESIAN_POINT('',(5.20094400206255,-10.,88.4626366594278));
#2612=CARTESIAN_POINT('Origin',(4.19159009783462,-10.,89.2));
#2613=CARTESIAN_POINT('',(3.18223619360668,-10.,89.9373633405722));
#2614=CARTESIAN_POINT('Origin',(0.990646095772066,-10.,86.9373633405722));
#2615=CARTESIAN_POINT('',(0.990646095772066,-10.,86.9373633405722));
#2616=CARTESIAN_POINT('Origin',(2.,-10.,86.2));
#2617=UNCERTAINTY_MEASURE_WITH_UNIT(LENGTH_MEASURE(0.01),#2621,
'DISTANCE_ACCURACY_VALUE',
'Maximum model space distance between geometric entities at asserted c
onnectivities');
#2618=UNCERTAINTY_MEASURE_WITH_UNIT(LENGTH_MEASURE(0.01),#2621,
'DISTANCE_ACCURACY_VALUE',
'Maximum model space distance between geometric entities at asserted c
onnectivities');
#2619=(
GEOMETRIC_REPRESENTATION_CONTEXT(3)
GLOBAL_UNCERTAINTY_ASSIGNED_CONTEXT((#2617))
GLOBAL_UNIT_ASSIGNED_CONTEXT((#2621,#2623,#2624))
REPRESENTATION_CONTEXT('','3D')
);
#2620=(
GEOMETRIC_REPRESENTATION_CONTEXT(3)
GLOBAL_UNCERTAINTY_ASSIGNED_CONTEXT((#2618))
GLOBAL_UNIT_ASSIGNED_CONTEXT((#2621,#2623,#2624))
REPRESENTATION_CONTEXT('','3D')
);
#2621=(
LENGTH_UNIT()
NAMED_UNIT(*)
SI_UNIT(.MILLI.,.METRE.)
);
#2622=(
LENGTH_UNIT()
NAMED_UNIT(*)
SI_UNIT($,.METRE.)
);
#2623=(
NAMED_UNIT(*)
PLANE_ANGLE_UNIT()
SI_UNIT($,.RADIAN.)
);
#2624=(
NAMED_UNIT(*)
SI_UNIT($,.STERADIAN.)
SOLID_ANGLE_UNIT()
);
#2625=SHAPE_DEFINITION_REPRESENTATION(#2626,#2627);
#2626=PRODUCT_DEFINITION_SHAPE('',$,#2629);
#2627=SHAPE_REPRESENTATION('',(#1537),#2619);
#2628=PRODUCT_DEFINITION_CONTEXT('part definition',#2633,'design');
#2629=PRODUCT_DEFINITION('FusionComponent','FusionComponent',#2630,#2628);
#2630=PRODUCT_DEFINITION_FORMATION('',$,#2635);
#2631=PRODUCT_RELATED_PRODUCT_CATEGORY('FusionComponent',
'FusionComponent',(#2635));
#2632=APPLICATION_PROTOCOL_DEFINITION('international standard',
'automotive_design',2009,#2633);
#2633=APPLICATION_CONTEXT(
'Core Data for Automotive Mechanical Design Process');
#2634=PRODUCT_CONTEXT('part definition',#2633,'mechanical');
#2635=PRODUCT('FusionComponent','FusionComponent',$,(#2634));
#2636=PRESENTATION_STYLE_ASSIGNMENT((#2637));
#2637=SURFACE_STYLE_USAGE(.BOTH.,#2638);
#2638=SURFACE_SIDE_STYLE('',(#2639));
#2639=SURFACE_STYLE_FILL_AREA(#2640);
#2640=FILL_AREA_STYLE('Steel - Satin',(#2641));
#2641=FILL_AREA_STYLE_COLOUR('Steel - Satin',#2642);
#2642=COLOUR_RGB('Steel - Satin',0.627450980392157,0.627450980392157,0.627450980392157);
ENDSEC;
END-ISO-10303-21;
