ISO-10303-21;
HEADER;
/* Generated by software containing ST-Developer
 * from STEP Tools, Inc. (www.steptools.com) 
 */

FILE_DESCRIPTION(
/* description */ (''),
/* implementation_level */ '2;1');

FILE_NAME(
/* name */ 'MotorMount.step',
/* time_stamp */ '2026-08-13T21:12:49+02:00',
/* author */ (''),
/* organization */ (''),
/* preprocessor_version */ 'ST-DEVELOPER v20.1',
/* originating_system */ 'Autodesk Translation Framework v15.8.0.0',
/* authorisation */ '');

FILE_SCHEMA (('AUTOMOTIVE_DESIGN { 1 0 10303 214 3 1 1 }'));
ENDSEC;

DATA;
#10=MECHANICAL_DESIGN_GEOMETRIC_PRESENTATION_REPRESENTATION('',(#13),#3015);
#11=SHAPE_REPRESENTATION_RELATIONSHIP('SRR','None',#3022,#12);
#12=ADVANCED_BREP_SHAPE_REPRESENTATION('',(#14),#3014);
#13=STYLED_ITEM('',(#3031),#14);
#14=MANIFOLD_SOLID_BREP('Body1',#1625);
#15=B_SPLINE_SURFACE_WITH_KNOTS('',3,3,((#2503,#2504,#2505,#2506,#2507,
#2508,#2509,#2510,#2511,#2512,#2513,#2514,#2515,#2516,#2517,#2518,#2519,
#2520,#2521,#2522),(#2523,#2524,#2525,#2526,#2527,#2528,#2529,#2530,#2531,
#2532,#2533,#2534,#2535,#2536,#2537,#2538,#2539,#2540,#2541,#2542),(#2543,
#2544,#2545,#2546,#2547,#2548,#2549,#2550,#2551,#2552,#2553,#2554,#2555,
#2556,#2557,#2558,#2559,#2560,#2561,#2562),(#2563,#2564,#2565,#2566,#2567,
#2568,#2569,#2570,#2571,#2572,#2573,#2574,#2575,#2576,#2577,#2578,#2579,
#2580,#2581,#2582),(#2583,#2584,#2585,#2586,#2587,#2588,#2589,#2590,#2591,
#2592,#2593,#2594,#2595,#2596,#2597,#2598,#2599,#2600,#2601,#2602),(#2603,
#2604,#2605,#2606,#2607,#2608,#2609,#2610,#2611,#2612,#2613,#2614,#2615,
#2616,#2617,#2618,#2619,#2620,#2621,#2622),(#2623,#2624,#2625,#2626,#2627,
#2628,#2629,#2630,#2631,#2632,#2633,#2634,#2635,#2636,#2637,#2638,#2639,
#2640,#2641,#2642)),.UNSPECIFIED.,.F.,.F.,.F.,(4,1,1,1,4),(4,1,1,1,1,1,
1,1,1,1,1,1,1,1,1,2,4),(0.,0.285714285714286,0.571428571428571,0.785714285714286,
1.),(-1.07059210840441,-1.01706250298419,-0.963532897563968,-0.856473686723527,
-0.749414475883086,-0.642355265042645,-0.535296054202204,-0.428236843361764,
-0.374707237941543,-0.321177632521323,-0.267648027101102,-0.214118421680882,
-0.160588816260661,-0.107059210840441,-0.0535296054202204,0.,0.000954222073182679),
 .UNSPECIFIED.);
#16=FACE_BOUND('',#223,.T.);
#17=FACE_BOUND('',#224,.T.);
#18=FACE_BOUND('',#225,.T.);
#19=FACE_BOUND('',#226,.T.);
#20=FACE_BOUND('',#227,.T.);
#21=FACE_BOUND('',#228,.T.);
#22=FACE_BOUND('',#251,.T.);
#23=FACE_BOUND('',#252,.T.);
#24=FACE_BOUND('',#253,.T.);
#25=FACE_BOUND('',#254,.T.);
#26=FACE_BOUND('',#255,.T.);
#27=FACE_BOUND('',#256,.T.);
#28=FACE_BOUND('',#316,.T.);
#29=FACE_BOUND('',#317,.T.);
#30=FACE_BOUND('',#318,.T.);
#31=FACE_BOUND('',#319,.T.);
#32=FACE_BOUND('',#320,.T.);
#33=FACE_BOUND('',#321,.T.);
#34=FACE_BOUND('',#323,.T.);
#35=FACE_BOUND('',#324,.T.);
#36=FACE_BOUND('',#325,.T.);
#37=FACE_BOUND('',#326,.T.);
#38=FACE_BOUND('',#327,.T.);
#39=FACE_BOUND('',#328,.T.);
#40=B_SPLINE_CURVE_WITH_KNOTS('',3,(#2442,#2443,#2444,#2445,#2446,#2447,
#2448,#2449,#2450,#2451,#2452,#2453,#2454,#2455),.UNSPECIFIED.,.F.,.F.,
(4,2,2,2,2,2,4),(2.54427584850057,2.67475100386427,2.86751316522824,3.04914437478965,
3.27215330370135,3.43958027986804,3.44083359644661),.UNSPECIFIED.);
#41=B_SPLINE_CURVE_WITH_KNOTS('',3,(#2645,#2646,#2647,#2648,#2649,#2650,
#2651,#2652,#2653,#2654,#2655,#2656,#2657,#2658,#2659,#2660,#2661,#2662,
#2663,#2664),.UNSPECIFIED.,.F.,.F.,(4,1,1,1,1,1,1,1,1,1,1,1,1,1,1,2,4),
(-1.07059210840441,-1.01706250298419,-0.963532897563968,-0.856473686723527,
-0.749414475883086,-0.642355265042645,-0.535296054202204,-0.428236843361764,
-0.374707237941543,-0.321177632521323,-0.267648027101102,-0.214118421680882,
-0.160588816260661,-0.107059210840441,-0.0535296054202204,0.,0.000954222073182679),
 .UNSPECIFIED.);
#42=B_SPLINE_CURVE_WITH_KNOTS('',3,(#2666,#2667,#2668,#2669,#2670,#2671,
#2672,#2673,#2674,#2675,#2676,#2677,#2678,#2679,#2680,#2681,#2682,#2683,
#2684,#2685),.UNSPECIFIED.,.F.,.F.,(4,2,1,1,1,1,1,1,1,1,1,1,1,1,1,1,4),
(-0.000954222073182679,0.,0.0535296054202204,0.107059210840441,0.160588816260661,
0.214118421680882,0.267648027101102,0.321177632521323,0.374707237941543,
0.428236843361764,0.535296054202204,0.642355265042645,0.749414475883086,
0.856473686723527,0.963532897563968,1.01706250298419,1.07059210840441),
 .UNSPECIFIED.);
#43=B_SPLINE_CURVE_WITH_KNOTS('',3,(#2694,#2695,#2696,#2697,#2698,#2699,
#2700,#2701,#2702,#2703,#2704,#2705,#2706,#2707,#2708,#2709,#2710,#2711),
 .UNSPECIFIED.,.F.,.F.,(4,2,2,2,2,2,2,2,4),(1.48099307351592,1.57355137393766,
1.66610967435939,1.75867148030748,1.85123328625557,1.94379790549624,2.03636252473691,
2.12892793496911,2.2214933452013),.UNSPECIFIED.);
#44=TOROIDAL_SURFACE('',#1681,6.,5.);
#45=TOROIDAL_SURFACE('',#1699,17.4,5.);
#46=PLANE('',#1642);
#47=PLANE('',#1646);
#48=PLANE('',#1650);
#49=PLANE('',#1654);
#50=PLANE('',#1658);
#51=PLANE('',#1662);
#52=PLANE('',#1666);
#53=PLANE('',#1686);
#54=PLANE('',#1689);
#55=PLANE('',#1703);
#56=PLANE('',#1704);
#57=PLANE('',#1705);
#58=PLANE('',#1708);
#59=PLANE('',#1711);
#60=PLANE('',#1714);
#61=PLANE('',#1717);
#62=PLANE('',#1720);
#63=PLANE('',#1723);
#64=PLANE('',#1727);
#65=PLANE('',#1728);
#66=PLANE('',#1740);
#67=PLANE('',#1741);
#68=PLANE('',#1751);
#69=PLANE('',#1754);
#70=PLANE('',#1757);
#71=PLANE('',#1758);
#72=PLANE('',#1759);
#73=PLANE('',#1760);
#74=PLANE('',#1761);
#75=PLANE('',#1765);
#76=PLANE('',#1769);
#77=PLANE('',#1773);
#78=PLANE('',#1777);
#79=PLANE('',#1781);
#80=PLANE('',#1785);
#81=PLANE('',#1788);
#82=PLANE('',#1791);
#83=PLANE('',#1794);
#84=PLANE('',#1797);
#85=PLANE('',#1800);
#86=PLANE('',#1803);
#87=PLANE('',#1804);
#88=PLANE('',#1805);
#89=PLANE('',#1810);
#90=PLANE('',#1812);
#91=PLANE('',#1813);
#92=PLANE('',#1814);
#93=PLANE('',#1815);
#94=PLANE('',#1816);
#95=PLANE('',#1818);
#96=PLANE('',#1819);
#97=PLANE('',#1820);
#98=PLANE('',#1821);
#99=PLANE('',#1823);
#100=PLANE('',#1825);
#101=PLANE('',#1826);
#102=PLANE('',#1827);
#103=FACE_OUTER_BOUND('',#204,.T.);
#104=FACE_OUTER_BOUND('',#205,.T.);
#105=FACE_OUTER_BOUND('',#206,.T.);
#106=FACE_OUTER_BOUND('',#207,.T.);
#107=FACE_OUTER_BOUND('',#208,.T.);
#108=FACE_OUTER_BOUND('',#209,.T.);
#109=FACE_OUTER_BOUND('',#210,.T.);
#110=FACE_OUTER_BOUND('',#211,.T.);
#111=FACE_OUTER_BOUND('',#212,.T.);
#112=FACE_OUTER_BOUND('',#213,.T.);
#113=FACE_OUTER_BOUND('',#214,.T.);
#114=FACE_OUTER_BOUND('',#215,.T.);
#115=FACE_OUTER_BOUND('',#216,.T.);
#116=FACE_OUTER_BOUND('',#217,.T.);
#117=FACE_OUTER_BOUND('',#218,.T.);
#118=FACE_OUTER_BOUND('',#219,.T.);
#119=FACE_OUTER_BOUND('',#220,.T.);
#120=FACE_OUTER_BOUND('',#221,.T.);
#121=FACE_OUTER_BOUND('',#222,.T.);
#122=FACE_OUTER_BOUND('',#229,.T.);
#123=FACE_OUTER_BOUND('',#230,.T.);
#124=FACE_OUTER_BOUND('',#231,.T.);
#125=FACE_OUTER_BOUND('',#232,.T.);
#126=FACE_OUTER_BOUND('',#233,.T.);
#127=FACE_OUTER_BOUND('',#234,.T.);
#128=FACE_OUTER_BOUND('',#235,.T.);
#129=FACE_OUTER_BOUND('',#236,.T.);
#130=FACE_OUTER_BOUND('',#237,.T.);
#131=FACE_OUTER_BOUND('',#238,.T.);
#132=FACE_OUTER_BOUND('',#239,.T.);
#133=FACE_OUTER_BOUND('',#240,.T.);
#134=FACE_OUTER_BOUND('',#241,.T.);
#135=FACE_OUTER_BOUND('',#242,.T.);
#136=FACE_OUTER_BOUND('',#243,.T.);
#137=FACE_OUTER_BOUND('',#244,.T.);
#138=FACE_OUTER_BOUND('',#245,.T.);
#139=FACE_OUTER_BOUND('',#246,.T.);
#140=FACE_OUTER_BOUND('',#247,.T.);
#141=FACE_OUTER_BOUND('',#248,.T.);
#142=FACE_OUTER_BOUND('',#249,.T.);
#143=FACE_OUTER_BOUND('',#250,.T.);
#144=FACE_OUTER_BOUND('',#257,.T.);
#145=FACE_OUTER_BOUND('',#258,.T.);
#146=FACE_OUTER_BOUND('',#259,.T.);
#147=FACE_OUTER_BOUND('',#260,.T.);
#148=FACE_OUTER_BOUND('',#261,.T.);
#149=FACE_OUTER_BOUND('',#262,.T.);
#150=FACE_OUTER_BOUND('',#263,.T.);
#151=FACE_OUTER_BOUND('',#264,.T.);
#152=FACE_OUTER_BOUND('',#265,.T.);
#153=FACE_OUTER_BOUND('',#266,.T.);
#154=FACE_OUTER_BOUND('',#267,.T.);
#155=FACE_OUTER_BOUND('',#268,.T.);
#156=FACE_OUTER_BOUND('',#269,.T.);
#157=FACE_OUTER_BOUND('',#270,.T.);
#158=FACE_OUTER_BOUND('',#271,.T.);
#159=FACE_OUTER_BOUND('',#272,.T.);
#160=FACE_OUTER_BOUND('',#273,.T.);
#161=FACE_OUTER_BOUND('',#274,.T.);
#162=FACE_OUTER_BOUND('',#275,.T.);
#163=FACE_OUTER_BOUND('',#276,.T.);
#164=FACE_OUTER_BOUND('',#277,.T.);
#165=FACE_OUTER_BOUND('',#278,.T.);
#166=FACE_OUTER_BOUND('',#279,.T.);
#167=FACE_OUTER_BOUND('',#280,.T.);
#168=FACE_OUTER_BOUND('',#281,.T.);
#169=FACE_OUTER_BOUND('',#282,.T.);
#170=FACE_OUTER_BOUND('',#283,.T.);
#171=FACE_OUTER_BOUND('',#284,.T.);
#172=FACE_OUTER_BOUND('',#285,.T.);
#173=FACE_OUTER_BOUND('',#286,.T.);
#174=FACE_OUTER_BOUND('',#287,.T.);
#175=FACE_OUTER_BOUND('',#288,.T.);
#176=FACE_OUTER_BOUND('',#289,.T.);
#177=FACE_OUTER_BOUND('',#290,.T.);
#178=FACE_OUTER_BOUND('',#291,.T.);
#179=FACE_OUTER_BOUND('',#292,.T.);
#180=FACE_OUTER_BOUND('',#293,.T.);
#181=FACE_OUTER_BOUND('',#294,.T.);
#182=FACE_OUTER_BOUND('',#295,.T.);
#183=FACE_OUTER_BOUND('',#296,.T.);
#184=FACE_OUTER_BOUND('',#297,.T.);
#185=FACE_OUTER_BOUND('',#298,.T.);
#186=FACE_OUTER_BOUND('',#299,.T.);
#187=FACE_OUTER_BOUND('',#300,.T.);
#188=FACE_OUTER_BOUND('',#301,.T.);
#189=FACE_OUTER_BOUND('',#302,.T.);
#190=FACE_OUTER_BOUND('',#303,.T.);
#191=FACE_OUTER_BOUND('',#304,.T.);
#192=FACE_OUTER_BOUND('',#305,.T.);
#193=FACE_OUTER_BOUND('',#306,.T.);
#194=FACE_OUTER_BOUND('',#307,.T.);
#195=FACE_OUTER_BOUND('',#308,.T.);
#196=FACE_OUTER_BOUND('',#309,.T.);
#197=FACE_OUTER_BOUND('',#310,.T.);
#198=FACE_OUTER_BOUND('',#311,.T.);
#199=FACE_OUTER_BOUND('',#312,.T.);
#200=FACE_OUTER_BOUND('',#313,.T.);
#201=FACE_OUTER_BOUND('',#314,.T.);
#202=FACE_OUTER_BOUND('',#315,.T.);
#203=FACE_OUTER_BOUND('',#322,.T.);
#204=EDGE_LOOP('',(#1041,#1042,#1043,#1044));
#205=EDGE_LOOP('',(#1045));
#206=EDGE_LOOP('',(#1046,#1047,#1048,#1049));
#207=EDGE_LOOP('',(#1050));
#208=EDGE_LOOP('',(#1051,#1052,#1053,#1054));
#209=EDGE_LOOP('',(#1055));
#210=EDGE_LOOP('',(#1056,#1057,#1058,#1059));
#211=EDGE_LOOP('',(#1060));
#212=EDGE_LOOP('',(#1061,#1062,#1063,#1064));
#213=EDGE_LOOP('',(#1065));
#214=EDGE_LOOP('',(#1066,#1067,#1068,#1069));
#215=EDGE_LOOP('',(#1070));
#216=EDGE_LOOP('',(#1071,#1072,#1073,#1074));
#217=EDGE_LOOP('',(#1075,#1076,#1077,#1078,#1079,#1080,#1081,#1082,#1083,
#1084,#1085,#1086,#1087,#1088,#1089,#1090,#1091,#1092,#1093,#1094,#1095,
#1096,#1097,#1098));
#218=EDGE_LOOP('',(#1099,#1100,#1101,#1102));
#219=EDGE_LOOP('',(#1103,#1104,#1105,#1106));
#220=EDGE_LOOP('',(#1107,#1108,#1109,#1110));
#221=EDGE_LOOP('',(#1111,#1112,#1113,#1114,#1115,#1116,#1117));
#222=EDGE_LOOP('',(#1118,#1119,#1120,#1121,#1122,#1123,#1124,#1125,#1126,
#1127,#1128,#1129));
#223=EDGE_LOOP('',(#1130));
#224=EDGE_LOOP('',(#1131));
#225=EDGE_LOOP('',(#1132));
#226=EDGE_LOOP('',(#1133));
#227=EDGE_LOOP('',(#1134));
#228=EDGE_LOOP('',(#1135));
#229=EDGE_LOOP('',(#1136,#1137,#1138));
#230=EDGE_LOOP('',(#1139,#1140,#1141,#1142));
#231=EDGE_LOOP('',(#1143,#1144,#1145,#1146));
#232=EDGE_LOOP('',(#1147,#1148,#1149,#1150));
#233=EDGE_LOOP('',(#1151,#1152,#1153,#1154));
#234=EDGE_LOOP('',(#1155,#1156,#1157,#1158));
#235=EDGE_LOOP('',(#1159,#1160,#1161,#1162,#1163,#1164));
#236=EDGE_LOOP('',(#1165,#1166,#1167,#1168));
#237=EDGE_LOOP('',(#1169));
#238=EDGE_LOOP('',(#1170,#1171,#1172,#1173));
#239=EDGE_LOOP('',(#1174));
#240=EDGE_LOOP('',(#1175,#1176,#1177,#1178));
#241=EDGE_LOOP('',(#1179));
#242=EDGE_LOOP('',(#1180,#1181,#1182,#1183));
#243=EDGE_LOOP('',(#1184));
#244=EDGE_LOOP('',(#1185,#1186,#1187,#1188));
#245=EDGE_LOOP('',(#1189));
#246=EDGE_LOOP('',(#1190,#1191,#1192,#1193));
#247=EDGE_LOOP('',(#1194));
#248=EDGE_LOOP('',(#1195,#1196,#1197,#1198));
#249=EDGE_LOOP('',(#1199,#1200,#1201,#1202));
#250=EDGE_LOOP('',(#1203,#1204,#1205,#1206,#1207,#1208,#1209,#1210,#1211,
#1212,#1213,#1214));
#251=EDGE_LOOP('',(#1215));
#252=EDGE_LOOP('',(#1216));
#253=EDGE_LOOP('',(#1217));
#254=EDGE_LOOP('',(#1218));
#255=EDGE_LOOP('',(#1219));
#256=EDGE_LOOP('',(#1220));
#257=EDGE_LOOP('',(#1221,#1222,#1223,#1224));
#258=EDGE_LOOP('',(#1225,#1226,#1227,#1228));
#259=EDGE_LOOP('',(#1229,#1230,#1231,#1232));
#260=EDGE_LOOP('',(#1233,#1234,#1235,#1236,#1237,#1238,#1239,#1240,#1241,
#1242,#1243,#1244,#1245,#1246,#1247,#1248));
#261=EDGE_LOOP('',(#1249,#1250,#1251,#1252));
#262=EDGE_LOOP('',(#1253,#1254,#1255,#1256));
#263=EDGE_LOOP('',(#1257,#1258,#1259,#1260));
#264=EDGE_LOOP('',(#1261,#1262,#1263,#1264));
#265=EDGE_LOOP('',(#1265,#1266,#1267,#1268));
#266=EDGE_LOOP('',(#1269,#1270,#1271,#1272));
#267=EDGE_LOOP('',(#1273,#1274,#1275,#1276));
#268=EDGE_LOOP('',(#1277,#1278,#1279,#1280));
#269=EDGE_LOOP('',(#1281,#1282,#1283,#1284));
#270=EDGE_LOOP('',(#1285,#1286,#1287,#1288,#1289,#1290));
#271=EDGE_LOOP('',(#1291,#1292,#1293,#1294));
#272=EDGE_LOOP('',(#1295,#1296,#1297,#1298));
#273=EDGE_LOOP('',(#1299,#1300,#1301,#1302));
#274=EDGE_LOOP('',(#1303,#1304,#1305,#1306));
#275=EDGE_LOOP('',(#1307,#1308,#1309,#1310));
#276=EDGE_LOOP('',(#1311));
#277=EDGE_LOOP('',(#1312,#1313,#1314,#1315));
#278=EDGE_LOOP('',(#1316));
#279=EDGE_LOOP('',(#1317,#1318,#1319,#1320));
#280=EDGE_LOOP('',(#1321));
#281=EDGE_LOOP('',(#1322,#1323,#1324,#1325));
#282=EDGE_LOOP('',(#1326));
#283=EDGE_LOOP('',(#1327,#1328,#1329,#1330));
#284=EDGE_LOOP('',(#1331));
#285=EDGE_LOOP('',(#1332,#1333,#1334,#1335));
#286=EDGE_LOOP('',(#1336));
#287=EDGE_LOOP('',(#1337,#1338,#1339,#1340));
#288=EDGE_LOOP('',(#1341));
#289=EDGE_LOOP('',(#1342,#1343,#1344,#1345));
#290=EDGE_LOOP('',(#1346));
#291=EDGE_LOOP('',(#1347,#1348,#1349,#1350));
#292=EDGE_LOOP('',(#1351));
#293=EDGE_LOOP('',(#1352,#1353,#1354,#1355));
#294=EDGE_LOOP('',(#1356));
#295=EDGE_LOOP('',(#1357,#1358,#1359,#1360));
#296=EDGE_LOOP('',(#1361));
#297=EDGE_LOOP('',(#1362,#1363,#1364,#1365));
#298=EDGE_LOOP('',(#1366));
#299=EDGE_LOOP('',(#1367,#1368,#1369,#1370,#1371,#1372));
#300=EDGE_LOOP('',(#1373,#1374,#1375,#1376,#1377,#1378));
#301=EDGE_LOOP('',(#1379,#1380,#1381,#1382,#1383,#1384,#1385,#1386,#1387,
#1388,#1389));
#302=EDGE_LOOP('',(#1390,#1391));
#303=EDGE_LOOP('',(#1392,#1393));
#304=EDGE_LOOP('',(#1394,#1395,#1396,#1397,#1398,#1399,#1400,#1401));
#305=EDGE_LOOP('',(#1402,#1403,#1404,#1405,#1406,#1407,#1408,#1409));
#306=EDGE_LOOP('',(#1410,#1411,#1412));
#307=EDGE_LOOP('',(#1413,#1414,#1415));
#308=EDGE_LOOP('',(#1416,#1417,#1418,#1419,#1420));
#309=EDGE_LOOP('',(#1421,#1422,#1423,#1424));
#310=EDGE_LOOP('',(#1425,#1426,#1427,#1428));
#311=EDGE_LOOP('',(#1429,#1430,#1431,#1432));
#312=EDGE_LOOP('',(#1433,#1434,#1435,#1436,#1437,#1438));
#313=EDGE_LOOP('',(#1439,#1440,#1441,#1442,#1443,#1444,#1445,#1446,#1447,
#1448));
#314=EDGE_LOOP('',(#1449,#1450,#1451,#1452,#1453,#1454));
#315=EDGE_LOOP('',(#1455,#1456,#1457,#1458));
#316=EDGE_LOOP('',(#1459));
#317=EDGE_LOOP('',(#1460));
#318=EDGE_LOOP('',(#1461));
#319=EDGE_LOOP('',(#1462));
#320=EDGE_LOOP('',(#1463));
#321=EDGE_LOOP('',(#1464));
#322=EDGE_LOOP('',(#1465,#1466,#1467,#1468,#1469,#1470,#1471,#1472,#1473,
#1474,#1475,#1476));
#323=EDGE_LOOP('',(#1477));
#324=EDGE_LOOP('',(#1478));
#325=EDGE_LOOP('',(#1479));
#326=EDGE_LOOP('',(#1480));
#327=EDGE_LOOP('',(#1481));
#328=EDGE_LOOP('',(#1482));
#329=LINE('',#2341,#457);
#330=LINE('',#2348,#458);
#331=LINE('',#2355,#459);
#332=LINE('',#2362,#460);
#333=LINE('',#2369,#461);
#334=LINE('',#2376,#462);
#335=LINE('',#2384,#463);
#336=LINE('',#2387,#464);
#337=LINE('',#2390,#465);
#338=LINE('',#2396,#466);
#339=LINE('',#2398,#467);
#340=LINE('',#2400,#468);
#341=LINE('',#2406,#469);
#342=LINE('',#2410,#470);
#343=LINE('',#2416,#471);
#344=LINE('',#2422,#472);
#345=LINE('',#2424,#473);
#346=LINE('',#2426,#474);
#347=LINE('',#2432,#475);
#348=LINE('',#2433,#476);
#349=LINE('',#2438,#477);
#350=LINE('',#2462,#478);
#351=LINE('',#2465,#479);
#352=LINE('',#2468,#480);
#353=LINE('',#2470,#481);
#354=LINE('',#2472,#482);
#355=LINE('',#2477,#483);
#356=LINE('',#2479,#484);
#357=LINE('',#2481,#485);
#358=LINE('',#2485,#486);
#359=LINE('',#2487,#487);
#360=LINE('',#2489,#488);
#361=LINE('',#2490,#489);
#362=LINE('',#2688,#490);
#363=LINE('',#2689,#491);
#364=LINE('',#2714,#492);
#365=LINE('',#2715,#493);
#366=LINE('',#2718,#494);
#367=LINE('',#2721,#495);
#368=LINE('',#2723,#496);
#369=LINE('',#2724,#497);
#370=LINE('',#2727,#498);
#371=LINE('',#2732,#499);
#372=LINE('',#2737,#500);
#373=LINE('',#2742,#501);
#374=LINE('',#2747,#502);
#375=LINE('',#2752,#503);
#376=LINE('',#2759,#504);
#377=LINE('',#2763,#505);
#378=LINE('',#2765,#506);
#379=LINE('',#2766,#507);
#380=LINE('',#2769,#508);
#381=LINE('',#2771,#509);
#382=LINE('',#2772,#510);
#383=LINE('',#2774,#511);
#384=LINE('',#2776,#512);
#385=LINE('',#2778,#513);
#386=LINE('',#2795,#514);
#387=LINE('',#2800,#515);
#388=LINE('',#2801,#516);
#389=LINE('',#2804,#517);
#390=LINE('',#2805,#518);
#391=LINE('',#2810,#519);
#392=LINE('',#2812,#520);
#393=LINE('',#2814,#521);
#394=LINE('',#2815,#522);
#395=LINE('',#2817,#523);
#396=LINE('',#2823,#524);
#397=LINE('',#2829,#525);
#398=LINE('',#2832,#526);
#399=LINE('',#2833,#527);
#400=LINE('',#2835,#528);
#401=LINE('',#2837,#529);
#402=LINE('',#2838,#530);
#403=LINE('',#2840,#531);
#404=LINE('',#2842,#532);
#405=LINE('',#2843,#533);
#406=LINE('',#2845,#534);
#407=LINE('',#2847,#535);
#408=LINE('',#2852,#536);
#409=LINE('',#2856,#537);
#410=LINE('',#2858,#538);
#411=LINE('',#2859,#539);
#412=LINE('',#2863,#540);
#413=LINE('',#2865,#541);
#414=LINE('',#2867,#542);
#415=LINE('',#2868,#543);
#416=LINE('',#2873,#544);
#417=LINE('',#2880,#545);
#418=LINE('',#2887,#546);
#419=LINE('',#2894,#547);
#420=LINE('',#2901,#548);
#421=LINE('',#2908,#549);
#422=LINE('',#2913,#550);
#423=LINE('',#2918,#551);
#424=LINE('',#2923,#552);
#425=LINE('',#2928,#553);
#426=LINE('',#2933,#554);
#427=LINE('',#2938,#555);
#428=LINE('',#2943,#556);
#429=LINE('',#2945,#557);
#430=LINE('',#2946,#558);
#431=LINE('',#2948,#559);
#432=LINE('',#2950,#560);
#433=LINE('',#2952,#561);
#434=LINE('',#2953,#562);
#435=LINE('',#2956,#563);
#436=LINE('',#2960,#564);
#437=LINE('',#2964,#565);
#438=LINE('',#2967,#566);
#439=LINE('',#2971,#567);
#440=LINE('',#2974,#568);
#441=LINE('',#2977,#569);
#442=LINE('',#2979,#570);
#443=LINE('',#2980,#571);
#444=LINE('',#2982,#572);
#445=LINE('',#2983,#573);
#446=LINE('',#2986,#574);
#447=LINE('',#2987,#575);
#448=LINE('',#2988,#576);
#449=LINE('',#2990,#577);
#450=LINE('',#2994,#578);
#451=LINE('',#2998,#579);
#452=LINE('',#3000,#580);
#453=LINE('',#3001,#581);
#454=LINE('',#3004,#582);
#455=LINE('',#3006,#583);
#456=LINE('',#3010,#584);
#457=VECTOR('',#1834,1.25);
#458=VECTOR('',#1843,1.25);
#459=VECTOR('',#1852,1.25);
#460=VECTOR('',#1861,1.25);
#461=VECTOR('',#1870,1.25);
#462=VECTOR('',#1879,1.25);
#463=VECTOR('',#1888,10.);
#464=VECTOR('',#1891,10.);
#465=VECTOR('',#1894,10.);
#466=VECTOR('',#1899,10.);
#467=VECTOR('',#1900,10.);
#468=VECTOR('',#1901,10.);
#469=VECTOR('',#1906,10.);
#470=VECTOR('',#1909,10.);
#471=VECTOR('',#1914,10.);
#472=VECTOR('',#1919,10.);
#473=VECTOR('',#1920,10.);
#474=VECTOR('',#1921,10.);
#475=VECTOR('',#1926,10.);
#476=VECTOR('',#1927,10.);
#477=VECTOR('',#1932,10.);
#478=VECTOR('',#1943,10.);
#479=VECTOR('',#1946,10.);
#480=VECTOR('',#1949,10.);
#481=VECTOR('',#1950,10.);
#482=VECTOR('',#1951,10.);
#483=VECTOR('',#1956,10.);
#484=VECTOR('',#1959,10.);
#485=VECTOR('',#1960,10.);
#486=VECTOR('',#1963,10.);
#487=VECTOR('',#1964,10.);
#488=VECTOR('',#1965,10.);
#489=VECTOR('',#1966,10.);
#490=VECTOR('',#1983,10.);
#491=VECTOR('',#1984,10.);
#492=VECTOR('',#1993,10.);
#493=VECTOR('',#1994,10.);
#494=VECTOR('',#1999,10.);
#495=VECTOR('',#2002,10.);
#496=VECTOR('',#2003,10.);
#497=VECTOR('',#2004,10.);
#498=VECTOR('',#2007,1.25);
#499=VECTOR('',#2014,1.25);
#500=VECTOR('',#2021,1.25);
#501=VECTOR('',#2028,1.25);
#502=VECTOR('',#2035,1.25);
#503=VECTOR('',#2042,1.25);
#504=VECTOR('',#2051,10.);
#505=VECTOR('',#2056,10.);
#506=VECTOR('',#2057,10.);
#507=VECTOR('',#2058,10.);
#508=VECTOR('',#2061,10.);
#509=VECTOR('',#2062,10.);
#510=VECTOR('',#2063,10.);
#511=VECTOR('',#2064,10.);
#512=VECTOR('',#2065,10.);
#513=VECTOR('',#2066,10.);
#514=VECTOR('',#2085,10.);
#515=VECTOR('',#2090,10.);
#516=VECTOR('',#2091,10.);
#517=VECTOR('',#2094,10.);
#518=VECTOR('',#2095,10.);
#519=VECTOR('',#2100,10.);
#520=VECTOR('',#2101,10.);
#521=VECTOR('',#2102,10.);
#522=VECTOR('',#2103,10.);
#523=VECTOR('',#2104,10.);
#524=VECTOR('',#2109,10.);
#525=VECTOR('',#2114,10.);
#526=VECTOR('',#2119,10.);
#527=VECTOR('',#2120,10.);
#528=VECTOR('',#2123,3.);
#529=VECTOR('',#2126,10.);
#530=VECTOR('',#2127,10.);
#531=VECTOR('',#2130,10.);
#532=VECTOR('',#2133,10.);
#533=VECTOR('',#2134,10.);
#534=VECTOR('',#2137,3.);
#535=VECTOR('',#2140,3.);
#536=VECTOR('',#2149,10.);
#537=VECTOR('',#2154,10.);
#538=VECTOR('',#2155,10.);
#539=VECTOR('',#2156,10.);
#540=VECTOR('',#2159,10.);
#541=VECTOR('',#2160,10.);
#542=VECTOR('',#2161,10.);
#543=VECTOR('',#2162,10.);
#544=VECTOR('',#2167,1.5);
#545=VECTOR('',#2176,1.5);
#546=VECTOR('',#2185,1.5);
#547=VECTOR('',#2194,1.5);
#548=VECTOR('',#2203,1.5);
#549=VECTOR('',#2212,1.5);
#550=VECTOR('',#2219,1.5);
#551=VECTOR('',#2226,1.5);
#552=VECTOR('',#2233,1.5);
#553=VECTOR('',#2240,1.5);
#554=VECTOR('',#2247,1.5);
#555=VECTOR('',#2254,1.5);
#556=VECTOR('',#2261,10.);
#557=VECTOR('',#2262,10.);
#558=VECTOR('',#2263,10.);
#559=VECTOR('',#2266,10.);
#560=VECTOR('',#2267,10.);
#561=VECTOR('',#2268,10.);
#562=VECTOR('',#2269,10.);
#563=VECTOR('',#2272,10.);
#564=VECTOR('',#2275,10.);
#565=VECTOR('',#2278,10.);
#566=VECTOR('',#2281,10.);
#567=VECTOR('',#2284,10.);
#568=VECTOR('',#2289,10.);
#569=VECTOR('',#2292,10.);
#570=VECTOR('',#2293,10.);
#571=VECTOR('',#2294,10.);
#572=VECTOR('',#2295,10.);
#573=VECTOR('',#2296,10.);
#574=VECTOR('',#2299,10.);
#575=VECTOR('',#2300,10.);
#576=VECTOR('',#2301,10.);
#577=VECTOR('',#2304,10.);
#578=VECTOR('',#2311,10.);
#579=VECTOR('',#2316,10.);
#580=VECTOR('',#2317,10.);
#581=VECTOR('',#2318,10.);
#582=VECTOR('',#2323,10.);
#583=VECTOR('',#2326,10.);
#584=VECTOR('',#2333,10.);
#585=CIRCLE('',#1640,1.25);
#586=CIRCLE('',#1641,1.25);
#587=CIRCLE('',#1644,1.25);
#588=CIRCLE('',#1645,1.25);
#589=CIRCLE('',#1648,1.25);
#590=CIRCLE('',#1649,1.25);
#591=CIRCLE('',#1652,1.25);
#592=CIRCLE('',#1653,1.25);
#593=CIRCLE('',#1656,1.25);
#594=CIRCLE('',#1657,1.25);
#595=CIRCLE('',#1660,1.25);
#596=CIRCLE('',#1661,1.25);
#597=CIRCLE('',#1664,5.);
#598=CIRCLE('',#1665,5.);
#599=CIRCLE('',#1667,3.);
#600=CIRCLE('',#1668,3.);
#601=CIRCLE('',#1669,12.4);
#602=CIRCLE('',#1670,1.);
#603=CIRCLE('',#1671,3.);
#604=CIRCLE('',#1672,3.);
#605=CIRCLE('',#1673,3.);
#606=CIRCLE('',#1674,3.);
#607=CIRCLE('',#1675,3.);
#608=CIRCLE('',#1676,12.4);
#609=CIRCLE('',#1677,6.);
#610=CIRCLE('',#1679,5.);
#611=CIRCLE('',#1680,5.);
#612=CIRCLE('',#1682,1.);
#613=CIRCLE('',#1684,5.);
#614=CIRCLE('',#1685,5.);
#615=CIRCLE('',#1687,3.);
#616=CIRCLE('',#1688,3.);
#617=CIRCLE('',#1690,5.);
#618=CIRCLE('',#1691,1.25);
#619=CIRCLE('',#1692,1.25);
#620=CIRCLE('',#1693,1.25);
#621=CIRCLE('',#1694,1.25);
#622=CIRCLE('',#1695,1.25);
#623=CIRCLE('',#1696,1.25);
#624=CIRCLE('',#1697,0.999999999999988);
#625=CIRCLE('',#1700,12.4);
#626=CIRCLE('',#1701,17.4);
#627=CIRCLE('',#1707,1.25);
#628=CIRCLE('',#1710,1.25);
#629=CIRCLE('',#1713,1.25);
#630=CIRCLE('',#1716,1.25);
#631=CIRCLE('',#1719,1.25);
#632=CIRCLE('',#1722,1.25);
#633=CIRCLE('',#1725,13.);
#634=CIRCLE('',#1726,13.);
#635=CIRCLE('',#1729,13.);
#636=CIRCLE('',#1730,1.5);
#637=CIRCLE('',#1731,1.5);
#638=CIRCLE('',#1732,1.5);
#639=CIRCLE('',#1733,1.5);
#640=CIRCLE('',#1734,1.5);
#641=CIRCLE('',#1735,1.5);
#642=CIRCLE('',#1737,13.);
#643=CIRCLE('',#1739,1.);
#644=CIRCLE('',#1742,12.4);
#645=CIRCLE('',#1743,3.);
#646=CIRCLE('',#1744,3.);
#647=CIRCLE('',#1745,3.);
#648=CIRCLE('',#1746,3.);
#649=CIRCLE('',#1747,3.);
#650=CIRCLE('',#1763,1.5);
#651=CIRCLE('',#1764,1.5);
#652=CIRCLE('',#1767,1.5);
#653=CIRCLE('',#1768,1.5);
#654=CIRCLE('',#1771,1.5);
#655=CIRCLE('',#1772,1.5);
#656=CIRCLE('',#1775,1.5);
#657=CIRCLE('',#1776,1.5);
#658=CIRCLE('',#1779,1.5);
#659=CIRCLE('',#1780,1.5);
#660=CIRCLE('',#1783,1.5);
#661=CIRCLE('',#1784,1.5);
#662=CIRCLE('',#1787,1.5);
#663=CIRCLE('',#1790,1.5);
#664=CIRCLE('',#1793,1.5);
#665=CIRCLE('',#1796,1.5);
#666=CIRCLE('',#1799,1.5);
#667=CIRCLE('',#1802,1.5);
#668=CIRCLE('',#1807,12.4);
#669=CIRCLE('',#1808,12.4);
#670=CIRCLE('',#1809,12.4);
#671=CIRCLE('',#1811,12.4);
#672=CIRCLE('',#1817,12.4);
#673=CIRCLE('',#1822,12.4);
#674=VERTEX_POINT('',#2338);
#675=VERTEX_POINT('',#2340);
#676=VERTEX_POINT('',#2345);
#677=VERTEX_POINT('',#2347);
#678=VERTEX_POINT('',#2352);
#679=VERTEX_POINT('',#2354);
#680=VERTEX_POINT('',#2359);
#681=VERTEX_POINT('',#2361);
#682=VERTEX_POINT('',#2366);
#683=VERTEX_POINT('',#2368);
#684=VERTEX_POINT('',#2373);
#685=VERTEX_POINT('',#2375);
#686=VERTEX_POINT('',#2380);
#687=VERTEX_POINT('',#2381);
#688=VERTEX_POINT('',#2383);
#689=VERTEX_POINT('',#2385);
#690=VERTEX_POINT('',#2389);
#691=VERTEX_POINT('',#2391);
#692=VERTEX_POINT('',#2393);
#693=VERTEX_POINT('',#2395);
#694=VERTEX_POINT('',#2397);
#695=VERTEX_POINT('',#2399);
#696=VERTEX_POINT('',#2401);
#697=VERTEX_POINT('',#2403);
#698=VERTEX_POINT('',#2405);
#699=VERTEX_POINT('',#2407);
#700=VERTEX_POINT('',#2409);
#701=VERTEX_POINT('',#2411);
#702=VERTEX_POINT('',#2413);
#703=VERTEX_POINT('',#2415);
#704=VERTEX_POINT('',#2417);
#705=VERTEX_POINT('',#2419);
#706=VERTEX_POINT('',#2421);
#707=VERTEX_POINT('',#2423);
#708=VERTEX_POINT('',#2425);
#709=VERTEX_POINT('',#2427);
#710=VERTEX_POINT('',#2429);
#711=VERTEX_POINT('',#2431);
#712=VERTEX_POINT('',#2435);
#713=VERTEX_POINT('',#2437);
#714=VERTEX_POINT('',#2441);
#715=VERTEX_POINT('',#2458);
#716=VERTEX_POINT('',#2459);
#717=VERTEX_POINT('',#2461);
#718=VERTEX_POINT('',#2463);
#719=VERTEX_POINT('',#2467);
#720=VERTEX_POINT('',#2469);
#721=VERTEX_POINT('',#2471);
#722=VERTEX_POINT('',#2473);
#723=VERTEX_POINT('',#2475);
#724=VERTEX_POINT('',#2480);
#725=VERTEX_POINT('',#2482);
#726=VERTEX_POINT('',#2484);
#727=VERTEX_POINT('',#2486);
#728=VERTEX_POINT('',#2488);
#729=VERTEX_POINT('',#2491);
#730=VERTEX_POINT('',#2493);
#731=VERTEX_POINT('',#2495);
#732=VERTEX_POINT('',#2497);
#733=VERTEX_POINT('',#2499);
#734=VERTEX_POINT('',#2501);
#735=VERTEX_POINT('',#2643);
#736=VERTEX_POINT('',#2644);
#737=VERTEX_POINT('',#2665);
#738=VERTEX_POINT('',#2691);
#739=VERTEX_POINT('',#2693);
#740=VERTEX_POINT('',#2720);
#741=VERTEX_POINT('',#2722);
#742=VERTEX_POINT('',#2726);
#743=VERTEX_POINT('',#2731);
#744=VERTEX_POINT('',#2736);
#745=VERTEX_POINT('',#2741);
#746=VERTEX_POINT('',#2746);
#747=VERTEX_POINT('',#2751);
#748=VERTEX_POINT('',#2756);
#749=VERTEX_POINT('',#2758);
#750=VERTEX_POINT('',#2762);
#751=VERTEX_POINT('',#2764);
#752=VERTEX_POINT('',#2768);
#753=VERTEX_POINT('',#2770);
#754=VERTEX_POINT('',#2773);
#755=VERTEX_POINT('',#2775);
#756=VERTEX_POINT('',#2777);
#757=VERTEX_POINT('',#2780);
#758=VERTEX_POINT('',#2782);
#759=VERTEX_POINT('',#2784);
#760=VERTEX_POINT('',#2786);
#761=VERTEX_POINT('',#2788);
#762=VERTEX_POINT('',#2790);
#763=VERTEX_POINT('',#2793);
#764=VERTEX_POINT('',#2797);
#765=VERTEX_POINT('',#2798);
#766=VERTEX_POINT('',#2803);
#767=VERTEX_POINT('',#2807);
#768=VERTEX_POINT('',#2809);
#769=VERTEX_POINT('',#2811);
#770=VERTEX_POINT('',#2813);
#771=VERTEX_POINT('',#2816);
#772=VERTEX_POINT('',#2818);
#773=VERTEX_POINT('',#2820);
#774=VERTEX_POINT('',#2822);
#775=VERTEX_POINT('',#2824);
#776=VERTEX_POINT('',#2826);
#777=VERTEX_POINT('',#2828);
#778=VERTEX_POINT('',#2855);
#779=VERTEX_POINT('',#2857);
#780=VERTEX_POINT('',#2861);
#781=VERTEX_POINT('',#2862);
#782=VERTEX_POINT('',#2864);
#783=VERTEX_POINT('',#2866);
#784=VERTEX_POINT('',#2870);
#785=VERTEX_POINT('',#2872);
#786=VERTEX_POINT('',#2877);
#787=VERTEX_POINT('',#2879);
#788=VERTEX_POINT('',#2884);
#789=VERTEX_POINT('',#2886);
#790=VERTEX_POINT('',#2891);
#791=VERTEX_POINT('',#2893);
#792=VERTEX_POINT('',#2898);
#793=VERTEX_POINT('',#2900);
#794=VERTEX_POINT('',#2905);
#795=VERTEX_POINT('',#2907);
#796=VERTEX_POINT('',#2912);
#797=VERTEX_POINT('',#2917);
#798=VERTEX_POINT('',#2922);
#799=VERTEX_POINT('',#2927);
#800=VERTEX_POINT('',#2932);
#801=VERTEX_POINT('',#2937);
#802=VERTEX_POINT('',#2942);
#803=VERTEX_POINT('',#2944);
#804=VERTEX_POINT('',#2949);
#805=VERTEX_POINT('',#2951);
#806=VERTEX_POINT('',#2955);
#807=VERTEX_POINT('',#2957);
#808=VERTEX_POINT('',#2959);
#809=VERTEX_POINT('',#2961);
#810=VERTEX_POINT('',#2963);
#811=VERTEX_POINT('',#2965);
#812=VERTEX_POINT('',#2969);
#813=VERTEX_POINT('',#2970);
#814=VERTEX_POINT('',#2976);
#815=VERTEX_POINT('',#2978);
#816=VERTEX_POINT('',#2981);
#817=VERTEX_POINT('',#2985);
#818=VERTEX_POINT('',#2997);
#819=VERTEX_POINT('',#2999);
#820=EDGE_CURVE('',#674,#674,#585,.T.);
#821=EDGE_CURVE('',#674,#675,#329,.T.);
#822=EDGE_CURVE('',#675,#675,#586,.T.);
#823=EDGE_CURVE('',#676,#676,#587,.T.);
#824=EDGE_CURVE('',#676,#677,#330,.T.);
#825=EDGE_CURVE('',#677,#677,#588,.T.);
#826=EDGE_CURVE('',#678,#678,#589,.T.);
#827=EDGE_CURVE('',#678,#679,#331,.T.);
#828=EDGE_CURVE('',#679,#679,#590,.T.);
#829=EDGE_CURVE('',#680,#680,#591,.T.);
#830=EDGE_CURVE('',#680,#681,#332,.T.);
#831=EDGE_CURVE('',#681,#681,#592,.T.);
#832=EDGE_CURVE('',#682,#682,#593,.T.);
#833=EDGE_CURVE('',#682,#683,#333,.T.);
#834=EDGE_CURVE('',#683,#683,#594,.T.);
#835=EDGE_CURVE('',#684,#684,#595,.T.);
#836=EDGE_CURVE('',#684,#685,#334,.T.);
#837=EDGE_CURVE('',#685,#685,#596,.T.);
#838=EDGE_CURVE('',#686,#687,#597,.T.);
#839=EDGE_CURVE('',#687,#688,#335,.T.);
#840=EDGE_CURVE('',#688,#689,#598,.T.);
#841=EDGE_CURVE('',#689,#686,#336,.T.);
#842=EDGE_CURVE('',#690,#687,#337,.T.);
#843=EDGE_CURVE('',#690,#691,#599,.T.);
#844=EDGE_CURVE('',#692,#691,#600,.F.);
#845=EDGE_CURVE('',#693,#692,#338,.T.);
#846=EDGE_CURVE('',#694,#693,#339,.T.);
#847=EDGE_CURVE('',#695,#694,#340,.T.);
#848=EDGE_CURVE('',#696,#695,#601,.T.);
#849=EDGE_CURVE('',#697,#696,#602,.F.);
#850=EDGE_CURVE('',#698,#697,#341,.T.);
#851=EDGE_CURVE('',#698,#699,#603,.T.);
#852=EDGE_CURVE('',#700,#699,#342,.T.);
#853=EDGE_CURVE('',#701,#700,#604,.F.);
#854=EDGE_CURVE('',#701,#702,#605,.T.);
#855=EDGE_CURVE('',#703,#702,#343,.T.);
#856=EDGE_CURVE('',#703,#704,#606,.T.);
#857=EDGE_CURVE('',#705,#704,#607,.F.);
#858=EDGE_CURVE('',#706,#705,#344,.T.);
#859=EDGE_CURVE('',#707,#706,#345,.T.);
#860=EDGE_CURVE('',#708,#707,#346,.T.);
#861=EDGE_CURVE('',#709,#708,#608,.T.);
#862=EDGE_CURVE('',#710,#709,#609,.T.);
#863=EDGE_CURVE('',#711,#710,#347,.T.);
#864=EDGE_CURVE('',#688,#711,#348,.T.);
#865=EDGE_CURVE('',#710,#712,#610,.T.);
#866=EDGE_CURVE('',#712,#713,#349,.T.);
#867=EDGE_CURVE('',#713,#711,#611,.T.);
#868=EDGE_CURVE('',#709,#714,#40,.T.);
#869=EDGE_CURVE('',#714,#712,#612,.T.);
#870=EDGE_CURVE('',#715,#716,#613,.T.);
#871=EDGE_CURVE('',#716,#717,#350,.T.);
#872=EDGE_CURVE('',#717,#718,#614,.T.);
#873=EDGE_CURVE('',#718,#715,#351,.T.);
#874=EDGE_CURVE('',#716,#719,#352,.T.);
#875=EDGE_CURVE('',#719,#720,#353,.T.);
#876=EDGE_CURVE('',#720,#721,#354,.T.);
#877=EDGE_CURVE('',#722,#721,#615,.T.);
#878=EDGE_CURVE('',#722,#723,#616,.F.);
#879=EDGE_CURVE('',#723,#717,#355,.T.);
#880=EDGE_CURVE('',#715,#689,#356,.T.);
#881=EDGE_CURVE('',#713,#724,#357,.T.);
#882=EDGE_CURVE('',#725,#724,#617,.T.);
#883=EDGE_CURVE('',#726,#725,#358,.T.);
#884=EDGE_CURVE('',#727,#726,#359,.T.);
#885=EDGE_CURVE('',#728,#727,#360,.T.);
#886=EDGE_CURVE('',#728,#719,#361,.T.);
#887=EDGE_CURVE('',#729,#729,#618,.T.);
#888=EDGE_CURVE('',#730,#730,#619,.T.);
#889=EDGE_CURVE('',#731,#731,#620,.T.);
#890=EDGE_CURVE('',#732,#732,#621,.T.);
#891=EDGE_CURVE('',#733,#733,#622,.T.);
#892=EDGE_CURVE('',#734,#734,#623,.T.);
#893=EDGE_CURVE('',#735,#736,#41,.T.);
#894=EDGE_CURVE('',#736,#737,#42,.T.);
#895=EDGE_CURVE('',#737,#735,#624,.T.);
#896=EDGE_CURVE('',#736,#725,#362,.T.);
#897=EDGE_CURVE('',#724,#737,#363,.T.);
#898=EDGE_CURVE('',#735,#738,#625,.T.);
#899=EDGE_CURVE('',#738,#739,#43,.T.);
#900=EDGE_CURVE('',#739,#736,#626,.T.);
#901=EDGE_CURVE('',#714,#735,#364,.T.);
#902=EDGE_CURVE('',#737,#712,#365,.T.);
#903=EDGE_CURVE('',#686,#718,#366,.T.);
#904=EDGE_CURVE('',#739,#740,#367,.T.);
#905=EDGE_CURVE('',#740,#741,#368,.T.);
#906=EDGE_CURVE('',#741,#726,#369,.T.);
#907=EDGE_CURVE('',#734,#742,#370,.T.);
#908=EDGE_CURVE('',#742,#742,#627,.T.);
#909=EDGE_CURVE('',#733,#743,#371,.T.);
#910=EDGE_CURVE('',#743,#743,#628,.T.);
#911=EDGE_CURVE('',#732,#744,#372,.T.);
#912=EDGE_CURVE('',#744,#744,#629,.T.);
#913=EDGE_CURVE('',#731,#745,#373,.T.);
#914=EDGE_CURVE('',#745,#745,#630,.T.);
#915=EDGE_CURVE('',#730,#746,#374,.T.);
#916=EDGE_CURVE('',#746,#746,#631,.T.);
#917=EDGE_CURVE('',#729,#747,#375,.T.);
#918=EDGE_CURVE('',#747,#747,#632,.T.);
#919=EDGE_CURVE('',#727,#748,#633,.T.);
#920=EDGE_CURVE('',#748,#749,#376,.T.);
#921=EDGE_CURVE('',#749,#728,#634,.T.);
#922=EDGE_CURVE('',#748,#750,#377,.T.);
#923=EDGE_CURVE('',#751,#750,#378,.T.);
#924=EDGE_CURVE('',#751,#749,#379,.T.);
#925=EDGE_CURVE('',#752,#741,#380,.T.);
#926=EDGE_CURVE('',#752,#753,#381,.T.);
#927=EDGE_CURVE('',#753,#707,#382,.T.);
#928=EDGE_CURVE('',#706,#754,#383,.T.);
#929=EDGE_CURVE('',#755,#754,#384,.T.);
#930=EDGE_CURVE('',#756,#755,#385,.T.);
#931=EDGE_CURVE('',#750,#756,#635,.T.);
#932=EDGE_CURVE('',#757,#757,#636,.T.);
#933=EDGE_CURVE('',#758,#758,#637,.T.);
#934=EDGE_CURVE('',#759,#759,#638,.T.);
#935=EDGE_CURVE('',#760,#760,#639,.T.);
#936=EDGE_CURVE('',#761,#761,#640,.T.);
#937=EDGE_CURVE('',#762,#762,#641,.T.);
#938=EDGE_CURVE('',#763,#751,#642,.T.);
#939=EDGE_CURVE('',#756,#763,#386,.T.);
#940=EDGE_CURVE('',#764,#765,#643,.T.);
#941=EDGE_CURVE('',#765,#697,#387,.T.);
#942=EDGE_CURVE('',#696,#764,#388,.T.);
#943=EDGE_CURVE('',#766,#765,#389,.T.);
#944=EDGE_CURVE('',#698,#766,#390,.T.);
#945=EDGE_CURVE('',#764,#767,#644,.T.);
#946=EDGE_CURVE('',#767,#768,#391,.T.);
#947=EDGE_CURVE('',#768,#769,#392,.T.);
#948=EDGE_CURVE('',#769,#770,#393,.T.);
#949=EDGE_CURVE('',#770,#755,#394,.T.);
#950=EDGE_CURVE('',#754,#771,#395,.T.);
#951=EDGE_CURVE('',#772,#771,#645,.T.);
#952=EDGE_CURVE('',#772,#773,#646,.F.);
#953=EDGE_CURVE('',#773,#774,#396,.T.);
#954=EDGE_CURVE('',#774,#775,#647,.F.);
#955=EDGE_CURVE('',#776,#775,#648,.T.);
#956=EDGE_CURVE('',#776,#777,#397,.T.);
#957=EDGE_CURVE('',#766,#777,#649,.T.);
#958=EDGE_CURVE('',#771,#705,#398,.T.);
#959=EDGE_CURVE('',#704,#772,#399,.T.);
#960=EDGE_CURVE('',#703,#773,#400,.T.);
#961=EDGE_CURVE('',#775,#701,#401,.T.);
#962=EDGE_CURVE('',#700,#776,#402,.T.);
#963=EDGE_CURVE('',#777,#699,#403,.T.);
#964=EDGE_CURVE('',#721,#692,#404,.T.);
#965=EDGE_CURVE('',#691,#722,#405,.T.);
#966=EDGE_CURVE('',#690,#723,#406,.T.);
#967=EDGE_CURVE('',#774,#702,#407,.T.);
#968=EDGE_CURVE('',#693,#720,#408,.T.);
#969=EDGE_CURVE('',#753,#778,#409,.T.);
#970=EDGE_CURVE('',#779,#752,#410,.T.);
#971=EDGE_CURVE('',#778,#779,#411,.T.);
#972=EDGE_CURVE('',#780,#781,#412,.T.);
#973=EDGE_CURVE('',#781,#782,#413,.T.);
#974=EDGE_CURVE('',#782,#783,#414,.T.);
#975=EDGE_CURVE('',#780,#783,#415,.T.);
#976=EDGE_CURVE('',#784,#784,#650,.T.);
#977=EDGE_CURVE('',#784,#785,#416,.T.);
#978=EDGE_CURVE('',#785,#785,#651,.T.);
#979=EDGE_CURVE('',#786,#786,#652,.T.);
#980=EDGE_CURVE('',#786,#787,#417,.T.);
#981=EDGE_CURVE('',#787,#787,#653,.T.);
#982=EDGE_CURVE('',#788,#788,#654,.T.);
#983=EDGE_CURVE('',#788,#789,#418,.T.);
#984=EDGE_CURVE('',#789,#789,#655,.T.);
#985=EDGE_CURVE('',#790,#790,#656,.T.);
#986=EDGE_CURVE('',#790,#791,#419,.T.);
#987=EDGE_CURVE('',#791,#791,#657,.T.);
#988=EDGE_CURVE('',#792,#792,#658,.T.);
#989=EDGE_CURVE('',#792,#793,#420,.T.);
#990=EDGE_CURVE('',#793,#793,#659,.T.);
#991=EDGE_CURVE('',#794,#794,#660,.T.);
#992=EDGE_CURVE('',#794,#795,#421,.T.);
#993=EDGE_CURVE('',#795,#795,#661,.T.);
#994=EDGE_CURVE('',#759,#796,#422,.T.);
#995=EDGE_CURVE('',#796,#796,#662,.T.);
#996=EDGE_CURVE('',#758,#797,#423,.T.);
#997=EDGE_CURVE('',#797,#797,#663,.T.);
#998=EDGE_CURVE('',#757,#798,#424,.T.);
#999=EDGE_CURVE('',#798,#798,#664,.T.);
#1000=EDGE_CURVE('',#760,#799,#425,.T.);
#1001=EDGE_CURVE('',#799,#799,#665,.T.);
#1002=EDGE_CURVE('',#761,#800,#426,.T.);
#1003=EDGE_CURVE('',#800,#800,#666,.T.);
#1004=EDGE_CURVE('',#762,#801,#427,.T.);
#1005=EDGE_CURVE('',#801,#801,#667,.T.);
#1006=EDGE_CURVE('',#740,#802,#428,.T.);
#1007=EDGE_CURVE('',#802,#803,#429,.T.);
#1008=EDGE_CURVE('',#779,#803,#430,.T.);
#1009=EDGE_CURVE('',#783,#694,#431,.T.);
#1010=EDGE_CURVE('',#782,#804,#432,.T.);
#1011=EDGE_CURVE('',#804,#805,#433,.T.);
#1012=EDGE_CURVE('',#805,#695,#434,.T.);
#1013=EDGE_CURVE('',#806,#708,#435,.T.);
#1014=EDGE_CURVE('',#807,#806,#668,.T.);
#1015=EDGE_CURVE('',#808,#807,#436,.T.);
#1016=EDGE_CURVE('',#808,#809,#669,.T.);
#1017=EDGE_CURVE('',#810,#809,#437,.T.);
#1018=EDGE_CURVE('',#811,#810,#670,.T.);
#1019=EDGE_CURVE('',#811,#738,#438,.T.);
#1020=EDGE_CURVE('',#812,#813,#439,.T.);
#1021=EDGE_CURVE('',#813,#812,#671,.T.);
#1022=EDGE_CURVE('',#809,#808,#440,.T.);
#1023=EDGE_CURVE('',#814,#812,#441,.T.);
#1024=EDGE_CURVE('',#813,#815,#442,.T.);
#1025=EDGE_CURVE('',#815,#804,#443,.T.);
#1026=EDGE_CURVE('',#781,#816,#444,.T.);
#1027=EDGE_CURVE('',#816,#814,#445,.T.);
#1028=EDGE_CURVE('',#807,#817,#446,.T.);
#1029=EDGE_CURVE('',#778,#817,#447,.T.);
#1030=EDGE_CURVE('',#803,#810,#448,.T.);
#1031=EDGE_CURVE('',#817,#806,#449,.T.);
#1032=EDGE_CURVE('',#815,#805,#672,.T.);
#1033=EDGE_CURVE('',#802,#811,#450,.T.);
#1034=EDGE_CURVE('',#767,#818,#451,.T.);
#1035=EDGE_CURVE('',#819,#818,#452,.T.);
#1036=EDGE_CURVE('',#768,#819,#453,.T.);
#1037=EDGE_CURVE('',#818,#814,#673,.T.);
#1038=EDGE_CURVE('',#819,#816,#454,.T.);
#1039=EDGE_CURVE('',#780,#769,#455,.T.);
#1040=EDGE_CURVE('',#763,#770,#456,.T.);
#1041=ORIENTED_EDGE('',*,*,#820,.F.);
#1042=ORIENTED_EDGE('',*,*,#821,.T.);
#1043=ORIENTED_EDGE('',*,*,#822,.T.);
#1044=ORIENTED_EDGE('',*,*,#821,.F.);
#1045=ORIENTED_EDGE('',*,*,#822,.F.);
#1046=ORIENTED_EDGE('',*,*,#823,.F.);
#1047=ORIENTED_EDGE('',*,*,#824,.T.);
#1048=ORIENTED_EDGE('',*,*,#825,.T.);
#1049=ORIENTED_EDGE('',*,*,#824,.F.);
#1050=ORIENTED_EDGE('',*,*,#825,.F.);
#1051=ORIENTED_EDGE('',*,*,#826,.F.);
#1052=ORIENTED_EDGE('',*,*,#827,.T.);
#1053=ORIENTED_EDGE('',*,*,#828,.T.);
#1054=ORIENTED_EDGE('',*,*,#827,.F.);
#1055=ORIENTED_EDGE('',*,*,#828,.F.);
#1056=ORIENTED_EDGE('',*,*,#829,.F.);
#1057=ORIENTED_EDGE('',*,*,#830,.T.);
#1058=ORIENTED_EDGE('',*,*,#831,.T.);
#1059=ORIENTED_EDGE('',*,*,#830,.F.);
#1060=ORIENTED_EDGE('',*,*,#831,.F.);
#1061=ORIENTED_EDGE('',*,*,#832,.F.);
#1062=ORIENTED_EDGE('',*,*,#833,.T.);
#1063=ORIENTED_EDGE('',*,*,#834,.T.);
#1064=ORIENTED_EDGE('',*,*,#833,.F.);
#1065=ORIENTED_EDGE('',*,*,#834,.F.);
#1066=ORIENTED_EDGE('',*,*,#835,.F.);
#1067=ORIENTED_EDGE('',*,*,#836,.T.);
#1068=ORIENTED_EDGE('',*,*,#837,.T.);
#1069=ORIENTED_EDGE('',*,*,#836,.F.);
#1070=ORIENTED_EDGE('',*,*,#837,.F.);
#1071=ORIENTED_EDGE('',*,*,#838,.T.);
#1072=ORIENTED_EDGE('',*,*,#839,.T.);
#1073=ORIENTED_EDGE('',*,*,#840,.T.);
#1074=ORIENTED_EDGE('',*,*,#841,.T.);
#1075=ORIENTED_EDGE('',*,*,#839,.F.);
#1076=ORIENTED_EDGE('',*,*,#842,.F.);
#1077=ORIENTED_EDGE('',*,*,#843,.T.);
#1078=ORIENTED_EDGE('',*,*,#844,.F.);
#1079=ORIENTED_EDGE('',*,*,#845,.F.);
#1080=ORIENTED_EDGE('',*,*,#846,.F.);
#1081=ORIENTED_EDGE('',*,*,#847,.F.);
#1082=ORIENTED_EDGE('',*,*,#848,.F.);
#1083=ORIENTED_EDGE('',*,*,#849,.F.);
#1084=ORIENTED_EDGE('',*,*,#850,.F.);
#1085=ORIENTED_EDGE('',*,*,#851,.T.);
#1086=ORIENTED_EDGE('',*,*,#852,.F.);
#1087=ORIENTED_EDGE('',*,*,#853,.F.);
#1088=ORIENTED_EDGE('',*,*,#854,.T.);
#1089=ORIENTED_EDGE('',*,*,#855,.F.);
#1090=ORIENTED_EDGE('',*,*,#856,.T.);
#1091=ORIENTED_EDGE('',*,*,#857,.F.);
#1092=ORIENTED_EDGE('',*,*,#858,.F.);
#1093=ORIENTED_EDGE('',*,*,#859,.F.);
#1094=ORIENTED_EDGE('',*,*,#860,.F.);
#1095=ORIENTED_EDGE('',*,*,#861,.F.);
#1096=ORIENTED_EDGE('',*,*,#862,.F.);
#1097=ORIENTED_EDGE('',*,*,#863,.F.);
#1098=ORIENTED_EDGE('',*,*,#864,.F.);
#1099=ORIENTED_EDGE('',*,*,#865,.T.);
#1100=ORIENTED_EDGE('',*,*,#866,.T.);
#1101=ORIENTED_EDGE('',*,*,#867,.T.);
#1102=ORIENTED_EDGE('',*,*,#863,.T.);
#1103=ORIENTED_EDGE('',*,*,#868,.T.);
#1104=ORIENTED_EDGE('',*,*,#869,.T.);
#1105=ORIENTED_EDGE('',*,*,#865,.F.);
#1106=ORIENTED_EDGE('',*,*,#862,.T.);
#1107=ORIENTED_EDGE('',*,*,#870,.T.);
#1108=ORIENTED_EDGE('',*,*,#871,.T.);
#1109=ORIENTED_EDGE('',*,*,#872,.T.);
#1110=ORIENTED_EDGE('',*,*,#873,.T.);
#1111=ORIENTED_EDGE('',*,*,#871,.F.);
#1112=ORIENTED_EDGE('',*,*,#874,.T.);
#1113=ORIENTED_EDGE('',*,*,#875,.T.);
#1114=ORIENTED_EDGE('',*,*,#876,.T.);
#1115=ORIENTED_EDGE('',*,*,#877,.F.);
#1116=ORIENTED_EDGE('',*,*,#878,.T.);
#1117=ORIENTED_EDGE('',*,*,#879,.T.);
#1118=ORIENTED_EDGE('',*,*,#870,.F.);
#1119=ORIENTED_EDGE('',*,*,#880,.T.);
#1120=ORIENTED_EDGE('',*,*,#840,.F.);
#1121=ORIENTED_EDGE('',*,*,#864,.T.);
#1122=ORIENTED_EDGE('',*,*,#867,.F.);
#1123=ORIENTED_EDGE('',*,*,#881,.T.);
#1124=ORIENTED_EDGE('',*,*,#882,.F.);
#1125=ORIENTED_EDGE('',*,*,#883,.F.);
#1126=ORIENTED_EDGE('',*,*,#884,.F.);
#1127=ORIENTED_EDGE('',*,*,#885,.F.);
#1128=ORIENTED_EDGE('',*,*,#886,.T.);
#1129=ORIENTED_EDGE('',*,*,#874,.F.);
#1130=ORIENTED_EDGE('',*,*,#887,.T.);
#1131=ORIENTED_EDGE('',*,*,#888,.T.);
#1132=ORIENTED_EDGE('',*,*,#889,.T.);
#1133=ORIENTED_EDGE('',*,*,#890,.T.);
#1134=ORIENTED_EDGE('',*,*,#891,.T.);
#1135=ORIENTED_EDGE('',*,*,#892,.T.);
#1136=ORIENTED_EDGE('',*,*,#893,.T.);
#1137=ORIENTED_EDGE('',*,*,#894,.T.);
#1138=ORIENTED_EDGE('',*,*,#895,.T.);
#1139=ORIENTED_EDGE('',*,*,#894,.F.);
#1140=ORIENTED_EDGE('',*,*,#896,.T.);
#1141=ORIENTED_EDGE('',*,*,#882,.T.);
#1142=ORIENTED_EDGE('',*,*,#897,.T.);
#1143=ORIENTED_EDGE('',*,*,#893,.F.);
#1144=ORIENTED_EDGE('',*,*,#898,.T.);
#1145=ORIENTED_EDGE('',*,*,#899,.T.);
#1146=ORIENTED_EDGE('',*,*,#900,.T.);
#1147=ORIENTED_EDGE('',*,*,#869,.F.);
#1148=ORIENTED_EDGE('',*,*,#901,.T.);
#1149=ORIENTED_EDGE('',*,*,#895,.F.);
#1150=ORIENTED_EDGE('',*,*,#902,.T.);
#1151=ORIENTED_EDGE('',*,*,#866,.F.);
#1152=ORIENTED_EDGE('',*,*,#902,.F.);
#1153=ORIENTED_EDGE('',*,*,#897,.F.);
#1154=ORIENTED_EDGE('',*,*,#881,.F.);
#1155=ORIENTED_EDGE('',*,*,#841,.F.);
#1156=ORIENTED_EDGE('',*,*,#880,.F.);
#1157=ORIENTED_EDGE('',*,*,#873,.F.);
#1158=ORIENTED_EDGE('',*,*,#903,.F.);
#1159=ORIENTED_EDGE('',*,*,#900,.F.);
#1160=ORIENTED_EDGE('',*,*,#904,.T.);
#1161=ORIENTED_EDGE('',*,*,#905,.T.);
#1162=ORIENTED_EDGE('',*,*,#906,.T.);
#1163=ORIENTED_EDGE('',*,*,#883,.T.);
#1164=ORIENTED_EDGE('',*,*,#896,.F.);
#1165=ORIENTED_EDGE('',*,*,#892,.F.);
#1166=ORIENTED_EDGE('',*,*,#907,.T.);
#1167=ORIENTED_EDGE('',*,*,#908,.T.);
#1168=ORIENTED_EDGE('',*,*,#907,.F.);
#1169=ORIENTED_EDGE('',*,*,#908,.F.);
#1170=ORIENTED_EDGE('',*,*,#891,.F.);
#1171=ORIENTED_EDGE('',*,*,#909,.T.);
#1172=ORIENTED_EDGE('',*,*,#910,.T.);
#1173=ORIENTED_EDGE('',*,*,#909,.F.);
#1174=ORIENTED_EDGE('',*,*,#910,.F.);
#1175=ORIENTED_EDGE('',*,*,#890,.F.);
#1176=ORIENTED_EDGE('',*,*,#911,.T.);
#1177=ORIENTED_EDGE('',*,*,#912,.T.);
#1178=ORIENTED_EDGE('',*,*,#911,.F.);
#1179=ORIENTED_EDGE('',*,*,#912,.F.);
#1180=ORIENTED_EDGE('',*,*,#889,.F.);
#1181=ORIENTED_EDGE('',*,*,#913,.T.);
#1182=ORIENTED_EDGE('',*,*,#914,.T.);
#1183=ORIENTED_EDGE('',*,*,#913,.F.);
#1184=ORIENTED_EDGE('',*,*,#914,.F.);
#1185=ORIENTED_EDGE('',*,*,#888,.F.);
#1186=ORIENTED_EDGE('',*,*,#915,.T.);
#1187=ORIENTED_EDGE('',*,*,#916,.T.);
#1188=ORIENTED_EDGE('',*,*,#915,.F.);
#1189=ORIENTED_EDGE('',*,*,#916,.F.);
#1190=ORIENTED_EDGE('',*,*,#887,.F.);
#1191=ORIENTED_EDGE('',*,*,#917,.T.);
#1192=ORIENTED_EDGE('',*,*,#918,.T.);
#1193=ORIENTED_EDGE('',*,*,#917,.F.);
#1194=ORIENTED_EDGE('',*,*,#918,.F.);
#1195=ORIENTED_EDGE('',*,*,#919,.T.);
#1196=ORIENTED_EDGE('',*,*,#920,.T.);
#1197=ORIENTED_EDGE('',*,*,#921,.T.);
#1198=ORIENTED_EDGE('',*,*,#885,.T.);
#1199=ORIENTED_EDGE('',*,*,#920,.F.);
#1200=ORIENTED_EDGE('',*,*,#922,.T.);
#1201=ORIENTED_EDGE('',*,*,#923,.F.);
#1202=ORIENTED_EDGE('',*,*,#924,.T.);
#1203=ORIENTED_EDGE('',*,*,#919,.F.);
#1204=ORIENTED_EDGE('',*,*,#884,.T.);
#1205=ORIENTED_EDGE('',*,*,#906,.F.);
#1206=ORIENTED_EDGE('',*,*,#925,.F.);
#1207=ORIENTED_EDGE('',*,*,#926,.T.);
#1208=ORIENTED_EDGE('',*,*,#927,.T.);
#1209=ORIENTED_EDGE('',*,*,#859,.T.);
#1210=ORIENTED_EDGE('',*,*,#928,.T.);
#1211=ORIENTED_EDGE('',*,*,#929,.F.);
#1212=ORIENTED_EDGE('',*,*,#930,.F.);
#1213=ORIENTED_EDGE('',*,*,#931,.F.);
#1214=ORIENTED_EDGE('',*,*,#922,.F.);
#1215=ORIENTED_EDGE('',*,*,#932,.T.);
#1216=ORIENTED_EDGE('',*,*,#933,.T.);
#1217=ORIENTED_EDGE('',*,*,#934,.T.);
#1218=ORIENTED_EDGE('',*,*,#935,.T.);
#1219=ORIENTED_EDGE('',*,*,#936,.T.);
#1220=ORIENTED_EDGE('',*,*,#937,.T.);
#1221=ORIENTED_EDGE('',*,*,#938,.T.);
#1222=ORIENTED_EDGE('',*,*,#923,.T.);
#1223=ORIENTED_EDGE('',*,*,#931,.T.);
#1224=ORIENTED_EDGE('',*,*,#939,.T.);
#1225=ORIENTED_EDGE('',*,*,#940,.T.);
#1226=ORIENTED_EDGE('',*,*,#941,.T.);
#1227=ORIENTED_EDGE('',*,*,#849,.T.);
#1228=ORIENTED_EDGE('',*,*,#942,.T.);
#1229=ORIENTED_EDGE('',*,*,#941,.F.);
#1230=ORIENTED_EDGE('',*,*,#943,.F.);
#1231=ORIENTED_EDGE('',*,*,#944,.F.);
#1232=ORIENTED_EDGE('',*,*,#850,.T.);
#1233=ORIENTED_EDGE('',*,*,#940,.F.);
#1234=ORIENTED_EDGE('',*,*,#945,.T.);
#1235=ORIENTED_EDGE('',*,*,#946,.T.);
#1236=ORIENTED_EDGE('',*,*,#947,.T.);
#1237=ORIENTED_EDGE('',*,*,#948,.T.);
#1238=ORIENTED_EDGE('',*,*,#949,.T.);
#1239=ORIENTED_EDGE('',*,*,#929,.T.);
#1240=ORIENTED_EDGE('',*,*,#950,.T.);
#1241=ORIENTED_EDGE('',*,*,#951,.F.);
#1242=ORIENTED_EDGE('',*,*,#952,.T.);
#1243=ORIENTED_EDGE('',*,*,#953,.T.);
#1244=ORIENTED_EDGE('',*,*,#954,.T.);
#1245=ORIENTED_EDGE('',*,*,#955,.F.);
#1246=ORIENTED_EDGE('',*,*,#956,.T.);
#1247=ORIENTED_EDGE('',*,*,#957,.F.);
#1248=ORIENTED_EDGE('',*,*,#943,.T.);
#1249=ORIENTED_EDGE('',*,*,#951,.T.);
#1250=ORIENTED_EDGE('',*,*,#958,.T.);
#1251=ORIENTED_EDGE('',*,*,#857,.T.);
#1252=ORIENTED_EDGE('',*,*,#959,.T.);
#1253=ORIENTED_EDGE('',*,*,#959,.F.);
#1254=ORIENTED_EDGE('',*,*,#856,.F.);
#1255=ORIENTED_EDGE('',*,*,#960,.T.);
#1256=ORIENTED_EDGE('',*,*,#952,.F.);
#1257=ORIENTED_EDGE('',*,*,#955,.T.);
#1258=ORIENTED_EDGE('',*,*,#961,.T.);
#1259=ORIENTED_EDGE('',*,*,#853,.T.);
#1260=ORIENTED_EDGE('',*,*,#962,.T.);
#1261=ORIENTED_EDGE('',*,*,#962,.F.);
#1262=ORIENTED_EDGE('',*,*,#852,.T.);
#1263=ORIENTED_EDGE('',*,*,#963,.F.);
#1264=ORIENTED_EDGE('',*,*,#956,.F.);
#1265=ORIENTED_EDGE('',*,*,#877,.T.);
#1266=ORIENTED_EDGE('',*,*,#964,.T.);
#1267=ORIENTED_EDGE('',*,*,#844,.T.);
#1268=ORIENTED_EDGE('',*,*,#965,.T.);
#1269=ORIENTED_EDGE('',*,*,#965,.F.);
#1270=ORIENTED_EDGE('',*,*,#843,.F.);
#1271=ORIENTED_EDGE('',*,*,#966,.T.);
#1272=ORIENTED_EDGE('',*,*,#878,.F.);
#1273=ORIENTED_EDGE('',*,*,#960,.F.);
#1274=ORIENTED_EDGE('',*,*,#855,.T.);
#1275=ORIENTED_EDGE('',*,*,#967,.F.);
#1276=ORIENTED_EDGE('',*,*,#953,.F.);
#1277=ORIENTED_EDGE('',*,*,#961,.F.);
#1278=ORIENTED_EDGE('',*,*,#954,.F.);
#1279=ORIENTED_EDGE('',*,*,#967,.T.);
#1280=ORIENTED_EDGE('',*,*,#854,.F.);
#1281=ORIENTED_EDGE('',*,*,#851,.F.);
#1282=ORIENTED_EDGE('',*,*,#944,.T.);
#1283=ORIENTED_EDGE('',*,*,#957,.T.);
#1284=ORIENTED_EDGE('',*,*,#963,.T.);
#1285=ORIENTED_EDGE('',*,*,#872,.F.);
#1286=ORIENTED_EDGE('',*,*,#879,.F.);
#1287=ORIENTED_EDGE('',*,*,#966,.F.);
#1288=ORIENTED_EDGE('',*,*,#842,.T.);
#1289=ORIENTED_EDGE('',*,*,#838,.F.);
#1290=ORIENTED_EDGE('',*,*,#903,.T.);
#1291=ORIENTED_EDGE('',*,*,#964,.F.);
#1292=ORIENTED_EDGE('',*,*,#876,.F.);
#1293=ORIENTED_EDGE('',*,*,#968,.F.);
#1294=ORIENTED_EDGE('',*,*,#845,.T.);
#1295=ORIENTED_EDGE('',*,*,#958,.F.);
#1296=ORIENTED_EDGE('',*,*,#950,.F.);
#1297=ORIENTED_EDGE('',*,*,#928,.F.);
#1298=ORIENTED_EDGE('',*,*,#858,.T.);
#1299=ORIENTED_EDGE('',*,*,#969,.F.);
#1300=ORIENTED_EDGE('',*,*,#926,.F.);
#1301=ORIENTED_EDGE('',*,*,#970,.F.);
#1302=ORIENTED_EDGE('',*,*,#971,.F.);
#1303=ORIENTED_EDGE('',*,*,#972,.T.);
#1304=ORIENTED_EDGE('',*,*,#973,.T.);
#1305=ORIENTED_EDGE('',*,*,#974,.T.);
#1306=ORIENTED_EDGE('',*,*,#975,.F.);
#1307=ORIENTED_EDGE('',*,*,#976,.F.);
#1308=ORIENTED_EDGE('',*,*,#977,.T.);
#1309=ORIENTED_EDGE('',*,*,#978,.T.);
#1310=ORIENTED_EDGE('',*,*,#977,.F.);
#1311=ORIENTED_EDGE('',*,*,#978,.F.);
#1312=ORIENTED_EDGE('',*,*,#979,.F.);
#1313=ORIENTED_EDGE('',*,*,#980,.T.);
#1314=ORIENTED_EDGE('',*,*,#981,.T.);
#1315=ORIENTED_EDGE('',*,*,#980,.F.);
#1316=ORIENTED_EDGE('',*,*,#981,.F.);
#1317=ORIENTED_EDGE('',*,*,#982,.F.);
#1318=ORIENTED_EDGE('',*,*,#983,.T.);
#1319=ORIENTED_EDGE('',*,*,#984,.T.);
#1320=ORIENTED_EDGE('',*,*,#983,.F.);
#1321=ORIENTED_EDGE('',*,*,#984,.F.);
#1322=ORIENTED_EDGE('',*,*,#985,.F.);
#1323=ORIENTED_EDGE('',*,*,#986,.T.);
#1324=ORIENTED_EDGE('',*,*,#987,.T.);
#1325=ORIENTED_EDGE('',*,*,#986,.F.);
#1326=ORIENTED_EDGE('',*,*,#987,.F.);
#1327=ORIENTED_EDGE('',*,*,#988,.F.);
#1328=ORIENTED_EDGE('',*,*,#989,.T.);
#1329=ORIENTED_EDGE('',*,*,#990,.T.);
#1330=ORIENTED_EDGE('',*,*,#989,.F.);
#1331=ORIENTED_EDGE('',*,*,#990,.F.);
#1332=ORIENTED_EDGE('',*,*,#991,.F.);
#1333=ORIENTED_EDGE('',*,*,#992,.T.);
#1334=ORIENTED_EDGE('',*,*,#993,.T.);
#1335=ORIENTED_EDGE('',*,*,#992,.F.);
#1336=ORIENTED_EDGE('',*,*,#993,.F.);
#1337=ORIENTED_EDGE('',*,*,#934,.F.);
#1338=ORIENTED_EDGE('',*,*,#994,.T.);
#1339=ORIENTED_EDGE('',*,*,#995,.T.);
#1340=ORIENTED_EDGE('',*,*,#994,.F.);
#1341=ORIENTED_EDGE('',*,*,#995,.F.);
#1342=ORIENTED_EDGE('',*,*,#933,.F.);
#1343=ORIENTED_EDGE('',*,*,#996,.T.);
#1344=ORIENTED_EDGE('',*,*,#997,.T.);
#1345=ORIENTED_EDGE('',*,*,#996,.F.);
#1346=ORIENTED_EDGE('',*,*,#997,.F.);
#1347=ORIENTED_EDGE('',*,*,#932,.F.);
#1348=ORIENTED_EDGE('',*,*,#998,.T.);
#1349=ORIENTED_EDGE('',*,*,#999,.T.);
#1350=ORIENTED_EDGE('',*,*,#998,.F.);
#1351=ORIENTED_EDGE('',*,*,#999,.F.);
#1352=ORIENTED_EDGE('',*,*,#935,.F.);
#1353=ORIENTED_EDGE('',*,*,#1000,.T.);
#1354=ORIENTED_EDGE('',*,*,#1001,.T.);
#1355=ORIENTED_EDGE('',*,*,#1000,.F.);
#1356=ORIENTED_EDGE('',*,*,#1001,.F.);
#1357=ORIENTED_EDGE('',*,*,#936,.F.);
#1358=ORIENTED_EDGE('',*,*,#1002,.T.);
#1359=ORIENTED_EDGE('',*,*,#1003,.T.);
#1360=ORIENTED_EDGE('',*,*,#1002,.F.);
#1361=ORIENTED_EDGE('',*,*,#1003,.F.);
#1362=ORIENTED_EDGE('',*,*,#937,.F.);
#1363=ORIENTED_EDGE('',*,*,#1004,.T.);
#1364=ORIENTED_EDGE('',*,*,#1005,.T.);
#1365=ORIENTED_EDGE('',*,*,#1004,.F.);
#1366=ORIENTED_EDGE('',*,*,#1005,.F.);
#1367=ORIENTED_EDGE('',*,*,#905,.F.);
#1368=ORIENTED_EDGE('',*,*,#1006,.T.);
#1369=ORIENTED_EDGE('',*,*,#1007,.T.);
#1370=ORIENTED_EDGE('',*,*,#1008,.F.);
#1371=ORIENTED_EDGE('',*,*,#970,.T.);
#1372=ORIENTED_EDGE('',*,*,#925,.T.);
#1373=ORIENTED_EDGE('',*,*,#847,.T.);
#1374=ORIENTED_EDGE('',*,*,#1009,.F.);
#1375=ORIENTED_EDGE('',*,*,#974,.F.);
#1376=ORIENTED_EDGE('',*,*,#1010,.T.);
#1377=ORIENTED_EDGE('',*,*,#1011,.T.);
#1378=ORIENTED_EDGE('',*,*,#1012,.T.);
#1379=ORIENTED_EDGE('',*,*,#898,.F.);
#1380=ORIENTED_EDGE('',*,*,#901,.F.);
#1381=ORIENTED_EDGE('',*,*,#868,.F.);
#1382=ORIENTED_EDGE('',*,*,#861,.T.);
#1383=ORIENTED_EDGE('',*,*,#1013,.F.);
#1384=ORIENTED_EDGE('',*,*,#1014,.F.);
#1385=ORIENTED_EDGE('',*,*,#1015,.F.);
#1386=ORIENTED_EDGE('',*,*,#1016,.T.);
#1387=ORIENTED_EDGE('',*,*,#1017,.F.);
#1388=ORIENTED_EDGE('',*,*,#1018,.F.);
#1389=ORIENTED_EDGE('',*,*,#1019,.T.);
#1390=ORIENTED_EDGE('',*,*,#1020,.F.);
#1391=ORIENTED_EDGE('',*,*,#1021,.F.);
#1392=ORIENTED_EDGE('',*,*,#1022,.F.);
#1393=ORIENTED_EDGE('',*,*,#1016,.F.);
#1394=ORIENTED_EDGE('',*,*,#1023,.T.);
#1395=ORIENTED_EDGE('',*,*,#1020,.T.);
#1396=ORIENTED_EDGE('',*,*,#1024,.T.);
#1397=ORIENTED_EDGE('',*,*,#1025,.T.);
#1398=ORIENTED_EDGE('',*,*,#1010,.F.);
#1399=ORIENTED_EDGE('',*,*,#973,.F.);
#1400=ORIENTED_EDGE('',*,*,#1026,.T.);
#1401=ORIENTED_EDGE('',*,*,#1027,.T.);
#1402=ORIENTED_EDGE('',*,*,#1017,.T.);
#1403=ORIENTED_EDGE('',*,*,#1022,.T.);
#1404=ORIENTED_EDGE('',*,*,#1015,.T.);
#1405=ORIENTED_EDGE('',*,*,#1028,.T.);
#1406=ORIENTED_EDGE('',*,*,#1029,.F.);
#1407=ORIENTED_EDGE('',*,*,#971,.T.);
#1408=ORIENTED_EDGE('',*,*,#1008,.T.);
#1409=ORIENTED_EDGE('',*,*,#1030,.T.);
#1410=ORIENTED_EDGE('',*,*,#1014,.T.);
#1411=ORIENTED_EDGE('',*,*,#1031,.F.);
#1412=ORIENTED_EDGE('',*,*,#1028,.F.);
#1413=ORIENTED_EDGE('',*,*,#1032,.T.);
#1414=ORIENTED_EDGE('',*,*,#1011,.F.);
#1415=ORIENTED_EDGE('',*,*,#1025,.F.);
#1416=ORIENTED_EDGE('',*,*,#899,.F.);
#1417=ORIENTED_EDGE('',*,*,#1019,.F.);
#1418=ORIENTED_EDGE('',*,*,#1033,.F.);
#1419=ORIENTED_EDGE('',*,*,#1006,.F.);
#1420=ORIENTED_EDGE('',*,*,#904,.F.);
#1421=ORIENTED_EDGE('',*,*,#1018,.T.);
#1422=ORIENTED_EDGE('',*,*,#1030,.F.);
#1423=ORIENTED_EDGE('',*,*,#1007,.F.);
#1424=ORIENTED_EDGE('',*,*,#1033,.T.);
#1425=ORIENTED_EDGE('',*,*,#1034,.T.);
#1426=ORIENTED_EDGE('',*,*,#1035,.F.);
#1427=ORIENTED_EDGE('',*,*,#1036,.F.);
#1428=ORIENTED_EDGE('',*,*,#946,.F.);
#1429=ORIENTED_EDGE('',*,*,#1035,.T.);
#1430=ORIENTED_EDGE('',*,*,#1037,.T.);
#1431=ORIENTED_EDGE('',*,*,#1027,.F.);
#1432=ORIENTED_EDGE('',*,*,#1038,.F.);
#1433=ORIENTED_EDGE('',*,*,#1036,.T.);
#1434=ORIENTED_EDGE('',*,*,#1038,.T.);
#1435=ORIENTED_EDGE('',*,*,#1026,.F.);
#1436=ORIENTED_EDGE('',*,*,#972,.F.);
#1437=ORIENTED_EDGE('',*,*,#1039,.T.);
#1438=ORIENTED_EDGE('',*,*,#947,.F.);
#1439=ORIENTED_EDGE('',*,*,#848,.T.);
#1440=ORIENTED_EDGE('',*,*,#1012,.F.);
#1441=ORIENTED_EDGE('',*,*,#1032,.F.);
#1442=ORIENTED_EDGE('',*,*,#1024,.F.);
#1443=ORIENTED_EDGE('',*,*,#1021,.T.);
#1444=ORIENTED_EDGE('',*,*,#1023,.F.);
#1445=ORIENTED_EDGE('',*,*,#1037,.F.);
#1446=ORIENTED_EDGE('',*,*,#1034,.F.);
#1447=ORIENTED_EDGE('',*,*,#945,.F.);
#1448=ORIENTED_EDGE('',*,*,#942,.F.);
#1449=ORIENTED_EDGE('',*,*,#969,.T.);
#1450=ORIENTED_EDGE('',*,*,#1029,.T.);
#1451=ORIENTED_EDGE('',*,*,#1031,.T.);
#1452=ORIENTED_EDGE('',*,*,#1013,.T.);
#1453=ORIENTED_EDGE('',*,*,#860,.T.);
#1454=ORIENTED_EDGE('',*,*,#927,.F.);
#1455=ORIENTED_EDGE('',*,*,#939,.F.);
#1456=ORIENTED_EDGE('',*,*,#930,.T.);
#1457=ORIENTED_EDGE('',*,*,#949,.F.);
#1458=ORIENTED_EDGE('',*,*,#1040,.F.);
#1459=ORIENTED_EDGE('',*,*,#835,.T.);
#1460=ORIENTED_EDGE('',*,*,#832,.T.);
#1461=ORIENTED_EDGE('',*,*,#829,.T.);
#1462=ORIENTED_EDGE('',*,*,#826,.T.);
#1463=ORIENTED_EDGE('',*,*,#823,.T.);
#1464=ORIENTED_EDGE('',*,*,#820,.T.);
#1465=ORIENTED_EDGE('',*,*,#921,.F.);
#1466=ORIENTED_EDGE('',*,*,#924,.F.);
#1467=ORIENTED_EDGE('',*,*,#938,.F.);
#1468=ORIENTED_EDGE('',*,*,#1040,.T.);
#1469=ORIENTED_EDGE('',*,*,#948,.F.);
#1470=ORIENTED_EDGE('',*,*,#1039,.F.);
#1471=ORIENTED_EDGE('',*,*,#975,.T.);
#1472=ORIENTED_EDGE('',*,*,#1009,.T.);
#1473=ORIENTED_EDGE('',*,*,#846,.T.);
#1474=ORIENTED_EDGE('',*,*,#968,.T.);
#1475=ORIENTED_EDGE('',*,*,#875,.F.);
#1476=ORIENTED_EDGE('',*,*,#886,.F.);
#1477=ORIENTED_EDGE('',*,*,#991,.T.);
#1478=ORIENTED_EDGE('',*,*,#988,.T.);
#1479=ORIENTED_EDGE('',*,*,#985,.T.);
#1480=ORIENTED_EDGE('',*,*,#976,.T.);
#1481=ORIENTED_EDGE('',*,*,#979,.T.);
#1482=ORIENTED_EDGE('',*,*,#982,.T.);
#1483=CYLINDRICAL_SURFACE('',#1639,1.25);
#1484=CYLINDRICAL_SURFACE('',#1643,1.25);
#1485=CYLINDRICAL_SURFACE('',#1647,1.25);
#1486=CYLINDRICAL_SURFACE('',#1651,1.25);
#1487=CYLINDRICAL_SURFACE('',#1655,1.25);
#1488=CYLINDRICAL_SURFACE('',#1659,1.25);
#1489=CYLINDRICAL_SURFACE('',#1663,5.);
#1490=CYLINDRICAL_SURFACE('',#1678,5.);
#1491=CYLINDRICAL_SURFACE('',#1683,5.);
#1492=CYLINDRICAL_SURFACE('',#1698,5.);
#1493=CYLINDRICAL_SURFACE('',#1702,1.);
#1494=CYLINDRICAL_SURFACE('',#1706,1.25);
#1495=CYLINDRICAL_SURFACE('',#1709,1.25);
#1496=CYLINDRICAL_SURFACE('',#1712,1.25);
#1497=CYLINDRICAL_SURFACE('',#1715,1.25);
#1498=CYLINDRICAL_SURFACE('',#1718,1.25);
#1499=CYLINDRICAL_SURFACE('',#1721,1.25);
#1500=CYLINDRICAL_SURFACE('',#1724,13.);
#1501=CYLINDRICAL_SURFACE('',#1736,13.);
#1502=CYLINDRICAL_SURFACE('',#1738,1.);
#1503=CYLINDRICAL_SURFACE('',#1748,3.);
#1504=CYLINDRICAL_SURFACE('',#1749,3.);
#1505=CYLINDRICAL_SURFACE('',#1750,3.);
#1506=CYLINDRICAL_SURFACE('',#1752,3.);
#1507=CYLINDRICAL_SURFACE('',#1753,3.);
#1508=CYLINDRICAL_SURFACE('',#1755,3.);
#1509=CYLINDRICAL_SURFACE('',#1756,3.);
#1510=CYLINDRICAL_SURFACE('',#1762,1.5);
#1511=CYLINDRICAL_SURFACE('',#1766,1.5);
#1512=CYLINDRICAL_SURFACE('',#1770,1.5);
#1513=CYLINDRICAL_SURFACE('',#1774,1.5);
#1514=CYLINDRICAL_SURFACE('',#1778,1.5);
#1515=CYLINDRICAL_SURFACE('',#1782,1.5);
#1516=CYLINDRICAL_SURFACE('',#1786,1.5);
#1517=CYLINDRICAL_SURFACE('',#1789,1.5);
#1518=CYLINDRICAL_SURFACE('',#1792,1.5);
#1519=CYLINDRICAL_SURFACE('',#1795,1.5);
#1520=CYLINDRICAL_SURFACE('',#1798,1.5);
#1521=CYLINDRICAL_SURFACE('',#1801,1.5);
#1522=CYLINDRICAL_SURFACE('',#1806,12.4);
#1523=CYLINDRICAL_SURFACE('',#1824,12.4);
#1524=ADVANCED_FACE('',(#103),#1483,.F.);
#1525=ADVANCED_FACE('',(#104),#46,.T.);
#1526=ADVANCED_FACE('',(#105),#1484,.F.);
#1527=ADVANCED_FACE('',(#106),#47,.T.);
#1528=ADVANCED_FACE('',(#107),#1485,.F.);
#1529=ADVANCED_FACE('',(#108),#48,.T.);
#1530=ADVANCED_FACE('',(#109),#1486,.F.);
#1531=ADVANCED_FACE('',(#110),#49,.T.);
#1532=ADVANCED_FACE('',(#111),#1487,.F.);
#1533=ADVANCED_FACE('',(#112),#50,.T.);
#1534=ADVANCED_FACE('',(#113),#1488,.F.);
#1535=ADVANCED_FACE('',(#114),#51,.T.);
#1536=ADVANCED_FACE('',(#115),#1489,.F.);
#1537=ADVANCED_FACE('',(#116),#52,.T.);
#1538=ADVANCED_FACE('',(#117),#1490,.F.);
#1539=ADVANCED_FACE('',(#118),#44,.F.);
#1540=ADVANCED_FACE('',(#119),#1491,.T.);
#1541=ADVANCED_FACE('',(#120),#53,.T.);
#1542=ADVANCED_FACE('',(#121,#16,#17,#18,#19,#20,#21),#54,.T.);
#1543=ADVANCED_FACE('',(#122),#15,.F.);
#1544=ADVANCED_FACE('',(#123),#1492,.T.);
#1545=ADVANCED_FACE('',(#124),#45,.T.);
#1546=ADVANCED_FACE('',(#125),#1493,.T.);
#1547=ADVANCED_FACE('',(#126),#55,.T.);
#1548=ADVANCED_FACE('',(#127),#56,.F.);
#1549=ADVANCED_FACE('',(#128),#57,.T.);
#1550=ADVANCED_FACE('',(#129),#1494,.F.);
#1551=ADVANCED_FACE('',(#130),#58,.T.);
#1552=ADVANCED_FACE('',(#131),#1495,.F.);
#1553=ADVANCED_FACE('',(#132),#59,.T.);
#1554=ADVANCED_FACE('',(#133),#1496,.F.);
#1555=ADVANCED_FACE('',(#134),#60,.T.);
#1556=ADVANCED_FACE('',(#135),#1497,.F.);
#1557=ADVANCED_FACE('',(#136),#61,.T.);
#1558=ADVANCED_FACE('',(#137),#1498,.F.);
#1559=ADVANCED_FACE('',(#138),#62,.T.);
#1560=ADVANCED_FACE('',(#139),#1499,.F.);
#1561=ADVANCED_FACE('',(#140),#63,.T.);
#1562=ADVANCED_FACE('',(#141),#1500,.T.);
#1563=ADVANCED_FACE('',(#142),#64,.T.);
#1564=ADVANCED_FACE('',(#143,#22,#23,#24,#25,#26,#27),#65,.T.);
#1565=ADVANCED_FACE('',(#144),#1501,.T.);
#1566=ADVANCED_FACE('',(#145),#1502,.T.);
#1567=ADVANCED_FACE('',(#146),#66,.T.);
#1568=ADVANCED_FACE('',(#147),#67,.T.);
#1569=ADVANCED_FACE('',(#148),#1503,.T.);
#1570=ADVANCED_FACE('',(#149),#1504,.F.);
#1571=ADVANCED_FACE('',(#150),#1505,.T.);
#1572=ADVANCED_FACE('',(#151),#68,.T.);
#1573=ADVANCED_FACE('',(#152),#1506,.T.);
#1574=ADVANCED_FACE('',(#153),#1507,.F.);
#1575=ADVANCED_FACE('',(#154),#69,.F.);
#1576=ADVANCED_FACE('',(#155),#1508,.F.);
#1577=ADVANCED_FACE('',(#156),#1509,.F.);
#1578=ADVANCED_FACE('',(#157),#70,.F.);
#1579=ADVANCED_FACE('',(#158),#71,.T.);
#1580=ADVANCED_FACE('',(#159),#72,.T.);
#1581=ADVANCED_FACE('',(#160),#73,.F.);
#1582=ADVANCED_FACE('',(#161),#74,.F.);
#1583=ADVANCED_FACE('',(#162),#1510,.F.);
#1584=ADVANCED_FACE('',(#163),#75,.T.);
#1585=ADVANCED_FACE('',(#164),#1511,.F.);
#1586=ADVANCED_FACE('',(#165),#76,.T.);
#1587=ADVANCED_FACE('',(#166),#1512,.F.);
#1588=ADVANCED_FACE('',(#167),#77,.T.);
#1589=ADVANCED_FACE('',(#168),#1513,.F.);
#1590=ADVANCED_FACE('',(#169),#78,.T.);
#1591=ADVANCED_FACE('',(#170),#1514,.F.);
#1592=ADVANCED_FACE('',(#171),#79,.T.);
#1593=ADVANCED_FACE('',(#172),#1515,.F.);
#1594=ADVANCED_FACE('',(#173),#80,.T.);
#1595=ADVANCED_FACE('',(#174),#1516,.F.);
#1596=ADVANCED_FACE('',(#175),#81,.T.);
#1597=ADVANCED_FACE('',(#176),#1517,.F.);
#1598=ADVANCED_FACE('',(#177),#82,.T.);
#1599=ADVANCED_FACE('',(#178),#1518,.F.);
#1600=ADVANCED_FACE('',(#179),#83,.T.);
#1601=ADVANCED_FACE('',(#180),#1519,.F.);
#1602=ADVANCED_FACE('',(#181),#84,.T.);
#1603=ADVANCED_FACE('',(#182),#1520,.F.);
#1604=ADVANCED_FACE('',(#183),#85,.T.);
#1605=ADVANCED_FACE('',(#184),#1521,.F.);
#1606=ADVANCED_FACE('',(#185),#86,.T.);
#1607=ADVANCED_FACE('',(#186),#87,.T.);
#1608=ADVANCED_FACE('',(#187),#88,.T.);
#1609=ADVANCED_FACE('',(#188),#1522,.F.);
#1610=ADVANCED_FACE('',(#189),#89,.T.);
#1611=ADVANCED_FACE('',(#190),#90,.T.);
#1612=ADVANCED_FACE('',(#191),#91,.T.);
#1613=ADVANCED_FACE('',(#192),#92,.T.);
#1614=ADVANCED_FACE('',(#193),#93,.F.);
#1615=ADVANCED_FACE('',(#194),#94,.F.);
#1616=ADVANCED_FACE('',(#195),#95,.T.);
#1617=ADVANCED_FACE('',(#196),#96,.F.);
#1618=ADVANCED_FACE('',(#197),#97,.T.);
#1619=ADVANCED_FACE('',(#198),#98,.F.);
#1620=ADVANCED_FACE('',(#199),#99,.T.);
#1621=ADVANCED_FACE('',(#200),#1523,.F.);
#1622=ADVANCED_FACE('',(#201),#100,.T.);
#1623=ADVANCED_FACE('',(#202,#28,#29,#30,#31,#32,#33),#101,.T.);
#1624=ADVANCED_FACE('',(#203,#34,#35,#36,#37,#38,#39),#102,.T.);
#1625=CLOSED_SHELL('',(#1524,#1525,#1526,#1527,#1528,#1529,#1530,#1531,
#1532,#1533,#1534,#1535,#1536,#1537,#1538,#1539,#1540,#1541,#1542,#1543,
#1544,#1545,#1546,#1547,#1548,#1549,#1550,#1551,#1552,#1553,#1554,#1555,
#1556,#1557,#1558,#1559,#1560,#1561,#1562,#1563,#1564,#1565,#1566,#1567,
#1568,#1569,#1570,#1571,#1572,#1573,#1574,#1575,#1576,#1577,#1578,#1579,
#1580,#1581,#1582,#1583,#1584,#1585,#1586,#1587,#1588,#1589,#1590,#1591,
#1592,#1593,#1594,#1595,#1596,#1597,#1598,#1599,#1600,#1601,#1602,#1603,
#1604,#1605,#1606,#1607,#1608,#1609,#1610,#1611,#1612,#1613,#1614,#1615,
#1616,#1617,#1618,#1619,#1620,#1621,#1622,#1623,#1624));
#1626=DERIVED_UNIT_ELEMENT(#1628,1.);
#1627=DERIVED_UNIT_ELEMENT(#3017,-3.);
#1628=(
MASS_UNIT()
NAMED_UNIT(*)
SI_UNIT(.KILO.,.GRAM.)
);
#1629=DERIVED_UNIT((#1626,#1627));
#1630=MEASURE_REPRESENTATION_ITEM('density measure',
POSITIVE_RATIO_MEASURE(7850.),#1629);
#1631=PROPERTY_DEFINITION_REPRESENTATION(#1636,#1633);
#1632=PROPERTY_DEFINITION_REPRESENTATION(#1637,#1634);
#1633=REPRESENTATION('material name',(#1635),#3014);
#1634=REPRESENTATION('density',(#1630),#3014);
#1635=DESCRIPTIVE_REPRESENTATION_ITEM('Steel','Steel');
#1636=PROPERTY_DEFINITION('material property','material name',#3024);
#1637=PROPERTY_DEFINITION('material property','density of part',#3024);
#1638=AXIS2_PLACEMENT_3D('',#2336,#1828,#1829);
#1639=AXIS2_PLACEMENT_3D('',#2337,#1830,#1831);
#1640=AXIS2_PLACEMENT_3D('',#2339,#1832,#1833);
#1641=AXIS2_PLACEMENT_3D('',#2342,#1835,#1836);
#1642=AXIS2_PLACEMENT_3D('',#2343,#1837,#1838);
#1643=AXIS2_PLACEMENT_3D('',#2344,#1839,#1840);
#1644=AXIS2_PLACEMENT_3D('',#2346,#1841,#1842);
#1645=AXIS2_PLACEMENT_3D('',#2349,#1844,#1845);
#1646=AXIS2_PLACEMENT_3D('',#2350,#1846,#1847);
#1647=AXIS2_PLACEMENT_3D('',#2351,#1848,#1849);
#1648=AXIS2_PLACEMENT_3D('',#2353,#1850,#1851);
#1649=AXIS2_PLACEMENT_3D('',#2356,#1853,#1854);
#1650=AXIS2_PLACEMENT_3D('',#2357,#1855,#1856);
#1651=AXIS2_PLACEMENT_3D('',#2358,#1857,#1858);
#1652=AXIS2_PLACEMENT_3D('',#2360,#1859,#1860);
#1653=AXIS2_PLACEMENT_3D('',#2363,#1862,#1863);
#1654=AXIS2_PLACEMENT_3D('',#2364,#1864,#1865);
#1655=AXIS2_PLACEMENT_3D('',#2365,#1866,#1867);
#1656=AXIS2_PLACEMENT_3D('',#2367,#1868,#1869);
#1657=AXIS2_PLACEMENT_3D('',#2370,#1871,#1872);
#1658=AXIS2_PLACEMENT_3D('',#2371,#1873,#1874);
#1659=AXIS2_PLACEMENT_3D('',#2372,#1875,#1876);
#1660=AXIS2_PLACEMENT_3D('',#2374,#1877,#1878);
#1661=AXIS2_PLACEMENT_3D('',#2377,#1880,#1881);
#1662=AXIS2_PLACEMENT_3D('',#2378,#1882,#1883);
#1663=AXIS2_PLACEMENT_3D('',#2379,#1884,#1885);
#1664=AXIS2_PLACEMENT_3D('',#2382,#1886,#1887);
#1665=AXIS2_PLACEMENT_3D('',#2386,#1889,#1890);
#1666=AXIS2_PLACEMENT_3D('',#2388,#1892,#1893);
#1667=AXIS2_PLACEMENT_3D('',#2392,#1895,#1896);
#1668=AXIS2_PLACEMENT_3D('',#2394,#1897,#1898);
#1669=AXIS2_PLACEMENT_3D('',#2402,#1902,#1903);
#1670=AXIS2_PLACEMENT_3D('',#2404,#1904,#1905);
#1671=AXIS2_PLACEMENT_3D('',#2408,#1907,#1908);
#1672=AXIS2_PLACEMENT_3D('',#2412,#1910,#1911);
#1673=AXIS2_PLACEMENT_3D('',#2414,#1912,#1913);
#1674=AXIS2_PLACEMENT_3D('',#2418,#1915,#1916);
#1675=AXIS2_PLACEMENT_3D('',#2420,#1917,#1918);
#1676=AXIS2_PLACEMENT_3D('',#2428,#1922,#1923);
#1677=AXIS2_PLACEMENT_3D('',#2430,#1924,#1925);
#1678=AXIS2_PLACEMENT_3D('',#2434,#1928,#1929);
#1679=AXIS2_PLACEMENT_3D('',#2436,#1930,#1931);
#1680=AXIS2_PLACEMENT_3D('',#2439,#1933,#1934);
#1681=AXIS2_PLACEMENT_3D('',#2440,#1935,#1936);
#1682=AXIS2_PLACEMENT_3D('',#2456,#1937,#1938);
#1683=AXIS2_PLACEMENT_3D('',#2457,#1939,#1940);
#1684=AXIS2_PLACEMENT_3D('',#2460,#1941,#1942);
#1685=AXIS2_PLACEMENT_3D('',#2464,#1944,#1945);
#1686=AXIS2_PLACEMENT_3D('',#2466,#1947,#1948);
#1687=AXIS2_PLACEMENT_3D('',#2474,#1952,#1953);
#1688=AXIS2_PLACEMENT_3D('',#2476,#1954,#1955);
#1689=AXIS2_PLACEMENT_3D('',#2478,#1957,#1958);
#1690=AXIS2_PLACEMENT_3D('',#2483,#1961,#1962);
#1691=AXIS2_PLACEMENT_3D('',#2492,#1967,#1968);
#1692=AXIS2_PLACEMENT_3D('',#2494,#1969,#1970);
#1693=AXIS2_PLACEMENT_3D('',#2496,#1971,#1972);
#1694=AXIS2_PLACEMENT_3D('',#2498,#1973,#1974);
#1695=AXIS2_PLACEMENT_3D('',#2500,#1975,#1976);
#1696=AXIS2_PLACEMENT_3D('',#2502,#1977,#1978);
#1697=AXIS2_PLACEMENT_3D('',#2686,#1979,#1980);
#1698=AXIS2_PLACEMENT_3D('',#2687,#1981,#1982);
#1699=AXIS2_PLACEMENT_3D('',#2690,#1985,#1986);
#1700=AXIS2_PLACEMENT_3D('',#2692,#1987,#1988);
#1701=AXIS2_PLACEMENT_3D('',#2712,#1989,#1990);
#1702=AXIS2_PLACEMENT_3D('',#2713,#1991,#1992);
#1703=AXIS2_PLACEMENT_3D('',#2716,#1995,#1996);
#1704=AXIS2_PLACEMENT_3D('',#2717,#1997,#1998);
#1705=AXIS2_PLACEMENT_3D('',#2719,#2000,#2001);
#1706=AXIS2_PLACEMENT_3D('',#2725,#2005,#2006);
#1707=AXIS2_PLACEMENT_3D('',#2728,#2008,#2009);
#1708=AXIS2_PLACEMENT_3D('',#2729,#2010,#2011);
#1709=AXIS2_PLACEMENT_3D('',#2730,#2012,#2013);
#1710=AXIS2_PLACEMENT_3D('',#2733,#2015,#2016);
#1711=AXIS2_PLACEMENT_3D('',#2734,#2017,#2018);
#1712=AXIS2_PLACEMENT_3D('',#2735,#2019,#2020);
#1713=AXIS2_PLACEMENT_3D('',#2738,#2022,#2023);
#1714=AXIS2_PLACEMENT_3D('',#2739,#2024,#2025);
#1715=AXIS2_PLACEMENT_3D('',#2740,#2026,#2027);
#1716=AXIS2_PLACEMENT_3D('',#2743,#2029,#2030);
#1717=AXIS2_PLACEMENT_3D('',#2744,#2031,#2032);
#1718=AXIS2_PLACEMENT_3D('',#2745,#2033,#2034);
#1719=AXIS2_PLACEMENT_3D('',#2748,#2036,#2037);
#1720=AXIS2_PLACEMENT_3D('',#2749,#2038,#2039);
#1721=AXIS2_PLACEMENT_3D('',#2750,#2040,#2041);
#1722=AXIS2_PLACEMENT_3D('',#2753,#2043,#2044);
#1723=AXIS2_PLACEMENT_3D('',#2754,#2045,#2046);
#1724=AXIS2_PLACEMENT_3D('',#2755,#2047,#2048);
#1725=AXIS2_PLACEMENT_3D('',#2757,#2049,#2050);
#1726=AXIS2_PLACEMENT_3D('',#2760,#2052,#2053);
#1727=AXIS2_PLACEMENT_3D('',#2761,#2054,#2055);
#1728=AXIS2_PLACEMENT_3D('',#2767,#2059,#2060);
#1729=AXIS2_PLACEMENT_3D('',#2779,#2067,#2068);
#1730=AXIS2_PLACEMENT_3D('',#2781,#2069,#2070);
#1731=AXIS2_PLACEMENT_3D('',#2783,#2071,#2072);
#1732=AXIS2_PLACEMENT_3D('',#2785,#2073,#2074);
#1733=AXIS2_PLACEMENT_3D('',#2787,#2075,#2076);
#1734=AXIS2_PLACEMENT_3D('',#2789,#2077,#2078);
#1735=AXIS2_PLACEMENT_3D('',#2791,#2079,#2080);
#1736=AXIS2_PLACEMENT_3D('',#2792,#2081,#2082);
#1737=AXIS2_PLACEMENT_3D('',#2794,#2083,#2084);
#1738=AXIS2_PLACEMENT_3D('',#2796,#2086,#2087);
#1739=AXIS2_PLACEMENT_3D('',#2799,#2088,#2089);
#1740=AXIS2_PLACEMENT_3D('',#2802,#2092,#2093);
#1741=AXIS2_PLACEMENT_3D('',#2806,#2096,#2097);
#1742=AXIS2_PLACEMENT_3D('',#2808,#2098,#2099);
#1743=AXIS2_PLACEMENT_3D('',#2819,#2105,#2106);
#1744=AXIS2_PLACEMENT_3D('',#2821,#2107,#2108);
#1745=AXIS2_PLACEMENT_3D('',#2825,#2110,#2111);
#1746=AXIS2_PLACEMENT_3D('',#2827,#2112,#2113);
#1747=AXIS2_PLACEMENT_3D('',#2830,#2115,#2116);
#1748=AXIS2_PLACEMENT_3D('',#2831,#2117,#2118);
#1749=AXIS2_PLACEMENT_3D('',#2834,#2121,#2122);
#1750=AXIS2_PLACEMENT_3D('',#2836,#2124,#2125);
#1751=AXIS2_PLACEMENT_3D('',#2839,#2128,#2129);
#1752=AXIS2_PLACEMENT_3D('',#2841,#2131,#2132);
#1753=AXIS2_PLACEMENT_3D('',#2844,#2135,#2136);
#1754=AXIS2_PLACEMENT_3D('',#2846,#2138,#2139);
#1755=AXIS2_PLACEMENT_3D('',#2848,#2141,#2142);
#1756=AXIS2_PLACEMENT_3D('',#2849,#2143,#2144);
#1757=AXIS2_PLACEMENT_3D('',#2850,#2145,#2146);
#1758=AXIS2_PLACEMENT_3D('',#2851,#2147,#2148);
#1759=AXIS2_PLACEMENT_3D('',#2853,#2150,#2151);
#1760=AXIS2_PLACEMENT_3D('',#2854,#2152,#2153);
#1761=AXIS2_PLACEMENT_3D('',#2860,#2157,#2158);
#1762=AXIS2_PLACEMENT_3D('',#2869,#2163,#2164);
#1763=AXIS2_PLACEMENT_3D('',#2871,#2165,#2166);
#1764=AXIS2_PLACEMENT_3D('',#2874,#2168,#2169);
#1765=AXIS2_PLACEMENT_3D('',#2875,#2170,#2171);
#1766=AXIS2_PLACEMENT_3D('',#2876,#2172,#2173);
#1767=AXIS2_PLACEMENT_3D('',#2878,#2174,#2175);
#1768=AXIS2_PLACEMENT_3D('',#2881,#2177,#2178);
#1769=AXIS2_PLACEMENT_3D('',#2882,#2179,#2180);
#1770=AXIS2_PLACEMENT_3D('',#2883,#2181,#2182);
#1771=AXIS2_PLACEMENT_3D('',#2885,#2183,#2184);
#1772=AXIS2_PLACEMENT_3D('',#2888,#2186,#2187);
#1773=AXIS2_PLACEMENT_3D('',#2889,#2188,#2189);
#1774=AXIS2_PLACEMENT_3D('',#2890,#2190,#2191);
#1775=AXIS2_PLACEMENT_3D('',#2892,#2192,#2193);
#1776=AXIS2_PLACEMENT_3D('',#2895,#2195,#2196);
#1777=AXIS2_PLACEMENT_3D('',#2896,#2197,#2198);
#1778=AXIS2_PLACEMENT_3D('',#2897,#2199,#2200);
#1779=AXIS2_PLACEMENT_3D('',#2899,#2201,#2202);
#1780=AXIS2_PLACEMENT_3D('',#2902,#2204,#2205);
#1781=AXIS2_PLACEMENT_3D('',#2903,#2206,#2207);
#1782=AXIS2_PLACEMENT_3D('',#2904,#2208,#2209);
#1783=AXIS2_PLACEMENT_3D('',#2906,#2210,#2211);
#1784=AXIS2_PLACEMENT_3D('',#2909,#2213,#2214);
#1785=AXIS2_PLACEMENT_3D('',#2910,#2215,#2216);
#1786=AXIS2_PLACEMENT_3D('',#2911,#2217,#2218);
#1787=AXIS2_PLACEMENT_3D('',#2914,#2220,#2221);
#1788=AXIS2_PLACEMENT_3D('',#2915,#2222,#2223);
#1789=AXIS2_PLACEMENT_3D('',#2916,#2224,#2225);
#1790=AXIS2_PLACEMENT_3D('',#2919,#2227,#2228);
#1791=AXIS2_PLACEMENT_3D('',#2920,#2229,#2230);
#1792=AXIS2_PLACEMENT_3D('',#2921,#2231,#2232);
#1793=AXIS2_PLACEMENT_3D('',#2924,#2234,#2235);
#1794=AXIS2_PLACEMENT_3D('',#2925,#2236,#2237);
#1795=AXIS2_PLACEMENT_3D('',#2926,#2238,#2239);
#1796=AXIS2_PLACEMENT_3D('',#2929,#2241,#2242);
#1797=AXIS2_PLACEMENT_3D('',#2930,#2243,#2244);
#1798=AXIS2_PLACEMENT_3D('',#2931,#2245,#2246);
#1799=AXIS2_PLACEMENT_3D('',#2934,#2248,#2249);
#1800=AXIS2_PLACEMENT_3D('',#2935,#2250,#2251);
#1801=AXIS2_PLACEMENT_3D('',#2936,#2252,#2253);
#1802=AXIS2_PLACEMENT_3D('',#2939,#2255,#2256);
#1803=AXIS2_PLACEMENT_3D('',#2940,#2257,#2258);
#1804=AXIS2_PLACEMENT_3D('',#2941,#2259,#2260);
#1805=AXIS2_PLACEMENT_3D('',#2947,#2264,#2265);
#1806=AXIS2_PLACEMENT_3D('',#2954,#2270,#2271);
#1807=AXIS2_PLACEMENT_3D('',#2958,#2273,#2274);
#1808=AXIS2_PLACEMENT_3D('',#2962,#2276,#2277);
#1809=AXIS2_PLACEMENT_3D('',#2966,#2279,#2280);
#1810=AXIS2_PLACEMENT_3D('',#2968,#2282,#2283);
#1811=AXIS2_PLACEMENT_3D('',#2972,#2285,#2286);
#1812=AXIS2_PLACEMENT_3D('',#2973,#2287,#2288);
#1813=AXIS2_PLACEMENT_3D('',#2975,#2290,#2291);
#1814=AXIS2_PLACEMENT_3D('',#2984,#2297,#2298);
#1815=AXIS2_PLACEMENT_3D('',#2989,#2302,#2303);
#1816=AXIS2_PLACEMENT_3D('',#2991,#2305,#2306);
#1817=AXIS2_PLACEMENT_3D('',#2992,#2307,#2308);
#1818=AXIS2_PLACEMENT_3D('',#2993,#2309,#2310);
#1819=AXIS2_PLACEMENT_3D('',#2995,#2312,#2313);
#1820=AXIS2_PLACEMENT_3D('',#2996,#2314,#2315);
#1821=AXIS2_PLACEMENT_3D('',#3002,#2319,#2320);
#1822=AXIS2_PLACEMENT_3D('',#3003,#2321,#2322);
#1823=AXIS2_PLACEMENT_3D('',#3005,#2324,#2325);
#1824=AXIS2_PLACEMENT_3D('',#3007,#2327,#2328);
#1825=AXIS2_PLACEMENT_3D('',#3008,#2329,#2330);
#1826=AXIS2_PLACEMENT_3D('',#3009,#2331,#2332);
#1827=AXIS2_PLACEMENT_3D('',#3011,#2334,#2335);
#1828=DIRECTION('axis',(0.,0.,1.));
#1829=DIRECTION('refdir',(1.,0.,0.));
#1830=DIRECTION('center_axis',(-1.,0.,0.));
#1831=DIRECTION('ref_axis',(0.,1.,0.));
#1832=DIRECTION('center_axis',(-1.,0.,0.));
#1833=DIRECTION('ref_axis',(0.,1.,0.));
#1834=DIRECTION('',(-1.,0.,0.));
#1835=DIRECTION('center_axis',(-1.,0.,0.));
#1836=DIRECTION('ref_axis',(0.,1.,0.));
#1837=DIRECTION('center_axis',(1.,0.,0.));
#1838=DIRECTION('ref_axis',(0.,1.,0.));
#1839=DIRECTION('center_axis',(-1.,0.,0.));
#1840=DIRECTION('ref_axis',(0.,1.,0.));
#1841=DIRECTION('center_axis',(-1.,0.,0.));
#1842=DIRECTION('ref_axis',(0.,1.,0.));
#1843=DIRECTION('',(-1.,0.,0.));
#1844=DIRECTION('center_axis',(-1.,0.,0.));
#1845=DIRECTION('ref_axis',(0.,1.,0.));
#1846=DIRECTION('center_axis',(1.,0.,0.));
#1847=DIRECTION('ref_axis',(0.,1.,0.));
#1848=DIRECTION('center_axis',(-1.,0.,0.));
#1849=DIRECTION('ref_axis',(0.,1.,0.));
#1850=DIRECTION('center_axis',(-1.,0.,0.));
#1851=DIRECTION('ref_axis',(0.,1.,0.));
#1852=DIRECTION('',(-1.,0.,0.));
#1853=DIRECTION('center_axis',(-1.,0.,0.));
#1854=DIRECTION('ref_axis',(0.,1.,0.));
#1855=DIRECTION('center_axis',(1.,0.,0.));
#1856=DIRECTION('ref_axis',(0.,1.,0.));
#1857=DIRECTION('center_axis',(-1.,0.,0.));
#1858=DIRECTION('ref_axis',(0.,1.,0.));
#1859=DIRECTION('center_axis',(-1.,0.,0.));
#1860=DIRECTION('ref_axis',(0.,1.,0.));
#1861=DIRECTION('',(-1.,0.,0.));
#1862=DIRECTION('center_axis',(-1.,0.,0.));
#1863=DIRECTION('ref_axis',(0.,1.,0.));
#1864=DIRECTION('center_axis',(1.,0.,0.));
#1865=DIRECTION('ref_axis',(0.,1.,0.));
#1866=DIRECTION('center_axis',(-1.,0.,0.));
#1867=DIRECTION('ref_axis',(0.,1.,0.));
#1868=DIRECTION('center_axis',(-1.,0.,0.));
#1869=DIRECTION('ref_axis',(0.,1.,0.));
#1870=DIRECTION('',(-1.,0.,0.));
#1871=DIRECTION('center_axis',(-1.,0.,0.));
#1872=DIRECTION('ref_axis',(0.,1.,0.));
#1873=DIRECTION('center_axis',(1.,0.,0.));
#1874=DIRECTION('ref_axis',(0.,1.,0.));
#1875=DIRECTION('center_axis',(-1.,0.,0.));
#1876=DIRECTION('ref_axis',(0.,1.,0.));
#1877=DIRECTION('center_axis',(-1.,0.,0.));
#1878=DIRECTION('ref_axis',(0.,1.,0.));
#1879=DIRECTION('',(-1.,0.,0.));
#1880=DIRECTION('center_axis',(-1.,0.,0.));
#1881=DIRECTION('ref_axis',(0.,1.,0.));
#1882=DIRECTION('center_axis',(1.,0.,0.));
#1883=DIRECTION('ref_axis',(0.,1.,0.));
#1884=DIRECTION('center_axis',(1.,0.,0.));
#1885=DIRECTION('ref_axis',(0.,-0.707106781186546,-0.707106781186549));
#1886=DIRECTION('center_axis',(1.,0.,0.));
#1887=DIRECTION('ref_axis',(0.,-0.707106781186546,-0.707106781186549));
#1888=DIRECTION('',(-1.,0.,0.));
#1889=DIRECTION('center_axis',(-1.,0.,0.));
#1890=DIRECTION('ref_axis',(0.,-0.707106781186546,-0.707106781186549));
#1891=DIRECTION('',(1.,0.,0.));
#1892=DIRECTION('center_axis',(0.,0.,1.));
#1893=DIRECTION('ref_axis',(1.,0.,0.));
#1894=DIRECTION('',(0.,1.,0.));
#1895=DIRECTION('center_axis',(0.,0.,1.));
#1896=DIRECTION('ref_axis',(-0.166666666666667,-0.986013297183269,0.));
#1897=DIRECTION('center_axis',(0.,0.,-1.));
#1898=DIRECTION('ref_axis',(0.889756521002609,0.456435464587638,0.));
#1899=DIRECTION('',(0.,1.,0.));
#1900=DIRECTION('',(-1.,0.,0.));
#1901=DIRECTION('',(2.02394898173618E-17,-1.,0.));
#1902=DIRECTION('center_axis',(0.,0.,1.));
#1903=DIRECTION('ref_axis',(-1.,0.,0.));
#1904=DIRECTION('center_axis',(0.,0.,-1.));
#1905=DIRECTION('ref_axis',(-0.957097768432916,0.289765183658653,0.));
#1906=DIRECTION('',(-1.,0.,0.));
#1907=DIRECTION('center_axis',(0.,0.,1.));
#1908=DIRECTION('ref_axis',(0.707106781186547,-0.707106781186547,0.));
#1909=DIRECTION('',(0.,-1.,0.));
#1910=DIRECTION('center_axis',(0.,0.,-1.));
#1911=DIRECTION('ref_axis',(-0.889756521002609,0.456435464587639,0.));
#1912=DIRECTION('center_axis',(0.,0.,1.));
#1913=DIRECTION('ref_axis',(0.166666666666666,-0.98601329718327,0.));
#1914=DIRECTION('',(0.,-1.,0.));
#1915=DIRECTION('center_axis',(0.,0.,1.));
#1916=DIRECTION('ref_axis',(0.166666666666666,0.98601329718327,0.));
#1917=DIRECTION('center_axis',(0.,0.,-1.));
#1918=DIRECTION('ref_axis',(-0.889756521002609,-0.456435464587639,0.));
#1919=DIRECTION('',(0.,-1.,0.));
#1920=DIRECTION('',(1.,0.,0.));
#1921=DIRECTION('',(0.,1.,0.));
#1922=DIRECTION('center_axis',(0.,0.,1.));
#1923=DIRECTION('ref_axis',(-1.,0.,0.));
#1924=DIRECTION('center_axis',(0.,0.,1.));
#1925=DIRECTION('ref_axis',(0.957097768432914,-0.289765183658659,0.));
#1926=DIRECTION('',(1.,0.,0.));
#1927=DIRECTION('',(0.,1.,0.));
#1928=DIRECTION('center_axis',(1.,0.,0.));
#1929=DIRECTION('ref_axis',(0.,0.707106781186547,-0.707106781186547));
#1930=DIRECTION('center_axis',(1.,0.,0.));
#1931=DIRECTION('ref_axis',(0.,0.,-1.));
#1932=DIRECTION('',(-1.,0.,0.));
#1933=DIRECTION('center_axis',(-1.,0.,0.));
#1934=DIRECTION('ref_axis',(0.,0.707106781186547,-0.707106781186547));
#1935=DIRECTION('center_axis',(0.,0.,1.));
#1936=DIRECTION('ref_axis',(1.,0.,0.));
#1937=DIRECTION('center_axis',(0.,0.,-1.));
#1938=DIRECTION('ref_axis',(0.957097768432914,-0.289765183658659,0.));
#1939=DIRECTION('center_axis',(-1.,0.,0.));
#1940=DIRECTION('ref_axis',(0.,0.707106781186547,0.707106781186547));
#1941=DIRECTION('center_axis',(1.,0.,0.));
#1942=DIRECTION('ref_axis',(0.,0.707106781186547,0.707106781186547));
#1943=DIRECTION('',(1.,0.,0.));
#1944=DIRECTION('center_axis',(-1.,0.,0.));
#1945=DIRECTION('ref_axis',(0.,0.707106781186547,0.707106781186547));
#1946=DIRECTION('',(-1.,0.,0.));
#1947=DIRECTION('center_axis',(0.,0.,1.));
#1948=DIRECTION('ref_axis',(-1.,0.,0.));
#1949=DIRECTION('',(0.,-1.,0.));
#1950=DIRECTION('',(1.,0.,0.));
#1951=DIRECTION('',(0.,1.,0.));
#1952=DIRECTION('center_axis',(0.,0.,-1.));
#1953=DIRECTION('ref_axis',(0.889756521002609,0.456435464587638,0.));
#1954=DIRECTION('center_axis',(0.,0.,1.));
#1955=DIRECTION('ref_axis',(-0.166666666666667,-0.986013297183269,0.));
#1956=DIRECTION('',(0.,1.,0.));
#1957=DIRECTION('center_axis',(-1.,0.,0.));
#1958=DIRECTION('ref_axis',(0.,-1.,0.));
#1959=DIRECTION('',(0.,0.,-1.));
#1960=DIRECTION('',(0.,0.,1.));
#1961=DIRECTION('center_axis',(1.,0.,0.));
#1962=DIRECTION('ref_axis',(0.,-0.707106781186547,0.707106781186547));
#1963=DIRECTION('',(0.,-1.,0.));
#1964=DIRECTION('',(0.,0.,1.));
#1965=DIRECTION('',(0.,1.,0.));
#1966=DIRECTION('',(0.,0.,1.));
#1967=DIRECTION('center_axis',(1.,0.,0.));
#1968=DIRECTION('ref_axis',(0.,-1.,0.));
#1969=DIRECTION('center_axis',(1.,0.,0.));
#1970=DIRECTION('ref_axis',(0.,-1.,0.));
#1971=DIRECTION('center_axis',(1.,0.,0.));
#1972=DIRECTION('ref_axis',(0.,-1.,0.));
#1973=DIRECTION('center_axis',(1.,0.,0.));
#1974=DIRECTION('ref_axis',(0.,-1.,0.));
#1975=DIRECTION('center_axis',(1.,0.,0.));
#1976=DIRECTION('ref_axis',(0.,-1.,0.));
#1977=DIRECTION('center_axis',(1.,0.,0.));
#1978=DIRECTION('ref_axis',(0.,-1.,0.));
#1979=DIRECTION('center_axis',(0.,0.,1.));
#1980=DIRECTION('ref_axis',(0.,-1.,0.));
#1981=DIRECTION('center_axis',(1.,0.,0.));
#1982=DIRECTION('ref_axis',(0.,-0.707106781186547,0.707106781186547));
#1983=DIRECTION('',(-1.,0.,0.));
#1984=DIRECTION('',(1.,0.,0.));
#1985=DIRECTION('center_axis',(0.,0.,-1.));
#1986=DIRECTION('ref_axis',(-1.,0.,0.));
#1987=DIRECTION('center_axis',(0.,0.,-1.));
#1988=DIRECTION('ref_axis',(-0.87873967443373,-0.477301356143163,0.));
#1989=DIRECTION('center_axis',(0.,0.,1.));
#1990=DIRECTION('ref_axis',(-0.87873967443373,-0.477301356143163,0.));
#1991=DIRECTION('center_axis',(0.,0.,-1.));
#1992=DIRECTION('ref_axis',(0.957097768432916,-0.289765183658653,0.));
#1993=DIRECTION('',(0.,0.,1.));
#1994=DIRECTION('',(0.,0.,-1.));
#1995=DIRECTION('center_axis',(0.,-1.,0.));
#1996=DIRECTION('ref_axis',(1.,0.,0.));
#1997=DIRECTION('center_axis',(0.,-1.,0.));
#1998=DIRECTION('ref_axis',(0.,0.,-1.));
#1999=DIRECTION('',(0.,0.,1.));
#2000=DIRECTION('center_axis',(0.,0.,1.));
#2001=DIRECTION('ref_axis',(-1.,0.,0.));
#2002=DIRECTION('',(-1.,0.,0.));
#2003=DIRECTION('',(0.,1.,0.));
#2004=DIRECTION('',(-1.,0.,0.));
#2005=DIRECTION('center_axis',(1.,0.,0.));
#2006=DIRECTION('ref_axis',(0.,-1.,0.));
#2007=DIRECTION('',(1.,0.,0.));
#2008=DIRECTION('center_axis',(1.,0.,0.));
#2009=DIRECTION('ref_axis',(0.,-1.,0.));
#2010=DIRECTION('center_axis',(-1.,0.,0.));
#2011=DIRECTION('ref_axis',(0.,-1.,0.));
#2012=DIRECTION('center_axis',(1.,0.,0.));
#2013=DIRECTION('ref_axis',(0.,-1.,0.));
#2014=DIRECTION('',(1.,0.,0.));
#2015=DIRECTION('center_axis',(1.,0.,0.));
#2016=DIRECTION('ref_axis',(0.,-1.,0.));
#2017=DIRECTION('center_axis',(-1.,0.,0.));
#2018=DIRECTION('ref_axis',(0.,-1.,0.));
#2019=DIRECTION('center_axis',(1.,0.,0.));
#2020=DIRECTION('ref_axis',(0.,-1.,0.));
#2021=DIRECTION('',(1.,0.,0.));
#2022=DIRECTION('center_axis',(1.,0.,0.));
#2023=DIRECTION('ref_axis',(0.,-1.,0.));
#2024=DIRECTION('center_axis',(-1.,0.,0.));
#2025=DIRECTION('ref_axis',(0.,-1.,0.));
#2026=DIRECTION('center_axis',(1.,0.,0.));
#2027=DIRECTION('ref_axis',(0.,-1.,0.));
#2028=DIRECTION('',(1.,0.,0.));
#2029=DIRECTION('center_axis',(1.,0.,0.));
#2030=DIRECTION('ref_axis',(0.,-1.,0.));
#2031=DIRECTION('center_axis',(-1.,0.,0.));
#2032=DIRECTION('ref_axis',(0.,-1.,0.));
#2033=DIRECTION('center_axis',(1.,0.,0.));
#2034=DIRECTION('ref_axis',(0.,-1.,0.));
#2035=DIRECTION('',(1.,0.,0.));
#2036=DIRECTION('center_axis',(1.,0.,0.));
#2037=DIRECTION('ref_axis',(0.,-1.,0.));
#2038=DIRECTION('center_axis',(-1.,0.,0.));
#2039=DIRECTION('ref_axis',(0.,-1.,0.));
#2040=DIRECTION('center_axis',(1.,0.,0.));
#2041=DIRECTION('ref_axis',(0.,-1.,0.));
#2042=DIRECTION('',(1.,0.,0.));
#2043=DIRECTION('center_axis',(1.,0.,0.));
#2044=DIRECTION('ref_axis',(0.,-1.,0.));
#2045=DIRECTION('center_axis',(-1.,0.,0.));
#2046=DIRECTION('ref_axis',(0.,-1.,0.));
#2047=DIRECTION('center_axis',(0.,1.,0.));
#2048=DIRECTION('ref_axis',(-0.707106781186547,0.,-0.707106781186547));
#2049=DIRECTION('center_axis',(0.,-1.,0.));
#2050=DIRECTION('ref_axis',(-0.707106781186547,0.,-0.707106781186547));
#2051=DIRECTION('',(0.,-1.,0.));
#2052=DIRECTION('center_axis',(0.,1.,0.));
#2053=DIRECTION('ref_axis',(-0.707106781186547,0.,-0.707106781186547));
#2054=DIRECTION('center_axis',(0.,0.,-1.));
#2055=DIRECTION('ref_axis',(-1.,0.,0.));
#2056=DIRECTION('',(1.,0.,0.));
#2057=DIRECTION('',(0.,1.,0.));
#2058=DIRECTION('',(-1.,0.,0.));
#2059=DIRECTION('center_axis',(0.,1.,0.));
#2060=DIRECTION('ref_axis',(-1.,0.,0.));
#2061=DIRECTION('',(0.,0.,1.));
#2062=DIRECTION('',(1.,0.,0.));
#2063=DIRECTION('',(0.,0.,1.));
#2064=DIRECTION('',(0.,0.,1.));
#2065=DIRECTION('',(-1.,0.,0.));
#2066=DIRECTION('',(0.,0.,1.));
#2067=DIRECTION('center_axis',(0.,-1.,0.));
#2068=DIRECTION('ref_axis',(0.707106781186547,0.,-0.707106781186548));
#2069=DIRECTION('center_axis',(0.,-1.,0.));
#2070=DIRECTION('ref_axis',(-1.,0.,0.));
#2071=DIRECTION('center_axis',(0.,-1.,0.));
#2072=DIRECTION('ref_axis',(-1.,0.,0.));
#2073=DIRECTION('center_axis',(0.,-1.,0.));
#2074=DIRECTION('ref_axis',(-1.,0.,0.));
#2075=DIRECTION('center_axis',(0.,-1.,0.));
#2076=DIRECTION('ref_axis',(-1.,0.,0.));
#2077=DIRECTION('center_axis',(0.,-1.,0.));
#2078=DIRECTION('ref_axis',(-1.,0.,0.));
#2079=DIRECTION('center_axis',(0.,-1.,0.));
#2080=DIRECTION('ref_axis',(-1.,0.,0.));
#2081=DIRECTION('center_axis',(0.,-1.,0.));
#2082=DIRECTION('ref_axis',(0.707106781186547,0.,-0.707106781186548));
#2083=DIRECTION('center_axis',(0.,1.,0.));
#2084=DIRECTION('ref_axis',(0.707106781186547,0.,-0.707106781186548));
#2085=DIRECTION('',(0.,-1.,0.));
#2086=DIRECTION('center_axis',(0.,0.,-1.));
#2087=DIRECTION('ref_axis',(-0.957097768432916,0.289765183658653,0.));
#2088=DIRECTION('center_axis',(0.,0.,-1.));
#2089=DIRECTION('ref_axis',(-0.957097768432916,0.289765183658653,0.));
#2090=DIRECTION('',(0.,0.,-1.));
#2091=DIRECTION('',(0.,0.,1.));
#2092=DIRECTION('center_axis',(0.,1.,0.));
#2093=DIRECTION('ref_axis',(-1.,0.,0.));
#2094=DIRECTION('',(-1.,0.,0.));
#2095=DIRECTION('',(0.,0.,1.));
#2096=DIRECTION('center_axis',(0.,0.,1.));
#2097=DIRECTION('ref_axis',(-1.,0.,0.));
#2098=DIRECTION('center_axis',(0.,0.,-1.));
#2099=DIRECTION('ref_axis',(0.999924965451707,0.0122500394449622,0.));
#2100=DIRECTION('',(1.,2.88334775894344E-16,0.));
#2101=DIRECTION('',(0.,-1.,0.));
#2102=DIRECTION('',(1.,0.,0.));
#2103=DIRECTION('',(0.,1.,0.));
#2104=DIRECTION('',(0.,-1.,0.));
#2105=DIRECTION('center_axis',(0.,0.,-1.));
#2106=DIRECTION('ref_axis',(-0.889756521002609,-0.456435464587639,0.));
#2107=DIRECTION('center_axis',(0.,0.,1.));
#2108=DIRECTION('ref_axis',(0.166666666666666,0.98601329718327,0.));
#2109=DIRECTION('',(0.,-1.,0.));
#2110=DIRECTION('center_axis',(0.,0.,1.));
#2111=DIRECTION('ref_axis',(0.166666666666666,-0.98601329718327,0.));
#2112=DIRECTION('center_axis',(0.,0.,-1.));
#2113=DIRECTION('ref_axis',(-0.889756521002609,0.456435464587639,0.));
#2114=DIRECTION('',(0.,-1.,0.));
#2115=DIRECTION('center_axis',(0.,0.,1.));
#2116=DIRECTION('ref_axis',(0.707106781186547,-0.707106781186547,0.));
#2117=DIRECTION('center_axis',(0.,0.,1.));
#2118=DIRECTION('ref_axis',(-0.889756521002609,-0.456435464587639,0.));
#2119=DIRECTION('',(0.,0.,-1.));
#2120=DIRECTION('',(0.,0.,1.));
#2121=DIRECTION('center_axis',(0.,0.,-1.));
#2122=DIRECTION('ref_axis',(0.166666666666666,0.98601329718327,0.));
#2123=DIRECTION('',(0.,0.,1.));
#2124=DIRECTION('center_axis',(0.,0.,-1.));
#2125=DIRECTION('ref_axis',(-0.889756521002609,0.456435464587639,0.));
#2126=DIRECTION('',(0.,0.,-1.));
#2127=DIRECTION('',(0.,0.,1.));
#2128=DIRECTION('center_axis',(-1.,0.,0.));
#2129=DIRECTION('ref_axis',(0.,-1.,0.));
#2130=DIRECTION('',(0.,0.,-1.));
#2131=DIRECTION('center_axis',(0.,0.,1.));
#2132=DIRECTION('ref_axis',(0.889756521002609,0.456435464587638,0.));
#2133=DIRECTION('',(0.,0.,-1.));
#2134=DIRECTION('',(0.,0.,1.));
#2135=DIRECTION('center_axis',(0.,0.,-1.));
#2136=DIRECTION('ref_axis',(-0.166666666666667,-0.986013297183269,0.));
#2137=DIRECTION('',(0.,0.,1.));
#2138=DIRECTION('center_axis',(1.,0.,0.));
#2139=DIRECTION('ref_axis',(0.,-1.,0.));
#2140=DIRECTION('',(0.,0.,-1.));
#2141=DIRECTION('center_axis',(0.,0.,1.));
#2142=DIRECTION('ref_axis',(0.166666666666666,-0.98601329718327,0.));
#2143=DIRECTION('center_axis',(0.,0.,-1.));
#2144=DIRECTION('ref_axis',(0.707106781186547,-0.707106781186547,0.));
#2145=DIRECTION('center_axis',(-1.,0.,0.));
#2146=DIRECTION('ref_axis',(0.,1.,0.));
#2147=DIRECTION('center_axis',(1.,0.,0.));
#2148=DIRECTION('ref_axis',(0.,1.,0.));
#2149=DIRECTION('',(0.,0.,1.));
#2150=DIRECTION('center_axis',(-1.,0.,0.));
#2151=DIRECTION('ref_axis',(0.,-1.,0.));
#2152=DIRECTION('center_axis',(0.,0.,-1.));
#2153=DIRECTION('ref_axis',(1.,0.,0.));
#2154=DIRECTION('',(0.,-1.,0.));
#2155=DIRECTION('',(0.,1.,0.));
#2156=DIRECTION('',(-1.,0.,0.));
#2157=DIRECTION('center_axis',(0.,0.,-1.));
#2158=DIRECTION('ref_axis',(1.,0.,0.));
#2159=DIRECTION('',(0.,1.,0.));
#2160=DIRECTION('',(-1.,-1.36642833800019E-16,0.));
#2161=DIRECTION('',(2.02394898173618E-17,-1.,0.));
#2162=DIRECTION('',(-1.,0.,0.));
#2163=DIRECTION('center_axis',(0.,1.,0.));
#2164=DIRECTION('ref_axis',(1.,0.,0.));
#2165=DIRECTION('center_axis',(0.,1.,0.));
#2166=DIRECTION('ref_axis',(1.,0.,0.));
#2167=DIRECTION('',(0.,1.,0.));
#2168=DIRECTION('center_axis',(0.,1.,0.));
#2169=DIRECTION('ref_axis',(1.,0.,0.));
#2170=DIRECTION('center_axis',(0.,-1.,0.));
#2171=DIRECTION('ref_axis',(1.,0.,0.));
#2172=DIRECTION('center_axis',(0.,1.,0.));
#2173=DIRECTION('ref_axis',(1.,0.,0.));
#2174=DIRECTION('center_axis',(0.,1.,0.));
#2175=DIRECTION('ref_axis',(1.,0.,0.));
#2176=DIRECTION('',(0.,1.,0.));
#2177=DIRECTION('center_axis',(0.,1.,0.));
#2178=DIRECTION('ref_axis',(1.,0.,0.));
#2179=DIRECTION('center_axis',(0.,-1.,0.));
#2180=DIRECTION('ref_axis',(1.,0.,0.));
#2181=DIRECTION('center_axis',(0.,1.,0.));
#2182=DIRECTION('ref_axis',(1.,0.,0.));
#2183=DIRECTION('center_axis',(0.,1.,0.));
#2184=DIRECTION('ref_axis',(1.,0.,0.));
#2185=DIRECTION('',(0.,1.,0.));
#2186=DIRECTION('center_axis',(0.,1.,0.));
#2187=DIRECTION('ref_axis',(1.,0.,0.));
#2188=DIRECTION('center_axis',(0.,-1.,0.));
#2189=DIRECTION('ref_axis',(1.,0.,0.));
#2190=DIRECTION('center_axis',(0.,1.,0.));
#2191=DIRECTION('ref_axis',(1.,0.,0.));
#2192=DIRECTION('center_axis',(0.,1.,0.));
#2193=DIRECTION('ref_axis',(1.,0.,0.));
#2194=DIRECTION('',(0.,1.,0.));
#2195=DIRECTION('center_axis',(0.,1.,0.));
#2196=DIRECTION('ref_axis',(1.,0.,0.));
#2197=DIRECTION('center_axis',(0.,-1.,0.));
#2198=DIRECTION('ref_axis',(1.,0.,0.));
#2199=DIRECTION('center_axis',(0.,1.,0.));
#2200=DIRECTION('ref_axis',(1.,0.,0.));
#2201=DIRECTION('center_axis',(0.,1.,0.));
#2202=DIRECTION('ref_axis',(1.,0.,0.));
#2203=DIRECTION('',(0.,1.,0.));
#2204=DIRECTION('center_axis',(0.,1.,0.));
#2205=DIRECTION('ref_axis',(1.,0.,0.));
#2206=DIRECTION('center_axis',(0.,-1.,0.));
#2207=DIRECTION('ref_axis',(1.,0.,0.));
#2208=DIRECTION('center_axis',(0.,1.,0.));
#2209=DIRECTION('ref_axis',(1.,0.,0.));
#2210=DIRECTION('center_axis',(0.,1.,0.));
#2211=DIRECTION('ref_axis',(1.,0.,0.));
#2212=DIRECTION('',(0.,1.,0.));
#2213=DIRECTION('center_axis',(0.,1.,0.));
#2214=DIRECTION('ref_axis',(1.,0.,0.));
#2215=DIRECTION('center_axis',(0.,-1.,0.));
#2216=DIRECTION('ref_axis',(1.,0.,0.));
#2217=DIRECTION('center_axis',(0.,-1.,0.));
#2218=DIRECTION('ref_axis',(-1.,0.,0.));
#2219=DIRECTION('',(0.,-1.,0.));
#2220=DIRECTION('center_axis',(0.,-1.,0.));
#2221=DIRECTION('ref_axis',(-1.,0.,0.));
#2222=DIRECTION('center_axis',(0.,1.,0.));
#2223=DIRECTION('ref_axis',(-1.,0.,0.));
#2224=DIRECTION('center_axis',(0.,-1.,0.));
#2225=DIRECTION('ref_axis',(-1.,0.,0.));
#2226=DIRECTION('',(0.,-1.,0.));
#2227=DIRECTION('center_axis',(0.,-1.,0.));
#2228=DIRECTION('ref_axis',(-1.,0.,0.));
#2229=DIRECTION('center_axis',(0.,1.,0.));
#2230=DIRECTION('ref_axis',(-1.,0.,0.));
#2231=DIRECTION('center_axis',(0.,-1.,0.));
#2232=DIRECTION('ref_axis',(-1.,0.,0.));
#2233=DIRECTION('',(0.,-1.,0.));
#2234=DIRECTION('center_axis',(0.,-1.,0.));
#2235=DIRECTION('ref_axis',(-1.,0.,0.));
#2236=DIRECTION('center_axis',(0.,1.,0.));
#2237=DIRECTION('ref_axis',(-1.,0.,0.));
#2238=DIRECTION('center_axis',(0.,-1.,0.));
#2239=DIRECTION('ref_axis',(-1.,0.,0.));
#2240=DIRECTION('',(0.,-1.,0.));
#2241=DIRECTION('center_axis',(0.,-1.,0.));
#2242=DIRECTION('ref_axis',(-1.,0.,0.));
#2243=DIRECTION('center_axis',(0.,1.,0.));
#2244=DIRECTION('ref_axis',(-1.,0.,0.));
#2245=DIRECTION('center_axis',(0.,-1.,0.));
#2246=DIRECTION('ref_axis',(-1.,0.,0.));
#2247=DIRECTION('',(0.,-1.,0.));
#2248=DIRECTION('center_axis',(0.,-1.,0.));
#2249=DIRECTION('ref_axis',(-1.,0.,0.));
#2250=DIRECTION('center_axis',(0.,1.,0.));
#2251=DIRECTION('ref_axis',(-1.,0.,0.));
#2252=DIRECTION('center_axis',(0.,-1.,0.));
#2253=DIRECTION('ref_axis',(-1.,0.,0.));
#2254=DIRECTION('',(0.,-1.,0.));
#2255=DIRECTION('center_axis',(0.,-1.,0.));
#2256=DIRECTION('ref_axis',(-1.,0.,0.));
#2257=DIRECTION('center_axis',(0.,1.,0.));
#2258=DIRECTION('ref_axis',(-1.,0.,0.));
#2259=DIRECTION('center_axis',(1.,0.,0.));
#2260=DIRECTION('ref_axis',(0.,1.,0.));
#2261=DIRECTION('',(0.,0.,-1.));
#2262=DIRECTION('',(0.,-1.,0.));
#2263=DIRECTION('',(0.,0.,1.));
#2264=DIRECTION('center_axis',(1.,2.02394898173618E-17,0.));
#2265=DIRECTION('ref_axis',(-2.02394898173618E-17,1.,0.));
#2266=DIRECTION('',(0.,0.,1.));
#2267=DIRECTION('',(0.,0.,1.));
#2268=DIRECTION('',(2.02394898173618E-17,-1.,0.));
#2269=DIRECTION('',(0.,0.,1.));
#2270=DIRECTION('center_axis',(0.,0.,-1.));
#2271=DIRECTION('ref_axis',(-1.,0.,0.));
#2272=DIRECTION('',(0.,0.,1.));
#2273=DIRECTION('center_axis',(0.,0.,1.));
#2274=DIRECTION('ref_axis',(-1.,0.,0.));
#2275=DIRECTION('',(0.,0.,1.));
#2276=DIRECTION('center_axis',(0.,0.,-1.));
#2277=DIRECTION('ref_axis',(-1.,0.,0.));
#2278=DIRECTION('',(0.,0.,-1.));
#2279=DIRECTION('center_axis',(0.,0.,1.));
#2280=DIRECTION('ref_axis',(-1.,0.,0.));
#2281=DIRECTION('',(0.,0.,1.));
#2282=DIRECTION('center_axis',(0.,0.,1.));
#2283=DIRECTION('ref_axis',(-1.,0.,0.));
#2284=DIRECTION('',(-1.,-1.36642833800019E-16,0.));
#2285=DIRECTION('center_axis',(0.,0.,-1.));
#2286=DIRECTION('ref_axis',(-1.,0.,0.));
#2287=DIRECTION('center_axis',(0.,0.,1.));
#2288=DIRECTION('ref_axis',(-1.,0.,0.));
#2289=DIRECTION('',(1.,0.,0.));
#2290=DIRECTION('center_axis',(1.36642833800019E-16,-1.,0.));
#2291=DIRECTION('ref_axis',(1.,1.36642833800019E-16,0.));
#2292=DIRECTION('',(0.,0.,-1.));
#2293=DIRECTION('',(0.,0.,1.));
#2294=DIRECTION('',(-1.,-1.36642833800019E-16,0.));
#2295=DIRECTION('',(0.,0.,1.));
#2296=DIRECTION('',(-1.,-1.36642833800019E-16,0.));
#2297=DIRECTION('center_axis',(0.,1.,0.));
#2298=DIRECTION('ref_axis',(-1.,0.,0.));
#2299=DIRECTION('',(1.,0.,0.));
#2300=DIRECTION('',(0.,0.,1.));
#2301=DIRECTION('',(1.,0.,0.));
#2302=DIRECTION('center_axis',(0.,0.,1.));
#2303=DIRECTION('ref_axis',(-1.,0.,0.));
#2304=DIRECTION('',(0.,1.,0.));
#2305=DIRECTION('center_axis',(0.,0.,1.));
#2306=DIRECTION('ref_axis',(-1.,0.,0.));
#2307=DIRECTION('center_axis',(0.,0.,1.));
#2308=DIRECTION('ref_axis',(-1.,0.,0.));
#2309=DIRECTION('center_axis',(0.,1.,0.));
#2310=DIRECTION('ref_axis',(1.,0.,0.));
#2311=DIRECTION('',(1.,0.,0.));
#2312=DIRECTION('center_axis',(0.,0.,1.));
#2313=DIRECTION('ref_axis',(-1.,0.,0.));
#2314=DIRECTION('center_axis',(0.,-1.,0.));
#2315=DIRECTION('ref_axis',(-1.,0.,0.));
#2316=DIRECTION('',(0.,0.,-1.));
#2317=DIRECTION('',(-1.,0.,0.));
#2318=DIRECTION('',(0.,0.,-1.));
#2319=DIRECTION('center_axis',(0.,0.,1.));
#2320=DIRECTION('ref_axis',(-1.,0.,0.));
#2321=DIRECTION('center_axis',(0.,0.,1.));
#2322=DIRECTION('ref_axis',(-1.,0.,0.));
#2323=DIRECTION('',(0.,1.,0.));
#2324=DIRECTION('center_axis',(-1.,0.,0.));
#2325=DIRECTION('ref_axis',(0.,-1.,0.));
#2326=DIRECTION('',(0.,0.,1.));
#2327=DIRECTION('center_axis',(0.,0.,-1.));
#2328=DIRECTION('ref_axis',(-1.,0.,0.));
#2329=DIRECTION('center_axis',(-1.,0.,0.));
#2330=DIRECTION('ref_axis',(0.,-1.,0.));
#2331=DIRECTION('center_axis',(1.,0.,0.));
#2332=DIRECTION('ref_axis',(0.,1.,0.));
#2333=DIRECTION('',(0.,0.,1.));
#2334=DIRECTION('center_axis',(0.,-1.,0.));
#2335=DIRECTION('ref_axis',(1.,0.,0.));
#2336=CARTESIAN_POINT('',(0.,0.,0.));
#2337=CARTESIAN_POINT('Origin',(41.7,69.5,76.2));
#2338=CARTESIAN_POINT('',(41.7,68.25,76.2));
#2339=CARTESIAN_POINT('Origin',(41.7,69.5,76.2));
#2340=CARTESIAN_POINT('',(37.7,68.25,76.2));
#2341=CARTESIAN_POINT('',(41.7,68.25,76.2));
#2342=CARTESIAN_POINT('Origin',(37.7,69.5,76.2));
#2343=CARTESIAN_POINT('Origin',(37.7,69.5,76.2));
#2344=CARTESIAN_POINT('Origin',(41.7,6.50000000000001,86.2));
#2345=CARTESIAN_POINT('',(41.7,5.25000000000001,86.2));
#2346=CARTESIAN_POINT('Origin',(41.7,6.50000000000001,86.2));
#2347=CARTESIAN_POINT('',(37.7,5.25000000000001,86.2));
#2348=CARTESIAN_POINT('',(41.7,5.25000000000001,86.2));
#2349=CARTESIAN_POINT('Origin',(37.7,6.50000000000001,86.2));
#2350=CARTESIAN_POINT('Origin',(37.7,6.50000000000001,86.2));
#2351=CARTESIAN_POINT('Origin',(41.7,69.5,81.2));
#2352=CARTESIAN_POINT('',(41.7,68.25,81.2));
#2353=CARTESIAN_POINT('Origin',(41.7,69.5,81.2));
#2354=CARTESIAN_POINT('',(37.7,68.25,81.2));
#2355=CARTESIAN_POINT('',(41.7,68.25,81.2));
#2356=CARTESIAN_POINT('Origin',(37.7,69.5,81.2));
#2357=CARTESIAN_POINT('Origin',(37.7,69.5,81.2));
#2358=CARTESIAN_POINT('Origin',(41.7,6.50000000000001,76.2));
#2359=CARTESIAN_POINT('',(41.7,5.25000000000001,76.2));
#2360=CARTESIAN_POINT('Origin',(41.7,6.50000000000001,76.2));
#2361=CARTESIAN_POINT('',(37.7,5.25000000000001,76.2));
#2362=CARTESIAN_POINT('',(41.7,5.25000000000001,76.2));
#2363=CARTESIAN_POINT('Origin',(37.7,6.50000000000001,76.2));
#2364=CARTESIAN_POINT('Origin',(37.7,6.50000000000001,76.2));
#2365=CARTESIAN_POINT('Origin',(41.7,6.50000000000001,81.2));
#2366=CARTESIAN_POINT('',(41.7,5.25000000000001,81.2));
#2367=CARTESIAN_POINT('Origin',(41.7,6.50000000000001,81.2));
#2368=CARTESIAN_POINT('',(37.7,5.25000000000001,81.2));
#2369=CARTESIAN_POINT('',(41.7,5.25000000000001,81.2));
#2370=CARTESIAN_POINT('Origin',(37.7,6.50000000000001,81.2));
#2371=CARTESIAN_POINT('Origin',(37.7,6.50000000000001,81.2));
#2372=CARTESIAN_POINT('Origin',(41.7,69.5,86.2));
#2373=CARTESIAN_POINT('',(41.7,68.25,86.2));
#2374=CARTESIAN_POINT('Origin',(41.7,69.5,86.2));
#2375=CARTESIAN_POINT('',(37.7,68.25,86.2));
#2376=CARTESIAN_POINT('',(41.7,68.25,86.2));
#2377=CARTESIAN_POINT('Origin',(37.7,69.5,86.2));
#2378=CARTESIAN_POINT('Origin',(37.7,69.5,86.2));
#2379=CARTESIAN_POINT('Origin',(3.525,32.9997685074922,82.2));
#2380=CARTESIAN_POINT('',(-7.1,27.9997685074922,82.2));
#2381=CARTESIAN_POINT('',(-7.1,32.9997685074922,77.2));
#2382=CARTESIAN_POINT('Origin',(-7.1,32.9997685074922,82.2));
#2383=CARTESIAN_POINT('',(-9.2,32.9997685074922,77.2));
#2384=CARTESIAN_POINT('',(3.525,32.9997685074922,77.2));
#2385=CARTESIAN_POINT('',(-9.2,27.9997685074922,82.2));
#2386=CARTESIAN_POINT('Origin',(-9.2,32.9997685074922,82.2));
#2387=CARTESIAN_POINT('',(3.525,27.9997685074922,82.2));
#2388=CARTESIAN_POINT('Origin',(16.25,38.,77.2));
#2389=CARTESIAN_POINT('',(-7.1,16.9580398915498,77.2));
#2390=CARTESIAN_POINT('',(-7.1,14.,77.2));
#2391=CARTESIAN_POINT('',(-5.85,14.5213413053476,77.2));
#2392=CARTESIAN_POINT('Origin',(-4.1,16.9580398915498,77.2));
#2393=CARTESIAN_POINT('',(-4.6,12.0846427191453,77.2));
#2394=CARTESIAN_POINT('Origin',(-7.6,12.0846427191453,77.2));
#2395=CARTESIAN_POINT('',(-4.6,0.,77.2));
#2396=CARTESIAN_POINT('',(-4.6,19.,77.2));
#2397=CARTESIAN_POINT('',(0.,0.,77.2));
#2398=CARTESIAN_POINT('',(3.525,0.,77.2));
#2399=CARTESIAN_POINT('',(0.,15.85,77.2));
#2400=CARTESIAN_POINT('',(0.,19.,77.2));
#2401=CARTESIAN_POINT('',(19.2778735441017,26.1676962308137,77.2));
#2402=CARTESIAN_POINT('Origin',(12.4,15.85,77.2));
#2403=CARTESIAN_POINT('',(19.8325407654002,27.9997685074922,77.2));
#2404=CARTESIAN_POINT('Origin',(19.8325407654002,26.9997685074922,77.2));
#2405=CARTESIAN_POINT('',(34.1,27.9997685074922,77.2));
#2406=CARTESIAN_POINT('',(26.675,27.9997685074922,77.2));
#2407=CARTESIAN_POINT('',(37.1,30.9997685074922,77.2));
#2408=CARTESIAN_POINT('Origin',(34.1,30.9997685074922,77.2));
#2409=CARTESIAN_POINT('',(37.1,36.0846427191453,77.2));
#2410=CARTESIAN_POINT('',(37.1,57.,77.2));
#2411=CARTESIAN_POINT('',(38.35,38.5213413053476,77.2));
#2412=CARTESIAN_POINT('Origin',(40.1,36.0846427191453,77.2));
#2413=CARTESIAN_POINT('',(39.6,40.9580398915498,77.2));
#2414=CARTESIAN_POINT('Origin',(36.6,40.9580398915498,77.2));
#2415=CARTESIAN_POINT('',(39.6,59.0419601084502,77.2));
#2416=CARTESIAN_POINT('',(39.6,38.,77.2));
#2417=CARTESIAN_POINT('',(38.35,61.4786586946524,77.2));
#2418=CARTESIAN_POINT('Origin',(36.6,59.0419601084502,77.2));
#2419=CARTESIAN_POINT('',(37.1,63.9153572808547,77.2));
#2420=CARTESIAN_POINT('Origin',(40.1,63.9153572808547,77.2));
#2421=CARTESIAN_POINT('',(37.1,76.,77.2));
#2422=CARTESIAN_POINT('',(37.1,57.,77.2));
#2423=CARTESIAN_POINT('',(32.5,76.,77.2));
#2424=CARTESIAN_POINT('',(28.975,76.,77.2));
#2425=CARTESIAN_POINT('',(32.5,60.15,77.2));
#2426=CARTESIAN_POINT('',(32.5,57.,77.2));
#2427=CARTESIAN_POINT('',(18.5555023966461,47.8465644166666,77.2));
#2428=CARTESIAN_POINT('Origin',(20.1,60.15,77.2));
#2429=CARTESIAN_POINT('',(12.6674592345998,43.0002314925078,77.2));
#2430=CARTESIAN_POINT('Origin',(12.6674592345998,49.0002314925078,77.2));
#2431=CARTESIAN_POINT('',(-9.2,43.0002314925078,77.2));
#2432=CARTESIAN_POINT('',(5.825,43.0002314925078,77.2));
#2433=CARTESIAN_POINT('',(-9.2,51.9998842537461,77.2));
#2434=CARTESIAN_POINT('Origin',(5.825,43.0002314925078,82.2));
#2435=CARTESIAN_POINT('',(12.6674592345998,48.0002314925078,82.2));
#2436=CARTESIAN_POINT('Origin',(12.6674592345998,43.0002314925078,82.2));
#2437=CARTESIAN_POINT('',(-9.2,48.0002314925078,82.2));
#2438=CARTESIAN_POINT('',(5.825,48.0002314925078,82.2));
#2439=CARTESIAN_POINT('Origin',(-9.2,43.0002314925078,82.2));
#2440=CARTESIAN_POINT('Origin',(12.6674592345998,49.0002314925078,82.2));
#2441=CARTESIAN_POINT('',(13.2221264558984,49.8323037691863,82.2));
#2442=CARTESIAN_POINT('Ctrl Pts',(18.5555023966461,47.8465644166666,77.2));
#2443=CARTESIAN_POINT('Ctrl Pts',(18.1504162761887,47.8974164358413,77.2));
#2444=CARTESIAN_POINT('Ctrl Pts',(17.7492186730145,47.9683369845579,77.2497006170029));
#2445=CARTESIAN_POINT('Ctrl Pts',(16.7855179884824,48.1866625653495,77.4967880819099));
#2446=CARTESIAN_POINT('Ctrl Pts',(16.2566964360019,48.3498815997237,77.7480399055385));
#2447=CARTESIAN_POINT('Ctrl Pts',(15.3394296189101,48.6904064644839,78.4116824497099));
#2448=CARTESIAN_POINT('Ctrl Pts',(14.9589286282114,48.8600619571608,78.8029743688019));
#2449=CARTESIAN_POINT('Ctrl Pts',(14.2288826087325,49.2188080648722,79.7961204733476));
#2450=CARTESIAN_POINT('Ctrl Pts',(13.9383799746697,49.3857724834495,80.3807386160293));
#2451=CARTESIAN_POINT('Ctrl Pts',(13.5299133758096,49.6316465585642,81.3468158776899));
#2452=CARTESIAN_POINT('Ctrl Pts',(13.3699442992684,49.7338334192988,81.7871434803429));
#2453=CARTESIAN_POINT('Ctrl Pts',(13.2242905574664,49.8308614045159,82.1939546649245));
#2454=CARTESIAN_POINT('Ctrl Pts',(13.22320844857,49.8315825026744,82.1969773363326));
#2455=CARTESIAN_POINT('Ctrl Pts',(13.2221264558984,49.8323037691863,82.2));
#2456=CARTESIAN_POINT('Origin',(12.6674592345998,49.0002314925078,82.2));
#2457=CARTESIAN_POINT('Origin',(-2.49463321884557,22.9997685074922,86.2));
#2458=CARTESIAN_POINT('',(-9.2,27.9997685074922,86.2));
#2459=CARTESIAN_POINT('',(-9.2,22.9997685074922,91.2));
#2460=CARTESIAN_POINT('Origin',(-9.2,22.9997685074922,86.2));
#2461=CARTESIAN_POINT('',(-7.1,22.9997685074922,91.2));
#2462=CARTESIAN_POINT('',(-2.49463321884557,22.9997685074922,91.2));
#2463=CARTESIAN_POINT('',(-7.1,27.9997685074922,86.2));
#2464=CARTESIAN_POINT('Origin',(-7.1,22.9997685074922,86.2));
#2465=CARTESIAN_POINT('',(-2.49463321884557,27.9997685074922,86.2));
#2466=CARTESIAN_POINT('Origin',(4.21073356230886,38.,91.2));
#2467=CARTESIAN_POINT('',(-9.2,0.,91.2));
#2468=CARTESIAN_POINT('',(-9.2,76.,91.2));
#2469=CARTESIAN_POINT('',(-4.6,0.,91.2));
#2470=CARTESIAN_POINT('',(-9.2,0.,91.2));
#2471=CARTESIAN_POINT('',(-4.6,12.0846427191453,91.2));
#2472=CARTESIAN_POINT('',(-4.6,48.0002314925078,91.2));
#2473=CARTESIAN_POINT('',(-5.85,14.5213413053476,91.2));
#2474=CARTESIAN_POINT('Origin',(-7.6,12.0846427191453,91.2));
#2475=CARTESIAN_POINT('',(-7.1,16.9580398915498,91.2));
#2476=CARTESIAN_POINT('Origin',(-4.1,16.9580398915498,91.2));
#2477=CARTESIAN_POINT('',(-7.1,26.,91.2));
#2478=CARTESIAN_POINT('Origin',(-9.2,76.,0.));
#2479=CARTESIAN_POINT('',(-9.2,27.9997685074922,45.6));
#2480=CARTESIAN_POINT('',(-9.2,48.0002314925078,86.2));
#2481=CARTESIAN_POINT('',(-9.2,48.0002314925078,38.6));
#2482=CARTESIAN_POINT('',(-9.2,53.0002314925078,91.2));
#2483=CARTESIAN_POINT('Origin',(-9.2,53.0002314925078,86.2));
#2484=CARTESIAN_POINT('',(-9.2,76.,91.2));
#2485=CARTESIAN_POINT('',(-9.2,76.,91.2));
#2486=CARTESIAN_POINT('',(-9.2,76.,8.));
#2487=CARTESIAN_POINT('',(-9.2,76.,0.));
#2488=CARTESIAN_POINT('',(-9.2,0.,8.));
#2489=CARTESIAN_POINT('',(-9.2,57.,8.));
#2490=CARTESIAN_POINT('',(-9.2,0.,0.));
#2491=CARTESIAN_POINT('',(-9.2,7.75,76.2));
#2492=CARTESIAN_POINT('Origin',(-9.2,6.5,76.2));
#2493=CARTESIAN_POINT('',(-9.2,70.75,81.2));
#2494=CARTESIAN_POINT('Origin',(-9.2,69.5,81.2));
#2495=CARTESIAN_POINT('',(-9.2,70.75,76.2));
#2496=CARTESIAN_POINT('Origin',(-9.2,69.5,76.2));
#2497=CARTESIAN_POINT('',(-9.2,7.75,81.2));
#2498=CARTESIAN_POINT('Origin',(-9.2,6.5,81.2));
#2499=CARTESIAN_POINT('',(-9.2,70.75,86.2));
#2500=CARTESIAN_POINT('Origin',(-9.2,69.5,86.2));
#2501=CARTESIAN_POINT('',(-9.2,7.75,86.2));
#2502=CARTESIAN_POINT('Origin',(-9.2,6.5,86.2));
#2503=CARTESIAN_POINT('Ctrl Pts',(13.2221264558984,49.8323037691863,86.2));
#2504=CARTESIAN_POINT('Ctrl Pts',(13.2221264558984,49.8323037691863,86.4230400225843));
#2505=CARTESIAN_POINT('Ctrl Pts',(13.139515669866,49.8489013637859,86.8682948648405));
#2506=CARTESIAN_POINT('Ctrl Pts',(12.75705540398,49.9285748284181,87.6176918465337));
#2507=CARTESIAN_POINT('Ctrl Pts',(12.1041470582276,50.0749674219919,88.3367172711449));
#2508=CARTESIAN_POINT('Ctrl Pts',(11.2280492104872,50.2962448258006,89.0236177709238));
#2509=CARTESIAN_POINT('Ctrl Pts',(10.2969035113567,50.5595322116722,89.5929834472733));
#2510=CARTESIAN_POINT('Ctrl Pts',(9.33484463255984,50.8624160246129,90.0693447701148));
#2511=CARTESIAN_POINT('Ctrl Pts',(8.50893424807185,51.1497257335796,90.3993518765385));
#2512=CARTESIAN_POINT('Ctrl Pts',(7.83995160791944,51.3997199711314,90.6230274705265));
#2513=CARTESIAN_POINT('Ctrl Pts',(7.33497099928553,51.5970657794494,90.7705538954615));
#2514=CARTESIAN_POINT('Ctrl Pts',(6.82546961754266,51.8050150648694,90.8980477163977));
#2515=CARTESIAN_POINT('Ctrl Pts',(6.31235019985765,52.0234110524564,91.0047565621451));
#2516=CARTESIAN_POINT('Ctrl Pts',(5.79678162613921,52.2519243213477,91.0897818904424));
#2517=CARTESIAN_POINT('Ctrl Pts',(5.27977956186109,52.4902042396623,91.1521454611001));
#2518=CARTESIAN_POINT('Ctrl Pts',(4.76241000478396,52.7378060624879,91.1907515597295));
#2519=CARTESIAN_POINT('Ctrl Pts',(4.41794790598381,52.9087466660511,91.1998395627411));
#2520=CARTESIAN_POINT('Ctrl Pts',(4.24293961811684,52.9971340982665,91.199998598682));
#2521=CARTESIAN_POINT('Ctrl Pts',(4.23987457089007,52.9986825683976,91.2));
#2522=CARTESIAN_POINT('Ctrl Pts',(4.2368095803753,53.0002314925078,91.2));
#2523=CARTESIAN_POINT('Ctrl Pts',(13.4244887856131,49.6974071330835,86.2));
#2524=CARTESIAN_POINT('Ctrl Pts',(13.4244887856131,49.6974071330835,86.4588209876549));
#2525=CARTESIAN_POINT('Ctrl Pts',(13.3151895421735,49.7164053369039,86.9708952851281));
#2526=CARTESIAN_POINT('Ctrl Pts',(12.8638280539031,49.798869453172,87.7645293357823));
#2527=CARTESIAN_POINT('Ctrl Pts',(12.1581303403208,49.9461620238619,88.4754575291967));
#2528=CARTESIAN_POINT('Ctrl Pts',(11.2440750172475,50.1734468748408,89.1391832200819));
#2529=CARTESIAN_POINT('Ctrl Pts',(10.2894981395439,50.4476342340304,89.6817046534245));
#2530=CARTESIAN_POINT('Ctrl Pts',(9.31368163405847,50.7652320135967,90.133226392613));
#2531=CARTESIAN_POINT('Ctrl Pts',(8.48268993609417,51.0672522437704,90.4448209788637));
#2532=CARTESIAN_POINT('Ctrl Pts',(7.81277911806576,51.3297948252625,90.6558405460624));
#2533=CARTESIAN_POINT('Ctrl Pts',(7.3085319857224,51.5368548540772,90.7949320819065));
#2534=CARTESIAN_POINT('Ctrl Pts',(6.80105334938968,51.7547471639689,90.9151240776937));
#2535=CARTESIAN_POINT('Ctrl Pts',(6.29111260386887,51.9832185091663,91.0157278639074));
#2536=CARTESIAN_POINT('Ctrl Pts',(5.7797278275526,52.2218457725692,91.0959204059106));
#2537=CARTESIAN_POINT('Ctrl Pts',(5.26775443257654,52.4702085515103,91.1547771254797));
#2538=CARTESIAN_POINT('Ctrl Pts',(4.75608025437497,52.7277964332363,91.191247732955));
#2539=CARTESIAN_POINT('Ctrl Pts',(4.4157345530282,52.9053161967977,91.1998479575634));
#2540=CARTESIAN_POINT('Ctrl Pts',(4.24286469676525,52.9970181407517,91.1999986766691));
#2541=CARTESIAN_POINT('Ctrl Pts',(4.23983709971381,52.9986245782527,91.2));
#2542=CARTESIAN_POINT('Ctrl Pts',(4.2368095803753,53.0002314925078,91.2));
#2543=CARTESIAN_POINT('Ctrl Pts',(13.7253449095246,49.2733825865373,86.2));
#2544=CARTESIAN_POINT('Ctrl Pts',(13.7253449095246,49.2733825865373,86.5222171157669));
#2545=CARTESIAN_POINT('Ctrl Pts',(13.5665540640346,49.3054994170092,87.1518173582235));
#2546=CARTESIAN_POINT('Ctrl Pts',(12.9918585511629,49.4242510885899,88.0140801638193));
#2547=CARTESIAN_POINT('Ctrl Pts',(12.19916088678,49.6082039300338,88.7011943225646));
#2548=CARTESIAN_POINT('Ctrl Pts',(11.2281058918478,49.8777400205835,89.3206826811176));
#2549=CARTESIAN_POINT('Ctrl Pts',(10.2424829818086,50.1944646054238,89.8170371886709));
#2550=CARTESIAN_POINT('Ctrl Pts',(9.25156183362966,50.5554644569666,90.2285679117274));
#2551=CARTESIAN_POINT('Ctrl Pts',(8.41808301881399,50.8937774211739,90.511763725251));
#2552=CARTESIAN_POINT('Ctrl Pts',(7.75085938035256,51.1851932160945,90.7037351820984));
#2553=CARTESIAN_POINT('Ctrl Pts',(7.25075474197849,51.413681993456,90.8302978784102));
#2554=CARTESIAN_POINT('Ctrl Pts',(6.74932243539159,51.652817338153,90.9397719572609));
#2555=CARTESIAN_POINT('Ctrl Pts',(6.24713524962653,51.9022751792409,91.0314971259248));
#2556=CARTESIAN_POINT('Ctrl Pts',(5.74499314152101,52.1615812725835,91.1047142828672));
#2557=CARTESIAN_POINT('Ctrl Pts',(5.24353611303956,52.4302783974246,91.1585374840055));
#2558=CARTESIAN_POINT('Ctrl Pts',(4.74341540127242,52.7078542765975,91.1919545693502));
#2559=CARTESIAN_POINT('Ctrl Pts',(4.41130741767161,52.8984634738094,91.1998597677297));
#2560=CARTESIAN_POINT('Ctrl Pts',(4.24271485888857,52.996786131436,91.1999987901731));
#2561=CARTESIAN_POINT('Ctrl Pts',(4.23976215736128,52.998508597963,91.2));
#2562=CARTESIAN_POINT('Ctrl Pts',(4.2368095803753,53.0002314925078,91.2));
#2563=CARTESIAN_POINT('Ctrl Pts',(13.6454868493556,48.5640783197817,86.2));
#2564=CARTESIAN_POINT('Ctrl Pts',(13.6454868493556,48.5640783197817,86.5420243634949));
#2565=CARTESIAN_POINT('Ctrl Pts',(13.473064778654,48.615659291364,87.2082105695024));
#2566=CARTESIAN_POINT('Ctrl Pts',(12.8674694559448,48.8026924691005,88.0902874874493));
#2567=CARTESIAN_POINT('Ctrl Pts',(12.0582937605216,49.0700997001552,88.7684468932031));
#2568=CARTESIAN_POINT('Ctrl Pts',(11.0829063129257,49.4268400756253,89.3736465169028));
#2569=CARTESIAN_POINT('Ctrl Pts',(10.1023360825577,49.8222367157545,89.8558378080014));
#2570=CARTESIAN_POINT('Ctrl Pts',(9.12299122323981,50.255009724761,90.2555419182359));
#2571=CARTESIAN_POINT('Ctrl Pts',(8.30372336338628,50.6491527403611,90.5305405756606));
#2572=CARTESIAN_POINT('Ctrl Pts',(7.65021587723997,50.98304979695,90.7170977694413));
#2573=CARTESIAN_POINT('Ctrl Pts',(7.16148885161458,51.242419881746,90.8401274602472));
#2574=CARTESIAN_POINT('Ctrl Pts',(6.67250919819032,51.5116528935181,90.9466014974494));
#2575=CARTESIAN_POINT('Ctrl Pts',(6.1837956626146,51.7904884211161,91.0358556372476));
#2576=CARTESIAN_POINT('Ctrl Pts',(5.6960868512695,52.0784975456398,91.1071406093025));
#2577=CARTESIAN_POINT('Ctrl Pts',(5.20996493691579,52.3752831461286,91.1595740266485));
#2578=CARTESIAN_POINT('Ctrl Pts',(4.72602351830398,52.6803931486549,91.1921498554716));
#2579=CARTESIAN_POINT('Ctrl Pts',(4.40522274744561,52.8890365610225,91.1998631170477));
#2580=CARTESIAN_POINT('Ctrl Pts',(4.24250880131868,52.9964671693111,91.1999988202223));
#2581=CARTESIAN_POINT('Ctrl Pts',(4.23965911162654,52.9983491250647,91.2));
#2582=CARTESIAN_POINT('Ctrl Pts',(4.2368095803753,53.0002314925078,91.2));
#2583=CARTESIAN_POINT('Ctrl Pts',(13.2139435808174,48.1025936896419,86.2));
#2584=CARTESIAN_POINT('Ctrl Pts',(13.2139435808174,48.1025936896419,86.4989744477065));
#2585=CARTESIAN_POINT('Ctrl Pts',(13.0763923160452,48.1545000012437,87.0855590333763));
#2586=CARTESIAN_POINT('Ctrl Pts',(12.5574395139621,48.3569265516759,87.9233844754453));
#2587=CARTESIAN_POINT('Ctrl Pts',(11.8103399045537,48.6619079209335,88.6199173923328));
#2588=CARTESIAN_POINT('Ctrl Pts',(10.8810225953797,49.0689335644774,89.255832838164));
#2589=CARTESIAN_POINT('Ctrl Pts',(9.93423855458058,49.5162870170107,89.7689933810708));
#2590=CARTESIAN_POINT('Ctrl Pts',(8.98378238357812,50.000833126178,90.1948883058103));
#2591=CARTESIAN_POINT('Ctrl Pts',(8.18683958960117,50.4381316246719,90.4881865650259));
#2592=CARTESIAN_POINT('Ctrl Pts',(7.55098884234699,50.8063003806,90.6869010089407));
#2593=CARTESIAN_POINT('Ctrl Pts',(7.07548347259755,51.0912393614407,90.8178854949217));
#2594=CARTESIAN_POINT('Ctrl Pts',(6.59988906952065,51.3859840356055,90.9311322217738));
#2595=CARTESIAN_POINT('Ctrl Pts',(6.12480826279669,51.6902457447617,91.0259758480141));
#2596=CARTESIAN_POINT('Ctrl Pts',(5.65106193092013,52.003546533952,91.1016386305481));
#2597=CARTESIAN_POINT('Ctrl Pts',(5.17930700274796,52.3254445211441,91.1572239074734));
#2598=CARTESIAN_POINT('Ctrl Pts',(4.71021839548301,52.6554338958846,91.1917087654139));
#2599=CARTESIAN_POINT('Ctrl Pts',(4.39969195765074,52.8804670620249,91.1998558011191));
#2600=CARTESIAN_POINT('Ctrl Pts',(4.24232146780439,52.9961771990006,91.1999987485316));
#2601=CARTESIAN_POINT('Ctrl Pts',(4.23956543368588,52.9982041497026,91.2));
#2602=CARTESIAN_POINT('Ctrl Pts',(4.2368095803753,53.0002314925078,91.2));
#2603=CARTESIAN_POINT('Ctrl Pts',(12.8498613546319,48.0002314925078,86.2));
#2604=CARTESIAN_POINT('Ctrl Pts',(12.8498613546319,48.0002314925078,86.4499758376699));
#2605=CARTESIAN_POINT('Ctrl Pts',(12.7476753869239,48.0403212027098,86.9455097528058));
#2606=CARTESIAN_POINT('Ctrl Pts',(12.3152343286676,48.2143478219487,87.7280806152311));
#2607=CARTESIAN_POINT('Ctrl Pts',(11.6280237480022,48.5042202878993,88.440903046085));
#2608=CARTESIAN_POINT('Ctrl Pts',(10.7406456737888,48.9105313281306,89.110346115257));
#2609=CARTESIAN_POINT('Ctrl Pts',(9.82231988217369,49.3674224764884,89.6595393877696));
#2610=CARTESIAN_POINT('Ctrl Pts',(8.89419897976699,49.8682290399964,90.1172536901931));
#2611=CARTESIAN_POINT('Ctrl Pts',(8.11322345435587,50.323217449578,90.4334497996931));
#2612=CARTESIAN_POINT('Ctrl Pts',(7.48935090715865,50.7073578733162,90.6476319471244));
#2613=CARTESIAN_POINT('Ctrl Pts',(7.02254760703803,51.005033325667,90.7888322294038));
#2614=CARTESIAN_POINT('Ctrl Pts',(6.55553546040368,51.3131977857554,90.9108501557057));
#2615=CARTESIAN_POINT('Ctrl Pts',(6.08900655206492,51.6314337641701,91.0129810423647));
#2616=CARTESIAN_POINT('Ctrl Pts',(5.62386712417256,51.9591245217037,91.0943827120417));
#2617=CARTESIAN_POINT('Ctrl Pts',(5.16085494675467,52.2956860367457,91.1541172512758));
#2618=CARTESIAN_POINT('Ctrl Pts',(4.70072495592027,52.6404622496062,91.1911226134128));
#2619=CARTESIAN_POINT('Ctrl Pts',(4.39637241137181,52.8753256660031,91.1998457442688));
#2620=CARTESIAN_POINT('Ctrl Pts',(4.24220907997355,52.9960032134206,91.1999986584868));
#2621=CARTESIAN_POINT('Ctrl Pts',(4.23950922692148,52.9981171644853,91.2));
#2622=CARTESIAN_POINT('Ctrl Pts',(4.2368095803753,53.0002314925078,91.2));
#2623=CARTESIAN_POINT('Ctrl Pts',(12.6674592345998,48.0002314925078,86.2));
#2624=CARTESIAN_POINT('Ctrl Pts',(12.6674592345998,48.0002314925078,86.4230400225832));
#2625=CARTESIAN_POINT('Ctrl Pts',(12.5830711904217,48.0319602282965,86.8682948648401));
#2626=CARTESIAN_POINT('Ctrl Pts',(12.1942055697907,48.1828011715064,87.617691846533));
#2627=CARTESIAN_POINT('Ctrl Pts',(11.5370231730749,48.454499377528,88.3367172711447));
#2628=CARTESIAN_POINT('Ctrl Pts',(10.6706526228658,48.8507744019826,89.0236177709234));
#2629=CARTESIAN_POINT('Ctrl Pts',(9.76650011974358,49.3052368725524,89.5929834472732));
#2630=CARTESIAN_POINT('Ctrl Pts',(8.84954178629013,49.8090075410637,90.0693447701147));
#2631=CARTESIAN_POINT('Ctrl Pts',(8.07649613852513,50.2699454426646,90.3993518765384));
#2632=CARTESIAN_POINT('Ctrl Pts',(7.45860120288078,50.6604173371594,90.6230274705264));
#2633=CARTESIAN_POINT('Ctrl Pts',(6.99613712755915,50.9635218574697,90.7705538954615));
#2634=CARTESIAN_POINT('Ctrl Pts',(6.53340593436897,51.2777153891527,90.8980477163977));
#2635=CARTESIAN_POINT('Ctrl Pts',(6.07114244034401,51.602479204977,91.0047565621451));
#2636=CARTESIAN_POINT('Ctrl Pts',(5.61029699524129,51.9370868996022,91.0897818904424));
#2637=CARTESIAN_POINT('Ctrl Pts',(5.15164606002606,52.2808427008947,91.1521454611001));
#2638=CARTESIAN_POINT('Ctrl Pts',(4.69598761838256,52.6329688141345,91.1907515597295));
#2639=CARTESIAN_POINT('Ctrl Pts',(4.39471363728265,52.8727541208218,91.1998395627411));
#2640=CARTESIAN_POINT('Ctrl Pts',(4.24215287459796,52.9959162303794,91.199998598682));
#2641=CARTESIAN_POINT('Ctrl Pts',(4.23948112353928,52.9980736718766,91.2));
#2642=CARTESIAN_POINT('Ctrl Pts',(4.2368095803753,53.0002314925078,91.2));
#2643=CARTESIAN_POINT('',(13.2221264558984,49.8323037691863,86.2));
#2644=CARTESIAN_POINT('',(4.2368095803753,53.0002314925078,91.2));
#2645=CARTESIAN_POINT('Ctrl Pts',(13.2221264558984,49.8323037691863,86.2));
#2646=CARTESIAN_POINT('Ctrl Pts',(13.2221264558984,49.8323037691863,86.4230400225843));
#2647=CARTESIAN_POINT('Ctrl Pts',(13.139515669866,49.8489013637859,86.8682948648405));
#2648=CARTESIAN_POINT('Ctrl Pts',(12.75705540398,49.9285748284181,87.6176918465337));
#2649=CARTESIAN_POINT('Ctrl Pts',(12.1041470582276,50.0749674219919,88.3367172711449));
#2650=CARTESIAN_POINT('Ctrl Pts',(11.2280492104872,50.2962448258006,89.0236177709238));
#2651=CARTESIAN_POINT('Ctrl Pts',(10.2969035113567,50.5595322116722,89.5929834472733));
#2652=CARTESIAN_POINT('Ctrl Pts',(9.33484463255984,50.8624160246129,90.0693447701148));
#2653=CARTESIAN_POINT('Ctrl Pts',(8.50893424807185,51.1497257335796,90.3993518765385));
#2654=CARTESIAN_POINT('Ctrl Pts',(7.83995160791944,51.3997199711314,90.6230274705265));
#2655=CARTESIAN_POINT('Ctrl Pts',(7.33497099928553,51.5970657794494,90.7705538954615));
#2656=CARTESIAN_POINT('Ctrl Pts',(6.82546961754266,51.8050150648694,90.8980477163977));
#2657=CARTESIAN_POINT('Ctrl Pts',(6.31235019985765,52.0234110524564,91.0047565621451));
#2658=CARTESIAN_POINT('Ctrl Pts',(5.79678162613921,52.2519243213477,91.0897818904424));
#2659=CARTESIAN_POINT('Ctrl Pts',(5.27977956186109,52.4902042396623,91.1521454611001));
#2660=CARTESIAN_POINT('Ctrl Pts',(4.76241000478396,52.7378060624879,91.1907515597295));
#2661=CARTESIAN_POINT('Ctrl Pts',(4.41794790598381,52.9087466660511,91.1998395627411));
#2662=CARTESIAN_POINT('Ctrl Pts',(4.24293961811684,52.9971340982665,91.199998598682));
#2663=CARTESIAN_POINT('Ctrl Pts',(4.23987457089007,52.9986825683976,91.2));
#2664=CARTESIAN_POINT('Ctrl Pts',(4.2368095803753,53.0002314925078,91.2));
#2665=CARTESIAN_POINT('',(12.6674592345998,48.0002314925078,86.2));
#2666=CARTESIAN_POINT('Ctrl Pts',(4.2368095803753,53.0002314925078,91.2));
#2667=CARTESIAN_POINT('Ctrl Pts',(4.23948112353928,52.9980736718766,91.2));
#2668=CARTESIAN_POINT('Ctrl Pts',(4.24215287459796,52.9959162303794,91.199998598682));
#2669=CARTESIAN_POINT('Ctrl Pts',(4.39471363728265,52.8727541208218,91.1998395627411));
#2670=CARTESIAN_POINT('Ctrl Pts',(4.69598761838256,52.6329688141345,91.1907515597295));
#2671=CARTESIAN_POINT('Ctrl Pts',(5.15164606002606,52.2808427008947,91.1521454611001));
#2672=CARTESIAN_POINT('Ctrl Pts',(5.61029699524129,51.9370868996022,91.0897818904424));
#2673=CARTESIAN_POINT('Ctrl Pts',(6.07114244034401,51.602479204977,91.0047565621451));
#2674=CARTESIAN_POINT('Ctrl Pts',(6.53340593436897,51.2777153891527,90.8980477163977));
#2675=CARTESIAN_POINT('Ctrl Pts',(6.99613712755915,50.9635218574697,90.7705538954615));
#2676=CARTESIAN_POINT('Ctrl Pts',(7.45860120288078,50.6604173371594,90.6230274705264));
#2677=CARTESIAN_POINT('Ctrl Pts',(8.07649613852513,50.2699454426646,90.3993518765384));
#2678=CARTESIAN_POINT('Ctrl Pts',(8.84954178629013,49.8090075410637,90.0693447701147));
#2679=CARTESIAN_POINT('Ctrl Pts',(9.76650011974358,49.3052368725524,89.5929834472732));
#2680=CARTESIAN_POINT('Ctrl Pts',(10.6706526228658,48.8507744019826,89.0236177709234));
#2681=CARTESIAN_POINT('Ctrl Pts',(11.5370231730749,48.454499377528,88.3367172711447));
#2682=CARTESIAN_POINT('Ctrl Pts',(12.1942055697907,48.1828011715064,87.617691846533));
#2683=CARTESIAN_POINT('Ctrl Pts',(12.5830711904217,48.0319602282965,86.8682948648401));
#2684=CARTESIAN_POINT('Ctrl Pts',(12.6674592345998,48.0002314925078,86.4230400225832));
#2685=CARTESIAN_POINT('Ctrl Pts',(12.6674592345998,48.0002314925078,86.2));
#2686=CARTESIAN_POINT('Origin',(12.6674592345998,49.0002314925078,86.2));
#2687=CARTESIAN_POINT('Origin',(-0.194633218845571,53.0002314925078,86.2));
#2688=CARTESIAN_POINT('',(-0.194633218845571,53.0002314925078,91.2));
#2689=CARTESIAN_POINT('',(-0.194633218845571,48.0002314925078,86.2));
#2690=CARTESIAN_POINT('Origin',(20.1,60.15,86.2));
#2691=CARTESIAN_POINT('',(7.70094239173839,59.9971261074942,86.2));
#2692=CARTESIAN_POINT('Origin',(20.1,60.15,86.2));
#2693=CARTESIAN_POINT('',(2.70067157695475,59.9971261074942,91.2));
#2694=CARTESIAN_POINT('Ctrl Pts',(7.70094239173839,59.9971261074942,86.2));
#2695=CARTESIAN_POINT('Ctrl Pts',(7.70094239173839,59.9971261074942,86.5085276680725));
#2696=CARTESIAN_POINT('Ctrl Pts',(7.67050052889538,59.9971261074942,86.8454795477267));
#2697=CARTESIAN_POINT('Ctrl Pts',(7.53923084325494,59.9971261074942,87.505382066231));
#2698=CARTESIAN_POINT('Ctrl Pts',(7.43840310361843,59.9971261074942,87.8283327216236));
#2699=CARTESIAN_POINT('Ctrl Pts',(7.20225277641763,59.9971261074942,88.3984245840949));
#2700=CARTESIAN_POINT('Ctrl Pts',(7.04517176492669,59.9971261074942,88.6980868953537));
#2701=CARTESIAN_POINT('Ctrl Pts',(6.67133978287965,59.9971261074942,89.2575397386197));
#2702=CARTESIAN_POINT('Ctrl Pts',(6.45458893037303,59.9971261074942,89.5173303495088));
#2703=CARTESIAN_POINT('Ctrl Pts',(6.01823313847367,59.9971261074942,89.9536688949577));
#2704=CARTESIAN_POINT('Ctrl Pts',(5.7584255360375,59.9971261074941,90.1704152688778));
#2705=CARTESIAN_POINT('Ctrl Pts',(5.19894077906787,59.9971261074941,90.5442369890887));
#2706=CARTESIAN_POINT('Ctrl Pts',(4.89926365890415,59.9971261074942,90.7013123868193));
#2707=CARTESIAN_POINT('Ctrl Pts',(4.32913491201754,59.9971261074942,90.9374601016608));
#2708=CARTESIAN_POINT('Ctrl Pts',(4.00615707679872,59.9971261074942,91.0382882369338));
#2709=CARTESIAN_POINT('Ctrl Pts',(3.34620109519155,59.9971261074942,91.1695581971834));
#2710=CARTESIAN_POINT('Ctrl Pts',(3.0092229443954,59.9971261074942,91.2));
#2711=CARTESIAN_POINT('Ctrl Pts',(2.70067157695475,59.9971261074942,91.2));
#2712=CARTESIAN_POINT('Origin',(20.1,60.15,91.2));
#2713=CARTESIAN_POINT('Origin',(12.6674592345998,49.0002314925078,81.2));
#2714=CARTESIAN_POINT('',(13.2221264558984,49.8323037691863,81.2));
#2715=CARTESIAN_POINT('',(12.6674592345998,48.0002314925078,81.2));
#2716=CARTESIAN_POINT('Origin',(-4.6,48.0002314925078,81.2));
#2717=CARTESIAN_POINT('Origin',(-9.2,27.9997685074922,91.2));
#2718=CARTESIAN_POINT('',(-7.1,27.9997685074922,91.2));
#2719=CARTESIAN_POINT('Origin',(4.21073356230886,38.,91.2));
#2720=CARTESIAN_POINT('',(0.,59.9971261074942,91.2));
#2721=CARTESIAN_POINT('',(7.70094239173839,59.9971261074942,91.2));
#2722=CARTESIAN_POINT('',(0.,76.,91.2));
#2723=CARTESIAN_POINT('',(0.,59.9971261074942,91.2));
#2724=CARTESIAN_POINT('',(0.,76.,91.2));
#2725=CARTESIAN_POINT('Origin',(-9.2,6.5,86.2));
#2726=CARTESIAN_POINT('',(-5.2,7.75,86.2));
#2727=CARTESIAN_POINT('',(-9.2,7.75,86.2));
#2728=CARTESIAN_POINT('Origin',(-5.2,6.5,86.2));
#2729=CARTESIAN_POINT('Origin',(-5.2,6.5,86.2));
#2730=CARTESIAN_POINT('Origin',(-9.2,69.5,86.2));
#2731=CARTESIAN_POINT('',(-5.2,70.75,86.2));
#2732=CARTESIAN_POINT('',(-9.2,70.75,86.2));
#2733=CARTESIAN_POINT('Origin',(-5.2,69.5,86.2));
#2734=CARTESIAN_POINT('Origin',(-5.2,69.5,86.2));
#2735=CARTESIAN_POINT('Origin',(-9.2,6.5,81.2));
#2736=CARTESIAN_POINT('',(-5.2,7.75,81.2));
#2737=CARTESIAN_POINT('',(-9.2,7.75,81.2));
#2738=CARTESIAN_POINT('Origin',(-5.2,6.5,81.2));
#2739=CARTESIAN_POINT('Origin',(-5.2,6.5,81.2));
#2740=CARTESIAN_POINT('Origin',(-9.2,69.5,76.2));
#2741=CARTESIAN_POINT('',(-5.2,70.75,76.2));
#2742=CARTESIAN_POINT('',(-9.2,70.75,76.2));
#2743=CARTESIAN_POINT('Origin',(-5.2,69.5,76.2));
#2744=CARTESIAN_POINT('Origin',(-5.2,69.5,76.2));
#2745=CARTESIAN_POINT('Origin',(-9.2,69.5,81.2));
#2746=CARTESIAN_POINT('',(-5.2,70.75,81.2));
#2747=CARTESIAN_POINT('',(-9.2,70.75,81.2));
#2748=CARTESIAN_POINT('Origin',(-5.2,69.5,81.2));
#2749=CARTESIAN_POINT('Origin',(-5.2,69.5,81.2));
#2750=CARTESIAN_POINT('Origin',(-9.2,6.5,76.2));
#2751=CARTESIAN_POINT('',(-5.2,7.75,76.2));
#2752=CARTESIAN_POINT('',(-9.2,7.75,76.2));
#2753=CARTESIAN_POINT('Origin',(-5.2,6.5,76.2));
#2754=CARTESIAN_POINT('Origin',(-5.2,6.5,76.2));
#2755=CARTESIAN_POINT('Origin',(3.8,57.,8.));
#2756=CARTESIAN_POINT('',(3.8,76.,-5.));
#2757=CARTESIAN_POINT('Origin',(3.8,76.,8.));
#2758=CARTESIAN_POINT('',(3.8,0.,-5.));
#2759=CARTESIAN_POINT('',(3.8,57.,-5.));
#2760=CARTESIAN_POINT('Origin',(3.8,0.,8.));
#2761=CARTESIAN_POINT('Origin',(16.25,38.,-5.));
#2762=CARTESIAN_POINT('',(28.7,76.,-5.));
#2763=CARTESIAN_POINT('',(-9.2,76.,-5.));
#2764=CARTESIAN_POINT('',(28.7,0.,-5.));
#2765=CARTESIAN_POINT('',(28.7,19.,-5.));
#2766=CARTESIAN_POINT('',(41.7,0.,-5.));
#2767=CARTESIAN_POINT('Origin',(41.7,76.,0.));
#2768=CARTESIAN_POINT('',(0.,76.,0.));
#2769=CARTESIAN_POINT('',(0.,76.,0.));
#2770=CARTESIAN_POINT('',(32.5,76.,0.));
#2771=CARTESIAN_POINT('',(-9.2,76.,0.));
#2772=CARTESIAN_POINT('',(32.5,76.,0.));
#2773=CARTESIAN_POINT('',(37.1,76.,91.2));
#2774=CARTESIAN_POINT('',(37.1,76.,40.6));
#2775=CARTESIAN_POINT('',(41.7,76.,91.2));
#2776=CARTESIAN_POINT('',(41.7,76.,91.2));
#2777=CARTESIAN_POINT('',(41.7,76.,8.));
#2778=CARTESIAN_POINT('',(41.7,76.,0.));
#2779=CARTESIAN_POINT('Origin',(28.7,76.,8.));
#2780=CARTESIAN_POINT('',(-3.1,76.,86.6));
#2781=CARTESIAN_POINT('Origin',(-4.6,76.,86.6));
#2782=CARTESIAN_POINT('',(-3.1,76.,4.6));
#2783=CARTESIAN_POINT('Origin',(-4.6,76.,4.6));
#2784=CARTESIAN_POINT('',(-3.1,76.,40.6));
#2785=CARTESIAN_POINT('Origin',(-4.6,76.,40.6));
#2786=CARTESIAN_POINT('',(38.6,76.,35.2));
#2787=CARTESIAN_POINT('Origin',(37.1,76.,35.2));
#2788=CARTESIAN_POINT('',(38.6,76.,4.6));
#2789=CARTESIAN_POINT('Origin',(37.1,76.,4.6));
#2790=CARTESIAN_POINT('',(38.6,76.,71.2));
#2791=CARTESIAN_POINT('Origin',(37.1,76.,71.2));
#2792=CARTESIAN_POINT('Origin',(28.7,19.,8.));
#2793=CARTESIAN_POINT('',(41.7,0.,8.));
#2794=CARTESIAN_POINT('Origin',(28.7,0.,8.));
#2795=CARTESIAN_POINT('',(41.7,19.,8.));
#2796=CARTESIAN_POINT('Origin',(19.8325407654002,26.9997685074922,81.2));
#2797=CARTESIAN_POINT('',(19.2778735441017,26.1676962308137,91.2));
#2798=CARTESIAN_POINT('',(19.8325407654002,27.9997685074922,91.2));
#2799=CARTESIAN_POINT('Origin',(19.8325407654002,26.9997685074922,91.2));
#2800=CARTESIAN_POINT('',(19.8325407654002,27.9997685074922,81.2));
#2801=CARTESIAN_POINT('',(19.2778735441017,26.1676962308137,81.2));
#2802=CARTESIAN_POINT('Origin',(37.1,27.9997685074922,81.2));
#2803=CARTESIAN_POINT('',(34.1,27.9997685074922,91.2));
#2804=CARTESIAN_POINT('',(32.5,27.9997685074922,91.2));
#2805=CARTESIAN_POINT('',(34.1,27.9997685074922,81.2));
#2806=CARTESIAN_POINT('Origin',(28.2892664376912,38.,91.2));
#2807=CARTESIAN_POINT('',(24.7990695716012,16.0019004891175,91.2));
#2808=CARTESIAN_POINT('Origin',(12.4,15.85,91.2));
#2809=CARTESIAN_POINT('',(32.5,16.0019004891175,91.2));
#2810=CARTESIAN_POINT('',(24.7990695716012,16.0019004891175,91.2));
#2811=CARTESIAN_POINT('',(32.5,0.,91.2));
#2812=CARTESIAN_POINT('',(32.5,16.0019004891175,91.2));
#2813=CARTESIAN_POINT('',(41.7,0.,91.2));
#2814=CARTESIAN_POINT('',(32.5,0.,91.2));
#2815=CARTESIAN_POINT('',(41.7,0.,91.2));
#2816=CARTESIAN_POINT('',(37.1,63.9153572808547,91.2));
#2817=CARTESIAN_POINT('',(37.1,27.9997685074922,91.2));
#2818=CARTESIAN_POINT('',(38.35,61.4786586946524,91.2));
#2819=CARTESIAN_POINT('Origin',(40.1,63.9153572808547,91.2));
#2820=CARTESIAN_POINT('',(39.6,59.0419601084502,91.2));
#2821=CARTESIAN_POINT('Origin',(36.6,59.0419601084502,91.2));
#2822=CARTESIAN_POINT('',(39.6,40.9580398915498,91.2));
#2823=CARTESIAN_POINT('',(39.6,50.,91.2));
#2824=CARTESIAN_POINT('',(38.35,38.5213413053476,91.2));
#2825=CARTESIAN_POINT('Origin',(36.6,40.9580398915498,91.2));
#2826=CARTESIAN_POINT('',(37.1,36.0846427191453,91.2));
#2827=CARTESIAN_POINT('Origin',(40.1,36.0846427191453,91.2));
#2828=CARTESIAN_POINT('',(37.1,30.9997685074922,91.2));
#2829=CARTESIAN_POINT('',(37.1,27.9997685074922,91.2));
#2830=CARTESIAN_POINT('Origin',(34.1,30.9997685074922,91.2));
#2831=CARTESIAN_POINT('Origin',(40.1,63.9153572808547,86.2));
#2832=CARTESIAN_POINT('',(37.1,63.9153572808547,86.2));
#2833=CARTESIAN_POINT('',(38.35,61.4786586946524,86.2));
#2834=CARTESIAN_POINT('Origin',(36.6,59.0419601084502,86.2));
#2835=CARTESIAN_POINT('',(39.6,59.0419601084502,86.2));
#2836=CARTESIAN_POINT('Origin',(40.1,36.0846427191453,86.2));
#2837=CARTESIAN_POINT('',(38.35,38.5213413053476,86.2));
#2838=CARTESIAN_POINT('',(37.1,36.0846427191453,86.2));
#2839=CARTESIAN_POINT('Origin',(37.1,76.,81.2));
#2840=CARTESIAN_POINT('',(37.1,30.9997685074922,81.2));
#2841=CARTESIAN_POINT('Origin',(-7.6,12.0846427191453,86.2));
#2842=CARTESIAN_POINT('',(-4.6,12.0846427191453,86.2));
#2843=CARTESIAN_POINT('',(-5.85,14.5213413053476,86.2));
#2844=CARTESIAN_POINT('Origin',(-4.1,16.9580398915498,86.2));
#2845=CARTESIAN_POINT('',(-7.1,16.9580398915498,86.2));
#2846=CARTESIAN_POINT('Origin',(39.6,62.,91.2));
#2847=CARTESIAN_POINT('',(39.6,40.9580398915498,86.2));
#2848=CARTESIAN_POINT('Origin',(36.6,40.9580398915498,86.2));
#2849=CARTESIAN_POINT('Origin',(34.1,30.9997685074922,81.2));
#2850=CARTESIAN_POINT('Origin',(-7.1,14.,91.2));
#2851=CARTESIAN_POINT('Origin',(-4.6,0.,81.2));
#2852=CARTESIAN_POINT('',(-4.6,0.,40.6));
#2853=CARTESIAN_POINT('Origin',(37.1,76.,81.2));
#2854=CARTESIAN_POINT('Origin',(16.25,38.,0.));
#2855=CARTESIAN_POINT('',(32.5,51.,0.));
#2856=CARTESIAN_POINT('',(32.5,76.,0.));
#2857=CARTESIAN_POINT('',(0.,51.,0.));
#2858=CARTESIAN_POINT('',(0.,51.,0.));
#2859=CARTESIAN_POINT('',(32.5,51.,0.));
#2860=CARTESIAN_POINT('Origin',(16.25,38.,0.));
#2861=CARTESIAN_POINT('',(32.5,0.,0.));
#2862=CARTESIAN_POINT('',(32.5,25.,0.));
#2863=CARTESIAN_POINT('',(32.5,0.,0.));
#2864=CARTESIAN_POINT('',(0.,25.,0.));
#2865=CARTESIAN_POINT('',(32.5,25.,0.));
#2866=CARTESIAN_POINT('',(0.,0.,0.));
#2867=CARTESIAN_POINT('',(-5.05987245434046E-16,25.,0.));
#2868=CARTESIAN_POINT('',(41.7,0.,0.));
#2869=CARTESIAN_POINT('Origin',(37.1,0.,40.6));
#2870=CARTESIAN_POINT('',(35.6,0.,40.6));
#2871=CARTESIAN_POINT('Origin',(37.1,0.,40.6));
#2872=CARTESIAN_POINT('',(35.6,5.,40.6));
#2873=CARTESIAN_POINT('',(35.6,0.,40.6));
#2874=CARTESIAN_POINT('Origin',(37.1,5.,40.6));
#2875=CARTESIAN_POINT('Origin',(37.1,5.,40.6));
#2876=CARTESIAN_POINT('Origin',(37.1,0.,4.6));
#2877=CARTESIAN_POINT('',(35.6,0.,4.6));
#2878=CARTESIAN_POINT('Origin',(37.1,0.,4.6));
#2879=CARTESIAN_POINT('',(35.6,5.,4.6));
#2880=CARTESIAN_POINT('',(35.6,0.,4.6));
#2881=CARTESIAN_POINT('Origin',(37.1,5.,4.6));
#2882=CARTESIAN_POINT('Origin',(37.1,5.,4.6));
#2883=CARTESIAN_POINT('Origin',(37.1,0.,86.6));
#2884=CARTESIAN_POINT('',(35.6,0.,86.6));
#2885=CARTESIAN_POINT('Origin',(37.1,0.,86.6));
#2886=CARTESIAN_POINT('',(35.6,5.,86.6));
#2887=CARTESIAN_POINT('',(35.6,0.,86.6));
#2888=CARTESIAN_POINT('Origin',(37.1,5.,86.6));
#2889=CARTESIAN_POINT('Origin',(37.1,5.,86.6));
#2890=CARTESIAN_POINT('Origin',(-4.6,0.,35.2));
#2891=CARTESIAN_POINT('',(-6.1,0.,35.2));
#2892=CARTESIAN_POINT('Origin',(-4.6,0.,35.2));
#2893=CARTESIAN_POINT('',(-6.1,5.,35.2));
#2894=CARTESIAN_POINT('',(-6.1,0.,35.2));
#2895=CARTESIAN_POINT('Origin',(-4.6,5.,35.2));
#2896=CARTESIAN_POINT('Origin',(-4.6,5.,35.2));
#2897=CARTESIAN_POINT('Origin',(-4.6,0.,4.6));
#2898=CARTESIAN_POINT('',(-6.1,0.,4.6));
#2899=CARTESIAN_POINT('Origin',(-4.6,0.,4.6));
#2900=CARTESIAN_POINT('',(-6.1,5.,4.6));
#2901=CARTESIAN_POINT('',(-6.1,0.,4.6));
#2902=CARTESIAN_POINT('Origin',(-4.6,5.,4.6));
#2903=CARTESIAN_POINT('Origin',(-4.6,5.,4.6));
#2904=CARTESIAN_POINT('Origin',(-4.6,0.,71.2));
#2905=CARTESIAN_POINT('',(-6.1,0.,71.2));
#2906=CARTESIAN_POINT('Origin',(-4.6,0.,71.2));
#2907=CARTESIAN_POINT('',(-6.1,5.,71.2));
#2908=CARTESIAN_POINT('',(-6.1,0.,71.2));
#2909=CARTESIAN_POINT('Origin',(-4.6,5.,71.2));
#2910=CARTESIAN_POINT('Origin',(-4.6,5.,71.2));
#2911=CARTESIAN_POINT('Origin',(-4.6,76.,40.6));
#2912=CARTESIAN_POINT('',(-3.1,71.,40.6));
#2913=CARTESIAN_POINT('',(-3.1,76.,40.6));
#2914=CARTESIAN_POINT('Origin',(-4.6,71.,40.6));
#2915=CARTESIAN_POINT('Origin',(-4.6,71.,40.6));
#2916=CARTESIAN_POINT('Origin',(-4.6,76.,4.6));
#2917=CARTESIAN_POINT('',(-3.1,71.,4.6));
#2918=CARTESIAN_POINT('',(-3.1,76.,4.6));
#2919=CARTESIAN_POINT('Origin',(-4.6,71.,4.6));
#2920=CARTESIAN_POINT('Origin',(-4.6,71.,4.6));
#2921=CARTESIAN_POINT('Origin',(-4.6,76.,86.6));
#2922=CARTESIAN_POINT('',(-3.1,71.,86.6));
#2923=CARTESIAN_POINT('',(-3.1,76.,86.6));
#2924=CARTESIAN_POINT('Origin',(-4.6,71.,86.6));
#2925=CARTESIAN_POINT('Origin',(-4.6,71.,86.6));
#2926=CARTESIAN_POINT('Origin',(37.1,76.,35.2));
#2927=CARTESIAN_POINT('',(38.6,71.,35.2));
#2928=CARTESIAN_POINT('',(38.6,76.,35.2));
#2929=CARTESIAN_POINT('Origin',(37.1,71.,35.2));
#2930=CARTESIAN_POINT('Origin',(37.1,71.,35.2));
#2931=CARTESIAN_POINT('Origin',(37.1,76.,4.6));
#2932=CARTESIAN_POINT('',(38.6,71.,4.6));
#2933=CARTESIAN_POINT('',(38.6,76.,4.6));
#2934=CARTESIAN_POINT('Origin',(37.1,71.,4.6));
#2935=CARTESIAN_POINT('Origin',(37.1,71.,4.6));
#2936=CARTESIAN_POINT('Origin',(37.1,76.,71.2));
#2937=CARTESIAN_POINT('',(38.6,71.,71.2));
#2938=CARTESIAN_POINT('',(38.6,76.,71.2));
#2939=CARTESIAN_POINT('Origin',(37.1,71.,71.2));
#2940=CARTESIAN_POINT('Origin',(37.1,71.,71.2));
#2941=CARTESIAN_POINT('Origin',(0.,51.,0.));
#2942=CARTESIAN_POINT('',(0.,59.9971261074942,48.2));
#2943=CARTESIAN_POINT('',(0.,59.9971261074941,40.6));
#2944=CARTESIAN_POINT('',(0.,51.,48.2));
#2945=CARTESIAN_POINT('',(0.,55.575,48.2));
#2946=CARTESIAN_POINT('',(0.,51.,0.));
#2947=CARTESIAN_POINT('Origin',(0.,0.,0.));
#2948=CARTESIAN_POINT('',(0.,0.,0.));
#2949=CARTESIAN_POINT('',(0.,25.,48.2));
#2950=CARTESIAN_POINT('',(0.,25.,0.));
#2951=CARTESIAN_POINT('',(0.,15.85,48.2));
#2952=CARTESIAN_POINT('',(-1.38777878078145E-16,10.2125,48.2));
#2953=CARTESIAN_POINT('',(0.,15.85,81.2));
#2954=CARTESIAN_POINT('Origin',(20.1,60.15,81.2));
#2955=CARTESIAN_POINT('',(32.5,60.15,48.2));
#2956=CARTESIAN_POINT('',(32.5,60.15,81.2));
#2957=CARTESIAN_POINT('',(28.4688410189225,51.,48.2));
#2958=CARTESIAN_POINT('Origin',(20.1,60.15,48.2));
#2959=CARTESIAN_POINT('',(28.4688410189225,51.,45.2));
#2960=CARTESIAN_POINT('',(28.4688410189225,51.,48.2));
#2961=CARTESIAN_POINT('',(11.7311589810775,51.,45.2));
#2962=CARTESIAN_POINT('Origin',(20.1,60.15,45.2));
#2963=CARTESIAN_POINT('',(11.7311589810775,51.,48.2));
#2964=CARTESIAN_POINT('',(11.7311589810775,51.,48.2));
#2965=CARTESIAN_POINT('',(7.70094239173838,59.9971261074942,48.2));
#2966=CARTESIAN_POINT('Origin',(20.1,60.15,48.2));
#2967=CARTESIAN_POINT('',(7.70094239173839,59.9971261074942,81.2));
#2968=CARTESIAN_POINT('Origin',(16.25,15.85,45.2));
#2969=CARTESIAN_POINT('',(20.7688410189225,25.,45.2));
#2970=CARTESIAN_POINT('',(4.03115898107748,25.,45.2));
#2971=CARTESIAN_POINT('',(8.125,25.,45.2));
#2972=CARTESIAN_POINT('Origin',(12.4,15.85,45.2));
#2973=CARTESIAN_POINT('Origin',(16.25,60.15,45.2));
#2974=CARTESIAN_POINT('',(24.375,51.,45.2));
#2975=CARTESIAN_POINT('Origin',(0.,25.,0.));
#2976=CARTESIAN_POINT('',(20.7688410189225,25.,48.2));
#2977=CARTESIAN_POINT('',(20.7688410189225,25.,48.2));
#2978=CARTESIAN_POINT('',(4.03115898107748,25.,48.2));
#2979=CARTESIAN_POINT('',(4.03115898107749,25.,48.2));
#2980=CARTESIAN_POINT('',(1.00778974526937,25.,48.2));
#2981=CARTESIAN_POINT('',(32.5,25.,48.2));
#2982=CARTESIAN_POINT('',(32.5,25.,0.));
#2983=CARTESIAN_POINT('',(13.3172102547306,25.,48.2));
#2984=CARTESIAN_POINT('Origin',(32.5,51.,0.));
#2985=CARTESIAN_POINT('',(32.5,51.,48.2));
#2986=CARTESIAN_POINT('',(31.4922102547306,51.,48.2));
#2987=CARTESIAN_POINT('',(32.5,51.,0.));
#2988=CARTESIAN_POINT('',(24.375,51.,48.2));
#2989=CARTESIAN_POINT('Origin',(30.4844205094613,55.575,48.2));
#2990=CARTESIAN_POINT('',(32.5,65.7875,48.2));
#2991=CARTESIAN_POINT('Origin',(2.01557949053874,20.425,48.2));
#2992=CARTESIAN_POINT('Origin',(12.4,15.85,48.2));
#2993=CARTESIAN_POINT('Origin',(0.,59.9971261074942,81.2));
#2994=CARTESIAN_POINT('',(7.70094239173838,59.9971261074942,48.2));
#2995=CARTESIAN_POINT('Origin',(16.25,60.15,48.2));
#2996=CARTESIAN_POINT('Origin',(32.5,16.0019004891175,81.2));
#2997=CARTESIAN_POINT('',(24.7990695716012,16.0019004891175,48.2));
#2998=CARTESIAN_POINT('',(24.7990695716012,16.0019004891175,81.2));
#2999=CARTESIAN_POINT('',(32.5,16.0019004891175,48.2));
#3000=CARTESIAN_POINT('',(24.7990695716012,16.0019004891175,48.2));
#3001=CARTESIAN_POINT('',(32.5,16.0019004891175,40.6));
#3002=CARTESIAN_POINT('Origin',(26.6344205094613,20.5009502445588,48.2));
#3003=CARTESIAN_POINT('Origin',(12.4,15.85,48.2));
#3004=CARTESIAN_POINT('',(32.5,22.7504751222794,48.2));
#3005=CARTESIAN_POINT('Origin',(32.5,25.,0.));
#3006=CARTESIAN_POINT('',(32.5,0.,0.));
#3007=CARTESIAN_POINT('Origin',(12.4,15.85,81.2));
#3008=CARTESIAN_POINT('Origin',(32.5,76.,0.));
#3009=CARTESIAN_POINT('Origin',(41.7,0.,0.));
#3010=CARTESIAN_POINT('',(41.7,0.,0.));
#3011=CARTESIAN_POINT('Origin',(32.5,0.,0.));
#3012=UNCERTAINTY_MEASURE_WITH_UNIT(LENGTH_MEASURE(0.01),#3016,
'DISTANCE_ACCURACY_VALUE',
'Maximum model space distance between geometric entities at asserted c
onnectivities');
#3013=UNCERTAINTY_MEASURE_WITH_UNIT(LENGTH_MEASURE(0.01),#3016,
'DISTANCE_ACCURACY_VALUE',
'Maximum model space distance between geometric entities at asserted c
onnectivities');
#3014=(
GEOMETRIC_REPRESENTATION_CONTEXT(3)
GLOBAL_UNCERTAINTY_ASSIGNED_CONTEXT((#3012))
GLOBAL_UNIT_ASSIGNED_CONTEXT((#3016,#3018,#3019))
REPRESENTATION_CONTEXT('','3D')
);
#3015=(
GEOMETRIC_REPRESENTATION_CONTEXT(3)
GLOBAL_UNCERTAINTY_ASSIGNED_CONTEXT((#3013))
GLOBAL_UNIT_ASSIGNED_CONTEXT((#3016,#3018,#3019))
REPRESENTATION_CONTEXT('','3D')
);
#3016=(
LENGTH_UNIT()
NAMED_UNIT(*)
SI_UNIT(.MILLI.,.METRE.)
);
#3017=(
LENGTH_UNIT()
NAMED_UNIT(*)
SI_UNIT($,.METRE.)
);
#3018=(
NAMED_UNIT(*)
PLANE_ANGLE_UNIT()
SI_UNIT($,.RADIAN.)
);
#3019=(
NAMED_UNIT(*)
SI_UNIT($,.STERADIAN.)
SOLID_ANGLE_UNIT()
);
#3020=SHAPE_DEFINITION_REPRESENTATION(#3021,#3022);
#3021=PRODUCT_DEFINITION_SHAPE('',$,#3024);
#3022=SHAPE_REPRESENTATION('',(#1638),#3014);
#3023=PRODUCT_DEFINITION_CONTEXT('part definition',#3028,'design');
#3024=PRODUCT_DEFINITION('FusionComponent','FusionComponent',#3025,#3023);
#3025=PRODUCT_DEFINITION_FORMATION('',$,#3030);
#3026=PRODUCT_RELATED_PRODUCT_CATEGORY('FusionComponent',
'FusionComponent',(#3030));
#3027=APPLICATION_PROTOCOL_DEFINITION('international standard',
'automotive_design',2009,#3028);
#3028=APPLICATION_CONTEXT(
'Core Data for Automotive Mechanical Design Process');
#3029=PRODUCT_CONTEXT('part definition',#3028,'mechanical');
#3030=PRODUCT('FusionComponent','FusionComponent',$,(#3029));
#3031=PRESENTATION_STYLE_ASSIGNMENT((#3032));
#3032=SURFACE_STYLE_USAGE(.BOTH.,#3033);
#3033=SURFACE_SIDE_STYLE('',(#3034));
#3034=SURFACE_STYLE_FILL_AREA(#3035);
#3035=FILL_AREA_STYLE('Steel - Satin',(#3036));
#3036=FILL_AREA_STYLE_COLOUR('Steel - Satin',#3037);
#3037=COLOUR_RGB('Steel - Satin',0.627450980392157,0.627450980392157,0.627450980392157);
ENDSEC;
END-ISO-10303-21;
