ISO-10303-21;
HEADER;
/* Generated by software containing ST-Developer
 * from STEP Tools, Inc. (www.steptools.com) 
 */

FILE_DESCRIPTION(
/* description */ (''),
/* implementation_level */ '2;1');

FILE_NAME(
/* name */ 'TopCompartiment.step',
/* time_stamp */ '2026-08-13T21:13:19+02:00',
/* author */ (''),
/* organization */ (''),
/* preprocessor_version */ 'ST-DEVELOPER v20.1',
/* originating_system */ 'Autodesk Translation Framework v15.8.0.0',
/* authorisation */ '');

FILE_SCHEMA (('AUTOMOTIVE_DESIGN { 1 0 10303 214 3 1 1 }'));
ENDSEC;

DATA;
#10=MECHANICAL_DESIGN_GEOMETRIC_PRESENTATION_REPRESENTATION('',(#13),#4585);
#11=SHAPE_REPRESENTATION_RELATIONSHIP('SRR','None',#4592,#12);
#12=ADVANCED_BREP_SHAPE_REPRESENTATION('',(#14),#4584);
#13=STYLED_ITEM('',(#4601),#14);
#14=MANIFOLD_SOLID_BREP('Body1',#2656);
#15=TOROIDAL_SURFACE('',#2893,20.,5.);
#16=TOROIDAL_SURFACE('',#2898,20.,5.);
#17=TOROIDAL_SURFACE('',#2902,20.,5.);
#18=TOROIDAL_SURFACE('',#2907,20.,5.);
#19=TOROIDAL_SURFACE('',#2917,20.,10.);
#20=TOROIDAL_SURFACE('',#2923,20.,10.);
#21=TOROIDAL_SURFACE('',#2928,20.,10.);
#22=TOROIDAL_SURFACE('',#2934,20.,10.);
#23=FACE_BOUND('',#292,.T.);
#24=FACE_BOUND('',#300,.T.);
#25=FACE_BOUND('',#301,.T.);
#26=FACE_BOUND('',#305,.T.);
#27=FACE_BOUND('',#306,.T.);
#28=FACE_BOUND('',#359,.T.);
#29=FACE_BOUND('',#368,.T.);
#30=FACE_BOUND('',#370,.T.);
#31=FACE_BOUND('',#371,.T.);
#32=FACE_BOUND('',#372,.T.);
#33=FACE_BOUND('',#373,.T.);
#34=FACE_BOUND('',#380,.T.);
#35=FACE_BOUND('',#386,.T.);
#36=FACE_BOUND('',#412,.T.);
#37=FACE_BOUND('',#413,.T.);
#38=FACE_BOUND('',#414,.T.);
#39=FACE_BOUND('',#416,.T.);
#40=FACE_BOUND('',#417,.T.);
#41=FACE_BOUND('',#418,.T.);
#42=FACE_BOUND('',#423,.T.);
#43=FACE_BOUND('',#424,.T.);
#44=FACE_BOUND('',#425,.T.);
#45=FACE_BOUND('',#427,.T.);
#46=FACE_BOUND('',#428,.T.);
#47=FACE_BOUND('',#430,.T.);
#48=FACE_BOUND('',#431,.T.);
#49=FACE_BOUND('',#434,.T.);
#50=FACE_BOUND('',#435,.T.);
#51=FACE_BOUND('',#438,.T.);
#52=FACE_BOUND('',#439,.T.);
#53=FACE_BOUND('',#440,.T.);
#54=FACE_BOUND('',#443,.T.);
#55=FACE_BOUND('',#444,.T.);
#56=FACE_BOUND('',#447,.T.);
#57=FACE_BOUND('',#448,.T.);
#58=FACE_BOUND('',#454,.T.);
#59=B_SPLINE_CURVE_WITH_KNOTS('',3,(#3881,#3882,#3883,#3884,#3885,#3886,
#3887,#3888,#3889,#3890,#3891,#3892,#3893,#3894,#3895),.UNSPECIFIED.,.F.,
 .F.,(4,2,2,3,2,2,4),(-1.45541919068112,-0.989246378926846,-0.494623189463423,
0.,0.494623189463422,0.989246378926845,1.4554191906794),.UNSPECIFIED.);
#60=B_SPLINE_CURVE_WITH_KNOTS('',3,(#3908,#3909,#3910,#3911,#3912,#3913,
#3914,#3915,#3916,#3917,#3918,#3919,#3920,#3921),.UNSPECIFIED.,.F.,.F.,
(4,2,2,2,2,2,4),(2.35524403235423,2.70443628587746,3.14223115268674,3.58002601949601,
4.01782088630529,4.45561575311456,4.8048080066378),.UNSPECIFIED.);
#61=PLANE('',#2697);
#62=PLANE('',#2698);
#63=PLANE('',#2699);
#64=PLANE('',#2700);
#65=PLANE('',#2707);
#66=PLANE('',#2712);
#67=PLANE('',#2714);
#68=PLANE('',#2725);
#69=PLANE('',#2726);
#70=PLANE('',#2741);
#71=PLANE('',#2742);
#72=PLANE('',#2756);
#73=PLANE('',#2773);
#74=PLANE('',#2777);
#75=PLANE('',#2780);
#76=PLANE('',#2784);
#77=PLANE('',#2791);
#78=PLANE('',#2794);
#79=PLANE('',#2797);
#80=PLANE('',#2801);
#81=PLANE('',#2807);
#82=PLANE('',#2808);
#83=PLANE('',#2809);
#84=PLANE('',#2810);
#85=PLANE('',#2815);
#86=PLANE('',#2816);
#87=PLANE('',#2817);
#88=PLANE('',#2818);
#89=PLANE('',#2819);
#90=PLANE('',#2820);
#91=PLANE('',#2821);
#92=PLANE('',#2826);
#93=PLANE('',#2827);
#94=PLANE('',#2828);
#95=PLANE('',#2838);
#96=PLANE('',#2839);
#97=PLANE('',#2840);
#98=PLANE('',#2841);
#99=PLANE('',#2845);
#100=PLANE('',#2849);
#101=PLANE('',#2853);
#102=PLANE('',#2854);
#103=PLANE('',#2863);
#104=PLANE('',#2866);
#105=PLANE('',#2869);
#106=PLANE('',#2870);
#107=PLANE('',#2874);
#108=PLANE('',#2877);
#109=PLANE('',#2878);
#110=PLANE('',#2879);
#111=PLANE('',#2880);
#112=PLANE('',#2881);
#113=PLANE('',#2882);
#114=PLANE('',#2901);
#115=PLANE('',#2908);
#116=PLANE('',#2910);
#117=PLANE('',#2913);
#118=PLANE('',#2914);
#119=PLANE('',#2926);
#120=PLANE('',#2927);
#121=PLANE('',#2937);
#122=PLANE('',#2938);
#123=PLANE('',#2939);
#124=PLANE('',#2946);
#125=PLANE('',#2949);
#126=PLANE('',#2952);
#127=PLANE('',#2955);
#128=PLANE('',#2964);
#129=FACE_OUTER_BOUND('',#274,.T.);
#130=FACE_OUTER_BOUND('',#275,.T.);
#131=FACE_OUTER_BOUND('',#276,.T.);
#132=FACE_OUTER_BOUND('',#277,.T.);
#133=FACE_OUTER_BOUND('',#278,.T.);
#134=FACE_OUTER_BOUND('',#279,.T.);
#135=FACE_OUTER_BOUND('',#280,.T.);
#136=FACE_OUTER_BOUND('',#281,.T.);
#137=FACE_OUTER_BOUND('',#282,.T.);
#138=FACE_OUTER_BOUND('',#283,.T.);
#139=FACE_OUTER_BOUND('',#284,.T.);
#140=FACE_OUTER_BOUND('',#285,.T.);
#141=FACE_OUTER_BOUND('',#286,.T.);
#142=FACE_OUTER_BOUND('',#287,.T.);
#143=FACE_OUTER_BOUND('',#288,.T.);
#144=FACE_OUTER_BOUND('',#289,.T.);
#145=FACE_OUTER_BOUND('',#290,.T.);
#146=FACE_OUTER_BOUND('',#291,.T.);
#147=FACE_OUTER_BOUND('',#293,.T.);
#148=FACE_OUTER_BOUND('',#294,.T.);
#149=FACE_OUTER_BOUND('',#295,.T.);
#150=FACE_OUTER_BOUND('',#296,.T.);
#151=FACE_OUTER_BOUND('',#297,.T.);
#152=FACE_OUTER_BOUND('',#298,.T.);
#153=FACE_OUTER_BOUND('',#299,.T.);
#154=FACE_OUTER_BOUND('',#302,.T.);
#155=FACE_OUTER_BOUND('',#303,.T.);
#156=FACE_OUTER_BOUND('',#304,.T.);
#157=FACE_OUTER_BOUND('',#307,.T.);
#158=FACE_OUTER_BOUND('',#308,.T.);
#159=FACE_OUTER_BOUND('',#309,.T.);
#160=FACE_OUTER_BOUND('',#310,.T.);
#161=FACE_OUTER_BOUND('',#311,.T.);
#162=FACE_OUTER_BOUND('',#312,.T.);
#163=FACE_OUTER_BOUND('',#313,.T.);
#164=FACE_OUTER_BOUND('',#314,.T.);
#165=FACE_OUTER_BOUND('',#315,.T.);
#166=FACE_OUTER_BOUND('',#316,.T.);
#167=FACE_OUTER_BOUND('',#317,.T.);
#168=FACE_OUTER_BOUND('',#318,.T.);
#169=FACE_OUTER_BOUND('',#319,.T.);
#170=FACE_OUTER_BOUND('',#320,.T.);
#171=FACE_OUTER_BOUND('',#321,.T.);
#172=FACE_OUTER_BOUND('',#322,.T.);
#173=FACE_OUTER_BOUND('',#323,.T.);
#174=FACE_OUTER_BOUND('',#324,.T.);
#175=FACE_OUTER_BOUND('',#325,.T.);
#176=FACE_OUTER_BOUND('',#326,.T.);
#177=FACE_OUTER_BOUND('',#327,.T.);
#178=FACE_OUTER_BOUND('',#328,.T.);
#179=FACE_OUTER_BOUND('',#329,.T.);
#180=FACE_OUTER_BOUND('',#330,.T.);
#181=FACE_OUTER_BOUND('',#331,.T.);
#182=FACE_OUTER_BOUND('',#332,.T.);
#183=FACE_OUTER_BOUND('',#333,.T.);
#184=FACE_OUTER_BOUND('',#334,.T.);
#185=FACE_OUTER_BOUND('',#335,.T.);
#186=FACE_OUTER_BOUND('',#336,.T.);
#187=FACE_OUTER_BOUND('',#337,.T.);
#188=FACE_OUTER_BOUND('',#338,.T.);
#189=FACE_OUTER_BOUND('',#339,.T.);
#190=FACE_OUTER_BOUND('',#340,.T.);
#191=FACE_OUTER_BOUND('',#341,.T.);
#192=FACE_OUTER_BOUND('',#342,.T.);
#193=FACE_OUTER_BOUND('',#343,.T.);
#194=FACE_OUTER_BOUND('',#344,.T.);
#195=FACE_OUTER_BOUND('',#345,.T.);
#196=FACE_OUTER_BOUND('',#346,.T.);
#197=FACE_OUTER_BOUND('',#347,.T.);
#198=FACE_OUTER_BOUND('',#348,.T.);
#199=FACE_OUTER_BOUND('',#349,.T.);
#200=FACE_OUTER_BOUND('',#350,.T.);
#201=FACE_OUTER_BOUND('',#351,.T.);
#202=FACE_OUTER_BOUND('',#352,.T.);
#203=FACE_OUTER_BOUND('',#353,.T.);
#204=FACE_OUTER_BOUND('',#354,.T.);
#205=FACE_OUTER_BOUND('',#355,.T.);
#206=FACE_OUTER_BOUND('',#356,.T.);
#207=FACE_OUTER_BOUND('',#357,.T.);
#208=FACE_OUTER_BOUND('',#358,.T.);
#209=FACE_OUTER_BOUND('',#360,.T.);
#210=FACE_OUTER_BOUND('',#361,.T.);
#211=FACE_OUTER_BOUND('',#362,.T.);
#212=FACE_OUTER_BOUND('',#363,.T.);
#213=FACE_OUTER_BOUND('',#364,.T.);
#214=FACE_OUTER_BOUND('',#365,.T.);
#215=FACE_OUTER_BOUND('',#366,.T.);
#216=FACE_OUTER_BOUND('',#367,.T.);
#217=FACE_OUTER_BOUND('',#369,.T.);
#218=FACE_OUTER_BOUND('',#374,.T.);
#219=FACE_OUTER_BOUND('',#375,.T.);
#220=FACE_OUTER_BOUND('',#376,.T.);
#221=FACE_OUTER_BOUND('',#377,.T.);
#222=FACE_OUTER_BOUND('',#378,.T.);
#223=FACE_OUTER_BOUND('',#379,.T.);
#224=FACE_OUTER_BOUND('',#381,.T.);
#225=FACE_OUTER_BOUND('',#382,.T.);
#226=FACE_OUTER_BOUND('',#383,.T.);
#227=FACE_OUTER_BOUND('',#384,.T.);
#228=FACE_OUTER_BOUND('',#385,.T.);
#229=FACE_OUTER_BOUND('',#387,.T.);
#230=FACE_OUTER_BOUND('',#388,.T.);
#231=FACE_OUTER_BOUND('',#389,.T.);
#232=FACE_OUTER_BOUND('',#390,.T.);
#233=FACE_OUTER_BOUND('',#391,.T.);
#234=FACE_OUTER_BOUND('',#392,.T.);
#235=FACE_OUTER_BOUND('',#393,.T.);
#236=FACE_OUTER_BOUND('',#394,.T.);
#237=FACE_OUTER_BOUND('',#395,.T.);
#238=FACE_OUTER_BOUND('',#396,.T.);
#239=FACE_OUTER_BOUND('',#397,.T.);
#240=FACE_OUTER_BOUND('',#398,.T.);
#241=FACE_OUTER_BOUND('',#399,.T.);
#242=FACE_OUTER_BOUND('',#400,.T.);
#243=FACE_OUTER_BOUND('',#401,.T.);
#244=FACE_OUTER_BOUND('',#402,.T.);
#245=FACE_OUTER_BOUND('',#403,.T.);
#246=FACE_OUTER_BOUND('',#404,.T.);
#247=FACE_OUTER_BOUND('',#405,.T.);
#248=FACE_OUTER_BOUND('',#406,.T.);
#249=FACE_OUTER_BOUND('',#407,.T.);
#250=FACE_OUTER_BOUND('',#408,.T.);
#251=FACE_OUTER_BOUND('',#409,.T.);
#252=FACE_OUTER_BOUND('',#410,.T.);
#253=FACE_OUTER_BOUND('',#411,.T.);
#254=FACE_OUTER_BOUND('',#415,.T.);
#255=FACE_OUTER_BOUND('',#419,.T.);
#256=FACE_OUTER_BOUND('',#420,.T.);
#257=FACE_OUTER_BOUND('',#421,.T.);
#258=FACE_OUTER_BOUND('',#422,.T.);
#259=FACE_OUTER_BOUND('',#426,.T.);
#260=FACE_OUTER_BOUND('',#429,.T.);
#261=FACE_OUTER_BOUND('',#432,.T.);
#262=FACE_OUTER_BOUND('',#433,.T.);
#263=FACE_OUTER_BOUND('',#436,.T.);
#264=FACE_OUTER_BOUND('',#437,.T.);
#265=FACE_OUTER_BOUND('',#441,.T.);
#266=FACE_OUTER_BOUND('',#442,.T.);
#267=FACE_OUTER_BOUND('',#445,.T.);
#268=FACE_OUTER_BOUND('',#446,.T.);
#269=FACE_OUTER_BOUND('',#449,.T.);
#270=FACE_OUTER_BOUND('',#450,.T.);
#271=FACE_OUTER_BOUND('',#451,.T.);
#272=FACE_OUTER_BOUND('',#452,.T.);
#273=FACE_OUTER_BOUND('',#453,.T.);
#274=EDGE_LOOP('',(#1684,#1685,#1686,#1687));
#275=EDGE_LOOP('',(#1688,#1689,#1690,#1691));
#276=EDGE_LOOP('',(#1692,#1693,#1694,#1695));
#277=EDGE_LOOP('',(#1696,#1697,#1698,#1699));
#278=EDGE_LOOP('',(#1700,#1701,#1702,#1703));
#279=EDGE_LOOP('',(#1704,#1705,#1706,#1707));
#280=EDGE_LOOP('',(#1708,#1709,#1710,#1711));
#281=EDGE_LOOP('',(#1712,#1713,#1714,#1715));
#282=EDGE_LOOP('',(#1716,#1717,#1718,#1719));
#283=EDGE_LOOP('',(#1720,#1721,#1722,#1723));
#284=EDGE_LOOP('',(#1724,#1725,#1726,#1727));
#285=EDGE_LOOP('',(#1728,#1729,#1730,#1731));
#286=EDGE_LOOP('',(#1732,#1733,#1734,#1735));
#287=EDGE_LOOP('',(#1736,#1737,#1738,#1739));
#288=EDGE_LOOP('',(#1740,#1741,#1742,#1743,#1744,#1745));
#289=EDGE_LOOP('',(#1746,#1747,#1748,#1749));
#290=EDGE_LOOP('',(#1750,#1751,#1752,#1753,#1754,#1755));
#291=EDGE_LOOP('',(#1756));
#292=EDGE_LOOP('',(#1757));
#293=EDGE_LOOP('',(#1758,#1759,#1760,#1761,#1762,#1763,#1764));
#294=EDGE_LOOP('',(#1765,#1766));
#295=EDGE_LOOP('',(#1767,#1768,#1769,#1770));
#296=EDGE_LOOP('',(#1771,#1772,#1773,#1774,#1775,#1776));
#297=EDGE_LOOP('',(#1777,#1778,#1779,#1780));
#298=EDGE_LOOP('',(#1781,#1782,#1783,#1784));
#299=EDGE_LOOP('',(#1785,#1786,#1787,#1788,#1789,#1790,#1791,#1792,#1793,
#1794,#1795,#1796,#1797,#1798,#1799,#1800,#1801,#1802));
#300=EDGE_LOOP('',(#1803));
#301=EDGE_LOOP('',(#1804));
#302=EDGE_LOOP('',(#1805,#1806,#1807,#1808));
#303=EDGE_LOOP('',(#1809,#1810,#1811,#1812));
#304=EDGE_LOOP('',(#1813,#1814,#1815,#1816,#1817,#1818,#1819,#1820,#1821,
#1822,#1823,#1824,#1825,#1826,#1827,#1828,#1829,#1830,#1831,#1832));
#305=EDGE_LOOP('',(#1833));
#306=EDGE_LOOP('',(#1834));
#307=EDGE_LOOP('',(#1835,#1836,#1837,#1838));
#308=EDGE_LOOP('',(#1839,#1840,#1841,#1842,#1843,#1844,#1845,#1846,#1847,
#1848,#1849,#1850,#1851,#1852,#1853,#1854,#1855,#1856,#1857,#1858,#1859,
#1860,#1861,#1862,#1863,#1864,#1865,#1866,#1867,#1868,#1869,#1870,#1871,
#1872,#1873,#1874,#1875,#1876,#1877,#1878,#1879));
#309=EDGE_LOOP('',(#1880,#1881,#1882,#1883));
#310=EDGE_LOOP('',(#1884,#1885,#1886,#1887));
#311=EDGE_LOOP('',(#1888,#1889,#1890,#1891));
#312=EDGE_LOOP('',(#1892,#1893,#1894,#1895));
#313=EDGE_LOOP('',(#1896,#1897,#1898,#1899));
#314=EDGE_LOOP('',(#1900,#1901,#1902,#1903));
#315=EDGE_LOOP('',(#1904,#1905,#1906,#1907));
#316=EDGE_LOOP('',(#1908,#1909,#1910,#1911));
#317=EDGE_LOOP('',(#1912,#1913,#1914,#1915));
#318=EDGE_LOOP('',(#1916,#1917,#1918,#1919));
#319=EDGE_LOOP('',(#1920,#1921,#1922,#1923));
#320=EDGE_LOOP('',(#1924,#1925,#1926,#1927));
#321=EDGE_LOOP('',(#1928,#1929,#1930,#1931,#1932,#1933,#1934,#1935,#1936,
#1937,#1938,#1939,#1940));
#322=EDGE_LOOP('',(#1941,#1942,#1943,#1944));
#323=EDGE_LOOP('',(#1945,#1946,#1947,#1948));
#324=EDGE_LOOP('',(#1949,#1950,#1951,#1952));
#325=EDGE_LOOP('',(#1953,#1954,#1955,#1956));
#326=EDGE_LOOP('',(#1957,#1958,#1959,#1960));
#327=EDGE_LOOP('',(#1961,#1962,#1963,#1964));
#328=EDGE_LOOP('',(#1965,#1966,#1967,#1968,#1969,#1970,#1971,#1972));
#329=EDGE_LOOP('',(#1973,#1974,#1975,#1976));
#330=EDGE_LOOP('',(#1977,#1978,#1979,#1980));
#331=EDGE_LOOP('',(#1981,#1982,#1983,#1984));
#332=EDGE_LOOP('',(#1985,#1986,#1987,#1988));
#333=EDGE_LOOP('',(#1989,#1990,#1991,#1992));
#334=EDGE_LOOP('',(#1993,#1994,#1995,#1996));
#335=EDGE_LOOP('',(#1997,#1998,#1999,#2000));
#336=EDGE_LOOP('',(#2001,#2002,#2003,#2004));
#337=EDGE_LOOP('',(#2005,#2006,#2007,#2008));
#338=EDGE_LOOP('',(#2009,#2010,#2011,#2012));
#339=EDGE_LOOP('',(#2013));
#340=EDGE_LOOP('',(#2014,#2015,#2016,#2017));
#341=EDGE_LOOP('',(#2018,#2019,#2020,#2021));
#342=EDGE_LOOP('',(#2022,#2023,#2024,#2025));
#343=EDGE_LOOP('',(#2026,#2027,#2028,#2029));
#344=EDGE_LOOP('',(#2030,#2031,#2032,#2033));
#345=EDGE_LOOP('',(#2034,#2035,#2036,#2037));
#346=EDGE_LOOP('',(#2038,#2039,#2040,#2041,#2042,#2043,#2044,#2045,#2046,
#2047,#2048,#2049));
#347=EDGE_LOOP('',(#2050));
#348=EDGE_LOOP('',(#2051));
#349=EDGE_LOOP('',(#2052,#2053,#2054,#2055));
#350=EDGE_LOOP('',(#2056,#2057,#2058,#2059));
#351=EDGE_LOOP('',(#2060,#2061,#2062,#2063));
#352=EDGE_LOOP('',(#2064,#2065,#2066,#2067));
#353=EDGE_LOOP('',(#2068,#2069,#2070,#2071));
#354=EDGE_LOOP('',(#2072,#2073,#2074,#2075));
#355=EDGE_LOOP('',(#2076,#2077,#2078,#2079));
#356=EDGE_LOOP('',(#2080,#2081,#2082,#2083));
#357=EDGE_LOOP('',(#2084,#2085,#2086,#2087));
#358=EDGE_LOOP('',(#2088,#2089,#2090,#2091));
#359=EDGE_LOOP('',(#2092));
#360=EDGE_LOOP('',(#2093));
#361=EDGE_LOOP('',(#2094));
#362=EDGE_LOOP('',(#2095,#2096,#2097,#2098));
#363=EDGE_LOOP('',(#2099,#2100,#2101,#2102));
#364=EDGE_LOOP('',(#2103,#2104,#2105,#2106));
#365=EDGE_LOOP('',(#2107,#2108,#2109,#2110));
#366=EDGE_LOOP('',(#2111,#2112,#2113,#2114));
#367=EDGE_LOOP('',(#2115,#2116,#2117,#2118));
#368=EDGE_LOOP('',(#2119));
#369=EDGE_LOOP('',(#2120,#2121,#2122,#2123,#2124,#2125,#2126,#2127,#2128,
#2129,#2130,#2131));
#370=EDGE_LOOP('',(#2132,#2133,#2134,#2135));
#371=EDGE_LOOP('',(#2136,#2137,#2138,#2139));
#372=EDGE_LOOP('',(#2140,#2141));
#373=EDGE_LOOP('',(#2142,#2143,#2144,#2145));
#374=EDGE_LOOP('',(#2146,#2147,#2148,#2149));
#375=EDGE_LOOP('',(#2150,#2151,#2152,#2153));
#376=EDGE_LOOP('',(#2154,#2155,#2156,#2157));
#377=EDGE_LOOP('',(#2158,#2159,#2160,#2161));
#378=EDGE_LOOP('',(#2162,#2163,#2164,#2165));
#379=EDGE_LOOP('',(#2166,#2167,#2168,#2169));
#380=EDGE_LOOP('',(#2170));
#381=EDGE_LOOP('',(#2171));
#382=EDGE_LOOP('',(#2172,#2173,#2174,#2175));
#383=EDGE_LOOP('',(#2176,#2177,#2178,#2179));
#384=EDGE_LOOP('',(#2180,#2181,#2182,#2183));
#385=EDGE_LOOP('',(#2184,#2185));
#386=EDGE_LOOP('',(#2186));
#387=EDGE_LOOP('',(#2187));
#388=EDGE_LOOP('',(#2188,#2189,#2190,#2191));
#389=EDGE_LOOP('',(#2192,#2193,#2194,#2195));
#390=EDGE_LOOP('',(#2196,#2197,#2198,#2199));
#391=EDGE_LOOP('',(#2200,#2201,#2202,#2203));
#392=EDGE_LOOP('',(#2204,#2205,#2206,#2207));
#393=EDGE_LOOP('',(#2208,#2209,#2210,#2211));
#394=EDGE_LOOP('',(#2212,#2213,#2214,#2215));
#395=EDGE_LOOP('',(#2216,#2217,#2218,#2219));
#396=EDGE_LOOP('',(#2220,#2221,#2222,#2223));
#397=EDGE_LOOP('',(#2224,#2225,#2226,#2227));
#398=EDGE_LOOP('',(#2228,#2229,#2230,#2231));
#399=EDGE_LOOP('',(#2232,#2233,#2234,#2235,#2236,#2237,#2238,#2239,#2240,
#2241,#2242,#2243));
#400=EDGE_LOOP('',(#2244,#2245,#2246,#2247));
#401=EDGE_LOOP('',(#2248,#2249,#2250,#2251));
#402=EDGE_LOOP('',(#2252,#2253,#2254,#2255));
#403=EDGE_LOOP('',(#2256));
#404=EDGE_LOOP('',(#2257,#2258,#2259,#2260));
#405=EDGE_LOOP('',(#2261,#2262,#2263,#2264,#2265,#2266,#2267,#2268,#2269,
#2270));
#406=EDGE_LOOP('',(#2271,#2272,#2273,#2274));
#407=EDGE_LOOP('',(#2275,#2276,#2277,#2278,#2279,#2280,#2281,#2282,#2283,
#2284));
#408=EDGE_LOOP('',(#2285,#2286,#2287,#2288,#2289));
#409=EDGE_LOOP('',(#2290,#2291,#2292,#2293));
#410=EDGE_LOOP('',(#2294,#2295,#2296,#2297,#2298));
#411=EDGE_LOOP('',(#2299,#2300,#2301,#2302,#2303,#2304));
#412=EDGE_LOOP('',(#2305));
#413=EDGE_LOOP('',(#2306));
#414=EDGE_LOOP('',(#2307));
#415=EDGE_LOOP('',(#2308,#2309,#2310,#2311,#2312,#2313));
#416=EDGE_LOOP('',(#2314));
#417=EDGE_LOOP('',(#2315));
#418=EDGE_LOOP('',(#2316));
#419=EDGE_LOOP('',(#2317,#2318,#2319,#2320,#2321));
#420=EDGE_LOOP('',(#2322,#2323,#2324,#2325));
#421=EDGE_LOOP('',(#2326,#2327,#2328,#2329,#2330));
#422=EDGE_LOOP('',(#2331,#2332,#2333,#2334,#2335,#2336));
#423=EDGE_LOOP('',(#2337));
#424=EDGE_LOOP('',(#2338));
#425=EDGE_LOOP('',(#2339,#2340,#2341,#2342));
#426=EDGE_LOOP('',(#2343,#2344,#2345,#2346));
#427=EDGE_LOOP('',(#2347));
#428=EDGE_LOOP('',(#2348));
#429=EDGE_LOOP('',(#2349,#2350,#2351,#2352,#2353,#2354,#2355,#2356));
#430=EDGE_LOOP('',(#2357,#2358,#2359,#2360,#2361,#2362));
#431=EDGE_LOOP('',(#2363,#2364,#2365,#2366,#2367,#2368));
#432=EDGE_LOOP('',(#2369,#2370,#2371,#2372));
#433=EDGE_LOOP('',(#2373,#2374,#2375,#2376));
#434=EDGE_LOOP('',(#2377));
#435=EDGE_LOOP('',(#2378));
#436=EDGE_LOOP('',(#2379,#2380,#2381,#2382));
#437=EDGE_LOOP('',(#2383,#2384,#2385,#2386));
#438=EDGE_LOOP('',(#2387));
#439=EDGE_LOOP('',(#2388));
#440=EDGE_LOOP('',(#2389));
#441=EDGE_LOOP('',(#2390,#2391,#2392,#2393));
#442=EDGE_LOOP('',(#2394,#2395,#2396,#2397));
#443=EDGE_LOOP('',(#2398));
#444=EDGE_LOOP('',(#2399));
#445=EDGE_LOOP('',(#2400,#2401,#2402,#2403));
#446=EDGE_LOOP('',(#2404,#2405,#2406,#2407));
#447=EDGE_LOOP('',(#2408));
#448=EDGE_LOOP('',(#2409));
#449=EDGE_LOOP('',(#2410,#2411,#2412,#2413));
#450=EDGE_LOOP('',(#2414,#2415,#2416,#2417));
#451=EDGE_LOOP('',(#2418,#2419,#2420,#2421));
#452=EDGE_LOOP('',(#2422,#2423,#2424,#2425));
#453=EDGE_LOOP('',(#2426,#2427,#2428,#2429,#2430,#2431,#2432,#2433));
#454=EDGE_LOOP('',(#2434,#2435,#2436,#2437,#2438,#2439,#2440,#2441));
#455=LINE('',#3789,#682);
#456=LINE('',#3795,#683);
#457=LINE('',#3801,#684);
#458=LINE('',#3807,#685);
#459=LINE('',#3813,#686);
#460=LINE('',#3819,#687);
#461=LINE('',#3825,#688);
#462=LINE('',#3831,#689);
#463=LINE('',#3837,#690);
#464=LINE('',#3842,#691);
#465=LINE('',#3844,#692);
#466=LINE('',#3846,#693);
#467=LINE('',#3847,#694);
#468=LINE('',#3850,#695);
#469=LINE('',#3852,#696);
#470=LINE('',#3853,#697);
#471=LINE('',#3857,#698);
#472=LINE('',#3859,#699);
#473=LINE('',#3861,#700);
#474=LINE('',#3862,#701);
#475=LINE('',#3865,#702);
#476=LINE('',#3867,#703);
#477=LINE('',#3868,#704);
#478=LINE('',#3873,#705);
#479=LINE('',#3879,#706);
#480=LINE('',#3897,#707);
#481=LINE('',#3901,#708);
#482=LINE('',#3903,#709);
#483=LINE('',#3904,#710);
#484=LINE('',#3925,#711);
#485=LINE('',#3933,#712);
#486=LINE('',#3935,#713);
#487=LINE('',#3937,#714);
#488=LINE('',#3939,#715);
#489=LINE('',#3940,#716);
#490=LINE('',#3946,#717);
#491=LINE('',#3955,#718);
#492=LINE('',#3958,#719);
#493=LINE('',#3961,#720);
#494=LINE('',#3963,#721);
#495=LINE('',#3964,#722);
#496=LINE('',#3967,#723);
#497=LINE('',#3969,#724);
#498=LINE('',#3971,#725);
#499=LINE('',#3975,#726);
#500=LINE('',#3981,#727);
#501=LINE('',#3987,#728);
#502=LINE('',#3993,#729);
#503=LINE('',#4006,#730);
#504=LINE('',#4009,#731);
#505=LINE('',#4012,#732);
#506=LINE('',#4014,#733);
#507=LINE('',#4015,#734);
#508=LINE('',#4018,#735);
#509=LINE('',#4024,#736);
#510=LINE('',#4030,#737);
#511=LINE('',#4036,#738);
#512=LINE('',#4042,#739);
#513=LINE('',#4046,#740);
#514=LINE('',#4048,#741);
#515=LINE('',#4050,#742);
#516=LINE('',#4051,#743);
#517=LINE('',#4059,#744);
#518=LINE('',#4064,#745);
#519=LINE('',#4070,#746);
#520=LINE('',#4076,#747);
#521=LINE('',#4082,#748);
#522=LINE('',#4086,#749);
#523=LINE('',#4090,#750);
#524=LINE('',#4092,#751);
#525=LINE('',#4094,#752);
#526=LINE('',#4096,#753);
#527=LINE('',#4098,#754);
#528=LINE('',#4100,#755);
#529=LINE('',#4102,#756);
#530=LINE('',#4104,#757);
#531=LINE('',#4108,#758);
#532=LINE('',#4114,#759);
#533=LINE('',#4119,#760);
#534=LINE('',#4121,#761);
#535=LINE('',#4123,#762);
#536=LINE('',#4125,#763);
#537=LINE('',#4127,#764);
#538=LINE('',#4129,#765);
#539=LINE('',#4130,#766);
#540=LINE('',#4132,#767);
#541=LINE('',#4134,#768);
#542=LINE('',#4135,#769);
#543=LINE('',#4138,#770);
#544=LINE('',#4140,#771);
#545=LINE('',#4141,#772);
#546=LINE('',#4143,#773);
#547=LINE('',#4145,#774);
#548=LINE('',#4147,#775);
#549=LINE('',#4149,#776);
#550=LINE('',#4151,#777);
#551=LINE('',#4153,#778);
#552=LINE('',#4158,#779);
#553=LINE('',#4159,#780);
#554=LINE('',#4162,#781);
#555=LINE('',#4168,#782);
#556=LINE('',#4174,#783);
#557=LINE('',#4178,#784);
#558=LINE('',#4180,#785);
#559=LINE('',#4183,#786);
#560=LINE('',#4185,#787);
#561=LINE('',#4187,#788);
#562=LINE('',#4189,#789);
#563=LINE('',#4191,#790);
#564=LINE('',#4193,#791);
#565=LINE('',#4195,#792);
#566=LINE('',#4197,#793);
#567=LINE('',#4199,#794);
#568=LINE('',#4201,#795);
#569=LINE('',#4202,#796);
#570=LINE('',#4204,#797);
#571=LINE('',#4205,#798);
#572=LINE('',#4207,#799);
#573=LINE('',#4209,#800);
#574=LINE('',#4211,#801);
#575=LINE('',#4215,#802);
#576=LINE('',#4219,#803);
#577=LINE('',#4223,#804);
#578=LINE('',#4224,#805);
#579=LINE('',#4229,#806);
#580=LINE('',#4233,#807);
#581=LINE('',#4237,#808);
#582=LINE('',#4239,#809);
#583=LINE('',#4241,#810);
#584=LINE('',#4244,#811);
#585=LINE('',#4246,#812);
#586=LINE('',#4247,#813);
#587=LINE('',#4253,#814);
#588=LINE('',#4257,#815);
#589=LINE('',#4260,#816);
#590=LINE('',#4261,#817);
#591=LINE('',#4264,#818);
#592=LINE('',#4265,#819);
#593=LINE('',#4269,#820);
#594=LINE('',#4270,#821);
#595=LINE('',#4271,#822);
#596=LINE('',#4276,#823);
#597=LINE('',#4282,#824);
#598=LINE('',#4288,#825);
#599=LINE('',#4291,#826);
#600=LINE('',#4292,#827);
#601=LINE('',#4300,#828);
#602=LINE('',#4305,#829);
#603=LINE('',#4307,#830);
#604=LINE('',#4309,#831);
#605=LINE('',#4310,#832);
#606=LINE('',#4316,#833);
#607=LINE('',#4319,#834);
#608=LINE('',#4321,#835);
#609=LINE('',#4322,#836);
#610=LINE('',#4329,#837);
#611=LINE('',#4333,#838);
#612=LINE('',#4337,#839);
#613=LINE('',#4338,#840);
#614=LINE('',#4341,#841);
#615=LINE('',#4345,#842);
#616=LINE('',#4349,#843);
#617=LINE('',#4351,#844);
#618=LINE('',#4353,#845);
#619=LINE('',#4354,#846);
#620=LINE('',#4357,#847);
#621=LINE('',#4363,#848);
#622=LINE('',#4367,#849);
#623=LINE('',#4369,#850);
#624=LINE('',#4370,#851);
#625=LINE('',#4374,#852);
#626=LINE('',#4377,#853);
#627=LINE('',#4378,#854);
#628=LINE('',#4387,#855);
#629=LINE('',#4391,#856);
#630=LINE('',#4393,#857);
#631=LINE('',#4394,#858);
#632=LINE('',#4401,#859);
#633=LINE('',#4403,#860);
#634=LINE('',#4404,#861);
#635=LINE('',#4407,#862);
#636=LINE('',#4408,#863);
#637=LINE('',#4411,#864);
#638=LINE('',#4412,#865);
#639=LINE('',#4414,#866);
#640=LINE('',#4422,#867);
#641=LINE('',#4426,#868);
#642=LINE('',#4438,#869);
#643=LINE('',#4439,#870);
#644=LINE('',#4444,#871);
#645=LINE('',#4445,#872);
#646=LINE('',#4452,#873);
#647=LINE('',#4456,#874);
#648=LINE('',#4458,#875);
#649=LINE('',#4462,#876);
#650=LINE('',#4465,#877);
#651=LINE('',#4470,#878);
#652=LINE('',#4481,#879);
#653=LINE('',#4488,#880);
#654=LINE('',#4490,#881);
#655=LINE('',#4491,#882);
#656=LINE('',#4494,#883);
#657=LINE('',#4496,#884);
#658=LINE('',#4497,#885);
#659=LINE('',#4507,#886);
#660=LINE('',#4514,#887);
#661=LINE('',#4516,#888);
#662=LINE('',#4517,#889);
#663=LINE('',#4520,#890);
#664=LINE('',#4522,#891);
#665=LINE('',#4523,#892);
#666=LINE('',#4529,#893);
#667=LINE('',#4533,#894);
#668=LINE('',#4537,#895);
#669=LINE('',#4540,#896);
#670=LINE('',#4545,#897);
#671=LINE('',#4546,#898);
#672=LINE('',#4549,#899);
#673=LINE('',#4550,#900);
#674=LINE('',#4554,#901);
#675=LINE('',#4557,#902);
#676=LINE('',#4558,#903);
#677=LINE('',#4562,#904);
#678=LINE('',#4565,#905);
#679=LINE('',#4566,#906);
#680=LINE('',#4570,#907);
#681=LINE('',#4572,#908);
#682=VECTOR('',#2971,1.49999999999999);
#683=VECTOR('',#2978,1.49999999999999);
#684=VECTOR('',#2985,1.5);
#685=VECTOR('',#2992,1.5);
#686=VECTOR('',#2999,1.49999999999999);
#687=VECTOR('',#3006,1.49999999999999);
#688=VECTOR('',#3013,1.5);
#689=VECTOR('',#3020,1.5);
#690=VECTOR('',#3027,1.49999999999999);
#691=VECTOR('',#3032,10.);
#692=VECTOR('',#3033,10.);
#693=VECTOR('',#3034,10.);
#694=VECTOR('',#3035,10.);
#695=VECTOR('',#3038,10.);
#696=VECTOR('',#3039,10.);
#697=VECTOR('',#3040,10.);
#698=VECTOR('',#3043,10.);
#699=VECTOR('',#3044,10.);
#700=VECTOR('',#3045,10.);
#701=VECTOR('',#3046,10.);
#702=VECTOR('',#3049,10.);
#703=VECTOR('',#3050,10.);
#704=VECTOR('',#3051,10.);
#705=VECTOR('',#3056,10.);
#706=VECTOR('',#3063,10.);
#707=VECTOR('',#3064,10.);
#708=VECTOR('',#3069,10.);
#709=VECTOR('',#3070,10.);
#710=VECTOR('',#3071,10.);
#711=VECTOR('',#3076,11.5);
#712=VECTOR('',#3087,10.);
#713=VECTOR('',#3088,10.);
#714=VECTOR('',#3089,10.);
#715=VECTOR('',#3090,10.);
#716=VECTOR('',#3091,10.);
#717=VECTOR('',#3100,10.);
#718=VECTOR('',#3111,10.);
#719=VECTOR('',#3114,10.);
#720=VECTOR('',#3117,10.);
#721=VECTOR('',#3118,10.);
#722=VECTOR('',#3119,10.);
#723=VECTOR('',#3122,10.);
#724=VECTOR('',#3123,10.);
#725=VECTOR('',#3124,10.);
#726=VECTOR('',#3127,10.);
#727=VECTOR('',#3132,10.);
#728=VECTOR('',#3137,10.);
#729=VECTOR('',#3142,10.);
#730=VECTOR('',#3155,10.);
#731=VECTOR('',#3158,10.);
#732=VECTOR('',#3161,10.);
#733=VECTOR('',#3162,10.);
#734=VECTOR('',#3163,10.);
#735=VECTOR('',#3166,10.);
#736=VECTOR('',#3171,10.);
#737=VECTOR('',#3176,10.);
#738=VECTOR('',#3181,10.);
#739=VECTOR('',#3186,10.);
#740=VECTOR('',#3189,10.);
#741=VECTOR('',#3190,10.);
#742=VECTOR('',#3191,10.);
#743=VECTOR('',#3192,10.);
#744=VECTOR('',#3201,10.);
#745=VECTOR('',#3206,10.);
#746=VECTOR('',#3211,10.);
#747=VECTOR('',#3216,10.);
#748=VECTOR('',#3221,10.);
#749=VECTOR('',#3224,10.);
#750=VECTOR('',#3227,10.);
#751=VECTOR('',#3228,10.);
#752=VECTOR('',#3229,10.);
#753=VECTOR('',#3230,10.);
#754=VECTOR('',#3231,10.);
#755=VECTOR('',#3232,10.);
#756=VECTOR('',#3233,10.);
#757=VECTOR('',#3234,10.);
#758=VECTOR('',#3237,10.);
#759=VECTOR('',#3242,10.);
#760=VECTOR('',#3247,10.);
#761=VECTOR('',#3248,10.);
#762=VECTOR('',#3249,10.);
#763=VECTOR('',#3250,10.);
#764=VECTOR('',#3251,10.);
#765=VECTOR('',#3252,10.);
#766=VECTOR('',#3253,10.);
#767=VECTOR('',#3256,10.);
#768=VECTOR('',#3259,10.);
#769=VECTOR('',#3260,10.);
#770=VECTOR('',#3265,10.);
#771=VECTOR('',#3268,10.);
#772=VECTOR('',#3269,10.);
#773=VECTOR('',#3272,10.);
#774=VECTOR('',#3275,10.);
#775=VECTOR('',#3278,10.);
#776=VECTOR('',#3281,10.);
#777=VECTOR('',#3284,10.);
#778=VECTOR('',#3287,10.);
#779=VECTOR('',#3292,10.);
#780=VECTOR('',#3293,10.);
#781=VECTOR('',#3296,10.);
#782=VECTOR('',#3301,10.);
#783=VECTOR('',#3306,10.);
#784=VECTOR('',#3309,10.);
#785=VECTOR('',#3310,10.);
#786=VECTOR('',#3313,10.);
#787=VECTOR('',#3316,10.);
#788=VECTOR('',#3319,10.);
#789=VECTOR('',#3322,10.);
#790=VECTOR('',#3325,10.);
#791=VECTOR('',#3328,10.);
#792=VECTOR('',#3331,10.);
#793=VECTOR('',#3334,10.);
#794=VECTOR('',#3335,10.);
#795=VECTOR('',#3336,10.);
#796=VECTOR('',#3337,10.);
#797=VECTOR('',#3340,10.);
#798=VECTOR('',#3341,10.);
#799=VECTOR('',#3344,10.);
#800=VECTOR('',#3347,10.);
#801=VECTOR('',#3350,10.);
#802=VECTOR('',#3355,1.5);
#803=VECTOR('',#3360,1.5);
#804=VECTOR('',#3367,10.);
#805=VECTOR('',#3368,10.);
#806=VECTOR('',#3375,1.5);
#807=VECTOR('',#3380,1.5);
#808=VECTOR('',#3387,10.);
#809=VECTOR('',#3390,10.);
#810=VECTOR('',#3393,10.);
#811=VECTOR('',#3396,10.);
#812=VECTOR('',#3397,10.);
#813=VECTOR('',#3398,10.);
#814=VECTOR('',#3407,10.);
#815=VECTOR('',#3412,10.);
#816=VECTOR('',#3415,10.);
#817=VECTOR('',#3416,10.);
#818=VECTOR('',#3419,10.);
#819=VECTOR('',#3420,10.);
#820=VECTOR('',#3423,10.);
#821=VECTOR('',#3424,10.);
#822=VECTOR('',#3425,10.);
#823=VECTOR('',#3430,10.);
#824=VECTOR('',#3437,10.);
#825=VECTOR('',#3444,1.50000000000002);
#826=VECTOR('',#3449,10.);
#827=VECTOR('',#3450,10.);
#828=VECTOR('',#3461,1.5);
#829=VECTOR('',#3466,10.);
#830=VECTOR('',#3467,10.);
#831=VECTOR('',#3468,10.);
#832=VECTOR('',#3469,10.);
#833=VECTOR('',#3476,10.);
#834=VECTOR('',#3479,10.);
#835=VECTOR('',#3480,10.);
#836=VECTOR('',#3481,10.);
#837=VECTOR('',#3492,10.);
#838=VECTOR('',#3495,10.);
#839=VECTOR('',#3498,10.);
#840=VECTOR('',#3499,10.);
#841=VECTOR('',#3500,10.);
#842=VECTOR('',#3503,10.);
#843=VECTOR('',#3506,10.);
#844=VECTOR('',#3507,10.);
#845=VECTOR('',#3508,10.);
#846=VECTOR('',#3509,10.);
#847=VECTOR('',#3510,10.);
#848=VECTOR('',#3517,1.5);
#849=VECTOR('',#3522,10.);
#850=VECTOR('',#3523,10.);
#851=VECTOR('',#3524,10.);
#852=VECTOR('',#3529,10.);
#853=VECTOR('',#3532,10.);
#854=VECTOR('',#3533,10.);
#855=VECTOR('',#3546,1.49999999999999);
#856=VECTOR('',#3551,10.);
#857=VECTOR('',#3552,10.);
#858=VECTOR('',#3553,10.);
#859=VECTOR('',#3564,10.);
#860=VECTOR('',#3565,10.);
#861=VECTOR('',#3566,10.);
#862=VECTOR('',#3569,10.);
#863=VECTOR('',#3570,10.);
#864=VECTOR('',#3573,10.);
#865=VECTOR('',#3574,10.);
#866=VECTOR('',#3577,10.);
#867=VECTOR('',#3588,10.);
#868=VECTOR('',#3593,10.);
#869=VECTOR('',#3610,10.);
#870=VECTOR('',#3611,10.);
#871=VECTOR('',#3620,10.);
#872=VECTOR('',#3621,10.);
#873=VECTOR('',#3632,10.);
#874=VECTOR('',#3639,10.);
#875=VECTOR('',#3642,10.);
#876=VECTOR('',#3645,10.);
#877=VECTOR('',#3650,10.);
#878=VECTOR('',#3655,10.);
#879=VECTOR('',#3670,10.);
#880=VECTOR('',#3679,10.);
#881=VECTOR('',#3680,10.);
#882=VECTOR('',#3681,10.);
#883=VECTOR('',#3684,10.);
#884=VECTOR('',#3685,10.);
#885=VECTOR('',#3686,10.);
#886=VECTOR('',#3699,10.);
#887=VECTOR('',#3708,10.);
#888=VECTOR('',#3709,10.);
#889=VECTOR('',#3710,10.);
#890=VECTOR('',#3713,10.);
#891=VECTOR('',#3714,10.);
#892=VECTOR('',#3715,10.);
#893=VECTOR('',#3720,10.);
#894=VECTOR('',#3723,10.);
#895=VECTOR('',#3726,10.);
#896=VECTOR('',#3729,10.);
#897=VECTOR('',#3734,10.);
#898=VECTOR('',#3735,10.);
#899=VECTOR('',#3738,10.);
#900=VECTOR('',#3739,10.);
#901=VECTOR('',#3744,10.);
#902=VECTOR('',#3747,10.);
#903=VECTOR('',#3748,10.);
#904=VECTOR('',#3753,10.);
#905=VECTOR('',#3756,10.);
#906=VECTOR('',#3757,10.);
#907=VECTOR('',#3762,10.);
#908=VECTOR('',#3765,10.);
#909=CIRCLE('',#2671,1.49999999999999);
#910=CIRCLE('',#2672,1.49999999999999);
#911=CIRCLE('',#2674,1.49999999999999);
#912=CIRCLE('',#2675,1.49999999999999);
#913=CIRCLE('',#2677,1.5);
#914=CIRCLE('',#2678,1.5);
#915=CIRCLE('',#2680,1.5);
#916=CIRCLE('',#2681,1.5);
#917=CIRCLE('',#2683,1.49999999999999);
#918=CIRCLE('',#2684,1.49999999999999);
#919=CIRCLE('',#2686,1.49999999999999);
#920=CIRCLE('',#2687,1.49999999999999);
#921=CIRCLE('',#2689,1.5);
#922=CIRCLE('',#2690,1.5);
#923=CIRCLE('',#2692,1.5);
#924=CIRCLE('',#2693,1.5);
#925=CIRCLE('',#2695,1.49999999999999);
#926=CIRCLE('',#2696,1.49999999999999);
#927=CIRCLE('',#2702,30.);
#928=CIRCLE('',#2703,30.);
#929=CIRCLE('',#2705,30.);
#930=CIRCLE('',#2706,30.);
#931=CIRCLE('',#2709,11.5);
#932=CIRCLE('',#2710,11.5);
#933=CIRCLE('',#2711,11.5);
#934=CIRCLE('',#2713,10.);
#935=CIRCLE('',#2716,13.);
#936=CIRCLE('',#2718,10.);
#937=CIRCLE('',#2720,25.);
#938=CIRCLE('',#2721,25.);
#939=CIRCLE('',#2723,2.);
#940=CIRCLE('',#2724,2.);
#941=CIRCLE('',#2727,2.);
#942=CIRCLE('',#2728,2.);
#943=CIRCLE('',#2729,2.);
#944=CIRCLE('',#2730,2.);
#945=CIRCLE('',#2731,2.);
#946=CIRCLE('',#2732,2.);
#947=CIRCLE('',#2733,2.);
#948=CIRCLE('',#2734,2.);
#949=CIRCLE('',#2735,2.);
#950=CIRCLE('',#2736,1.5);
#951=CIRCLE('',#2737,1.5);
#952=CIRCLE('',#2739,2.);
#953=CIRCLE('',#2740,2.);
#954=CIRCLE('',#2743,2.);
#955=CIRCLE('',#2744,2.);
#956=CIRCLE('',#2745,2.);
#957=CIRCLE('',#2746,2.);
#958=CIRCLE('',#2747,2.);
#959=CIRCLE('',#2748,2.);
#960=CIRCLE('',#2749,2.);
#961=CIRCLE('',#2750,2.);
#962=CIRCLE('',#2751,2.);
#963=CIRCLE('',#2752,1.5);
#964=CIRCLE('',#2753,1.5);
#965=CIRCLE('',#2755,2.);
#966=CIRCLE('',#2757,2.);
#967=CIRCLE('',#2758,2.);
#968=CIRCLE('',#2759,2.);
#969=CIRCLE('',#2760,2.);
#970=CIRCLE('',#2761,2.);
#971=CIRCLE('',#2762,2.);
#972=CIRCLE('',#2763,2.);
#973=CIRCLE('',#2764,2.);
#974=CIRCLE('',#2765,4.99999999999996);
#975=CIRCLE('',#2766,4.99999999999999);
#976=CIRCLE('',#2767,2.);
#977=CIRCLE('',#2768,2.);
#978=CIRCLE('',#2769,2.);
#979=CIRCLE('',#2770,2.);
#980=CIRCLE('',#2783,2.);
#981=CIRCLE('',#2785,2.);
#982=CIRCLE('',#2786,2.);
#983=CIRCLE('',#2787,2.);
#984=CIRCLE('',#2788,2.);
#985=CIRCLE('',#2789,5.);
#986=CIRCLE('',#2790,4.99999999999996);
#987=CIRCLE('',#2804,1.5);
#988=CIRCLE('',#2806,1.5);
#989=CIRCLE('',#2812,1.5);
#990=CIRCLE('',#2814,1.5);
#991=CIRCLE('',#2823,5.);
#992=CIRCLE('',#2825,4.99999999999999);
#993=CIRCLE('',#2830,3.00000000000002);
#994=CIRCLE('',#2831,3.00000000000002);
#995=CIRCLE('',#2833,3.00000000000002);
#996=CIRCLE('',#2834,3.00000000000002);
#997=CIRCLE('',#2836,1.50000000000002);
#998=CIRCLE('',#2837,1.50000000000002);
#999=CIRCLE('',#2843,1.5);
#1000=CIRCLE('',#2844,1.5);
#1001=CIRCLE('',#2847,3.00000000000001);
#1002=CIRCLE('',#2848,3.00000000000001);
#1003=CIRCLE('',#2851,3.00000000000001);
#1004=CIRCLE('',#2852,3.00000000000001);
#1005=CIRCLE('',#2855,20.);
#1006=CIRCLE('',#2856,20.);
#1007=CIRCLE('',#2857,3.);
#1008=CIRCLE('',#2858,3.);
#1009=CIRCLE('',#2859,2.84999999999998);
#1010=CIRCLE('',#2861,1.5);
#1011=CIRCLE('',#2862,1.5);
#1012=CIRCLE('',#2865,3.);
#1013=CIRCLE('',#2868,3.);
#1014=CIRCLE('',#2872,1.49999999999999);
#1015=CIRCLE('',#2873,1.49999999999999);
#1016=CIRCLE('',#2876,2.84999999999998);
#1017=CIRCLE('',#2884,4.99999999999999);
#1018=CIRCLE('',#2885,5.);
#1019=CIRCLE('',#2887,5.);
#1020=CIRCLE('',#2888,5.);
#1021=CIRCLE('',#2890,4.99999999999997);
#1022=CIRCLE('',#2892,5.);
#1023=CIRCLE('',#2894,4.99999999999999);
#1024=CIRCLE('',#2895,20.);
#1025=CIRCLE('',#2897,5.);
#1026=CIRCLE('',#2899,20.);
#1027=CIRCLE('',#2900,25.);
#1028=CIRCLE('',#2903,5.);
#1029=CIRCLE('',#2904,25.);
#1030=CIRCLE('',#2906,5.);
#1031=CIRCLE('',#2911,30.);
#1032=CIRCLE('',#2912,30.);
#1033=CIRCLE('',#2915,30.);
#1034=CIRCLE('',#2916,30.);
#1035=CIRCLE('',#2918,9.99999999999999);
#1036=CIRCLE('',#2919,10.);
#1037=CIRCLE('',#2920,20.);
#1038=CIRCLE('',#2922,10.);
#1039=CIRCLE('',#2924,9.99999999999997);
#1040=CIRCLE('',#2925,20.);
#1041=CIRCLE('',#2929,10.);
#1042=CIRCLE('',#2930,10.);
#1043=CIRCLE('',#2931,20.);
#1044=CIRCLE('',#2933,10.);
#1045=CIRCLE('',#2935,9.99999999999999);
#1046=CIRCLE('',#2936,20.);
#1047=CIRCLE('',#2940,7.00000000000001);
#1048=CIRCLE('',#2941,6.99999999999994);
#1049=CIRCLE('',#2942,6.99999999999996);
#1050=CIRCLE('',#2943,7.);
#1051=CIRCLE('',#2945,7.00000000000001);
#1052=CIRCLE('',#2948,7.);
#1053=CIRCLE('',#2951,6.99999999999996);
#1054=CIRCLE('',#2954,6.99999999999994);
#1055=CIRCLE('',#2957,9.99999999999996);
#1056=CIRCLE('',#2959,9.99999999999996);
#1057=CIRCLE('',#2961,10.);
#1058=CIRCLE('',#2963,10.);
#1059=VERTEX_POINT('',#3786);
#1060=VERTEX_POINT('',#3788);
#1061=VERTEX_POINT('',#3792);
#1062=VERTEX_POINT('',#3794);
#1063=VERTEX_POINT('',#3798);
#1064=VERTEX_POINT('',#3800);
#1065=VERTEX_POINT('',#3804);
#1066=VERTEX_POINT('',#3806);
#1067=VERTEX_POINT('',#3810);
#1068=VERTEX_POINT('',#3812);
#1069=VERTEX_POINT('',#3816);
#1070=VERTEX_POINT('',#3818);
#1071=VERTEX_POINT('',#3822);
#1072=VERTEX_POINT('',#3824);
#1073=VERTEX_POINT('',#3828);
#1074=VERTEX_POINT('',#3830);
#1075=VERTEX_POINT('',#3834);
#1076=VERTEX_POINT('',#3836);
#1077=VERTEX_POINT('',#3840);
#1078=VERTEX_POINT('',#3841);
#1079=VERTEX_POINT('',#3843);
#1080=VERTEX_POINT('',#3845);
#1081=VERTEX_POINT('',#3849);
#1082=VERTEX_POINT('',#3851);
#1083=VERTEX_POINT('',#3855);
#1084=VERTEX_POINT('',#3856);
#1085=VERTEX_POINT('',#3858);
#1086=VERTEX_POINT('',#3860);
#1087=VERTEX_POINT('',#3864);
#1088=VERTEX_POINT('',#3866);
#1089=VERTEX_POINT('',#3870);
#1090=VERTEX_POINT('',#3872);
#1091=VERTEX_POINT('',#3876);
#1092=VERTEX_POINT('',#3878);
#1093=VERTEX_POINT('',#3880);
#1094=VERTEX_POINT('',#3896);
#1095=VERTEX_POINT('',#3900);
#1096=VERTEX_POINT('',#3902);
#1097=VERTEX_POINT('',#3906);
#1098=VERTEX_POINT('',#3907);
#1099=VERTEX_POINT('',#3922);
#1100=VERTEX_POINT('',#3924);
#1101=VERTEX_POINT('',#3929);
#1102=VERTEX_POINT('',#3932);
#1103=VERTEX_POINT('',#3934);
#1104=VERTEX_POINT('',#3936);
#1105=VERTEX_POINT('',#3938);
#1106=VERTEX_POINT('',#3944);
#1107=VERTEX_POINT('',#3951);
#1108=VERTEX_POINT('',#3952);
#1109=VERTEX_POINT('',#3954);
#1110=VERTEX_POINT('',#3956);
#1111=VERTEX_POINT('',#3960);
#1112=VERTEX_POINT('',#3962);
#1113=VERTEX_POINT('',#3966);
#1114=VERTEX_POINT('',#3968);
#1115=VERTEX_POINT('',#3970);
#1116=VERTEX_POINT('',#3972);
#1117=VERTEX_POINT('',#3974);
#1118=VERTEX_POINT('',#3976);
#1119=VERTEX_POINT('',#3978);
#1120=VERTEX_POINT('',#3980);
#1121=VERTEX_POINT('',#3982);
#1122=VERTEX_POINT('',#3984);
#1123=VERTEX_POINT('',#3986);
#1124=VERTEX_POINT('',#3988);
#1125=VERTEX_POINT('',#3990);
#1126=VERTEX_POINT('',#3992);
#1127=VERTEX_POINT('',#3994);
#1128=VERTEX_POINT('',#3997);
#1129=VERTEX_POINT('',#3999);
#1130=VERTEX_POINT('',#4002);
#1131=VERTEX_POINT('',#4003);
#1132=VERTEX_POINT('',#4005);
#1133=VERTEX_POINT('',#4007);
#1134=VERTEX_POINT('',#4011);
#1135=VERTEX_POINT('',#4013);
#1136=VERTEX_POINT('',#4017);
#1137=VERTEX_POINT('',#4019);
#1138=VERTEX_POINT('',#4021);
#1139=VERTEX_POINT('',#4023);
#1140=VERTEX_POINT('',#4025);
#1141=VERTEX_POINT('',#4027);
#1142=VERTEX_POINT('',#4029);
#1143=VERTEX_POINT('',#4031);
#1144=VERTEX_POINT('',#4033);
#1145=VERTEX_POINT('',#4035);
#1146=VERTEX_POINT('',#4037);
#1147=VERTEX_POINT('',#4039);
#1148=VERTEX_POINT('',#4041);
#1149=VERTEX_POINT('',#4043);
#1150=VERTEX_POINT('',#4045);
#1151=VERTEX_POINT('',#4047);
#1152=VERTEX_POINT('',#4049);
#1153=VERTEX_POINT('',#4052);
#1154=VERTEX_POINT('',#4054);
#1155=VERTEX_POINT('',#4057);
#1156=VERTEX_POINT('',#4061);
#1157=VERTEX_POINT('',#4063);
#1158=VERTEX_POINT('',#4065);
#1159=VERTEX_POINT('',#4067);
#1160=VERTEX_POINT('',#4069);
#1161=VERTEX_POINT('',#4071);
#1162=VERTEX_POINT('',#4073);
#1163=VERTEX_POINT('',#4075);
#1164=VERTEX_POINT('',#4077);
#1165=VERTEX_POINT('',#4079);
#1166=VERTEX_POINT('',#4081);
#1167=VERTEX_POINT('',#4083);
#1168=VERTEX_POINT('',#4085);
#1169=VERTEX_POINT('',#4087);
#1170=VERTEX_POINT('',#4089);
#1171=VERTEX_POINT('',#4091);
#1172=VERTEX_POINT('',#4093);
#1173=VERTEX_POINT('',#4095);
#1174=VERTEX_POINT('',#4097);
#1175=VERTEX_POINT('',#4099);
#1176=VERTEX_POINT('',#4101);
#1177=VERTEX_POINT('',#4103);
#1178=VERTEX_POINT('',#4105);
#1179=VERTEX_POINT('',#4107);
#1180=VERTEX_POINT('',#4109);
#1181=VERTEX_POINT('',#4111);
#1182=VERTEX_POINT('',#4113);
#1183=VERTEX_POINT('',#4115);
#1184=VERTEX_POINT('',#4117);
#1185=VERTEX_POINT('',#4120);
#1186=VERTEX_POINT('',#4122);
#1187=VERTEX_POINT('',#4124);
#1188=VERTEX_POINT('',#4126);
#1189=VERTEX_POINT('',#4128);
#1190=VERTEX_POINT('',#4155);
#1191=VERTEX_POINT('',#4156);
#1192=VERTEX_POINT('',#4161);
#1193=VERTEX_POINT('',#4163);
#1194=VERTEX_POINT('',#4165);
#1195=VERTEX_POINT('',#4167);
#1196=VERTEX_POINT('',#4169);
#1197=VERTEX_POINT('',#4171);
#1198=VERTEX_POINT('',#4173);
#1199=VERTEX_POINT('',#4175);
#1200=VERTEX_POINT('',#4177);
#1201=VERTEX_POINT('',#4179);
#1202=VERTEX_POINT('',#4181);
#1203=VERTEX_POINT('',#4198);
#1204=VERTEX_POINT('',#4200);
#1205=VERTEX_POINT('',#4214);
#1206=VERTEX_POINT('',#4218);
#1207=VERTEX_POINT('',#4228);
#1208=VERTEX_POINT('',#4232);
#1209=VERTEX_POINT('',#4243);
#1210=VERTEX_POINT('',#4245);
#1211=VERTEX_POINT('',#4251);
#1212=VERTEX_POINT('',#4255);
#1213=VERTEX_POINT('',#4259);
#1214=VERTEX_POINT('',#4263);
#1215=VERTEX_POINT('',#4267);
#1216=VERTEX_POINT('',#4268);
#1217=VERTEX_POINT('',#4273);
#1218=VERTEX_POINT('',#4275);
#1219=VERTEX_POINT('',#4279);
#1220=VERTEX_POINT('',#4281);
#1221=VERTEX_POINT('',#4285);
#1222=VERTEX_POINT('',#4287);
#1223=VERTEX_POINT('',#4297);
#1224=VERTEX_POINT('',#4299);
#1225=VERTEX_POINT('',#4303);
#1226=VERTEX_POINT('',#4304);
#1227=VERTEX_POINT('',#4306);
#1228=VERTEX_POINT('',#4308);
#1229=VERTEX_POINT('',#4312);
#1230=VERTEX_POINT('',#4314);
#1231=VERTEX_POINT('',#4318);
#1232=VERTEX_POINT('',#4320);
#1233=VERTEX_POINT('',#4328);
#1234=VERTEX_POINT('',#4330);
#1235=VERTEX_POINT('',#4332);
#1236=VERTEX_POINT('',#4334);
#1237=VERTEX_POINT('',#4336);
#1238=VERTEX_POINT('',#4339);
#1239=VERTEX_POINT('',#4340);
#1240=VERTEX_POINT('',#4342);
#1241=VERTEX_POINT('',#4344);
#1242=VERTEX_POINT('',#4347);
#1243=VERTEX_POINT('',#4348);
#1244=VERTEX_POINT('',#4350);
#1245=VERTEX_POINT('',#4352);
#1246=VERTEX_POINT('',#4355);
#1247=VERTEX_POINT('',#4356);
#1248=VERTEX_POINT('',#4360);
#1249=VERTEX_POINT('',#4362);
#1250=VERTEX_POINT('',#4366);
#1251=VERTEX_POINT('',#4368);
#1252=VERTEX_POINT('',#4372);
#1253=VERTEX_POINT('',#4376);
#1254=VERTEX_POINT('',#4384);
#1255=VERTEX_POINT('',#4386);
#1256=VERTEX_POINT('',#4390);
#1257=VERTEX_POINT('',#4392);
#1258=VERTEX_POINT('',#4400);
#1259=VERTEX_POINT('',#4402);
#1260=VERTEX_POINT('',#4406);
#1261=VERTEX_POINT('',#4410);
#1262=VERTEX_POINT('',#4419);
#1263=VERTEX_POINT('',#4421);
#1264=VERTEX_POINT('',#4425);
#1265=VERTEX_POINT('',#4431);
#1266=VERTEX_POINT('',#4435);
#1267=VERTEX_POINT('',#4436);
#1268=VERTEX_POINT('',#4447);
#1269=VERTEX_POINT('',#4459);
#1270=VERTEX_POINT('',#4461);
#1271=VERTEX_POINT('',#4467);
#1272=VERTEX_POINT('',#4469);
#1273=VERTEX_POINT('',#4473);
#1274=VERTEX_POINT('',#4475);
#1275=VERTEX_POINT('',#4479);
#1276=VERTEX_POINT('',#4483);
#1277=VERTEX_POINT('',#4487);
#1278=VERTEX_POINT('',#4489);
#1279=VERTEX_POINT('',#4493);
#1280=VERTEX_POINT('',#4495);
#1281=VERTEX_POINT('',#4499);
#1282=VERTEX_POINT('',#4501);
#1283=VERTEX_POINT('',#4505);
#1284=VERTEX_POINT('',#4509);
#1285=VERTEX_POINT('',#4513);
#1286=VERTEX_POINT('',#4515);
#1287=VERTEX_POINT('',#4519);
#1288=VERTEX_POINT('',#4521);
#1289=VERTEX_POINT('',#4525);
#1290=VERTEX_POINT('',#4526);
#1291=VERTEX_POINT('',#4528);
#1292=VERTEX_POINT('',#4530);
#1293=VERTEX_POINT('',#4532);
#1294=VERTEX_POINT('',#4534);
#1295=VERTEX_POINT('',#4536);
#1296=VERTEX_POINT('',#4538);
#1297=VERTEX_POINT('',#4542);
#1298=VERTEX_POINT('',#4543);
#1299=VERTEX_POINT('',#4548);
#1300=VERTEX_POINT('',#4552);
#1301=VERTEX_POINT('',#4556);
#1302=VERTEX_POINT('',#4560);
#1303=VERTEX_POINT('',#4564);
#1304=VERTEX_POINT('',#4568);
#1305=EDGE_CURVE('',#1059,#1059,#909,.T.);
#1306=EDGE_CURVE('',#1059,#1060,#455,.T.);
#1307=EDGE_CURVE('',#1060,#1060,#910,.T.);
#1308=EDGE_CURVE('',#1061,#1061,#911,.T.);
#1309=EDGE_CURVE('',#1061,#1062,#456,.T.);
#1310=EDGE_CURVE('',#1062,#1062,#912,.T.);
#1311=EDGE_CURVE('',#1063,#1063,#913,.T.);
#1312=EDGE_CURVE('',#1063,#1064,#457,.T.);
#1313=EDGE_CURVE('',#1064,#1064,#914,.T.);
#1314=EDGE_CURVE('',#1065,#1065,#915,.T.);
#1315=EDGE_CURVE('',#1065,#1066,#458,.T.);
#1316=EDGE_CURVE('',#1066,#1066,#916,.T.);
#1317=EDGE_CURVE('',#1067,#1067,#917,.T.);
#1318=EDGE_CURVE('',#1067,#1068,#459,.T.);
#1319=EDGE_CURVE('',#1068,#1068,#918,.T.);
#1320=EDGE_CURVE('',#1069,#1069,#919,.T.);
#1321=EDGE_CURVE('',#1069,#1070,#460,.T.);
#1322=EDGE_CURVE('',#1070,#1070,#920,.T.);
#1323=EDGE_CURVE('',#1071,#1071,#921,.T.);
#1324=EDGE_CURVE('',#1071,#1072,#461,.T.);
#1325=EDGE_CURVE('',#1072,#1072,#922,.T.);
#1326=EDGE_CURVE('',#1073,#1073,#923,.T.);
#1327=EDGE_CURVE('',#1073,#1074,#462,.T.);
#1328=EDGE_CURVE('',#1074,#1074,#924,.T.);
#1329=EDGE_CURVE('',#1075,#1075,#925,.T.);
#1330=EDGE_CURVE('',#1075,#1076,#463,.T.);
#1331=EDGE_CURVE('',#1076,#1076,#926,.T.);
#1332=EDGE_CURVE('',#1077,#1078,#464,.T.);
#1333=EDGE_CURVE('',#1077,#1079,#465,.T.);
#1334=EDGE_CURVE('',#1079,#1080,#466,.T.);
#1335=EDGE_CURVE('',#1078,#1080,#467,.T.);
#1336=EDGE_CURVE('',#1081,#1079,#468,.T.);
#1337=EDGE_CURVE('',#1082,#1081,#469,.T.);
#1338=EDGE_CURVE('',#1080,#1082,#470,.T.);
#1339=EDGE_CURVE('',#1083,#1084,#471,.T.);
#1340=EDGE_CURVE('',#1083,#1085,#472,.T.);
#1341=EDGE_CURVE('',#1085,#1086,#473,.T.);
#1342=EDGE_CURVE('',#1084,#1086,#474,.T.);
#1343=EDGE_CURVE('',#1087,#1085,#475,.T.);
#1344=EDGE_CURVE('',#1088,#1087,#476,.T.);
#1345=EDGE_CURVE('',#1086,#1088,#477,.T.);
#1346=EDGE_CURVE('',#1089,#1078,#927,.T.);
#1347=EDGE_CURVE('',#1089,#1090,#478,.T.);
#1348=EDGE_CURVE('',#1077,#1090,#928,.T.);
#1349=EDGE_CURVE('',#1091,#1084,#929,.T.);
#1350=EDGE_CURVE('',#1091,#1092,#479,.T.);
#1351=EDGE_CURVE('',#1092,#1093,#59,.T.);
#1352=EDGE_CURVE('',#1093,#1094,#480,.T.);
#1353=EDGE_CURVE('',#1083,#1094,#930,.T.);
#1354=EDGE_CURVE('',#1087,#1095,#481,.T.);
#1355=EDGE_CURVE('',#1095,#1096,#482,.T.);
#1356=EDGE_CURVE('',#1088,#1096,#483,.T.);
#1357=EDGE_CURVE('',#1097,#1098,#60,.T.);
#1358=EDGE_CURVE('',#1099,#1097,#931,.T.);
#1359=EDGE_CURVE('',#1099,#1100,#484,.T.);
#1360=EDGE_CURVE('',#1100,#1100,#932,.T.);
#1361=EDGE_CURVE('',#1098,#1099,#933,.T.);
#1362=EDGE_CURVE('',#1101,#1101,#934,.T.);
#1363=EDGE_CURVE('',#1097,#1102,#485,.T.);
#1364=EDGE_CURVE('',#1102,#1103,#486,.T.);
#1365=EDGE_CURVE('',#1104,#1103,#487,.T.);
#1366=EDGE_CURVE('',#1104,#1105,#488,.T.);
#1367=EDGE_CURVE('',#1105,#1098,#489,.T.);
#1368=EDGE_CURVE('',#1093,#1092,#935,.T.);
#1369=EDGE_CURVE('',#1106,#1106,#936,.T.);
#1370=EDGE_CURVE('',#1106,#1101,#490,.T.);
#1371=EDGE_CURVE('',#1105,#1096,#937,.T.);
#1372=EDGE_CURVE('',#1095,#1102,#938,.T.);
#1373=EDGE_CURVE('',#1107,#1108,#939,.T.);
#1374=EDGE_CURVE('',#1108,#1109,#491,.T.);
#1375=EDGE_CURVE('',#1109,#1110,#940,.F.);
#1376=EDGE_CURVE('',#1110,#1107,#492,.T.);
#1377=EDGE_CURVE('',#1111,#1108,#493,.T.);
#1378=EDGE_CURVE('',#1112,#1111,#494,.T.);
#1379=EDGE_CURVE('',#1109,#1112,#495,.T.);
#1380=EDGE_CURVE('',#1107,#1113,#496,.T.);
#1381=EDGE_CURVE('',#1113,#1114,#497,.T.);
#1382=EDGE_CURVE('',#1115,#1114,#498,.T.);
#1383=EDGE_CURVE('',#1116,#1115,#941,.T.);
#1384=EDGE_CURVE('',#1116,#1117,#499,.T.);
#1385=EDGE_CURVE('',#1118,#1117,#942,.T.);
#1386=EDGE_CURVE('',#1119,#1118,#943,.T.);
#1387=EDGE_CURVE('',#1119,#1120,#500,.T.);
#1388=EDGE_CURVE('',#1121,#1120,#944,.T.);
#1389=EDGE_CURVE('',#1122,#1121,#945,.T.);
#1390=EDGE_CURVE('',#1122,#1123,#501,.T.);
#1391=EDGE_CURVE('',#1124,#1123,#946,.T.);
#1392=EDGE_CURVE('',#1125,#1124,#947,.T.);
#1393=EDGE_CURVE('',#1125,#1126,#502,.T.);
#1394=EDGE_CURVE('',#1127,#1126,#948,.T.);
#1395=EDGE_CURVE('',#1111,#1127,#949,.T.);
#1396=EDGE_CURVE('',#1128,#1128,#950,.T.);
#1397=EDGE_CURVE('',#1129,#1129,#951,.T.);
#1398=EDGE_CURVE('',#1130,#1131,#952,.T.);
#1399=EDGE_CURVE('',#1131,#1132,#503,.T.);
#1400=EDGE_CURVE('',#1132,#1133,#953,.F.);
#1401=EDGE_CURVE('',#1133,#1130,#504,.T.);
#1402=EDGE_CURVE('',#1134,#1131,#505,.T.);
#1403=EDGE_CURVE('',#1135,#1134,#506,.T.);
#1404=EDGE_CURVE('',#1132,#1135,#507,.T.);
#1405=EDGE_CURVE('',#1130,#1136,#508,.T.);
#1406=EDGE_CURVE('',#1137,#1136,#954,.T.);
#1407=EDGE_CURVE('',#1138,#1137,#955,.T.);
#1408=EDGE_CURVE('',#1138,#1139,#509,.T.);
#1409=EDGE_CURVE('',#1140,#1139,#956,.T.);
#1410=EDGE_CURVE('',#1141,#1140,#957,.T.);
#1411=EDGE_CURVE('',#1141,#1142,#510,.T.);
#1412=EDGE_CURVE('',#1143,#1142,#958,.T.);
#1413=EDGE_CURVE('',#1144,#1143,#959,.T.);
#1414=EDGE_CURVE('',#1144,#1145,#511,.T.);
#1415=EDGE_CURVE('',#1146,#1145,#960,.T.);
#1416=EDGE_CURVE('',#1147,#1146,#961,.T.);
#1417=EDGE_CURVE('',#1147,#1148,#512,.T.);
#1418=EDGE_CURVE('',#1149,#1148,#962,.T.);
#1419=EDGE_CURVE('',#1150,#1149,#513,.T.);
#1420=EDGE_CURVE('',#1150,#1151,#514,.T.);
#1421=EDGE_CURVE('',#1151,#1152,#515,.T.);
#1422=EDGE_CURVE('',#1152,#1134,#516,.T.);
#1423=EDGE_CURVE('',#1153,#1153,#963,.T.);
#1424=EDGE_CURVE('',#1154,#1154,#964,.T.);
#1425=EDGE_CURVE('',#1112,#1155,#965,.T.);
#1426=EDGE_CURVE('',#1155,#1127,#517,.T.);
#1427=EDGE_CURVE('',#1156,#1155,#966,.F.);
#1428=EDGE_CURVE('',#1156,#1157,#518,.T.);
#1429=EDGE_CURVE('',#1158,#1157,#967,.F.);
#1430=EDGE_CURVE('',#1158,#1159,#968,.T.);
#1431=EDGE_CURVE('',#1159,#1160,#519,.T.);
#1432=EDGE_CURVE('',#1160,#1161,#969,.T.);
#1433=EDGE_CURVE('',#1162,#1161,#970,.F.);
#1434=EDGE_CURVE('',#1162,#1163,#520,.T.);
#1435=EDGE_CURVE('',#1164,#1163,#971,.F.);
#1436=EDGE_CURVE('',#1164,#1165,#972,.T.);
#1437=EDGE_CURVE('',#1165,#1166,#521,.T.);
#1438=EDGE_CURVE('',#1166,#1167,#973,.T.);
#1439=EDGE_CURVE('',#1168,#1167,#522,.T.);
#1440=EDGE_CURVE('',#1169,#1168,#974,.T.);
#1441=EDGE_CURVE('',#1170,#1169,#523,.T.);
#1442=EDGE_CURVE('',#1170,#1171,#524,.T.);
#1443=EDGE_CURVE('',#1171,#1172,#525,.T.);
#1444=EDGE_CURVE('',#1172,#1173,#526,.T.);
#1445=EDGE_CURVE('',#1174,#1173,#527,.T.);
#1446=EDGE_CURVE('',#1174,#1175,#528,.T.);
#1447=EDGE_CURVE('',#1176,#1175,#529,.T.);
#1448=EDGE_CURVE('',#1176,#1177,#530,.T.);
#1449=EDGE_CURVE('',#1177,#1178,#975,.T.);
#1450=EDGE_CURVE('',#1178,#1179,#531,.T.);
#1451=EDGE_CURVE('',#1179,#1180,#976,.T.);
#1452=EDGE_CURVE('',#1181,#1180,#977,.F.);
#1453=EDGE_CURVE('',#1181,#1182,#532,.T.);
#1454=EDGE_CURVE('',#1183,#1182,#978,.F.);
#1455=EDGE_CURVE('',#1183,#1184,#979,.T.);
#1456=EDGE_CURVE('',#1184,#1133,#533,.T.);
#1457=EDGE_CURVE('',#1135,#1185,#534,.T.);
#1458=EDGE_CURVE('',#1185,#1186,#535,.T.);
#1459=EDGE_CURVE('',#1186,#1187,#536,.T.);
#1460=EDGE_CURVE('',#1188,#1187,#537,.T.);
#1461=EDGE_CURVE('',#1188,#1189,#538,.T.);
#1462=EDGE_CURVE('',#1189,#1110,#539,.T.);
#1463=EDGE_CURVE('',#1126,#1156,#540,.T.);
#1464=EDGE_CURVE('',#1158,#1124,#541,.T.);
#1465=EDGE_CURVE('',#1157,#1125,#542,.T.);
#1466=EDGE_CURVE('',#1123,#1159,#543,.T.);
#1467=EDGE_CURVE('',#1160,#1122,#544,.T.);
#1468=EDGE_CURVE('',#1161,#1121,#545,.T.);
#1469=EDGE_CURVE('',#1120,#1162,#546,.T.);
#1470=EDGE_CURVE('',#1163,#1119,#547,.T.);
#1471=EDGE_CURVE('',#1164,#1118,#548,.T.);
#1472=EDGE_CURVE('',#1117,#1165,#549,.T.);
#1473=EDGE_CURVE('',#1166,#1116,#550,.T.);
#1474=EDGE_CURVE('',#1115,#1167,#551,.T.);
#1475=EDGE_CURVE('',#1190,#1191,#980,.T.);
#1476=EDGE_CURVE('',#1190,#1149,#552,.T.);
#1477=EDGE_CURVE('',#1148,#1191,#553,.T.);
#1478=EDGE_CURVE('',#1191,#1192,#554,.T.);
#1479=EDGE_CURVE('',#1192,#1193,#981,.T.);
#1480=EDGE_CURVE('',#1194,#1193,#982,.F.);
#1481=EDGE_CURVE('',#1194,#1195,#555,.T.);
#1482=EDGE_CURVE('',#1196,#1195,#983,.F.);
#1483=EDGE_CURVE('',#1196,#1197,#984,.T.);
#1484=EDGE_CURVE('',#1197,#1198,#556,.T.);
#1485=EDGE_CURVE('',#1198,#1199,#985,.T.);
#1486=EDGE_CURVE('',#1199,#1200,#557,.T.);
#1487=EDGE_CURVE('',#1201,#1200,#558,.T.);
#1488=EDGE_CURVE('',#1202,#1201,#986,.T.);
#1489=EDGE_CURVE('',#1190,#1202,#559,.T.);
#1490=EDGE_CURVE('',#1192,#1147,#560,.T.);
#1491=EDGE_CURVE('',#1193,#1146,#561,.T.);
#1492=EDGE_CURVE('',#1145,#1194,#562,.T.);
#1493=EDGE_CURVE('',#1195,#1144,#563,.T.);
#1494=EDGE_CURVE('',#1196,#1143,#564,.T.);
#1495=EDGE_CURVE('',#1142,#1197,#565,.T.);
#1496=EDGE_CURVE('',#1179,#1141,#566,.T.);
#1497=EDGE_CURVE('',#1178,#1203,#567,.T.);
#1498=EDGE_CURVE('',#1204,#1203,#568,.T.);
#1499=EDGE_CURVE('',#1198,#1204,#569,.T.);
#1500=EDGE_CURVE('',#1137,#1183,#570,.T.);
#1501=EDGE_CURVE('',#1136,#1184,#571,.T.);
#1502=EDGE_CURVE('',#1180,#1140,#572,.T.);
#1503=EDGE_CURVE('',#1139,#1181,#573,.T.);
#1504=EDGE_CURVE('',#1182,#1138,#574,.T.);
#1505=EDGE_CURVE('',#1128,#1205,#575,.T.);
#1506=EDGE_CURVE('',#1205,#1205,#987,.T.);
#1507=EDGE_CURVE('',#1129,#1206,#576,.T.);
#1508=EDGE_CURVE('',#1206,#1206,#988,.T.);
#1509=EDGE_CURVE('',#1114,#1188,#577,.T.);
#1510=EDGE_CURVE('',#1189,#1113,#578,.T.);
#1511=EDGE_CURVE('',#1153,#1207,#579,.T.);
#1512=EDGE_CURVE('',#1207,#1207,#989,.T.);
#1513=EDGE_CURVE('',#1154,#1208,#580,.T.);
#1514=EDGE_CURVE('',#1208,#1208,#990,.T.);
#1515=EDGE_CURVE('',#1185,#1152,#581,.T.);
#1516=EDGE_CURVE('',#1186,#1151,#582,.T.);
#1517=EDGE_CURVE('',#1187,#1150,#583,.T.);
#1518=EDGE_CURVE('',#1202,#1209,#584,.T.);
#1519=EDGE_CURVE('',#1209,#1210,#585,.T.);
#1520=EDGE_CURVE('',#1210,#1168,#586,.T.);
#1521=EDGE_CURVE('',#1211,#1204,#991,.T.);
#1522=EDGE_CURVE('',#1199,#1211,#587,.T.);
#1523=EDGE_CURVE('',#1203,#1212,#992,.T.);
#1524=EDGE_CURVE('',#1177,#1212,#588,.T.);
#1525=EDGE_CURVE('',#1212,#1213,#589,.T.);
#1526=EDGE_CURVE('',#1176,#1213,#590,.T.);
#1527=EDGE_CURVE('',#1214,#1211,#591,.T.);
#1528=EDGE_CURVE('',#1200,#1214,#592,.T.);
#1529=EDGE_CURVE('',#1215,#1216,#593,.T.);
#1530=EDGE_CURVE('',#1175,#1215,#594,.T.);
#1531=EDGE_CURVE('',#1174,#1216,#595,.T.);
#1532=EDGE_CURVE('',#1217,#1172,#993,.T.);
#1533=EDGE_CURVE('',#1218,#1217,#596,.T.);
#1534=EDGE_CURVE('',#1173,#1218,#994,.T.);
#1535=EDGE_CURVE('',#1219,#1170,#995,.T.);
#1536=EDGE_CURVE('',#1219,#1220,#597,.T.);
#1537=EDGE_CURVE('',#1171,#1220,#996,.T.);
#1538=EDGE_CURVE('',#1221,#1221,#997,.T.);
#1539=EDGE_CURVE('',#1221,#1222,#598,.T.);
#1540=EDGE_CURVE('',#1222,#1222,#998,.T.);
#1541=EDGE_CURVE('',#1218,#1219,#599,.T.);
#1542=EDGE_CURVE('',#1220,#1217,#600,.T.);
#1543=EDGE_CURVE('',#1223,#1223,#999,.T.);
#1544=EDGE_CURVE('',#1223,#1224,#601,.T.);
#1545=EDGE_CURVE('',#1224,#1224,#1000,.T.);
#1546=EDGE_CURVE('',#1225,#1226,#602,.T.);
#1547=EDGE_CURVE('',#1225,#1227,#603,.T.);
#1548=EDGE_CURVE('',#1228,#1227,#604,.T.);
#1549=EDGE_CURVE('',#1226,#1228,#605,.T.);
#1550=EDGE_CURVE('',#1226,#1229,#1001,.T.);
#1551=EDGE_CURVE('',#1230,#1228,#1002,.T.);
#1552=EDGE_CURVE('',#1229,#1230,#606,.T.);
#1553=EDGE_CURVE('',#1229,#1231,#607,.T.);
#1554=EDGE_CURVE('',#1232,#1230,#608,.T.);
#1555=EDGE_CURVE('',#1231,#1232,#609,.T.);
#1556=EDGE_CURVE('',#1231,#1225,#1003,.T.);
#1557=EDGE_CURVE('',#1227,#1232,#1004,.T.);
#1558=EDGE_CURVE('',#1169,#1233,#610,.T.);
#1559=EDGE_CURVE('',#1233,#1234,#1005,.T.);
#1560=EDGE_CURVE('',#1234,#1235,#611,.T.);
#1561=EDGE_CURVE('',#1235,#1236,#1006,.T.);
#1562=EDGE_CURVE('',#1236,#1237,#612,.T.);
#1563=EDGE_CURVE('',#1216,#1237,#613,.T.);
#1564=EDGE_CURVE('',#1238,#1239,#614,.T.);
#1565=EDGE_CURVE('',#1239,#1240,#1007,.T.);
#1566=EDGE_CURVE('',#1240,#1241,#615,.T.);
#1567=EDGE_CURVE('',#1241,#1238,#1008,.T.);
#1568=EDGE_CURVE('',#1242,#1243,#616,.T.);
#1569=EDGE_CURVE('',#1243,#1244,#617,.T.);
#1570=EDGE_CURVE('',#1244,#1245,#618,.T.);
#1571=EDGE_CURVE('',#1245,#1242,#619,.T.);
#1572=EDGE_CURVE('',#1246,#1247,#620,.T.);
#1573=EDGE_CURVE('',#1247,#1246,#1009,.T.);
#1574=EDGE_CURVE('',#1248,#1248,#1010,.T.);
#1575=EDGE_CURVE('',#1248,#1249,#621,.T.);
#1576=EDGE_CURVE('',#1249,#1249,#1011,.T.);
#1577=EDGE_CURVE('',#1238,#1250,#622,.T.);
#1578=EDGE_CURVE('',#1251,#1250,#623,.T.);
#1579=EDGE_CURVE('',#1239,#1251,#624,.T.);
#1580=EDGE_CURVE('',#1252,#1251,#1012,.T.);
#1581=EDGE_CURVE('',#1240,#1252,#625,.T.);
#1582=EDGE_CURVE('',#1253,#1252,#626,.T.);
#1583=EDGE_CURVE('',#1241,#1253,#627,.T.);
#1584=EDGE_CURVE('',#1250,#1253,#1013,.T.);
#1585=EDGE_CURVE('',#1254,#1254,#1014,.T.);
#1586=EDGE_CURVE('',#1254,#1255,#628,.T.);
#1587=EDGE_CURVE('',#1255,#1255,#1015,.T.);
#1588=EDGE_CURVE('',#1246,#1256,#629,.T.);
#1589=EDGE_CURVE('',#1257,#1256,#630,.T.);
#1590=EDGE_CURVE('',#1247,#1257,#631,.T.);
#1591=EDGE_CURVE('',#1256,#1257,#1016,.T.);
#1592=EDGE_CURVE('',#1258,#1244,#632,.T.);
#1593=EDGE_CURVE('',#1259,#1258,#633,.T.);
#1594=EDGE_CURVE('',#1259,#1245,#634,.T.);
#1595=EDGE_CURVE('',#1260,#1259,#635,.T.);
#1596=EDGE_CURVE('',#1260,#1242,#636,.T.);
#1597=EDGE_CURVE('',#1261,#1260,#637,.T.);
#1598=EDGE_CURVE('',#1261,#1243,#638,.T.);
#1599=EDGE_CURVE('',#1258,#1261,#639,.T.);
#1600=EDGE_CURVE('',#1236,#1105,#1017,.T.);
#1601=EDGE_CURVE('',#1237,#1104,#1018,.T.);
#1602=EDGE_CURVE('',#1262,#1102,#1019,.T.);
#1603=EDGE_CURVE('',#1263,#1262,#640,.T.);
#1604=EDGE_CURVE('',#1103,#1263,#1020,.T.);
#1605=EDGE_CURVE('',#1264,#1201,#641,.T.);
#1606=EDGE_CURVE('',#1264,#1209,#1021,.T.);
#1607=EDGE_CURVE('',#1233,#1210,#1022,.T.);
#1608=EDGE_CURVE('',#1265,#1095,#1023,.T.);
#1609=EDGE_CURVE('',#1262,#1265,#1024,.T.);
#1610=EDGE_CURVE('',#1266,#1267,#1025,.T.);
#1611=EDGE_CURVE('',#1265,#1266,#642,.T.);
#1612=EDGE_CURVE('',#1267,#1095,#643,.T.);
#1613=EDGE_CURVE('',#1266,#1264,#1026,.T.);
#1614=EDGE_CURVE('',#1209,#1267,#1027,.T.);
#1615=EDGE_CURVE('',#1213,#1214,#644,.T.);
#1616=EDGE_CURVE('',#1263,#1215,#645,.T.);
#1617=EDGE_CURVE('',#1234,#1268,#1028,.T.);
#1618=EDGE_CURVE('',#1268,#1210,#1029,.T.);
#1619=EDGE_CURVE('',#1235,#1096,#1030,.T.);
#1620=EDGE_CURVE('',#1096,#1268,#646,.T.);
#1621=EDGE_CURVE('',#1268,#1267,#647,.T.);
#1622=EDGE_CURVE('',#1081,#1268,#648,.T.);
#1623=EDGE_CURVE('',#1269,#1077,#1031,.T.);
#1624=EDGE_CURVE('',#1270,#1269,#649,.T.);
#1625=EDGE_CURVE('',#1084,#1270,#1032,.T.);
#1626=EDGE_CURVE('',#1082,#1267,#650,.T.);
#1627=EDGE_CURVE('',#1271,#1083,#1033,.T.);
#1628=EDGE_CURVE('',#1272,#1271,#651,.T.);
#1629=EDGE_CURVE('',#1078,#1272,#1034,.T.);
#1630=EDGE_CURVE('',#1273,#1271,#1035,.T.);
#1631=EDGE_CURVE('',#1274,#1094,#1036,.T.);
#1632=EDGE_CURVE('',#1274,#1273,#1037,.T.);
#1633=EDGE_CURVE('',#1275,#1272,#1038,.T.);
#1634=EDGE_CURVE('',#1273,#1275,#652,.T.);
#1635=EDGE_CURVE('',#1276,#1089,#1039,.T.);
#1636=EDGE_CURVE('',#1275,#1276,#1040,.T.);
#1637=EDGE_CURVE('',#1277,#1276,#653,.T.);
#1638=EDGE_CURVE('',#1278,#1274,#654,.T.);
#1639=EDGE_CURVE('',#1278,#1277,#655,.T.);
#1640=EDGE_CURVE('',#1279,#1091,#656,.T.);
#1641=EDGE_CURVE('',#1279,#1280,#657,.T.);
#1642=EDGE_CURVE('',#1280,#1094,#658,.T.);
#1643=EDGE_CURVE('',#1281,#1269,#1041,.T.);
#1644=EDGE_CURVE('',#1282,#1090,#1042,.T.);
#1645=EDGE_CURVE('',#1282,#1281,#1043,.T.);
#1646=EDGE_CURVE('',#1283,#1270,#1044,.T.);
#1647=EDGE_CURVE('',#1281,#1283,#659,.T.);
#1648=EDGE_CURVE('',#1284,#1091,#1045,.T.);
#1649=EDGE_CURVE('',#1283,#1284,#1046,.T.);
#1650=EDGE_CURVE('',#1285,#1284,#660,.T.);
#1651=EDGE_CURVE('',#1286,#1282,#661,.T.);
#1652=EDGE_CURVE('',#1286,#1285,#662,.T.);
#1653=EDGE_CURVE('',#1287,#1089,#663,.T.);
#1654=EDGE_CURVE('',#1287,#1288,#664,.T.);
#1655=EDGE_CURVE('',#1288,#1090,#665,.T.);
#1656=EDGE_CURVE('',#1289,#1290,#1047,.T.);
#1657=EDGE_CURVE('',#1290,#1291,#666,.T.);
#1658=EDGE_CURVE('',#1291,#1292,#1048,.T.);
#1659=EDGE_CURVE('',#1292,#1293,#667,.T.);
#1660=EDGE_CURVE('',#1293,#1294,#1049,.T.);
#1661=EDGE_CURVE('',#1294,#1295,#668,.T.);
#1662=EDGE_CURVE('',#1295,#1296,#1050,.T.);
#1663=EDGE_CURVE('',#1296,#1289,#669,.T.);
#1664=EDGE_CURVE('',#1297,#1298,#1051,.T.);
#1665=EDGE_CURVE('',#1298,#1290,#670,.T.);
#1666=EDGE_CURVE('',#1297,#1289,#671,.T.);
#1667=EDGE_CURVE('',#1299,#1297,#672,.T.);
#1668=EDGE_CURVE('',#1299,#1296,#673,.T.);
#1669=EDGE_CURVE('',#1300,#1299,#1052,.T.);
#1670=EDGE_CURVE('',#1300,#1295,#674,.T.);
#1671=EDGE_CURVE('',#1301,#1300,#675,.T.);
#1672=EDGE_CURVE('',#1301,#1294,#676,.T.);
#1673=EDGE_CURVE('',#1302,#1301,#1053,.T.);
#1674=EDGE_CURVE('',#1302,#1293,#677,.T.);
#1675=EDGE_CURVE('',#1303,#1302,#678,.T.);
#1676=EDGE_CURVE('',#1303,#1292,#679,.T.);
#1677=EDGE_CURVE('',#1304,#1303,#1054,.T.);
#1678=EDGE_CURVE('',#1304,#1291,#680,.T.);
#1679=EDGE_CURVE('',#1298,#1304,#681,.T.);
#1680=EDGE_CURVE('',#1288,#1286,#1055,.T.);
#1681=EDGE_CURVE('',#1277,#1287,#1056,.T.);
#1682=EDGE_CURVE('',#1280,#1278,#1057,.T.);
#1683=EDGE_CURVE('',#1285,#1279,#1058,.T.);
#1684=ORIENTED_EDGE('',*,*,#1305,.F.);
#1685=ORIENTED_EDGE('',*,*,#1306,.T.);
#1686=ORIENTED_EDGE('',*,*,#1307,.F.);
#1687=ORIENTED_EDGE('',*,*,#1306,.F.);
#1688=ORIENTED_EDGE('',*,*,#1308,.F.);
#1689=ORIENTED_EDGE('',*,*,#1309,.T.);
#1690=ORIENTED_EDGE('',*,*,#1310,.F.);
#1691=ORIENTED_EDGE('',*,*,#1309,.F.);
#1692=ORIENTED_EDGE('',*,*,#1311,.F.);
#1693=ORIENTED_EDGE('',*,*,#1312,.T.);
#1694=ORIENTED_EDGE('',*,*,#1313,.F.);
#1695=ORIENTED_EDGE('',*,*,#1312,.F.);
#1696=ORIENTED_EDGE('',*,*,#1314,.F.);
#1697=ORIENTED_EDGE('',*,*,#1315,.T.);
#1698=ORIENTED_EDGE('',*,*,#1316,.F.);
#1699=ORIENTED_EDGE('',*,*,#1315,.F.);
#1700=ORIENTED_EDGE('',*,*,#1317,.F.);
#1701=ORIENTED_EDGE('',*,*,#1318,.T.);
#1702=ORIENTED_EDGE('',*,*,#1319,.F.);
#1703=ORIENTED_EDGE('',*,*,#1318,.F.);
#1704=ORIENTED_EDGE('',*,*,#1320,.F.);
#1705=ORIENTED_EDGE('',*,*,#1321,.T.);
#1706=ORIENTED_EDGE('',*,*,#1322,.F.);
#1707=ORIENTED_EDGE('',*,*,#1321,.F.);
#1708=ORIENTED_EDGE('',*,*,#1323,.F.);
#1709=ORIENTED_EDGE('',*,*,#1324,.T.);
#1710=ORIENTED_EDGE('',*,*,#1325,.F.);
#1711=ORIENTED_EDGE('',*,*,#1324,.F.);
#1712=ORIENTED_EDGE('',*,*,#1326,.F.);
#1713=ORIENTED_EDGE('',*,*,#1327,.T.);
#1714=ORIENTED_EDGE('',*,*,#1328,.F.);
#1715=ORIENTED_EDGE('',*,*,#1327,.F.);
#1716=ORIENTED_EDGE('',*,*,#1329,.F.);
#1717=ORIENTED_EDGE('',*,*,#1330,.T.);
#1718=ORIENTED_EDGE('',*,*,#1331,.F.);
#1719=ORIENTED_EDGE('',*,*,#1330,.F.);
#1720=ORIENTED_EDGE('',*,*,#1332,.F.);
#1721=ORIENTED_EDGE('',*,*,#1333,.T.);
#1722=ORIENTED_EDGE('',*,*,#1334,.T.);
#1723=ORIENTED_EDGE('',*,*,#1335,.F.);
#1724=ORIENTED_EDGE('',*,*,#1334,.F.);
#1725=ORIENTED_EDGE('',*,*,#1336,.F.);
#1726=ORIENTED_EDGE('',*,*,#1337,.F.);
#1727=ORIENTED_EDGE('',*,*,#1338,.F.);
#1728=ORIENTED_EDGE('',*,*,#1339,.F.);
#1729=ORIENTED_EDGE('',*,*,#1340,.T.);
#1730=ORIENTED_EDGE('',*,*,#1341,.T.);
#1731=ORIENTED_EDGE('',*,*,#1342,.F.);
#1732=ORIENTED_EDGE('',*,*,#1343,.F.);
#1733=ORIENTED_EDGE('',*,*,#1344,.F.);
#1734=ORIENTED_EDGE('',*,*,#1345,.F.);
#1735=ORIENTED_EDGE('',*,*,#1341,.F.);
#1736=ORIENTED_EDGE('',*,*,#1332,.T.);
#1737=ORIENTED_EDGE('',*,*,#1346,.F.);
#1738=ORIENTED_EDGE('',*,*,#1347,.T.);
#1739=ORIENTED_EDGE('',*,*,#1348,.F.);
#1740=ORIENTED_EDGE('',*,*,#1339,.T.);
#1741=ORIENTED_EDGE('',*,*,#1349,.F.);
#1742=ORIENTED_EDGE('',*,*,#1350,.T.);
#1743=ORIENTED_EDGE('',*,*,#1351,.T.);
#1744=ORIENTED_EDGE('',*,*,#1352,.T.);
#1745=ORIENTED_EDGE('',*,*,#1353,.F.);
#1746=ORIENTED_EDGE('',*,*,#1344,.T.);
#1747=ORIENTED_EDGE('',*,*,#1354,.T.);
#1748=ORIENTED_EDGE('',*,*,#1355,.T.);
#1749=ORIENTED_EDGE('',*,*,#1356,.F.);
#1750=ORIENTED_EDGE('',*,*,#1357,.F.);
#1751=ORIENTED_EDGE('',*,*,#1358,.F.);
#1752=ORIENTED_EDGE('',*,*,#1359,.T.);
#1753=ORIENTED_EDGE('',*,*,#1360,.T.);
#1754=ORIENTED_EDGE('',*,*,#1359,.F.);
#1755=ORIENTED_EDGE('',*,*,#1361,.F.);
#1756=ORIENTED_EDGE('',*,*,#1360,.F.);
#1757=ORIENTED_EDGE('',*,*,#1362,.F.);
#1758=ORIENTED_EDGE('',*,*,#1361,.T.);
#1759=ORIENTED_EDGE('',*,*,#1358,.T.);
#1760=ORIENTED_EDGE('',*,*,#1363,.T.);
#1761=ORIENTED_EDGE('',*,*,#1364,.T.);
#1762=ORIENTED_EDGE('',*,*,#1365,.F.);
#1763=ORIENTED_EDGE('',*,*,#1366,.T.);
#1764=ORIENTED_EDGE('',*,*,#1367,.T.);
#1765=ORIENTED_EDGE('',*,*,#1351,.F.);
#1766=ORIENTED_EDGE('',*,*,#1368,.F.);
#1767=ORIENTED_EDGE('',*,*,#1369,.F.);
#1768=ORIENTED_EDGE('',*,*,#1370,.T.);
#1769=ORIENTED_EDGE('',*,*,#1362,.T.);
#1770=ORIENTED_EDGE('',*,*,#1370,.F.);
#1771=ORIENTED_EDGE('',*,*,#1357,.T.);
#1772=ORIENTED_EDGE('',*,*,#1367,.F.);
#1773=ORIENTED_EDGE('',*,*,#1371,.T.);
#1774=ORIENTED_EDGE('',*,*,#1355,.F.);
#1775=ORIENTED_EDGE('',*,*,#1372,.T.);
#1776=ORIENTED_EDGE('',*,*,#1363,.F.);
#1777=ORIENTED_EDGE('',*,*,#1373,.T.);
#1778=ORIENTED_EDGE('',*,*,#1374,.T.);
#1779=ORIENTED_EDGE('',*,*,#1375,.T.);
#1780=ORIENTED_EDGE('',*,*,#1376,.T.);
#1781=ORIENTED_EDGE('',*,*,#1374,.F.);
#1782=ORIENTED_EDGE('',*,*,#1377,.F.);
#1783=ORIENTED_EDGE('',*,*,#1378,.F.);
#1784=ORIENTED_EDGE('',*,*,#1379,.F.);
#1785=ORIENTED_EDGE('',*,*,#1373,.F.);
#1786=ORIENTED_EDGE('',*,*,#1380,.T.);
#1787=ORIENTED_EDGE('',*,*,#1381,.T.);
#1788=ORIENTED_EDGE('',*,*,#1382,.F.);
#1789=ORIENTED_EDGE('',*,*,#1383,.F.);
#1790=ORIENTED_EDGE('',*,*,#1384,.T.);
#1791=ORIENTED_EDGE('',*,*,#1385,.F.);
#1792=ORIENTED_EDGE('',*,*,#1386,.F.);
#1793=ORIENTED_EDGE('',*,*,#1387,.T.);
#1794=ORIENTED_EDGE('',*,*,#1388,.F.);
#1795=ORIENTED_EDGE('',*,*,#1389,.F.);
#1796=ORIENTED_EDGE('',*,*,#1390,.T.);
#1797=ORIENTED_EDGE('',*,*,#1391,.F.);
#1798=ORIENTED_EDGE('',*,*,#1392,.F.);
#1799=ORIENTED_EDGE('',*,*,#1393,.T.);
#1800=ORIENTED_EDGE('',*,*,#1394,.F.);
#1801=ORIENTED_EDGE('',*,*,#1395,.F.);
#1802=ORIENTED_EDGE('',*,*,#1377,.T.);
#1803=ORIENTED_EDGE('',*,*,#1396,.T.);
#1804=ORIENTED_EDGE('',*,*,#1397,.T.);
#1805=ORIENTED_EDGE('',*,*,#1398,.T.);
#1806=ORIENTED_EDGE('',*,*,#1399,.T.);
#1807=ORIENTED_EDGE('',*,*,#1400,.T.);
#1808=ORIENTED_EDGE('',*,*,#1401,.T.);
#1809=ORIENTED_EDGE('',*,*,#1399,.F.);
#1810=ORIENTED_EDGE('',*,*,#1402,.F.);
#1811=ORIENTED_EDGE('',*,*,#1403,.F.);
#1812=ORIENTED_EDGE('',*,*,#1404,.F.);
#1813=ORIENTED_EDGE('',*,*,#1398,.F.);
#1814=ORIENTED_EDGE('',*,*,#1405,.T.);
#1815=ORIENTED_EDGE('',*,*,#1406,.F.);
#1816=ORIENTED_EDGE('',*,*,#1407,.F.);
#1817=ORIENTED_EDGE('',*,*,#1408,.T.);
#1818=ORIENTED_EDGE('',*,*,#1409,.F.);
#1819=ORIENTED_EDGE('',*,*,#1410,.F.);
#1820=ORIENTED_EDGE('',*,*,#1411,.T.);
#1821=ORIENTED_EDGE('',*,*,#1412,.F.);
#1822=ORIENTED_EDGE('',*,*,#1413,.F.);
#1823=ORIENTED_EDGE('',*,*,#1414,.T.);
#1824=ORIENTED_EDGE('',*,*,#1415,.F.);
#1825=ORIENTED_EDGE('',*,*,#1416,.F.);
#1826=ORIENTED_EDGE('',*,*,#1417,.T.);
#1827=ORIENTED_EDGE('',*,*,#1418,.F.);
#1828=ORIENTED_EDGE('',*,*,#1419,.F.);
#1829=ORIENTED_EDGE('',*,*,#1420,.T.);
#1830=ORIENTED_EDGE('',*,*,#1421,.T.);
#1831=ORIENTED_EDGE('',*,*,#1422,.T.);
#1832=ORIENTED_EDGE('',*,*,#1402,.T.);
#1833=ORIENTED_EDGE('',*,*,#1423,.T.);
#1834=ORIENTED_EDGE('',*,*,#1424,.T.);
#1835=ORIENTED_EDGE('',*,*,#1425,.F.);
#1836=ORIENTED_EDGE('',*,*,#1378,.T.);
#1837=ORIENTED_EDGE('',*,*,#1395,.T.);
#1838=ORIENTED_EDGE('',*,*,#1426,.F.);
#1839=ORIENTED_EDGE('',*,*,#1425,.T.);
#1840=ORIENTED_EDGE('',*,*,#1427,.F.);
#1841=ORIENTED_EDGE('',*,*,#1428,.T.);
#1842=ORIENTED_EDGE('',*,*,#1429,.F.);
#1843=ORIENTED_EDGE('',*,*,#1430,.T.);
#1844=ORIENTED_EDGE('',*,*,#1431,.T.);
#1845=ORIENTED_EDGE('',*,*,#1432,.T.);
#1846=ORIENTED_EDGE('',*,*,#1433,.F.);
#1847=ORIENTED_EDGE('',*,*,#1434,.T.);
#1848=ORIENTED_EDGE('',*,*,#1435,.F.);
#1849=ORIENTED_EDGE('',*,*,#1436,.T.);
#1850=ORIENTED_EDGE('',*,*,#1437,.T.);
#1851=ORIENTED_EDGE('',*,*,#1438,.T.);
#1852=ORIENTED_EDGE('',*,*,#1439,.F.);
#1853=ORIENTED_EDGE('',*,*,#1440,.F.);
#1854=ORIENTED_EDGE('',*,*,#1441,.F.);
#1855=ORIENTED_EDGE('',*,*,#1442,.T.);
#1856=ORIENTED_EDGE('',*,*,#1443,.T.);
#1857=ORIENTED_EDGE('',*,*,#1444,.T.);
#1858=ORIENTED_EDGE('',*,*,#1445,.F.);
#1859=ORIENTED_EDGE('',*,*,#1446,.T.);
#1860=ORIENTED_EDGE('',*,*,#1447,.F.);
#1861=ORIENTED_EDGE('',*,*,#1448,.T.);
#1862=ORIENTED_EDGE('',*,*,#1449,.T.);
#1863=ORIENTED_EDGE('',*,*,#1450,.T.);
#1864=ORIENTED_EDGE('',*,*,#1451,.T.);
#1865=ORIENTED_EDGE('',*,*,#1452,.F.);
#1866=ORIENTED_EDGE('',*,*,#1453,.T.);
#1867=ORIENTED_EDGE('',*,*,#1454,.F.);
#1868=ORIENTED_EDGE('',*,*,#1455,.T.);
#1869=ORIENTED_EDGE('',*,*,#1456,.T.);
#1870=ORIENTED_EDGE('',*,*,#1400,.F.);
#1871=ORIENTED_EDGE('',*,*,#1404,.T.);
#1872=ORIENTED_EDGE('',*,*,#1457,.T.);
#1873=ORIENTED_EDGE('',*,*,#1458,.T.);
#1874=ORIENTED_EDGE('',*,*,#1459,.T.);
#1875=ORIENTED_EDGE('',*,*,#1460,.F.);
#1876=ORIENTED_EDGE('',*,*,#1461,.T.);
#1877=ORIENTED_EDGE('',*,*,#1462,.T.);
#1878=ORIENTED_EDGE('',*,*,#1375,.F.);
#1879=ORIENTED_EDGE('',*,*,#1379,.T.);
#1880=ORIENTED_EDGE('',*,*,#1394,.T.);
#1881=ORIENTED_EDGE('',*,*,#1463,.T.);
#1882=ORIENTED_EDGE('',*,*,#1427,.T.);
#1883=ORIENTED_EDGE('',*,*,#1426,.T.);
#1884=ORIENTED_EDGE('',*,*,#1392,.T.);
#1885=ORIENTED_EDGE('',*,*,#1464,.F.);
#1886=ORIENTED_EDGE('',*,*,#1429,.T.);
#1887=ORIENTED_EDGE('',*,*,#1465,.T.);
#1888=ORIENTED_EDGE('',*,*,#1463,.F.);
#1889=ORIENTED_EDGE('',*,*,#1393,.F.);
#1890=ORIENTED_EDGE('',*,*,#1465,.F.);
#1891=ORIENTED_EDGE('',*,*,#1428,.F.);
#1892=ORIENTED_EDGE('',*,*,#1430,.F.);
#1893=ORIENTED_EDGE('',*,*,#1464,.T.);
#1894=ORIENTED_EDGE('',*,*,#1391,.T.);
#1895=ORIENTED_EDGE('',*,*,#1466,.T.);
#1896=ORIENTED_EDGE('',*,*,#1432,.F.);
#1897=ORIENTED_EDGE('',*,*,#1467,.T.);
#1898=ORIENTED_EDGE('',*,*,#1389,.T.);
#1899=ORIENTED_EDGE('',*,*,#1468,.F.);
#1900=ORIENTED_EDGE('',*,*,#1388,.T.);
#1901=ORIENTED_EDGE('',*,*,#1469,.T.);
#1902=ORIENTED_EDGE('',*,*,#1433,.T.);
#1903=ORIENTED_EDGE('',*,*,#1468,.T.);
#1904=ORIENTED_EDGE('',*,*,#1469,.F.);
#1905=ORIENTED_EDGE('',*,*,#1387,.F.);
#1906=ORIENTED_EDGE('',*,*,#1470,.F.);
#1907=ORIENTED_EDGE('',*,*,#1434,.F.);
#1908=ORIENTED_EDGE('',*,*,#1386,.T.);
#1909=ORIENTED_EDGE('',*,*,#1471,.F.);
#1910=ORIENTED_EDGE('',*,*,#1435,.T.);
#1911=ORIENTED_EDGE('',*,*,#1470,.T.);
#1912=ORIENTED_EDGE('',*,*,#1436,.F.);
#1913=ORIENTED_EDGE('',*,*,#1471,.T.);
#1914=ORIENTED_EDGE('',*,*,#1385,.T.);
#1915=ORIENTED_EDGE('',*,*,#1472,.T.);
#1916=ORIENTED_EDGE('',*,*,#1472,.F.);
#1917=ORIENTED_EDGE('',*,*,#1384,.F.);
#1918=ORIENTED_EDGE('',*,*,#1473,.F.);
#1919=ORIENTED_EDGE('',*,*,#1437,.F.);
#1920=ORIENTED_EDGE('',*,*,#1438,.F.);
#1921=ORIENTED_EDGE('',*,*,#1473,.T.);
#1922=ORIENTED_EDGE('',*,*,#1383,.T.);
#1923=ORIENTED_EDGE('',*,*,#1474,.T.);
#1924=ORIENTED_EDGE('',*,*,#1475,.F.);
#1925=ORIENTED_EDGE('',*,*,#1476,.T.);
#1926=ORIENTED_EDGE('',*,*,#1418,.T.);
#1927=ORIENTED_EDGE('',*,*,#1477,.T.);
#1928=ORIENTED_EDGE('',*,*,#1475,.T.);
#1929=ORIENTED_EDGE('',*,*,#1478,.T.);
#1930=ORIENTED_EDGE('',*,*,#1479,.T.);
#1931=ORIENTED_EDGE('',*,*,#1480,.F.);
#1932=ORIENTED_EDGE('',*,*,#1481,.T.);
#1933=ORIENTED_EDGE('',*,*,#1482,.F.);
#1934=ORIENTED_EDGE('',*,*,#1483,.T.);
#1935=ORIENTED_EDGE('',*,*,#1484,.T.);
#1936=ORIENTED_EDGE('',*,*,#1485,.T.);
#1937=ORIENTED_EDGE('',*,*,#1486,.T.);
#1938=ORIENTED_EDGE('',*,*,#1487,.F.);
#1939=ORIENTED_EDGE('',*,*,#1488,.F.);
#1940=ORIENTED_EDGE('',*,*,#1489,.F.);
#1941=ORIENTED_EDGE('',*,*,#1477,.F.);
#1942=ORIENTED_EDGE('',*,*,#1417,.F.);
#1943=ORIENTED_EDGE('',*,*,#1490,.F.);
#1944=ORIENTED_EDGE('',*,*,#1478,.F.);
#1945=ORIENTED_EDGE('',*,*,#1479,.F.);
#1946=ORIENTED_EDGE('',*,*,#1490,.T.);
#1947=ORIENTED_EDGE('',*,*,#1416,.T.);
#1948=ORIENTED_EDGE('',*,*,#1491,.F.);
#1949=ORIENTED_EDGE('',*,*,#1415,.T.);
#1950=ORIENTED_EDGE('',*,*,#1492,.T.);
#1951=ORIENTED_EDGE('',*,*,#1480,.T.);
#1952=ORIENTED_EDGE('',*,*,#1491,.T.);
#1953=ORIENTED_EDGE('',*,*,#1492,.F.);
#1954=ORIENTED_EDGE('',*,*,#1414,.F.);
#1955=ORIENTED_EDGE('',*,*,#1493,.F.);
#1956=ORIENTED_EDGE('',*,*,#1481,.F.);
#1957=ORIENTED_EDGE('',*,*,#1413,.T.);
#1958=ORIENTED_EDGE('',*,*,#1494,.F.);
#1959=ORIENTED_EDGE('',*,*,#1482,.T.);
#1960=ORIENTED_EDGE('',*,*,#1493,.T.);
#1961=ORIENTED_EDGE('',*,*,#1483,.F.);
#1962=ORIENTED_EDGE('',*,*,#1494,.T.);
#1963=ORIENTED_EDGE('',*,*,#1412,.T.);
#1964=ORIENTED_EDGE('',*,*,#1495,.T.);
#1965=ORIENTED_EDGE('',*,*,#1495,.F.);
#1966=ORIENTED_EDGE('',*,*,#1411,.F.);
#1967=ORIENTED_EDGE('',*,*,#1496,.F.);
#1968=ORIENTED_EDGE('',*,*,#1450,.F.);
#1969=ORIENTED_EDGE('',*,*,#1497,.T.);
#1970=ORIENTED_EDGE('',*,*,#1498,.F.);
#1971=ORIENTED_EDGE('',*,*,#1499,.F.);
#1972=ORIENTED_EDGE('',*,*,#1484,.F.);
#1973=ORIENTED_EDGE('',*,*,#1455,.F.);
#1974=ORIENTED_EDGE('',*,*,#1500,.F.);
#1975=ORIENTED_EDGE('',*,*,#1406,.T.);
#1976=ORIENTED_EDGE('',*,*,#1501,.T.);
#1977=ORIENTED_EDGE('',*,*,#1451,.F.);
#1978=ORIENTED_EDGE('',*,*,#1496,.T.);
#1979=ORIENTED_EDGE('',*,*,#1410,.T.);
#1980=ORIENTED_EDGE('',*,*,#1502,.F.);
#1981=ORIENTED_EDGE('',*,*,#1409,.T.);
#1982=ORIENTED_EDGE('',*,*,#1503,.T.);
#1983=ORIENTED_EDGE('',*,*,#1452,.T.);
#1984=ORIENTED_EDGE('',*,*,#1502,.T.);
#1985=ORIENTED_EDGE('',*,*,#1503,.F.);
#1986=ORIENTED_EDGE('',*,*,#1408,.F.);
#1987=ORIENTED_EDGE('',*,*,#1504,.F.);
#1988=ORIENTED_EDGE('',*,*,#1453,.F.);
#1989=ORIENTED_EDGE('',*,*,#1407,.T.);
#1990=ORIENTED_EDGE('',*,*,#1500,.T.);
#1991=ORIENTED_EDGE('',*,*,#1454,.T.);
#1992=ORIENTED_EDGE('',*,*,#1504,.T.);
#1993=ORIENTED_EDGE('',*,*,#1396,.F.);
#1994=ORIENTED_EDGE('',*,*,#1505,.T.);
#1995=ORIENTED_EDGE('',*,*,#1506,.F.);
#1996=ORIENTED_EDGE('',*,*,#1505,.F.);
#1997=ORIENTED_EDGE('',*,*,#1397,.F.);
#1998=ORIENTED_EDGE('',*,*,#1507,.T.);
#1999=ORIENTED_EDGE('',*,*,#1508,.F.);
#2000=ORIENTED_EDGE('',*,*,#1507,.F.);
#2001=ORIENTED_EDGE('',*,*,#1466,.F.);
#2002=ORIENTED_EDGE('',*,*,#1390,.F.);
#2003=ORIENTED_EDGE('',*,*,#1467,.F.);
#2004=ORIENTED_EDGE('',*,*,#1431,.F.);
#2005=ORIENTED_EDGE('',*,*,#1461,.F.);
#2006=ORIENTED_EDGE('',*,*,#1509,.F.);
#2007=ORIENTED_EDGE('',*,*,#1381,.F.);
#2008=ORIENTED_EDGE('',*,*,#1510,.F.);
#2009=ORIENTED_EDGE('',*,*,#1376,.F.);
#2010=ORIENTED_EDGE('',*,*,#1462,.F.);
#2011=ORIENTED_EDGE('',*,*,#1510,.T.);
#2012=ORIENTED_EDGE('',*,*,#1380,.F.);
#2013=ORIENTED_EDGE('',*,*,#1508,.T.);
#2014=ORIENTED_EDGE('',*,*,#1423,.F.);
#2015=ORIENTED_EDGE('',*,*,#1511,.T.);
#2016=ORIENTED_EDGE('',*,*,#1512,.F.);
#2017=ORIENTED_EDGE('',*,*,#1511,.F.);
#2018=ORIENTED_EDGE('',*,*,#1424,.F.);
#2019=ORIENTED_EDGE('',*,*,#1513,.T.);
#2020=ORIENTED_EDGE('',*,*,#1514,.F.);
#2021=ORIENTED_EDGE('',*,*,#1513,.F.);
#2022=ORIENTED_EDGE('',*,*,#1401,.F.);
#2023=ORIENTED_EDGE('',*,*,#1456,.F.);
#2024=ORIENTED_EDGE('',*,*,#1501,.F.);
#2025=ORIENTED_EDGE('',*,*,#1405,.F.);
#2026=ORIENTED_EDGE('',*,*,#1457,.F.);
#2027=ORIENTED_EDGE('',*,*,#1403,.T.);
#2028=ORIENTED_EDGE('',*,*,#1422,.F.);
#2029=ORIENTED_EDGE('',*,*,#1515,.F.);
#2030=ORIENTED_EDGE('',*,*,#1458,.F.);
#2031=ORIENTED_EDGE('',*,*,#1515,.T.);
#2032=ORIENTED_EDGE('',*,*,#1421,.F.);
#2033=ORIENTED_EDGE('',*,*,#1516,.F.);
#2034=ORIENTED_EDGE('',*,*,#1459,.F.);
#2035=ORIENTED_EDGE('',*,*,#1516,.T.);
#2036=ORIENTED_EDGE('',*,*,#1420,.F.);
#2037=ORIENTED_EDGE('',*,*,#1517,.F.);
#2038=ORIENTED_EDGE('',*,*,#1382,.T.);
#2039=ORIENTED_EDGE('',*,*,#1509,.T.);
#2040=ORIENTED_EDGE('',*,*,#1460,.T.);
#2041=ORIENTED_EDGE('',*,*,#1517,.T.);
#2042=ORIENTED_EDGE('',*,*,#1419,.T.);
#2043=ORIENTED_EDGE('',*,*,#1476,.F.);
#2044=ORIENTED_EDGE('',*,*,#1489,.T.);
#2045=ORIENTED_EDGE('',*,*,#1518,.T.);
#2046=ORIENTED_EDGE('',*,*,#1519,.T.);
#2047=ORIENTED_EDGE('',*,*,#1520,.T.);
#2048=ORIENTED_EDGE('',*,*,#1439,.T.);
#2049=ORIENTED_EDGE('',*,*,#1474,.F.);
#2050=ORIENTED_EDGE('',*,*,#1514,.T.);
#2051=ORIENTED_EDGE('',*,*,#1506,.T.);
#2052=ORIENTED_EDGE('',*,*,#1521,.F.);
#2053=ORIENTED_EDGE('',*,*,#1522,.F.);
#2054=ORIENTED_EDGE('',*,*,#1485,.F.);
#2055=ORIENTED_EDGE('',*,*,#1499,.T.);
#2056=ORIENTED_EDGE('',*,*,#1523,.F.);
#2057=ORIENTED_EDGE('',*,*,#1497,.F.);
#2058=ORIENTED_EDGE('',*,*,#1449,.F.);
#2059=ORIENTED_EDGE('',*,*,#1524,.T.);
#2060=ORIENTED_EDGE('',*,*,#1525,.F.);
#2061=ORIENTED_EDGE('',*,*,#1524,.F.);
#2062=ORIENTED_EDGE('',*,*,#1448,.F.);
#2063=ORIENTED_EDGE('',*,*,#1526,.T.);
#2064=ORIENTED_EDGE('',*,*,#1527,.F.);
#2065=ORIENTED_EDGE('',*,*,#1528,.F.);
#2066=ORIENTED_EDGE('',*,*,#1486,.F.);
#2067=ORIENTED_EDGE('',*,*,#1522,.T.);
#2068=ORIENTED_EDGE('',*,*,#1529,.F.);
#2069=ORIENTED_EDGE('',*,*,#1530,.F.);
#2070=ORIENTED_EDGE('',*,*,#1446,.F.);
#2071=ORIENTED_EDGE('',*,*,#1531,.T.);
#2072=ORIENTED_EDGE('',*,*,#1444,.F.);
#2073=ORIENTED_EDGE('',*,*,#1532,.F.);
#2074=ORIENTED_EDGE('',*,*,#1533,.F.);
#2075=ORIENTED_EDGE('',*,*,#1534,.F.);
#2076=ORIENTED_EDGE('',*,*,#1442,.F.);
#2077=ORIENTED_EDGE('',*,*,#1535,.F.);
#2078=ORIENTED_EDGE('',*,*,#1536,.T.);
#2079=ORIENTED_EDGE('',*,*,#1537,.F.);
#2080=ORIENTED_EDGE('',*,*,#1538,.F.);
#2081=ORIENTED_EDGE('',*,*,#1539,.T.);
#2082=ORIENTED_EDGE('',*,*,#1540,.F.);
#2083=ORIENTED_EDGE('',*,*,#1539,.F.);
#2084=ORIENTED_EDGE('',*,*,#1541,.F.);
#2085=ORIENTED_EDGE('',*,*,#1533,.T.);
#2086=ORIENTED_EDGE('',*,*,#1542,.F.);
#2087=ORIENTED_EDGE('',*,*,#1536,.F.);
#2088=ORIENTED_EDGE('',*,*,#1443,.F.);
#2089=ORIENTED_EDGE('',*,*,#1537,.T.);
#2090=ORIENTED_EDGE('',*,*,#1542,.T.);
#2091=ORIENTED_EDGE('',*,*,#1532,.T.);
#2092=ORIENTED_EDGE('',*,*,#1538,.T.);
#2093=ORIENTED_EDGE('',*,*,#1512,.T.);
#2094=ORIENTED_EDGE('',*,*,#1540,.T.);
#2095=ORIENTED_EDGE('',*,*,#1543,.F.);
#2096=ORIENTED_EDGE('',*,*,#1544,.T.);
#2097=ORIENTED_EDGE('',*,*,#1545,.F.);
#2098=ORIENTED_EDGE('',*,*,#1544,.F.);
#2099=ORIENTED_EDGE('',*,*,#1546,.F.);
#2100=ORIENTED_EDGE('',*,*,#1547,.T.);
#2101=ORIENTED_EDGE('',*,*,#1548,.F.);
#2102=ORIENTED_EDGE('',*,*,#1549,.F.);
#2103=ORIENTED_EDGE('',*,*,#1550,.F.);
#2104=ORIENTED_EDGE('',*,*,#1549,.T.);
#2105=ORIENTED_EDGE('',*,*,#1551,.F.);
#2106=ORIENTED_EDGE('',*,*,#1552,.F.);
#2107=ORIENTED_EDGE('',*,*,#1553,.F.);
#2108=ORIENTED_EDGE('',*,*,#1552,.T.);
#2109=ORIENTED_EDGE('',*,*,#1554,.F.);
#2110=ORIENTED_EDGE('',*,*,#1555,.F.);
#2111=ORIENTED_EDGE('',*,*,#1556,.F.);
#2112=ORIENTED_EDGE('',*,*,#1555,.T.);
#2113=ORIENTED_EDGE('',*,*,#1557,.F.);
#2114=ORIENTED_EDGE('',*,*,#1547,.F.);
#2115=ORIENTED_EDGE('',*,*,#1557,.T.);
#2116=ORIENTED_EDGE('',*,*,#1554,.T.);
#2117=ORIENTED_EDGE('',*,*,#1551,.T.);
#2118=ORIENTED_EDGE('',*,*,#1548,.T.);
#2119=ORIENTED_EDGE('',*,*,#1543,.T.);
#2120=ORIENTED_EDGE('',*,*,#1535,.T.);
#2121=ORIENTED_EDGE('',*,*,#1441,.T.);
#2122=ORIENTED_EDGE('',*,*,#1558,.T.);
#2123=ORIENTED_EDGE('',*,*,#1559,.T.);
#2124=ORIENTED_EDGE('',*,*,#1560,.T.);
#2125=ORIENTED_EDGE('',*,*,#1561,.T.);
#2126=ORIENTED_EDGE('',*,*,#1562,.T.);
#2127=ORIENTED_EDGE('',*,*,#1563,.F.);
#2128=ORIENTED_EDGE('',*,*,#1531,.F.);
#2129=ORIENTED_EDGE('',*,*,#1445,.T.);
#2130=ORIENTED_EDGE('',*,*,#1534,.T.);
#2131=ORIENTED_EDGE('',*,*,#1541,.T.);
#2132=ORIENTED_EDGE('',*,*,#1564,.T.);
#2133=ORIENTED_EDGE('',*,*,#1565,.T.);
#2134=ORIENTED_EDGE('',*,*,#1566,.T.);
#2135=ORIENTED_EDGE('',*,*,#1567,.T.);
#2136=ORIENTED_EDGE('',*,*,#1568,.T.);
#2137=ORIENTED_EDGE('',*,*,#1569,.T.);
#2138=ORIENTED_EDGE('',*,*,#1570,.T.);
#2139=ORIENTED_EDGE('',*,*,#1571,.T.);
#2140=ORIENTED_EDGE('',*,*,#1572,.T.);
#2141=ORIENTED_EDGE('',*,*,#1573,.T.);
#2142=ORIENTED_EDGE('',*,*,#1546,.T.);
#2143=ORIENTED_EDGE('',*,*,#1550,.T.);
#2144=ORIENTED_EDGE('',*,*,#1553,.T.);
#2145=ORIENTED_EDGE('',*,*,#1556,.T.);
#2146=ORIENTED_EDGE('',*,*,#1574,.F.);
#2147=ORIENTED_EDGE('',*,*,#1575,.T.);
#2148=ORIENTED_EDGE('',*,*,#1576,.F.);
#2149=ORIENTED_EDGE('',*,*,#1575,.F.);
#2150=ORIENTED_EDGE('',*,*,#1564,.F.);
#2151=ORIENTED_EDGE('',*,*,#1577,.T.);
#2152=ORIENTED_EDGE('',*,*,#1578,.F.);
#2153=ORIENTED_EDGE('',*,*,#1579,.F.);
#2154=ORIENTED_EDGE('',*,*,#1565,.F.);
#2155=ORIENTED_EDGE('',*,*,#1579,.T.);
#2156=ORIENTED_EDGE('',*,*,#1580,.F.);
#2157=ORIENTED_EDGE('',*,*,#1581,.F.);
#2158=ORIENTED_EDGE('',*,*,#1566,.F.);
#2159=ORIENTED_EDGE('',*,*,#1581,.T.);
#2160=ORIENTED_EDGE('',*,*,#1582,.F.);
#2161=ORIENTED_EDGE('',*,*,#1583,.F.);
#2162=ORIENTED_EDGE('',*,*,#1567,.F.);
#2163=ORIENTED_EDGE('',*,*,#1583,.T.);
#2164=ORIENTED_EDGE('',*,*,#1584,.F.);
#2165=ORIENTED_EDGE('',*,*,#1577,.F.);
#2166=ORIENTED_EDGE('',*,*,#1584,.T.);
#2167=ORIENTED_EDGE('',*,*,#1582,.T.);
#2168=ORIENTED_EDGE('',*,*,#1580,.T.);
#2169=ORIENTED_EDGE('',*,*,#1578,.T.);
#2170=ORIENTED_EDGE('',*,*,#1574,.T.);
#2171=ORIENTED_EDGE('',*,*,#1545,.T.);
#2172=ORIENTED_EDGE('',*,*,#1585,.F.);
#2173=ORIENTED_EDGE('',*,*,#1586,.T.);
#2174=ORIENTED_EDGE('',*,*,#1587,.F.);
#2175=ORIENTED_EDGE('',*,*,#1586,.F.);
#2176=ORIENTED_EDGE('',*,*,#1572,.F.);
#2177=ORIENTED_EDGE('',*,*,#1588,.T.);
#2178=ORIENTED_EDGE('',*,*,#1589,.F.);
#2179=ORIENTED_EDGE('',*,*,#1590,.F.);
#2180=ORIENTED_EDGE('',*,*,#1573,.F.);
#2181=ORIENTED_EDGE('',*,*,#1590,.T.);
#2182=ORIENTED_EDGE('',*,*,#1591,.F.);
#2183=ORIENTED_EDGE('',*,*,#1588,.F.);
#2184=ORIENTED_EDGE('',*,*,#1591,.T.);
#2185=ORIENTED_EDGE('',*,*,#1589,.T.);
#2186=ORIENTED_EDGE('',*,*,#1585,.T.);
#2187=ORIENTED_EDGE('',*,*,#1576,.T.);
#2188=ORIENTED_EDGE('',*,*,#1570,.F.);
#2189=ORIENTED_EDGE('',*,*,#1592,.F.);
#2190=ORIENTED_EDGE('',*,*,#1593,.F.);
#2191=ORIENTED_EDGE('',*,*,#1594,.T.);
#2192=ORIENTED_EDGE('',*,*,#1571,.F.);
#2193=ORIENTED_EDGE('',*,*,#1594,.F.);
#2194=ORIENTED_EDGE('',*,*,#1595,.F.);
#2195=ORIENTED_EDGE('',*,*,#1596,.T.);
#2196=ORIENTED_EDGE('',*,*,#1568,.F.);
#2197=ORIENTED_EDGE('',*,*,#1596,.F.);
#2198=ORIENTED_EDGE('',*,*,#1597,.F.);
#2199=ORIENTED_EDGE('',*,*,#1598,.T.);
#2200=ORIENTED_EDGE('',*,*,#1569,.F.);
#2201=ORIENTED_EDGE('',*,*,#1598,.F.);
#2202=ORIENTED_EDGE('',*,*,#1599,.F.);
#2203=ORIENTED_EDGE('',*,*,#1592,.T.);
#2204=ORIENTED_EDGE('',*,*,#1562,.F.);
#2205=ORIENTED_EDGE('',*,*,#1600,.T.);
#2206=ORIENTED_EDGE('',*,*,#1366,.F.);
#2207=ORIENTED_EDGE('',*,*,#1601,.F.);
#2208=ORIENTED_EDGE('',*,*,#1364,.F.);
#2209=ORIENTED_EDGE('',*,*,#1602,.F.);
#2210=ORIENTED_EDGE('',*,*,#1603,.F.);
#2211=ORIENTED_EDGE('',*,*,#1604,.F.);
#2212=ORIENTED_EDGE('',*,*,#1605,.F.);
#2213=ORIENTED_EDGE('',*,*,#1606,.T.);
#2214=ORIENTED_EDGE('',*,*,#1518,.F.);
#2215=ORIENTED_EDGE('',*,*,#1488,.T.);
#2216=ORIENTED_EDGE('',*,*,#1520,.F.);
#2217=ORIENTED_EDGE('',*,*,#1607,.F.);
#2218=ORIENTED_EDGE('',*,*,#1558,.F.);
#2219=ORIENTED_EDGE('',*,*,#1440,.T.);
#2220=ORIENTED_EDGE('',*,*,#1608,.F.);
#2221=ORIENTED_EDGE('',*,*,#1609,.F.);
#2222=ORIENTED_EDGE('',*,*,#1602,.T.);
#2223=ORIENTED_EDGE('',*,*,#1372,.F.);
#2224=ORIENTED_EDGE('',*,*,#1610,.F.);
#2225=ORIENTED_EDGE('',*,*,#1611,.F.);
#2226=ORIENTED_EDGE('',*,*,#1608,.T.);
#2227=ORIENTED_EDGE('',*,*,#1612,.F.);
#2228=ORIENTED_EDGE('',*,*,#1606,.F.);
#2229=ORIENTED_EDGE('',*,*,#1613,.F.);
#2230=ORIENTED_EDGE('',*,*,#1610,.T.);
#2231=ORIENTED_EDGE('',*,*,#1614,.F.);
#2232=ORIENTED_EDGE('',*,*,#1603,.T.);
#2233=ORIENTED_EDGE('',*,*,#1609,.T.);
#2234=ORIENTED_EDGE('',*,*,#1611,.T.);
#2235=ORIENTED_EDGE('',*,*,#1613,.T.);
#2236=ORIENTED_EDGE('',*,*,#1605,.T.);
#2237=ORIENTED_EDGE('',*,*,#1487,.T.);
#2238=ORIENTED_EDGE('',*,*,#1528,.T.);
#2239=ORIENTED_EDGE('',*,*,#1615,.F.);
#2240=ORIENTED_EDGE('',*,*,#1526,.F.);
#2241=ORIENTED_EDGE('',*,*,#1447,.T.);
#2242=ORIENTED_EDGE('',*,*,#1530,.T.);
#2243=ORIENTED_EDGE('',*,*,#1616,.F.);
#2244=ORIENTED_EDGE('',*,*,#1617,.F.);
#2245=ORIENTED_EDGE('',*,*,#1559,.F.);
#2246=ORIENTED_EDGE('',*,*,#1607,.T.);
#2247=ORIENTED_EDGE('',*,*,#1618,.F.);
#2248=ORIENTED_EDGE('',*,*,#1619,.F.);
#2249=ORIENTED_EDGE('',*,*,#1560,.F.);
#2250=ORIENTED_EDGE('',*,*,#1617,.T.);
#2251=ORIENTED_EDGE('',*,*,#1620,.F.);
#2252=ORIENTED_EDGE('',*,*,#1600,.F.);
#2253=ORIENTED_EDGE('',*,*,#1561,.F.);
#2254=ORIENTED_EDGE('',*,*,#1619,.T.);
#2255=ORIENTED_EDGE('',*,*,#1371,.F.);
#2256=ORIENTED_EDGE('',*,*,#1587,.T.);
#2257=ORIENTED_EDGE('',*,*,#1614,.T.);
#2258=ORIENTED_EDGE('',*,*,#1621,.F.);
#2259=ORIENTED_EDGE('',*,*,#1618,.T.);
#2260=ORIENTED_EDGE('',*,*,#1519,.F.);
#2261=ORIENTED_EDGE('',*,*,#1620,.T.);
#2262=ORIENTED_EDGE('',*,*,#1622,.F.);
#2263=ORIENTED_EDGE('',*,*,#1336,.T.);
#2264=ORIENTED_EDGE('',*,*,#1333,.F.);
#2265=ORIENTED_EDGE('',*,*,#1623,.F.);
#2266=ORIENTED_EDGE('',*,*,#1624,.F.);
#2267=ORIENTED_EDGE('',*,*,#1625,.F.);
#2268=ORIENTED_EDGE('',*,*,#1342,.T.);
#2269=ORIENTED_EDGE('',*,*,#1345,.T.);
#2270=ORIENTED_EDGE('',*,*,#1356,.T.);
#2271=ORIENTED_EDGE('',*,*,#1337,.T.);
#2272=ORIENTED_EDGE('',*,*,#1622,.T.);
#2273=ORIENTED_EDGE('',*,*,#1621,.T.);
#2274=ORIENTED_EDGE('',*,*,#1626,.F.);
#2275=ORIENTED_EDGE('',*,*,#1612,.T.);
#2276=ORIENTED_EDGE('',*,*,#1354,.F.);
#2277=ORIENTED_EDGE('',*,*,#1343,.T.);
#2278=ORIENTED_EDGE('',*,*,#1340,.F.);
#2279=ORIENTED_EDGE('',*,*,#1627,.F.);
#2280=ORIENTED_EDGE('',*,*,#1628,.F.);
#2281=ORIENTED_EDGE('',*,*,#1629,.F.);
#2282=ORIENTED_EDGE('',*,*,#1335,.T.);
#2283=ORIENTED_EDGE('',*,*,#1338,.T.);
#2284=ORIENTED_EDGE('',*,*,#1626,.T.);
#2285=ORIENTED_EDGE('',*,*,#1630,.T.);
#2286=ORIENTED_EDGE('',*,*,#1627,.T.);
#2287=ORIENTED_EDGE('',*,*,#1353,.T.);
#2288=ORIENTED_EDGE('',*,*,#1631,.F.);
#2289=ORIENTED_EDGE('',*,*,#1632,.T.);
#2290=ORIENTED_EDGE('',*,*,#1633,.T.);
#2291=ORIENTED_EDGE('',*,*,#1628,.T.);
#2292=ORIENTED_EDGE('',*,*,#1630,.F.);
#2293=ORIENTED_EDGE('',*,*,#1634,.T.);
#2294=ORIENTED_EDGE('',*,*,#1635,.T.);
#2295=ORIENTED_EDGE('',*,*,#1346,.T.);
#2296=ORIENTED_EDGE('',*,*,#1629,.T.);
#2297=ORIENTED_EDGE('',*,*,#1633,.F.);
#2298=ORIENTED_EDGE('',*,*,#1636,.T.);
#2299=ORIENTED_EDGE('',*,*,#1637,.T.);
#2300=ORIENTED_EDGE('',*,*,#1636,.F.);
#2301=ORIENTED_EDGE('',*,*,#1634,.F.);
#2302=ORIENTED_EDGE('',*,*,#1632,.F.);
#2303=ORIENTED_EDGE('',*,*,#1638,.F.);
#2304=ORIENTED_EDGE('',*,*,#1639,.T.);
#2305=ORIENTED_EDGE('',*,*,#1317,.T.);
#2306=ORIENTED_EDGE('',*,*,#1320,.T.);
#2307=ORIENTED_EDGE('',*,*,#1323,.T.);
#2308=ORIENTED_EDGE('',*,*,#1368,.T.);
#2309=ORIENTED_EDGE('',*,*,#1350,.F.);
#2310=ORIENTED_EDGE('',*,*,#1640,.F.);
#2311=ORIENTED_EDGE('',*,*,#1641,.T.);
#2312=ORIENTED_EDGE('',*,*,#1642,.T.);
#2313=ORIENTED_EDGE('',*,*,#1352,.F.);
#2314=ORIENTED_EDGE('',*,*,#1311,.T.);
#2315=ORIENTED_EDGE('',*,*,#1314,.T.);
#2316=ORIENTED_EDGE('',*,*,#1369,.T.);
#2317=ORIENTED_EDGE('',*,*,#1643,.T.);
#2318=ORIENTED_EDGE('',*,*,#1623,.T.);
#2319=ORIENTED_EDGE('',*,*,#1348,.T.);
#2320=ORIENTED_EDGE('',*,*,#1644,.F.);
#2321=ORIENTED_EDGE('',*,*,#1645,.T.);
#2322=ORIENTED_EDGE('',*,*,#1646,.T.);
#2323=ORIENTED_EDGE('',*,*,#1624,.T.);
#2324=ORIENTED_EDGE('',*,*,#1643,.F.);
#2325=ORIENTED_EDGE('',*,*,#1647,.T.);
#2326=ORIENTED_EDGE('',*,*,#1648,.T.);
#2327=ORIENTED_EDGE('',*,*,#1349,.T.);
#2328=ORIENTED_EDGE('',*,*,#1625,.T.);
#2329=ORIENTED_EDGE('',*,*,#1646,.F.);
#2330=ORIENTED_EDGE('',*,*,#1649,.T.);
#2331=ORIENTED_EDGE('',*,*,#1650,.T.);
#2332=ORIENTED_EDGE('',*,*,#1649,.F.);
#2333=ORIENTED_EDGE('',*,*,#1647,.F.);
#2334=ORIENTED_EDGE('',*,*,#1645,.F.);
#2335=ORIENTED_EDGE('',*,*,#1651,.F.);
#2336=ORIENTED_EDGE('',*,*,#1652,.T.);
#2337=ORIENTED_EDGE('',*,*,#1305,.T.);
#2338=ORIENTED_EDGE('',*,*,#1308,.T.);
#2339=ORIENTED_EDGE('',*,*,#1597,.T.);
#2340=ORIENTED_EDGE('',*,*,#1595,.T.);
#2341=ORIENTED_EDGE('',*,*,#1593,.T.);
#2342=ORIENTED_EDGE('',*,*,#1599,.T.);
#2343=ORIENTED_EDGE('',*,*,#1653,.F.);
#2344=ORIENTED_EDGE('',*,*,#1654,.T.);
#2345=ORIENTED_EDGE('',*,*,#1655,.T.);
#2346=ORIENTED_EDGE('',*,*,#1347,.F.);
#2347=ORIENTED_EDGE('',*,*,#1326,.T.);
#2348=ORIENTED_EDGE('',*,*,#1329,.T.);
#2349=ORIENTED_EDGE('',*,*,#1656,.T.);
#2350=ORIENTED_EDGE('',*,*,#1657,.T.);
#2351=ORIENTED_EDGE('',*,*,#1658,.T.);
#2352=ORIENTED_EDGE('',*,*,#1659,.T.);
#2353=ORIENTED_EDGE('',*,*,#1660,.T.);
#2354=ORIENTED_EDGE('',*,*,#1661,.T.);
#2355=ORIENTED_EDGE('',*,*,#1662,.T.);
#2356=ORIENTED_EDGE('',*,*,#1663,.T.);
#2357=ORIENTED_EDGE('',*,*,#1525,.T.);
#2358=ORIENTED_EDGE('',*,*,#1615,.T.);
#2359=ORIENTED_EDGE('',*,*,#1527,.T.);
#2360=ORIENTED_EDGE('',*,*,#1521,.T.);
#2361=ORIENTED_EDGE('',*,*,#1498,.T.);
#2362=ORIENTED_EDGE('',*,*,#1523,.T.);
#2363=ORIENTED_EDGE('',*,*,#1563,.T.);
#2364=ORIENTED_EDGE('',*,*,#1601,.T.);
#2365=ORIENTED_EDGE('',*,*,#1365,.T.);
#2366=ORIENTED_EDGE('',*,*,#1604,.T.);
#2367=ORIENTED_EDGE('',*,*,#1616,.T.);
#2368=ORIENTED_EDGE('',*,*,#1529,.T.);
#2369=ORIENTED_EDGE('',*,*,#1664,.T.);
#2370=ORIENTED_EDGE('',*,*,#1665,.T.);
#2371=ORIENTED_EDGE('',*,*,#1656,.F.);
#2372=ORIENTED_EDGE('',*,*,#1666,.F.);
#2373=ORIENTED_EDGE('',*,*,#1667,.T.);
#2374=ORIENTED_EDGE('',*,*,#1666,.T.);
#2375=ORIENTED_EDGE('',*,*,#1663,.F.);
#2376=ORIENTED_EDGE('',*,*,#1668,.F.);
#2377=ORIENTED_EDGE('',*,*,#1313,.T.);
#2378=ORIENTED_EDGE('',*,*,#1316,.T.);
#2379=ORIENTED_EDGE('',*,*,#1669,.T.);
#2380=ORIENTED_EDGE('',*,*,#1668,.T.);
#2381=ORIENTED_EDGE('',*,*,#1662,.F.);
#2382=ORIENTED_EDGE('',*,*,#1670,.F.);
#2383=ORIENTED_EDGE('',*,*,#1671,.T.);
#2384=ORIENTED_EDGE('',*,*,#1670,.T.);
#2385=ORIENTED_EDGE('',*,*,#1661,.F.);
#2386=ORIENTED_EDGE('',*,*,#1672,.F.);
#2387=ORIENTED_EDGE('',*,*,#1319,.T.);
#2388=ORIENTED_EDGE('',*,*,#1322,.T.);
#2389=ORIENTED_EDGE('',*,*,#1325,.T.);
#2390=ORIENTED_EDGE('',*,*,#1673,.T.);
#2391=ORIENTED_EDGE('',*,*,#1672,.T.);
#2392=ORIENTED_EDGE('',*,*,#1660,.F.);
#2393=ORIENTED_EDGE('',*,*,#1674,.F.);
#2394=ORIENTED_EDGE('',*,*,#1675,.T.);
#2395=ORIENTED_EDGE('',*,*,#1674,.T.);
#2396=ORIENTED_EDGE('',*,*,#1659,.F.);
#2397=ORIENTED_EDGE('',*,*,#1676,.F.);
#2398=ORIENTED_EDGE('',*,*,#1328,.T.);
#2399=ORIENTED_EDGE('',*,*,#1331,.T.);
#2400=ORIENTED_EDGE('',*,*,#1677,.T.);
#2401=ORIENTED_EDGE('',*,*,#1676,.T.);
#2402=ORIENTED_EDGE('',*,*,#1658,.F.);
#2403=ORIENTED_EDGE('',*,*,#1678,.F.);
#2404=ORIENTED_EDGE('',*,*,#1679,.T.);
#2405=ORIENTED_EDGE('',*,*,#1678,.T.);
#2406=ORIENTED_EDGE('',*,*,#1657,.F.);
#2407=ORIENTED_EDGE('',*,*,#1665,.F.);
#2408=ORIENTED_EDGE('',*,*,#1307,.T.);
#2409=ORIENTED_EDGE('',*,*,#1310,.T.);
#2410=ORIENTED_EDGE('',*,*,#1680,.T.);
#2411=ORIENTED_EDGE('',*,*,#1651,.T.);
#2412=ORIENTED_EDGE('',*,*,#1644,.T.);
#2413=ORIENTED_EDGE('',*,*,#1655,.F.);
#2414=ORIENTED_EDGE('',*,*,#1681,.T.);
#2415=ORIENTED_EDGE('',*,*,#1653,.T.);
#2416=ORIENTED_EDGE('',*,*,#1635,.F.);
#2417=ORIENTED_EDGE('',*,*,#1637,.F.);
#2418=ORIENTED_EDGE('',*,*,#1682,.T.);
#2419=ORIENTED_EDGE('',*,*,#1638,.T.);
#2420=ORIENTED_EDGE('',*,*,#1631,.T.);
#2421=ORIENTED_EDGE('',*,*,#1642,.F.);
#2422=ORIENTED_EDGE('',*,*,#1683,.T.);
#2423=ORIENTED_EDGE('',*,*,#1640,.T.);
#2424=ORIENTED_EDGE('',*,*,#1648,.F.);
#2425=ORIENTED_EDGE('',*,*,#1650,.F.);
#2426=ORIENTED_EDGE('',*,*,#1652,.F.);
#2427=ORIENTED_EDGE('',*,*,#1680,.F.);
#2428=ORIENTED_EDGE('',*,*,#1654,.F.);
#2429=ORIENTED_EDGE('',*,*,#1681,.F.);
#2430=ORIENTED_EDGE('',*,*,#1639,.F.);
#2431=ORIENTED_EDGE('',*,*,#1682,.F.);
#2432=ORIENTED_EDGE('',*,*,#1641,.F.);
#2433=ORIENTED_EDGE('',*,*,#1683,.F.);
#2434=ORIENTED_EDGE('',*,*,#1679,.F.);
#2435=ORIENTED_EDGE('',*,*,#1664,.F.);
#2436=ORIENTED_EDGE('',*,*,#1667,.F.);
#2437=ORIENTED_EDGE('',*,*,#1669,.F.);
#2438=ORIENTED_EDGE('',*,*,#1671,.F.);
#2439=ORIENTED_EDGE('',*,*,#1673,.F.);
#2440=ORIENTED_EDGE('',*,*,#1675,.F.);
#2441=ORIENTED_EDGE('',*,*,#1677,.F.);
#2442=CYLINDRICAL_SURFACE('',#2670,1.49999999999999);
#2443=CYLINDRICAL_SURFACE('',#2673,1.49999999999999);
#2444=CYLINDRICAL_SURFACE('',#2676,1.5);
#2445=CYLINDRICAL_SURFACE('',#2679,1.5);
#2446=CYLINDRICAL_SURFACE('',#2682,1.49999999999999);
#2447=CYLINDRICAL_SURFACE('',#2685,1.49999999999999);
#2448=CYLINDRICAL_SURFACE('',#2688,1.5);
#2449=CYLINDRICAL_SURFACE('',#2691,1.5);
#2450=CYLINDRICAL_SURFACE('',#2694,1.49999999999999);
#2451=CYLINDRICAL_SURFACE('',#2701,30.);
#2452=CYLINDRICAL_SURFACE('',#2704,30.);
#2453=CYLINDRICAL_SURFACE('',#2708,11.5);
#2454=CYLINDRICAL_SURFACE('',#2715,13.);
#2455=CYLINDRICAL_SURFACE('',#2717,10.);
#2456=CYLINDRICAL_SURFACE('',#2719,25.);
#2457=CYLINDRICAL_SURFACE('',#2722,2.);
#2458=CYLINDRICAL_SURFACE('',#2738,2.);
#2459=CYLINDRICAL_SURFACE('',#2754,2.);
#2460=CYLINDRICAL_SURFACE('',#2771,2.);
#2461=CYLINDRICAL_SURFACE('',#2772,2.);
#2462=CYLINDRICAL_SURFACE('',#2774,2.);
#2463=CYLINDRICAL_SURFACE('',#2775,2.);
#2464=CYLINDRICAL_SURFACE('',#2776,2.);
#2465=CYLINDRICAL_SURFACE('',#2778,2.);
#2466=CYLINDRICAL_SURFACE('',#2779,2.);
#2467=CYLINDRICAL_SURFACE('',#2781,2.);
#2468=CYLINDRICAL_SURFACE('',#2782,2.);
#2469=CYLINDRICAL_SURFACE('',#2792,2.);
#2470=CYLINDRICAL_SURFACE('',#2793,2.);
#2471=CYLINDRICAL_SURFACE('',#2795,2.);
#2472=CYLINDRICAL_SURFACE('',#2796,2.);
#2473=CYLINDRICAL_SURFACE('',#2798,2.);
#2474=CYLINDRICAL_SURFACE('',#2799,2.);
#2475=CYLINDRICAL_SURFACE('',#2800,2.);
#2476=CYLINDRICAL_SURFACE('',#2802,2.);
#2477=CYLINDRICAL_SURFACE('',#2803,1.5);
#2478=CYLINDRICAL_SURFACE('',#2805,1.5);
#2479=CYLINDRICAL_SURFACE('',#2811,1.5);
#2480=CYLINDRICAL_SURFACE('',#2813,1.5);
#2481=CYLINDRICAL_SURFACE('',#2822,5.);
#2482=CYLINDRICAL_SURFACE('',#2824,4.99999999999999);
#2483=CYLINDRICAL_SURFACE('',#2829,3.00000000000002);
#2484=CYLINDRICAL_SURFACE('',#2832,3.00000000000002);
#2485=CYLINDRICAL_SURFACE('',#2835,1.50000000000002);
#2486=CYLINDRICAL_SURFACE('',#2842,1.5);
#2487=CYLINDRICAL_SURFACE('',#2846,3.00000000000001);
#2488=CYLINDRICAL_SURFACE('',#2850,3.00000000000001);
#2489=CYLINDRICAL_SURFACE('',#2860,1.5);
#2490=CYLINDRICAL_SURFACE('',#2864,3.);
#2491=CYLINDRICAL_SURFACE('',#2867,3.);
#2492=CYLINDRICAL_SURFACE('',#2871,1.49999999999999);
#2493=CYLINDRICAL_SURFACE('',#2875,2.84999999999998);
#2494=CYLINDRICAL_SURFACE('',#2883,5.);
#2495=CYLINDRICAL_SURFACE('',#2886,5.);
#2496=CYLINDRICAL_SURFACE('',#2889,4.99999999999996);
#2497=CYLINDRICAL_SURFACE('',#2891,4.99999999999996);
#2498=CYLINDRICAL_SURFACE('',#2896,5.);
#2499=CYLINDRICAL_SURFACE('',#2905,5.);
#2500=CYLINDRICAL_SURFACE('',#2909,25.);
#2501=CYLINDRICAL_SURFACE('',#2921,10.);
#2502=CYLINDRICAL_SURFACE('',#2932,10.);
#2503=CYLINDRICAL_SURFACE('',#2944,7.00000000000001);
#2504=CYLINDRICAL_SURFACE('',#2947,7.);
#2505=CYLINDRICAL_SURFACE('',#2950,6.99999999999996);
#2506=CYLINDRICAL_SURFACE('',#2953,6.99999999999994);
#2507=CYLINDRICAL_SURFACE('',#2956,9.99999999999996);
#2508=CYLINDRICAL_SURFACE('',#2958,9.99999999999996);
#2509=CYLINDRICAL_SURFACE('',#2960,10.);
#2510=CYLINDRICAL_SURFACE('',#2962,10.);
#2511=ADVANCED_FACE('',(#129),#2442,.F.);
#2512=ADVANCED_FACE('',(#130),#2443,.F.);
#2513=ADVANCED_FACE('',(#131),#2444,.F.);
#2514=ADVANCED_FACE('',(#132),#2445,.F.);
#2515=ADVANCED_FACE('',(#133),#2446,.F.);
#2516=ADVANCED_FACE('',(#134),#2447,.F.);
#2517=ADVANCED_FACE('',(#135),#2448,.F.);
#2518=ADVANCED_FACE('',(#136),#2449,.F.);
#2519=ADVANCED_FACE('',(#137),#2450,.F.);
#2520=ADVANCED_FACE('',(#138),#61,.F.);
#2521=ADVANCED_FACE('',(#139),#62,.F.);
#2522=ADVANCED_FACE('',(#140),#63,.F.);
#2523=ADVANCED_FACE('',(#141),#64,.F.);
#2524=ADVANCED_FACE('',(#142),#2451,.T.);
#2525=ADVANCED_FACE('',(#143),#2452,.T.);
#2526=ADVANCED_FACE('',(#144),#65,.F.);
#2527=ADVANCED_FACE('',(#145),#2453,.F.);
#2528=ADVANCED_FACE('',(#146,#23),#66,.T.);
#2529=ADVANCED_FACE('',(#147),#67,.F.);
#2530=ADVANCED_FACE('',(#148),#2454,.T.);
#2531=ADVANCED_FACE('',(#149),#2455,.F.);
#2532=ADVANCED_FACE('',(#150),#2456,.F.);
#2533=ADVANCED_FACE('',(#151),#2457,.T.);
#2534=ADVANCED_FACE('',(#152),#68,.T.);
#2535=ADVANCED_FACE('',(#153,#24,#25),#69,.T.);
#2536=ADVANCED_FACE('',(#154),#2458,.T.);
#2537=ADVANCED_FACE('',(#155),#70,.T.);
#2538=ADVANCED_FACE('',(#156,#26,#27),#71,.T.);
#2539=ADVANCED_FACE('',(#157),#2459,.F.);
#2540=ADVANCED_FACE('',(#158),#72,.F.);
#2541=ADVANCED_FACE('',(#159),#2460,.T.);
#2542=ADVANCED_FACE('',(#160),#2461,.T.);
#2543=ADVANCED_FACE('',(#161),#73,.T.);
#2544=ADVANCED_FACE('',(#162),#2462,.F.);
#2545=ADVANCED_FACE('',(#163),#2463,.F.);
#2546=ADVANCED_FACE('',(#164),#2464,.T.);
#2547=ADVANCED_FACE('',(#165),#74,.T.);
#2548=ADVANCED_FACE('',(#166),#2465,.T.);
#2549=ADVANCED_FACE('',(#167),#2466,.F.);
#2550=ADVANCED_FACE('',(#168),#75,.T.);
#2551=ADVANCED_FACE('',(#169),#2467,.F.);
#2552=ADVANCED_FACE('',(#170),#2468,.F.);
#2553=ADVANCED_FACE('',(#171),#76,.F.);
#2554=ADVANCED_FACE('',(#172),#77,.T.);
#2555=ADVANCED_FACE('',(#173),#2469,.F.);
#2556=ADVANCED_FACE('',(#174),#2470,.T.);
#2557=ADVANCED_FACE('',(#175),#78,.T.);
#2558=ADVANCED_FACE('',(#176),#2471,.T.);
#2559=ADVANCED_FACE('',(#177),#2472,.F.);
#2560=ADVANCED_FACE('',(#178),#79,.F.);
#2561=ADVANCED_FACE('',(#179),#2473,.F.);
#2562=ADVANCED_FACE('',(#180),#2474,.F.);
#2563=ADVANCED_FACE('',(#181),#2475,.T.);
#2564=ADVANCED_FACE('',(#182),#80,.T.);
#2565=ADVANCED_FACE('',(#183),#2476,.T.);
#2566=ADVANCED_FACE('',(#184),#2477,.F.);
#2567=ADVANCED_FACE('',(#185),#2478,.F.);
#2568=ADVANCED_FACE('',(#186),#81,.T.);
#2569=ADVANCED_FACE('',(#187),#82,.T.);
#2570=ADVANCED_FACE('',(#188),#83,.T.);
#2571=ADVANCED_FACE('',(#189),#84,.F.);
#2572=ADVANCED_FACE('',(#190),#2479,.F.);
#2573=ADVANCED_FACE('',(#191),#2480,.F.);
#2574=ADVANCED_FACE('',(#192),#85,.T.);
#2575=ADVANCED_FACE('',(#193),#86,.T.);
#2576=ADVANCED_FACE('',(#194),#87,.T.);
#2577=ADVANCED_FACE('',(#195),#88,.T.);
#2578=ADVANCED_FACE('',(#196),#89,.F.);
#2579=ADVANCED_FACE('',(#197),#90,.F.);
#2580=ADVANCED_FACE('',(#198),#91,.F.);
#2581=ADVANCED_FACE('',(#199),#2481,.F.);
#2582=ADVANCED_FACE('',(#200),#2482,.F.);
#2583=ADVANCED_FACE('',(#201),#92,.F.);
#2584=ADVANCED_FACE('',(#202),#93,.F.);
#2585=ADVANCED_FACE('',(#203),#94,.F.);
#2586=ADVANCED_FACE('',(#204),#2483,.T.);
#2587=ADVANCED_FACE('',(#205),#2484,.T.);
#2588=ADVANCED_FACE('',(#206),#2485,.F.);
#2589=ADVANCED_FACE('',(#207),#95,.T.);
#2590=ADVANCED_FACE('',(#208,#28),#96,.T.);
#2591=ADVANCED_FACE('',(#209),#97,.F.);
#2592=ADVANCED_FACE('',(#210),#98,.F.);
#2593=ADVANCED_FACE('',(#211),#2486,.F.);
#2594=ADVANCED_FACE('',(#212),#99,.T.);
#2595=ADVANCED_FACE('',(#213),#2487,.T.);
#2596=ADVANCED_FACE('',(#214),#100,.T.);
#2597=ADVANCED_FACE('',(#215),#2488,.T.);
#2598=ADVANCED_FACE('',(#216,#29),#101,.T.);
#2599=ADVANCED_FACE('',(#217,#30,#31,#32,#33),#102,.F.);
#2600=ADVANCED_FACE('',(#218),#2489,.F.);
#2601=ADVANCED_FACE('',(#219),#103,.T.);
#2602=ADVANCED_FACE('',(#220),#2490,.T.);
#2603=ADVANCED_FACE('',(#221),#104,.T.);
#2604=ADVANCED_FACE('',(#222),#2491,.T.);
#2605=ADVANCED_FACE('',(#223,#34),#105,.T.);
#2606=ADVANCED_FACE('',(#224),#106,.F.);
#2607=ADVANCED_FACE('',(#225),#2492,.F.);
#2608=ADVANCED_FACE('',(#226),#107,.T.);
#2609=ADVANCED_FACE('',(#227),#2493,.T.);
#2610=ADVANCED_FACE('',(#228,#35),#108,.T.);
#2611=ADVANCED_FACE('',(#229),#109,.F.);
#2612=ADVANCED_FACE('',(#230),#110,.F.);
#2613=ADVANCED_FACE('',(#231),#111,.F.);
#2614=ADVANCED_FACE('',(#232),#112,.F.);
#2615=ADVANCED_FACE('',(#233),#113,.F.);
#2616=ADVANCED_FACE('',(#234),#2494,.F.);
#2617=ADVANCED_FACE('',(#235),#2495,.F.);
#2618=ADVANCED_FACE('',(#236),#2496,.F.);
#2619=ADVANCED_FACE('',(#237),#2497,.F.);
#2620=ADVANCED_FACE('',(#238),#15,.F.);
#2621=ADVANCED_FACE('',(#239),#2498,.F.);
#2622=ADVANCED_FACE('',(#240),#16,.F.);
#2623=ADVANCED_FACE('',(#241),#114,.F.);
#2624=ADVANCED_FACE('',(#242),#17,.F.);
#2625=ADVANCED_FACE('',(#243),#2499,.F.);
#2626=ADVANCED_FACE('',(#244),#18,.F.);
#2627=ADVANCED_FACE('',(#245),#115,.F.);
#2628=ADVANCED_FACE('',(#246),#2500,.F.);
#2629=ADVANCED_FACE('',(#247),#116,.F.);
#2630=ADVANCED_FACE('',(#248),#117,.F.);
#2631=ADVANCED_FACE('',(#249),#118,.F.);
#2632=ADVANCED_FACE('',(#250),#19,.T.);
#2633=ADVANCED_FACE('',(#251),#2501,.T.);
#2634=ADVANCED_FACE('',(#252),#20,.T.);
#2635=ADVANCED_FACE('',(#253,#36,#37,#38),#119,.T.);
#2636=ADVANCED_FACE('',(#254,#39,#40,#41),#120,.T.);
#2637=ADVANCED_FACE('',(#255),#21,.T.);
#2638=ADVANCED_FACE('',(#256),#2502,.T.);
#2639=ADVANCED_FACE('',(#257),#22,.T.);
#2640=ADVANCED_FACE('',(#258,#42,#43,#44),#121,.T.);
#2641=ADVANCED_FACE('',(#259,#45,#46),#122,.T.);
#2642=ADVANCED_FACE('',(#260,#47,#48),#123,.F.);
#2643=ADVANCED_FACE('',(#261),#2503,.F.);
#2644=ADVANCED_FACE('',(#262,#49,#50),#124,.T.);
#2645=ADVANCED_FACE('',(#263),#2504,.F.);
#2646=ADVANCED_FACE('',(#264,#51,#52,#53),#125,.T.);
#2647=ADVANCED_FACE('',(#265),#2505,.F.);
#2648=ADVANCED_FACE('',(#266,#54,#55),#126,.T.);
#2649=ADVANCED_FACE('',(#267),#2506,.F.);
#2650=ADVANCED_FACE('',(#268,#56,#57),#127,.T.);
#2651=ADVANCED_FACE('',(#269),#2507,.T.);
#2652=ADVANCED_FACE('',(#270),#2508,.T.);
#2653=ADVANCED_FACE('',(#271),#2509,.T.);
#2654=ADVANCED_FACE('',(#272),#2510,.T.);
#2655=ADVANCED_FACE('',(#273,#58),#128,.F.);
#2656=CLOSED_SHELL('',(#2511,#2512,#2513,#2514,#2515,#2516,#2517,#2518,
#2519,#2520,#2521,#2522,#2523,#2524,#2525,#2526,#2527,#2528,#2529,#2530,
#2531,#2532,#2533,#2534,#2535,#2536,#2537,#2538,#2539,#2540,#2541,#2542,
#2543,#2544,#2545,#2546,#2547,#2548,#2549,#2550,#2551,#2552,#2553,#2554,
#2555,#2556,#2557,#2558,#2559,#2560,#2561,#2562,#2563,#2564,#2565,#2566,
#2567,#2568,#2569,#2570,#2571,#2572,#2573,#2574,#2575,#2576,#2577,#2578,
#2579,#2580,#2581,#2582,#2583,#2584,#2585,#2586,#2587,#2588,#2589,#2590,
#2591,#2592,#2593,#2594,#2595,#2596,#2597,#2598,#2599,#2600,#2601,#2602,
#2603,#2604,#2605,#2606,#2607,#2608,#2609,#2610,#2611,#2612,#2613,#2614,
#2615,#2616,#2617,#2618,#2619,#2620,#2621,#2622,#2623,#2624,#2625,#2626,
#2627,#2628,#2629,#2630,#2631,#2632,#2633,#2634,#2635,#2636,#2637,#2638,
#2639,#2640,#2641,#2642,#2643,#2644,#2645,#2646,#2647,#2648,#2649,#2650,
#2651,#2652,#2653,#2654,#2655));
#2657=DERIVED_UNIT_ELEMENT(#2659,1.);
#2658=DERIVED_UNIT_ELEMENT(#4587,-3.);
#2659=(
MASS_UNIT()
NAMED_UNIT(*)
SI_UNIT(.KILO.,.GRAM.)
);
#2660=DERIVED_UNIT((#2657,#2658));
#2661=MEASURE_REPRESENTATION_ITEM('density measure',
POSITIVE_RATIO_MEASURE(7850.),#2660);
#2662=PROPERTY_DEFINITION_REPRESENTATION(#2667,#2664);
#2663=PROPERTY_DEFINITION_REPRESENTATION(#2668,#2665);
#2664=REPRESENTATION('material name',(#2666),#4584);
#2665=REPRESENTATION('density',(#2661),#4584);
#2666=DESCRIPTIVE_REPRESENTATION_ITEM('Steel','Steel');
#2667=PROPERTY_DEFINITION('material property','material name',#4594);
#2668=PROPERTY_DEFINITION('material property','density of part',#4594);
#2669=AXIS2_PLACEMENT_3D('',#3784,#2965,#2966);
#2670=AXIS2_PLACEMENT_3D('',#3785,#2967,#2968);
#2671=AXIS2_PLACEMENT_3D('',#3787,#2969,#2970);
#2672=AXIS2_PLACEMENT_3D('',#3790,#2972,#2973);
#2673=AXIS2_PLACEMENT_3D('',#3791,#2974,#2975);
#2674=AXIS2_PLACEMENT_3D('',#3793,#2976,#2977);
#2675=AXIS2_PLACEMENT_3D('',#3796,#2979,#2980);
#2676=AXIS2_PLACEMENT_3D('',#3797,#2981,#2982);
#2677=AXIS2_PLACEMENT_3D('',#3799,#2983,#2984);
#2678=AXIS2_PLACEMENT_3D('',#3802,#2986,#2987);
#2679=AXIS2_PLACEMENT_3D('',#3803,#2988,#2989);
#2680=AXIS2_PLACEMENT_3D('',#3805,#2990,#2991);
#2681=AXIS2_PLACEMENT_3D('',#3808,#2993,#2994);
#2682=AXIS2_PLACEMENT_3D('',#3809,#2995,#2996);
#2683=AXIS2_PLACEMENT_3D('',#3811,#2997,#2998);
#2684=AXIS2_PLACEMENT_3D('',#3814,#3000,#3001);
#2685=AXIS2_PLACEMENT_3D('',#3815,#3002,#3003);
#2686=AXIS2_PLACEMENT_3D('',#3817,#3004,#3005);
#2687=AXIS2_PLACEMENT_3D('',#3820,#3007,#3008);
#2688=AXIS2_PLACEMENT_3D('',#3821,#3009,#3010);
#2689=AXIS2_PLACEMENT_3D('',#3823,#3011,#3012);
#2690=AXIS2_PLACEMENT_3D('',#3826,#3014,#3015);
#2691=AXIS2_PLACEMENT_3D('',#3827,#3016,#3017);
#2692=AXIS2_PLACEMENT_3D('',#3829,#3018,#3019);
#2693=AXIS2_PLACEMENT_3D('',#3832,#3021,#3022);
#2694=AXIS2_PLACEMENT_3D('',#3833,#3023,#3024);
#2695=AXIS2_PLACEMENT_3D('',#3835,#3025,#3026);
#2696=AXIS2_PLACEMENT_3D('',#3838,#3028,#3029);
#2697=AXIS2_PLACEMENT_3D('',#3839,#3030,#3031);
#2698=AXIS2_PLACEMENT_3D('',#3848,#3036,#3037);
#2699=AXIS2_PLACEMENT_3D('',#3854,#3041,#3042);
#2700=AXIS2_PLACEMENT_3D('',#3863,#3047,#3048);
#2701=AXIS2_PLACEMENT_3D('',#3869,#3052,#3053);
#2702=AXIS2_PLACEMENT_3D('',#3871,#3054,#3055);
#2703=AXIS2_PLACEMENT_3D('',#3874,#3057,#3058);
#2704=AXIS2_PLACEMENT_3D('',#3875,#3059,#3060);
#2705=AXIS2_PLACEMENT_3D('',#3877,#3061,#3062);
#2706=AXIS2_PLACEMENT_3D('',#3898,#3065,#3066);
#2707=AXIS2_PLACEMENT_3D('',#3899,#3067,#3068);
#2708=AXIS2_PLACEMENT_3D('',#3905,#3072,#3073);
#2709=AXIS2_PLACEMENT_3D('',#3923,#3074,#3075);
#2710=AXIS2_PLACEMENT_3D('',#3926,#3077,#3078);
#2711=AXIS2_PLACEMENT_3D('',#3927,#3079,#3080);
#2712=AXIS2_PLACEMENT_3D('',#3928,#3081,#3082);
#2713=AXIS2_PLACEMENT_3D('',#3930,#3083,#3084);
#2714=AXIS2_PLACEMENT_3D('',#3931,#3085,#3086);
#2715=AXIS2_PLACEMENT_3D('',#3941,#3092,#3093);
#2716=AXIS2_PLACEMENT_3D('',#3942,#3094,#3095);
#2717=AXIS2_PLACEMENT_3D('',#3943,#3096,#3097);
#2718=AXIS2_PLACEMENT_3D('',#3945,#3098,#3099);
#2719=AXIS2_PLACEMENT_3D('',#3947,#3101,#3102);
#2720=AXIS2_PLACEMENT_3D('',#3948,#3103,#3104);
#2721=AXIS2_PLACEMENT_3D('',#3949,#3105,#3106);
#2722=AXIS2_PLACEMENT_3D('',#3950,#3107,#3108);
#2723=AXIS2_PLACEMENT_3D('',#3953,#3109,#3110);
#2724=AXIS2_PLACEMENT_3D('',#3957,#3112,#3113);
#2725=AXIS2_PLACEMENT_3D('',#3959,#3115,#3116);
#2726=AXIS2_PLACEMENT_3D('',#3965,#3120,#3121);
#2727=AXIS2_PLACEMENT_3D('',#3973,#3125,#3126);
#2728=AXIS2_PLACEMENT_3D('',#3977,#3128,#3129);
#2729=AXIS2_PLACEMENT_3D('',#3979,#3130,#3131);
#2730=AXIS2_PLACEMENT_3D('',#3983,#3133,#3134);
#2731=AXIS2_PLACEMENT_3D('',#3985,#3135,#3136);
#2732=AXIS2_PLACEMENT_3D('',#3989,#3138,#3139);
#2733=AXIS2_PLACEMENT_3D('',#3991,#3140,#3141);
#2734=AXIS2_PLACEMENT_3D('',#3995,#3143,#3144);
#2735=AXIS2_PLACEMENT_3D('',#3996,#3145,#3146);
#2736=AXIS2_PLACEMENT_3D('',#3998,#3147,#3148);
#2737=AXIS2_PLACEMENT_3D('',#4000,#3149,#3150);
#2738=AXIS2_PLACEMENT_3D('',#4001,#3151,#3152);
#2739=AXIS2_PLACEMENT_3D('',#4004,#3153,#3154);
#2740=AXIS2_PLACEMENT_3D('',#4008,#3156,#3157);
#2741=AXIS2_PLACEMENT_3D('',#4010,#3159,#3160);
#2742=AXIS2_PLACEMENT_3D('',#4016,#3164,#3165);
#2743=AXIS2_PLACEMENT_3D('',#4020,#3167,#3168);
#2744=AXIS2_PLACEMENT_3D('',#4022,#3169,#3170);
#2745=AXIS2_PLACEMENT_3D('',#4026,#3172,#3173);
#2746=AXIS2_PLACEMENT_3D('',#4028,#3174,#3175);
#2747=AXIS2_PLACEMENT_3D('',#4032,#3177,#3178);
#2748=AXIS2_PLACEMENT_3D('',#4034,#3179,#3180);
#2749=AXIS2_PLACEMENT_3D('',#4038,#3182,#3183);
#2750=AXIS2_PLACEMENT_3D('',#4040,#3184,#3185);
#2751=AXIS2_PLACEMENT_3D('',#4044,#3187,#3188);
#2752=AXIS2_PLACEMENT_3D('',#4053,#3193,#3194);
#2753=AXIS2_PLACEMENT_3D('',#4055,#3195,#3196);
#2754=AXIS2_PLACEMENT_3D('',#4056,#3197,#3198);
#2755=AXIS2_PLACEMENT_3D('',#4058,#3199,#3200);
#2756=AXIS2_PLACEMENT_3D('',#4060,#3202,#3203);
#2757=AXIS2_PLACEMENT_3D('',#4062,#3204,#3205);
#2758=AXIS2_PLACEMENT_3D('',#4066,#3207,#3208);
#2759=AXIS2_PLACEMENT_3D('',#4068,#3209,#3210);
#2760=AXIS2_PLACEMENT_3D('',#4072,#3212,#3213);
#2761=AXIS2_PLACEMENT_3D('',#4074,#3214,#3215);
#2762=AXIS2_PLACEMENT_3D('',#4078,#3217,#3218);
#2763=AXIS2_PLACEMENT_3D('',#4080,#3219,#3220);
#2764=AXIS2_PLACEMENT_3D('',#4084,#3222,#3223);
#2765=AXIS2_PLACEMENT_3D('',#4088,#3225,#3226);
#2766=AXIS2_PLACEMENT_3D('',#4106,#3235,#3236);
#2767=AXIS2_PLACEMENT_3D('',#4110,#3238,#3239);
#2768=AXIS2_PLACEMENT_3D('',#4112,#3240,#3241);
#2769=AXIS2_PLACEMENT_3D('',#4116,#3243,#3244);
#2770=AXIS2_PLACEMENT_3D('',#4118,#3245,#3246);
#2771=AXIS2_PLACEMENT_3D('',#4131,#3254,#3255);
#2772=AXIS2_PLACEMENT_3D('',#4133,#3257,#3258);
#2773=AXIS2_PLACEMENT_3D('',#4136,#3261,#3262);
#2774=AXIS2_PLACEMENT_3D('',#4137,#3263,#3264);
#2775=AXIS2_PLACEMENT_3D('',#4139,#3266,#3267);
#2776=AXIS2_PLACEMENT_3D('',#4142,#3270,#3271);
#2777=AXIS2_PLACEMENT_3D('',#4144,#3273,#3274);
#2778=AXIS2_PLACEMENT_3D('',#4146,#3276,#3277);
#2779=AXIS2_PLACEMENT_3D('',#4148,#3279,#3280);
#2780=AXIS2_PLACEMENT_3D('',#4150,#3282,#3283);
#2781=AXIS2_PLACEMENT_3D('',#4152,#3285,#3286);
#2782=AXIS2_PLACEMENT_3D('',#4154,#3288,#3289);
#2783=AXIS2_PLACEMENT_3D('',#4157,#3290,#3291);
#2784=AXIS2_PLACEMENT_3D('',#4160,#3294,#3295);
#2785=AXIS2_PLACEMENT_3D('',#4164,#3297,#3298);
#2786=AXIS2_PLACEMENT_3D('',#4166,#3299,#3300);
#2787=AXIS2_PLACEMENT_3D('',#4170,#3302,#3303);
#2788=AXIS2_PLACEMENT_3D('',#4172,#3304,#3305);
#2789=AXIS2_PLACEMENT_3D('',#4176,#3307,#3308);
#2790=AXIS2_PLACEMENT_3D('',#4182,#3311,#3312);
#2791=AXIS2_PLACEMENT_3D('',#4184,#3314,#3315);
#2792=AXIS2_PLACEMENT_3D('',#4186,#3317,#3318);
#2793=AXIS2_PLACEMENT_3D('',#4188,#3320,#3321);
#2794=AXIS2_PLACEMENT_3D('',#4190,#3323,#3324);
#2795=AXIS2_PLACEMENT_3D('',#4192,#3326,#3327);
#2796=AXIS2_PLACEMENT_3D('',#4194,#3329,#3330);
#2797=AXIS2_PLACEMENT_3D('',#4196,#3332,#3333);
#2798=AXIS2_PLACEMENT_3D('',#4203,#3338,#3339);
#2799=AXIS2_PLACEMENT_3D('',#4206,#3342,#3343);
#2800=AXIS2_PLACEMENT_3D('',#4208,#3345,#3346);
#2801=AXIS2_PLACEMENT_3D('',#4210,#3348,#3349);
#2802=AXIS2_PLACEMENT_3D('',#4212,#3351,#3352);
#2803=AXIS2_PLACEMENT_3D('',#4213,#3353,#3354);
#2804=AXIS2_PLACEMENT_3D('',#4216,#3356,#3357);
#2805=AXIS2_PLACEMENT_3D('',#4217,#3358,#3359);
#2806=AXIS2_PLACEMENT_3D('',#4220,#3361,#3362);
#2807=AXIS2_PLACEMENT_3D('',#4221,#3363,#3364);
#2808=AXIS2_PLACEMENT_3D('',#4222,#3365,#3366);
#2809=AXIS2_PLACEMENT_3D('',#4225,#3369,#3370);
#2810=AXIS2_PLACEMENT_3D('',#4226,#3371,#3372);
#2811=AXIS2_PLACEMENT_3D('',#4227,#3373,#3374);
#2812=AXIS2_PLACEMENT_3D('',#4230,#3376,#3377);
#2813=AXIS2_PLACEMENT_3D('',#4231,#3378,#3379);
#2814=AXIS2_PLACEMENT_3D('',#4234,#3381,#3382);
#2815=AXIS2_PLACEMENT_3D('',#4235,#3383,#3384);
#2816=AXIS2_PLACEMENT_3D('',#4236,#3385,#3386);
#2817=AXIS2_PLACEMENT_3D('',#4238,#3388,#3389);
#2818=AXIS2_PLACEMENT_3D('',#4240,#3391,#3392);
#2819=AXIS2_PLACEMENT_3D('',#4242,#3394,#3395);
#2820=AXIS2_PLACEMENT_3D('',#4248,#3399,#3400);
#2821=AXIS2_PLACEMENT_3D('',#4249,#3401,#3402);
#2822=AXIS2_PLACEMENT_3D('',#4250,#3403,#3404);
#2823=AXIS2_PLACEMENT_3D('',#4252,#3405,#3406);
#2824=AXIS2_PLACEMENT_3D('',#4254,#3408,#3409);
#2825=AXIS2_PLACEMENT_3D('',#4256,#3410,#3411);
#2826=AXIS2_PLACEMENT_3D('',#4258,#3413,#3414);
#2827=AXIS2_PLACEMENT_3D('',#4262,#3417,#3418);
#2828=AXIS2_PLACEMENT_3D('',#4266,#3421,#3422);
#2829=AXIS2_PLACEMENT_3D('',#4272,#3426,#3427);
#2830=AXIS2_PLACEMENT_3D('',#4274,#3428,#3429);
#2831=AXIS2_PLACEMENT_3D('',#4277,#3431,#3432);
#2832=AXIS2_PLACEMENT_3D('',#4278,#3433,#3434);
#2833=AXIS2_PLACEMENT_3D('',#4280,#3435,#3436);
#2834=AXIS2_PLACEMENT_3D('',#4283,#3438,#3439);
#2835=AXIS2_PLACEMENT_3D('',#4284,#3440,#3441);
#2836=AXIS2_PLACEMENT_3D('',#4286,#3442,#3443);
#2837=AXIS2_PLACEMENT_3D('',#4289,#3445,#3446);
#2838=AXIS2_PLACEMENT_3D('',#4290,#3447,#3448);
#2839=AXIS2_PLACEMENT_3D('',#4293,#3451,#3452);
#2840=AXIS2_PLACEMENT_3D('',#4294,#3453,#3454);
#2841=AXIS2_PLACEMENT_3D('',#4295,#3455,#3456);
#2842=AXIS2_PLACEMENT_3D('',#4296,#3457,#3458);
#2843=AXIS2_PLACEMENT_3D('',#4298,#3459,#3460);
#2844=AXIS2_PLACEMENT_3D('',#4301,#3462,#3463);
#2845=AXIS2_PLACEMENT_3D('',#4302,#3464,#3465);
#2846=AXIS2_PLACEMENT_3D('',#4311,#3470,#3471);
#2847=AXIS2_PLACEMENT_3D('',#4313,#3472,#3473);
#2848=AXIS2_PLACEMENT_3D('',#4315,#3474,#3475);
#2849=AXIS2_PLACEMENT_3D('',#4317,#3477,#3478);
#2850=AXIS2_PLACEMENT_3D('',#4323,#3482,#3483);
#2851=AXIS2_PLACEMENT_3D('',#4324,#3484,#3485);
#2852=AXIS2_PLACEMENT_3D('',#4325,#3486,#3487);
#2853=AXIS2_PLACEMENT_3D('',#4326,#3488,#3489);
#2854=AXIS2_PLACEMENT_3D('',#4327,#3490,#3491);
#2855=AXIS2_PLACEMENT_3D('',#4331,#3493,#3494);
#2856=AXIS2_PLACEMENT_3D('',#4335,#3496,#3497);
#2857=AXIS2_PLACEMENT_3D('',#4343,#3501,#3502);
#2858=AXIS2_PLACEMENT_3D('',#4346,#3504,#3505);
#2859=AXIS2_PLACEMENT_3D('',#4358,#3511,#3512);
#2860=AXIS2_PLACEMENT_3D('',#4359,#3513,#3514);
#2861=AXIS2_PLACEMENT_3D('',#4361,#3515,#3516);
#2862=AXIS2_PLACEMENT_3D('',#4364,#3518,#3519);
#2863=AXIS2_PLACEMENT_3D('',#4365,#3520,#3521);
#2864=AXIS2_PLACEMENT_3D('',#4371,#3525,#3526);
#2865=AXIS2_PLACEMENT_3D('',#4373,#3527,#3528);
#2866=AXIS2_PLACEMENT_3D('',#4375,#3530,#3531);
#2867=AXIS2_PLACEMENT_3D('',#4379,#3534,#3535);
#2868=AXIS2_PLACEMENT_3D('',#4380,#3536,#3537);
#2869=AXIS2_PLACEMENT_3D('',#4381,#3538,#3539);
#2870=AXIS2_PLACEMENT_3D('',#4382,#3540,#3541);
#2871=AXIS2_PLACEMENT_3D('',#4383,#3542,#3543);
#2872=AXIS2_PLACEMENT_3D('',#4385,#3544,#3545);
#2873=AXIS2_PLACEMENT_3D('',#4388,#3547,#3548);
#2874=AXIS2_PLACEMENT_3D('',#4389,#3549,#3550);
#2875=AXIS2_PLACEMENT_3D('',#4395,#3554,#3555);
#2876=AXIS2_PLACEMENT_3D('',#4396,#3556,#3557);
#2877=AXIS2_PLACEMENT_3D('',#4397,#3558,#3559);
#2878=AXIS2_PLACEMENT_3D('',#4398,#3560,#3561);
#2879=AXIS2_PLACEMENT_3D('',#4399,#3562,#3563);
#2880=AXIS2_PLACEMENT_3D('',#4405,#3567,#3568);
#2881=AXIS2_PLACEMENT_3D('',#4409,#3571,#3572);
#2882=AXIS2_PLACEMENT_3D('',#4413,#3575,#3576);
#2883=AXIS2_PLACEMENT_3D('',#4415,#3578,#3579);
#2884=AXIS2_PLACEMENT_3D('',#4416,#3580,#3581);
#2885=AXIS2_PLACEMENT_3D('',#4417,#3582,#3583);
#2886=AXIS2_PLACEMENT_3D('',#4418,#3584,#3585);
#2887=AXIS2_PLACEMENT_3D('',#4420,#3586,#3587);
#2888=AXIS2_PLACEMENT_3D('',#4423,#3589,#3590);
#2889=AXIS2_PLACEMENT_3D('',#4424,#3591,#3592);
#2890=AXIS2_PLACEMENT_3D('',#4427,#3594,#3595);
#2891=AXIS2_PLACEMENT_3D('',#4428,#3596,#3597);
#2892=AXIS2_PLACEMENT_3D('',#4429,#3598,#3599);
#2893=AXIS2_PLACEMENT_3D('',#4430,#3600,#3601);
#2894=AXIS2_PLACEMENT_3D('',#4432,#3602,#3603);
#2895=AXIS2_PLACEMENT_3D('',#4433,#3604,#3605);
#2896=AXIS2_PLACEMENT_3D('',#4434,#3606,#3607);
#2897=AXIS2_PLACEMENT_3D('',#4437,#3608,#3609);
#2898=AXIS2_PLACEMENT_3D('',#4440,#3612,#3613);
#2899=AXIS2_PLACEMENT_3D('',#4441,#3614,#3615);
#2900=AXIS2_PLACEMENT_3D('',#4442,#3616,#3617);
#2901=AXIS2_PLACEMENT_3D('',#4443,#3618,#3619);
#2902=AXIS2_PLACEMENT_3D('',#4446,#3622,#3623);
#2903=AXIS2_PLACEMENT_3D('',#4448,#3624,#3625);
#2904=AXIS2_PLACEMENT_3D('',#4449,#3626,#3627);
#2905=AXIS2_PLACEMENT_3D('',#4450,#3628,#3629);
#2906=AXIS2_PLACEMENT_3D('',#4451,#3630,#3631);
#2907=AXIS2_PLACEMENT_3D('',#4453,#3633,#3634);
#2908=AXIS2_PLACEMENT_3D('',#4454,#3635,#3636);
#2909=AXIS2_PLACEMENT_3D('',#4455,#3637,#3638);
#2910=AXIS2_PLACEMENT_3D('',#4457,#3640,#3641);
#2911=AXIS2_PLACEMENT_3D('',#4460,#3643,#3644);
#2912=AXIS2_PLACEMENT_3D('',#4463,#3646,#3647);
#2913=AXIS2_PLACEMENT_3D('',#4464,#3648,#3649);
#2914=AXIS2_PLACEMENT_3D('',#4466,#3651,#3652);
#2915=AXIS2_PLACEMENT_3D('',#4468,#3653,#3654);
#2916=AXIS2_PLACEMENT_3D('',#4471,#3656,#3657);
#2917=AXIS2_PLACEMENT_3D('',#4472,#3658,#3659);
#2918=AXIS2_PLACEMENT_3D('',#4474,#3660,#3661);
#2919=AXIS2_PLACEMENT_3D('',#4476,#3662,#3663);
#2920=AXIS2_PLACEMENT_3D('',#4477,#3664,#3665);
#2921=AXIS2_PLACEMENT_3D('',#4478,#3666,#3667);
#2922=AXIS2_PLACEMENT_3D('',#4480,#3668,#3669);
#2923=AXIS2_PLACEMENT_3D('',#4482,#3671,#3672);
#2924=AXIS2_PLACEMENT_3D('',#4484,#3673,#3674);
#2925=AXIS2_PLACEMENT_3D('',#4485,#3675,#3676);
#2926=AXIS2_PLACEMENT_3D('',#4486,#3677,#3678);
#2927=AXIS2_PLACEMENT_3D('',#4492,#3682,#3683);
#2928=AXIS2_PLACEMENT_3D('',#4498,#3687,#3688);
#2929=AXIS2_PLACEMENT_3D('',#4500,#3689,#3690);
#2930=AXIS2_PLACEMENT_3D('',#4502,#3691,#3692);
#2931=AXIS2_PLACEMENT_3D('',#4503,#3693,#3694);
#2932=AXIS2_PLACEMENT_3D('',#4504,#3695,#3696);
#2933=AXIS2_PLACEMENT_3D('',#4506,#3697,#3698);
#2934=AXIS2_PLACEMENT_3D('',#4508,#3700,#3701);
#2935=AXIS2_PLACEMENT_3D('',#4510,#3702,#3703);
#2936=AXIS2_PLACEMENT_3D('',#4511,#3704,#3705);
#2937=AXIS2_PLACEMENT_3D('',#4512,#3706,#3707);
#2938=AXIS2_PLACEMENT_3D('',#4518,#3711,#3712);
#2939=AXIS2_PLACEMENT_3D('',#4524,#3716,#3717);
#2940=AXIS2_PLACEMENT_3D('',#4527,#3718,#3719);
#2941=AXIS2_PLACEMENT_3D('',#4531,#3721,#3722);
#2942=AXIS2_PLACEMENT_3D('',#4535,#3724,#3725);
#2943=AXIS2_PLACEMENT_3D('',#4539,#3727,#3728);
#2944=AXIS2_PLACEMENT_3D('',#4541,#3730,#3731);
#2945=AXIS2_PLACEMENT_3D('',#4544,#3732,#3733);
#2946=AXIS2_PLACEMENT_3D('',#4547,#3736,#3737);
#2947=AXIS2_PLACEMENT_3D('',#4551,#3740,#3741);
#2948=AXIS2_PLACEMENT_3D('',#4553,#3742,#3743);
#2949=AXIS2_PLACEMENT_3D('',#4555,#3745,#3746);
#2950=AXIS2_PLACEMENT_3D('',#4559,#3749,#3750);
#2951=AXIS2_PLACEMENT_3D('',#4561,#3751,#3752);
#2952=AXIS2_PLACEMENT_3D('',#4563,#3754,#3755);
#2953=AXIS2_PLACEMENT_3D('',#4567,#3758,#3759);
#2954=AXIS2_PLACEMENT_3D('',#4569,#3760,#3761);
#2955=AXIS2_PLACEMENT_3D('',#4571,#3763,#3764);
#2956=AXIS2_PLACEMENT_3D('',#4573,#3766,#3767);
#2957=AXIS2_PLACEMENT_3D('',#4574,#3768,#3769);
#2958=AXIS2_PLACEMENT_3D('',#4575,#3770,#3771);
#2959=AXIS2_PLACEMENT_3D('',#4576,#3772,#3773);
#2960=AXIS2_PLACEMENT_3D('',#4577,#3774,#3775);
#2961=AXIS2_PLACEMENT_3D('',#4578,#3776,#3777);
#2962=AXIS2_PLACEMENT_3D('',#4579,#3778,#3779);
#2963=AXIS2_PLACEMENT_3D('',#4580,#3780,#3781);
#2964=AXIS2_PLACEMENT_3D('',#4581,#3782,#3783);
#2965=DIRECTION('axis',(0.,0.,1.));
#2966=DIRECTION('refdir',(1.,0.,0.));
#2967=DIRECTION('center_axis',(1.,0.,0.));
#2968=DIRECTION('ref_axis',(0.,-1.,0.));
#2969=DIRECTION('center_axis',(1.,6.23283101543947E-17,0.));
#2970=DIRECTION('ref_axis',(0.,-1.,0.));
#2971=DIRECTION('',(1.,0.,0.));
#2972=DIRECTION('center_axis',(-1.,3.11641550771974E-17,0.));
#2973=DIRECTION('ref_axis',(0.,-1.,0.));
#2974=DIRECTION('center_axis',(1.,0.,0.));
#2975=DIRECTION('ref_axis',(0.,-1.,0.));
#2976=DIRECTION('center_axis',(1.,6.23283101543947E-17,0.));
#2977=DIRECTION('ref_axis',(0.,-1.,0.));
#2978=DIRECTION('',(1.,0.,0.));
#2979=DIRECTION('center_axis',(-1.,3.11641550771974E-17,0.));
#2980=DIRECTION('ref_axis',(0.,-1.,0.));
#2981=DIRECTION('center_axis',(0.,1.,0.));
#2982=DIRECTION('ref_axis',(1.,0.,0.));
#2983=DIRECTION('center_axis',(0.,1.,0.));
#2984=DIRECTION('ref_axis',(1.,0.,0.));
#2985=DIRECTION('',(0.,1.,0.));
#2986=DIRECTION('center_axis',(9.97953280561938E-17,-1.,0.));
#2987=DIRECTION('ref_axis',(1.,0.,0.));
#2988=DIRECTION('center_axis',(0.,1.,0.));
#2989=DIRECTION('ref_axis',(1.,0.,0.));
#2990=DIRECTION('center_axis',(0.,1.,0.));
#2991=DIRECTION('ref_axis',(1.,0.,0.));
#2992=DIRECTION('',(0.,1.,0.));
#2993=DIRECTION('center_axis',(9.97953280561938E-17,-1.,0.));
#2994=DIRECTION('ref_axis',(1.,0.,0.));
#2995=DIRECTION('center_axis',(-1.,0.,0.));
#2996=DIRECTION('ref_axis',(0.,1.,0.));
#2997=DIRECTION('center_axis',(-1.,0.,0.));
#2998=DIRECTION('ref_axis',(0.,1.,0.));
#2999=DIRECTION('',(-1.,0.,0.));
#3000=DIRECTION('center_axis',(1.,0.,0.));
#3001=DIRECTION('ref_axis',(0.,1.,0.));
#3002=DIRECTION('center_axis',(-1.,0.,0.));
#3003=DIRECTION('ref_axis',(0.,1.,0.));
#3004=DIRECTION('center_axis',(-1.,0.,0.));
#3005=DIRECTION('ref_axis',(0.,1.,0.));
#3006=DIRECTION('',(-1.,0.,0.));
#3007=DIRECTION('center_axis',(1.,0.,0.));
#3008=DIRECTION('ref_axis',(0.,1.,0.));
#3009=DIRECTION('center_axis',(-1.,0.,0.));
#3010=DIRECTION('ref_axis',(0.,1.,0.));
#3011=DIRECTION('center_axis',(-1.,0.,0.));
#3012=DIRECTION('ref_axis',(0.,1.,0.));
#3013=DIRECTION('',(-1.,0.,0.));
#3014=DIRECTION('center_axis',(1.,0.,0.));
#3015=DIRECTION('ref_axis',(0.,1.,0.));
#3016=DIRECTION('center_axis',(0.,-1.,0.));
#3017=DIRECTION('ref_axis',(-1.,0.,0.));
#3018=DIRECTION('center_axis',(-1.99590656112388E-16,-1.,0.));
#3019=DIRECTION('ref_axis',(-1.,0.,0.));
#3020=DIRECTION('',(0.,-1.,0.));
#3021=DIRECTION('center_axis',(0.,1.,0.));
#3022=DIRECTION('ref_axis',(-1.,0.,0.));
#3023=DIRECTION('center_axis',(0.,-1.,0.));
#3024=DIRECTION('ref_axis',(-1.,0.,0.));
#3025=DIRECTION('center_axis',(-1.99590656112388E-16,-1.,0.));
#3026=DIRECTION('ref_axis',(-1.,0.,0.));
#3027=DIRECTION('',(0.,-1.,0.));
#3028=DIRECTION('center_axis',(0.,1.,0.));
#3029=DIRECTION('ref_axis',(-1.,0.,0.));
#3030=DIRECTION('center_axis',(0.,1.,0.));
#3031=DIRECTION('ref_axis',(1.,0.,0.));
#3032=DIRECTION('',(1.,-1.99590656112388E-16,0.));
#3033=DIRECTION('',(0.,0.,-1.));
#3034=DIRECTION('',(1.,0.,0.));
#3035=DIRECTION('',(0.,0.,-1.));
#3036=DIRECTION('center_axis',(0.,0.,-1.));
#3037=DIRECTION('ref_axis',(-1.,0.,0.));
#3038=DIRECTION('',(-4.44089209850063E-16,1.,0.));
#3039=DIRECTION('',(-1.,1.99590656112388E-16,0.));
#3040=DIRECTION('',(8.88178419700125E-16,-1.,0.));
#3041=DIRECTION('center_axis',(0.,-1.,0.));
#3042=DIRECTION('ref_axis',(-1.,0.,0.));
#3043=DIRECTION('',(-1.,0.,0.));
#3044=DIRECTION('',(0.,0.,-1.));
#3045=DIRECTION('',(-1.,0.,0.));
#3046=DIRECTION('',(0.,0.,-1.));
#3047=DIRECTION('center_axis',(0.,0.,-1.));
#3048=DIRECTION('ref_axis',(-1.,0.,0.));
#3049=DIRECTION('',(0.,-1.,0.));
#3050=DIRECTION('',(1.,0.,0.));
#3051=DIRECTION('',(4.44089209850063E-16,1.,0.));
#3052=DIRECTION('center_axis',(-1.,1.99590656112388E-16,0.));
#3053=DIRECTION('ref_axis',(2.09345661157837E-16,0.707106781186547,0.707106781186547));
#3054=DIRECTION('center_axis',(1.,0.,0.));
#3055=DIRECTION('ref_axis',(0.,0.707106781186548,0.707106781186547));
#3056=DIRECTION('',(-1.,1.99590656112388E-16,0.));
#3057=DIRECTION('center_axis',(-1.,-6.23283101543947E-17,0.));
#3058=DIRECTION('ref_axis',(-3.70074341541719E-17,0.707106781186547,0.707106781186547));
#3059=DIRECTION('center_axis',(1.,0.,0.));
#3060=DIRECTION('ref_axis',(0.,-0.707106781186547,0.707106781186547));
#3061=DIRECTION('center_axis',(-1.,-6.23283101543947E-17,0.));
#3062=DIRECTION('ref_axis',(7.40148683083438E-17,-0.707106781186548,0.707106781186547));
#3063=DIRECTION('',(1.,0.,0.));
#3064=DIRECTION('',(1.,0.,0.));
#3065=DIRECTION('center_axis',(1.,0.,0.));
#3066=DIRECTION('ref_axis',(0.,-0.707106781186548,0.707106781186547));
#3067=DIRECTION('center_axis',(0.,-1.,0.));
#3068=DIRECTION('ref_axis',(-1.,0.,0.));
#3069=DIRECTION('',(0.,0.,-1.));
#3070=DIRECTION('',(-1.,0.,0.));
#3071=DIRECTION('',(0.,0.,-1.));
#3072=DIRECTION('center_axis',(0.,-1.,0.));
#3073=DIRECTION('ref_axis',(-1.,0.,0.));
#3074=DIRECTION('center_axis',(0.,-1.,0.));
#3075=DIRECTION('ref_axis',(-1.,0.,0.));
#3076=DIRECTION('',(0.,-1.,0.));
#3077=DIRECTION('center_axis',(0.,-1.,0.));
#3078=DIRECTION('ref_axis',(-1.,0.,0.));
#3079=DIRECTION('center_axis',(0.,-1.,0.));
#3080=DIRECTION('ref_axis',(-1.,0.,0.));
#3081=DIRECTION('center_axis',(0.,1.,0.));
#3082=DIRECTION('ref_axis',(-1.,0.,0.));
#3083=DIRECTION('center_axis',(0.,1.,0.));
#3084=DIRECTION('ref_axis',(1.,0.,0.));
#3085=DIRECTION('center_axis',(0.,-1.,0.));
#3086=DIRECTION('ref_axis',(1.,0.,0.));
#3087=DIRECTION('',(1.,0.,0.));
#3088=DIRECTION('',(0.,0.,-1.));
#3089=DIRECTION('',(1.,4.98976640280969E-17,0.));
#3090=DIRECTION('',(0.,0.,1.));
#3091=DIRECTION('',(1.,0.,0.));
#3092=DIRECTION('center_axis',(0.,1.,0.));
#3093=DIRECTION('ref_axis',(1.,0.,0.));
#3094=DIRECTION('center_axis',(0.,-1.,0.));
#3095=DIRECTION('ref_axis',(1.,0.,0.));
#3096=DIRECTION('center_axis',(0.,1.,0.));
#3097=DIRECTION('ref_axis',(1.,0.,0.));
#3098=DIRECTION('center_axis',(0.,1.,0.));
#3099=DIRECTION('ref_axis',(1.,0.,0.));
#3100=DIRECTION('',(0.,1.,0.));
#3101=DIRECTION('center_axis',(1.,0.,0.));
#3102=DIRECTION('ref_axis',(0.,-0.707106781186547,0.707106781186547));
#3103=DIRECTION('center_axis',(-1.,-6.23283101543947E-17,0.));
#3104=DIRECTION('ref_axis',(7.40148683083438E-17,-0.707106781186547,0.707106781186547));
#3105=DIRECTION('center_axis',(1.,0.,0.));
#3106=DIRECTION('ref_axis',(0.,-0.707106781186547,0.707106781186547));
#3107=DIRECTION('center_axis',(0.,0.,1.));
#3108=DIRECTION('ref_axis',(-0.707106781186548,-0.707106781186548,0.));
#3109=DIRECTION('center_axis',(0.,0.,-1.));
#3110=DIRECTION('ref_axis',(-0.707106781186548,-0.707106781186548,0.));
#3111=DIRECTION('',(0.,0.,-1.));
#3112=DIRECTION('center_axis',(0.,0.,-1.));
#3113=DIRECTION('ref_axis',(-0.707106781186548,-0.707106781186548,0.));
#3114=DIRECTION('',(0.,0.,1.));
#3115=DIRECTION('center_axis',(-1.,1.2335811384724E-16,0.));
#3116=DIRECTION('ref_axis',(-1.2335811384724E-16,-1.,4.19736736116903E-14));
#3117=DIRECTION('',(-1.2335811384724E-16,-1.,4.19736736116903E-14));
#3118=DIRECTION('',(0.,0.,1.));
#3119=DIRECTION('',(1.2335811384724E-16,1.,0.));
#3120=DIRECTION('center_axis',(0.,0.,1.));
#3121=DIRECTION('ref_axis',(-1.,0.,0.));
#3122=DIRECTION('',(1.,-1.50538715203411E-16,0.));
#3123=DIRECTION('',(0.,1.,0.));
#3124=DIRECTION('',(1.,-1.99590656112388E-16,0.));
#3125=DIRECTION('center_axis',(0.,0.,1.));
#3126=DIRECTION('ref_axis',(0.707106781186549,0.707106781186546,0.));
#3127=DIRECTION('',(3.96508223080413E-16,-1.,0.));
#3128=DIRECTION('center_axis',(0.,0.,1.));
#3129=DIRECTION('ref_axis',(0.707106781186548,-0.707106781186547,0.));
#3130=DIRECTION('center_axis',(0.,0.,-1.));
#3131=DIRECTION('ref_axis',(-0.707106781186548,0.707106781186547,0.));
#3132=DIRECTION('',(0.,-1.,0.));
#3133=DIRECTION('center_axis',(0.,0.,-1.));
#3134=DIRECTION('ref_axis',(-0.707106781186549,-0.707106781186546,0.));
#3135=DIRECTION('center_axis',(0.,0.,1.));
#3136=DIRECTION('ref_axis',(0.707106781186548,0.707106781186547,0.));
#3137=DIRECTION('',(0.,-1.,0.));
#3138=DIRECTION('center_axis',(0.,0.,1.));
#3139=DIRECTION('ref_axis',(0.707106781186546,-0.707106781186549,0.));
#3140=DIRECTION('center_axis',(0.,0.,-1.));
#3141=DIRECTION('ref_axis',(-0.707106781186549,0.707106781186546,0.));
#3142=DIRECTION('',(-1.26882631385732E-15,-1.,0.));
#3143=DIRECTION('center_axis',(0.,0.,-1.));
#3144=DIRECTION('ref_axis',(-0.707106781186549,-0.707106781186546,0.));
#3145=DIRECTION('center_axis',(0.,0.,1.));
#3146=DIRECTION('ref_axis',(0.707106781186548,0.707106781186547,0.));
#3147=DIRECTION('center_axis',(0.,0.,-1.));
#3148=DIRECTION('ref_axis',(-1.,0.,0.));
#3149=DIRECTION('center_axis',(0.,0.,-1.));
#3150=DIRECTION('ref_axis',(-1.,0.,0.));
#3151=DIRECTION('center_axis',(0.,0.,1.));
#3152=DIRECTION('ref_axis',(0.707106781186549,-0.707106781186546,0.));
#3153=DIRECTION('center_axis',(0.,0.,-1.));
#3154=DIRECTION('ref_axis',(0.707106781186549,-0.707106781186546,0.));
#3155=DIRECTION('',(0.,0.,-1.));
#3156=DIRECTION('center_axis',(0.,0.,-1.));
#3157=DIRECTION('ref_axis',(0.707106781186549,-0.707106781186546,0.));
#3158=DIRECTION('',(0.,0.,1.));
#3159=DIRECTION('center_axis',(-1.50538715203411E-16,-1.,0.));
#3160=DIRECTION('ref_axis',(1.,-1.50538715203411E-16,0.));
#3161=DIRECTION('',(1.,-1.50538715203411E-16,0.));
#3162=DIRECTION('',(0.,0.,1.));
#3163=DIRECTION('',(-1.,1.50538715203411E-16,0.));
#3164=DIRECTION('center_axis',(0.,0.,1.));
#3165=DIRECTION('ref_axis',(-1.,0.,0.));
#3166=DIRECTION('',(0.,1.,-4.19736736116903E-14));
#3167=DIRECTION('center_axis',(0.,0.,1.));
#3168=DIRECTION('ref_axis',(-0.707106781186544,0.707106781186551,0.));
#3169=DIRECTION('center_axis',(0.,0.,-1.));
#3170=DIRECTION('ref_axis',(0.707106781186551,-0.707106781186544,0.));
#3171=DIRECTION('',(0.,1.,0.));
#3172=DIRECTION('center_axis',(0.,0.,-1.));
#3173=DIRECTION('ref_axis',(0.707106781186548,0.707106781186548,0.));
#3174=DIRECTION('center_axis',(0.,0.,1.));
#3175=DIRECTION('ref_axis',(-0.707106781186548,-0.707106781186548,0.));
#3176=DIRECTION('',(0.,1.,0.));
#3177=DIRECTION('center_axis',(0.,0.,1.));
#3178=DIRECTION('ref_axis',(-0.707106781186551,0.707106781186544,0.));
#3179=DIRECTION('center_axis',(0.,0.,-1.));
#3180=DIRECTION('ref_axis',(0.707106781186551,-0.707106781186544,0.));
#3181=DIRECTION('',(0.,1.,0.));
#3182=DIRECTION('center_axis',(0.,0.,-1.));
#3183=DIRECTION('ref_axis',(0.707106781186548,0.707106781186548,0.));
#3184=DIRECTION('center_axis',(0.,0.,1.));
#3185=DIRECTION('ref_axis',(-0.707106781186551,-0.707106781186544,0.));
#3186=DIRECTION('',(0.,1.,0.));
#3187=DIRECTION('center_axis',(0.,0.,1.));
#3188=DIRECTION('ref_axis',(-0.707106781186551,0.707106781186544,0.));
#3189=DIRECTION('',(1.,-1.99590656112388E-16,0.));
#3190=DIRECTION('',(0.,-1.,0.));
#3191=DIRECTION('',(-1.,0.,0.));
#3192=DIRECTION('',(0.,-1.,0.));
#3193=DIRECTION('center_axis',(0.,0.,-1.));
#3194=DIRECTION('ref_axis',(-1.,0.,0.));
#3195=DIRECTION('center_axis',(0.,0.,-1.));
#3196=DIRECTION('ref_axis',(-1.,0.,0.));
#3197=DIRECTION('center_axis',(0.,0.,1.));
#3198=DIRECTION('ref_axis',(0.707106781186548,0.707106781186547,0.));
#3199=DIRECTION('center_axis',(0.,0.,1.));
#3200=DIRECTION('ref_axis',(0.707106781186548,0.707106781186547,0.));
#3201=DIRECTION('',(0.,0.,1.));
#3202=DIRECTION('center_axis',(0.,0.,-1.));
#3203=DIRECTION('ref_axis',(-1.,0.,0.));
#3204=DIRECTION('center_axis',(0.,0.,-1.));
#3205=DIRECTION('ref_axis',(-0.707106781186549,-0.707106781186546,0.));
#3206=DIRECTION('',(1.26882631385732E-15,1.,0.));
#3207=DIRECTION('center_axis',(0.,0.,-1.));
#3208=DIRECTION('ref_axis',(-0.707106781186549,0.707106781186546,0.));
#3209=DIRECTION('center_axis',(0.,0.,1.));
#3210=DIRECTION('ref_axis',(0.707106781186546,-0.707106781186549,0.));
#3211=DIRECTION('',(0.,1.,0.));
#3212=DIRECTION('center_axis',(0.,0.,1.));
#3213=DIRECTION('ref_axis',(0.707106781186548,0.707106781186547,0.));
#3214=DIRECTION('center_axis',(0.,0.,-1.));
#3215=DIRECTION('ref_axis',(-0.707106781186549,-0.707106781186546,0.));
#3216=DIRECTION('',(0.,1.,0.));
#3217=DIRECTION('center_axis',(0.,0.,-1.));
#3218=DIRECTION('ref_axis',(-0.707106781186548,0.707106781186547,0.));
#3219=DIRECTION('center_axis',(0.,0.,1.));
#3220=DIRECTION('ref_axis',(0.707106781186548,-0.707106781186547,0.));
#3221=DIRECTION('',(-3.96508223080413E-16,1.,0.));
#3222=DIRECTION('center_axis',(0.,0.,1.));
#3223=DIRECTION('ref_axis',(0.707106781186549,0.707106781186546,0.));
#3224=DIRECTION('',(1.,-1.99590656112388E-16,0.));
#3225=DIRECTION('center_axis',(0.,0.,-1.));
#3226=DIRECTION('ref_axis',(3.55271367880051E-15,1.,0.));
#3227=DIRECTION('',(-6.23283101543947E-17,1.,0.));
#3228=DIRECTION('',(1.,-1.77635683940025E-15,7.105427357601E-15));
#3229=DIRECTION('',(0.,-1.,0.));
#3230=DIRECTION('',(-1.,1.77635683940025E-15,-7.105427357601E-15));
#3231=DIRECTION('',(-6.23283101543947E-17,1.,0.));
#3232=DIRECTION('',(1.,1.57001235805578E-16,0.));
#3233=DIRECTION('',(0.,-1.,0.));
#3234=DIRECTION('',(-1.,5.9211894646675E-16,0.));
#3235=DIRECTION('center_axis',(0.,0.,-1.));
#3236=DIRECTION('ref_axis',(-1.,0.,0.));
#3237=DIRECTION('',(0.,-1.,0.));
#3238=DIRECTION('center_axis',(0.,0.,1.));
#3239=DIRECTION('ref_axis',(-0.707106781186548,-0.707106781186548,0.));
#3240=DIRECTION('center_axis',(0.,0.,-1.));
#3241=DIRECTION('ref_axis',(0.707106781186548,0.707106781186548,0.));
#3242=DIRECTION('',(0.,-1.,0.));
#3243=DIRECTION('center_axis',(0.,0.,-1.));
#3244=DIRECTION('ref_axis',(0.707106781186551,-0.707106781186544,0.));
#3245=DIRECTION('center_axis',(0.,0.,1.));
#3246=DIRECTION('ref_axis',(-0.707106781186544,0.707106781186551,0.));
#3247=DIRECTION('',(0.,-1.,0.));
#3248=DIRECTION('',(0.,1.,0.));
#3249=DIRECTION('',(1.,0.,0.));
#3250=DIRECTION('',(0.,1.,0.));
#3251=DIRECTION('',(1.,-1.99590656112388E-16,0.));
#3252=DIRECTION('',(0.,-1.,0.));
#3253=DIRECTION('',(-1.,1.50538715203411E-16,0.));
#3254=DIRECTION('center_axis',(0.,0.,1.));
#3255=DIRECTION('ref_axis',(-0.707106781186549,-0.707106781186546,0.));
#3256=DIRECTION('',(0.,0.,-1.));
#3257=DIRECTION('center_axis',(0.,0.,1.));
#3258=DIRECTION('ref_axis',(-0.707106781186549,0.707106781186546,0.));
#3259=DIRECTION('',(0.,0.,1.));
#3260=DIRECTION('',(0.,0.,1.));
#3261=DIRECTION('center_axis',(-1.,1.26882631385732E-15,0.));
#3262=DIRECTION('ref_axis',(-1.26882631385732E-15,-1.,0.));
#3263=DIRECTION('center_axis',(0.,0.,1.));
#3264=DIRECTION('ref_axis',(0.707106781186546,-0.707106781186549,0.));
#3265=DIRECTION('',(0.,0.,-1.));
#3266=DIRECTION('center_axis',(0.,0.,1.));
#3267=DIRECTION('ref_axis',(0.707106781186548,0.707106781186547,0.));
#3268=DIRECTION('',(0.,0.,1.));
#3269=DIRECTION('',(0.,0.,1.));
#3270=DIRECTION('center_axis',(0.,0.,1.));
#3271=DIRECTION('ref_axis',(-0.707106781186549,-0.707106781186546,0.));
#3272=DIRECTION('',(0.,0.,-1.));
#3273=DIRECTION('center_axis',(-1.,0.,0.));
#3274=DIRECTION('ref_axis',(0.,-1.,0.));
#3275=DIRECTION('',(0.,0.,1.));
#3276=DIRECTION('center_axis',(0.,0.,1.));
#3277=DIRECTION('ref_axis',(-0.707106781186548,0.707106781186547,0.));
#3278=DIRECTION('',(0.,0.,1.));
#3279=DIRECTION('center_axis',(0.,0.,1.));
#3280=DIRECTION('ref_axis',(0.707106781186548,-0.707106781186547,0.));
#3281=DIRECTION('',(0.,0.,-1.));
#3282=DIRECTION('center_axis',(-1.,-3.96508223080413E-16,0.));
#3283=DIRECTION('ref_axis',(3.96508223080413E-16,-1.,0.));
#3284=DIRECTION('',(0.,0.,1.));
#3285=DIRECTION('center_axis',(0.,0.,1.));
#3286=DIRECTION('ref_axis',(0.707106781186549,0.707106781186546,0.));
#3287=DIRECTION('',(0.,0.,-1.));
#3288=DIRECTION('center_axis',(0.,0.,-1.));
#3289=DIRECTION('ref_axis',(-0.707106781186551,0.707106781186544,0.));
#3290=DIRECTION('center_axis',(0.,0.,1.));
#3291=DIRECTION('ref_axis',(-0.707106781186551,0.707106781186544,0.));
#3292=DIRECTION('',(0.,0.,1.));
#3293=DIRECTION('',(0.,0.,-1.));
#3294=DIRECTION('center_axis',(0.,0.,-1.));
#3295=DIRECTION('ref_axis',(-1.,0.,0.));
#3296=DIRECTION('',(0.,-1.,0.));
#3297=DIRECTION('center_axis',(0.,0.,1.));
#3298=DIRECTION('ref_axis',(-0.707106781186551,-0.707106781186544,0.));
#3299=DIRECTION('center_axis',(0.,0.,-1.));
#3300=DIRECTION('ref_axis',(0.707106781186548,0.707106781186548,0.));
#3301=DIRECTION('',(0.,-1.,0.));
#3302=DIRECTION('center_axis',(0.,0.,-1.));
#3303=DIRECTION('ref_axis',(0.707106781186551,-0.707106781186544,0.));
#3304=DIRECTION('center_axis',(0.,0.,1.));
#3305=DIRECTION('ref_axis',(-0.707106781186551,0.707106781186544,0.));
#3306=DIRECTION('',(0.,-1.,0.));
#3307=DIRECTION('center_axis',(0.,0.,-1.));
#3308=DIRECTION('ref_axis',(1.77635683940025E-15,1.,0.));
#3309=DIRECTION('',(1.,0.,0.));
#3310=DIRECTION('',(0.,-1.,0.));
#3311=DIRECTION('center_axis',(0.,0.,-1.));
#3312=DIRECTION('ref_axis',(1.,-3.55271367880051E-15,0.));
#3313=DIRECTION('',(1.,-1.99590656112388E-16,0.));
#3314=DIRECTION('center_axis',(1.,0.,0.));
#3315=DIRECTION('ref_axis',(0.,1.,0.));
#3316=DIRECTION('',(0.,0.,1.));
#3317=DIRECTION('center_axis',(0.,0.,1.));
#3318=DIRECTION('ref_axis',(-0.707106781186551,-0.707106781186544,0.));
#3319=DIRECTION('',(0.,0.,1.));
#3320=DIRECTION('center_axis',(0.,0.,1.));
#3321=DIRECTION('ref_axis',(0.707106781186548,0.707106781186548,0.));
#3322=DIRECTION('',(0.,0.,-1.));
#3323=DIRECTION('center_axis',(1.,0.,0.));
#3324=DIRECTION('ref_axis',(0.,1.,0.));
#3325=DIRECTION('',(0.,0.,1.));
#3326=DIRECTION('center_axis',(0.,0.,1.));
#3327=DIRECTION('ref_axis',(0.707106781186551,-0.707106781186544,0.));
#3328=DIRECTION('',(0.,0.,1.));
#3329=DIRECTION('center_axis',(0.,0.,1.));
#3330=DIRECTION('ref_axis',(-0.707106781186551,0.707106781186544,0.));
#3331=DIRECTION('',(0.,0.,-1.));
#3332=DIRECTION('center_axis',(-1.,-1.77635683940025E-15,0.));
#3333=DIRECTION('ref_axis',(-1.77635683940025E-15,1.,0.));
#3334=DIRECTION('',(0.,0.,1.));
#3335=DIRECTION('',(0.,0.,-1.));
#3336=DIRECTION('',(1.77635683940025E-15,-1.,0.));
#3337=DIRECTION('',(0.,0.,-1.));
#3338=DIRECTION('center_axis',(0.,0.,1.));
#3339=DIRECTION('ref_axis',(-0.707106781186544,0.707106781186551,0.));
#3340=DIRECTION('',(0.,0.,-1.));
#3341=DIRECTION('',(0.,0.,-1.));
#3342=DIRECTION('center_axis',(0.,0.,1.));
#3343=DIRECTION('ref_axis',(-0.707106781186548,-0.707106781186548,0.));
#3344=DIRECTION('',(0.,0.,1.));
#3345=DIRECTION('center_axis',(0.,0.,1.));
#3346=DIRECTION('ref_axis',(0.707106781186548,0.707106781186548,0.));
#3347=DIRECTION('',(0.,0.,-1.));
#3348=DIRECTION('center_axis',(1.,0.,0.));
#3349=DIRECTION('ref_axis',(0.,1.,0.));
#3350=DIRECTION('',(0.,0.,1.));
#3351=DIRECTION('center_axis',(0.,0.,1.));
#3352=DIRECTION('ref_axis',(0.707106781186551,-0.707106781186544,0.));
#3353=DIRECTION('center_axis',(0.,0.,1.));
#3354=DIRECTION('ref_axis',(-1.,0.,0.));
#3355=DIRECTION('',(0.,0.,-1.));
#3356=DIRECTION('center_axis',(0.,0.,1.));
#3357=DIRECTION('ref_axis',(-1.,0.,0.));
#3358=DIRECTION('center_axis',(0.,0.,1.));
#3359=DIRECTION('ref_axis',(-1.,0.,0.));
#3360=DIRECTION('',(0.,0.,-1.));
#3361=DIRECTION('center_axis',(0.,0.,1.));
#3362=DIRECTION('ref_axis',(-1.,0.,0.));
#3363=DIRECTION('center_axis',(-1.,0.,0.));
#3364=DIRECTION('ref_axis',(0.,-1.,0.));
#3365=DIRECTION('center_axis',(1.,0.,0.));
#3366=DIRECTION('ref_axis',(0.,1.,0.));
#3367=DIRECTION('',(0.,0.,-1.));
#3368=DIRECTION('',(0.,0.,1.));
#3369=DIRECTION('center_axis',(-1.50538715203411E-16,-1.,0.));
#3370=DIRECTION('ref_axis',(1.,-1.50538715203411E-16,0.));
#3371=DIRECTION('center_axis',(0.,0.,-1.));
#3372=DIRECTION('ref_axis',(-1.,0.,0.));
#3373=DIRECTION('center_axis',(0.,0.,1.));
#3374=DIRECTION('ref_axis',(-1.,0.,0.));
#3375=DIRECTION('',(0.,0.,-1.));
#3376=DIRECTION('center_axis',(0.,0.,1.));
#3377=DIRECTION('ref_axis',(-1.,0.,0.));
#3378=DIRECTION('center_axis',(0.,0.,1.));
#3379=DIRECTION('ref_axis',(-1.,0.,0.));
#3380=DIRECTION('',(0.,0.,-1.));
#3381=DIRECTION('center_axis',(0.,0.,1.));
#3382=DIRECTION('ref_axis',(-1.,0.,0.));
#3383=DIRECTION('center_axis',(1.,0.,0.));
#3384=DIRECTION('ref_axis',(0.,1.,-4.19736736116903E-14));
#3385=DIRECTION('center_axis',(-1.,0.,0.));
#3386=DIRECTION('ref_axis',(0.,-1.,0.));
#3387=DIRECTION('',(0.,0.,1.));
#3388=DIRECTION('center_axis',(0.,1.,0.));
#3389=DIRECTION('ref_axis',(-1.,0.,0.));
#3390=DIRECTION('',(0.,0.,1.));
#3391=DIRECTION('center_axis',(-1.,0.,0.));
#3392=DIRECTION('ref_axis',(0.,-1.,0.));
#3393=DIRECTION('',(0.,0.,1.));
#3394=DIRECTION('center_axis',(1.99590656112388E-16,1.,0.));
#3395=DIRECTION('ref_axis',(-1.,1.99590656112388E-16,0.));
#3396=DIRECTION('',(0.,0.,1.));
#3397=DIRECTION('',(-1.,1.99590656112388E-16,0.));
#3398=DIRECTION('',(0.,0.,-1.));
#3399=DIRECTION('center_axis',(0.,0.,-1.));
#3400=DIRECTION('ref_axis',(-1.,0.,0.));
#3401=DIRECTION('center_axis',(0.,0.,-1.));
#3402=DIRECTION('ref_axis',(-1.,0.,0.));
#3403=DIRECTION('center_axis',(0.,0.,-1.));
#3404=DIRECTION('ref_axis',(1.77635683940025E-15,1.,0.));
#3405=DIRECTION('center_axis',(0.,0.,1.));
#3406=DIRECTION('ref_axis',(1.77635683940025E-15,1.,0.));
#3407=DIRECTION('',(0.,0.,-1.));
#3408=DIRECTION('center_axis',(0.,0.,-1.));
#3409=DIRECTION('ref_axis',(-1.,0.,0.));
#3410=DIRECTION('center_axis',(0.,0.,1.));
#3411=DIRECTION('ref_axis',(-1.,0.,0.));
#3412=DIRECTION('',(0.,0.,-1.));
#3413=DIRECTION('center_axis',(-5.9211894646675E-16,-1.,0.));
#3414=DIRECTION('ref_axis',(-1.,5.9211894646675E-16,0.));
#3415=DIRECTION('',(1.,-5.9211894646675E-16,0.));
#3416=DIRECTION('',(0.,0.,-1.));
#3417=DIRECTION('center_axis',(0.,1.,0.));
#3418=DIRECTION('ref_axis',(1.,0.,0.));
#3419=DIRECTION('',(-1.,0.,0.));
#3420=DIRECTION('',(0.,0.,-1.));
#3421=DIRECTION('center_axis',(-1.57001235805578E-16,1.,0.));
#3422=DIRECTION('ref_axis',(1.,1.57001235805578E-16,0.));
#3423=DIRECTION('',(-1.,-1.57001235805578E-16,0.));
#3424=DIRECTION('',(0.,0.,-1.));
#3425=DIRECTION('',(0.,0.,-1.));
#3426=DIRECTION('center_axis',(1.,-1.77635683940025E-15,7.105427357601E-15));
#3427=DIRECTION('ref_axis',(1.77635683940025E-15,1.,1.26217744835362E-29));
#3428=DIRECTION('center_axis',(1.,0.,0.));
#3429=DIRECTION('ref_axis',(0.,1.,0.));
#3430=DIRECTION('',(1.,-1.77635683940025E-15,7.105427357601E-15));
#3431=DIRECTION('center_axis',(-1.,-6.23283101543947E-17,0.));
#3432=DIRECTION('ref_axis',(1.77635683940025E-15,1.,1.26217744835362E-29));
#3433=DIRECTION('center_axis',(1.,-1.77635683940025E-15,7.105427357601E-15));
#3434=DIRECTION('ref_axis',(1.77635683940025E-15,1.,1.26217744835362E-29));
#3435=DIRECTION('center_axis',(-1.,-6.23283101543947E-17,0.));
#3436=DIRECTION('ref_axis',(1.77635683940025E-15,1.,1.26217744835362E-29));
#3437=DIRECTION('',(1.,-1.77635683940025E-15,7.105427357601E-15));
#3438=DIRECTION('center_axis',(1.,0.,0.));
#3439=DIRECTION('ref_axis',(0.,1.,0.));
#3440=DIRECTION('center_axis',(1.,-1.77635683940025E-15,7.105427357601E-15));
#3441=DIRECTION('ref_axis',(1.77635683940025E-15,1.,1.26217744835362E-29));
#3442=DIRECTION('center_axis',(-1.,0.,0.));
#3443=DIRECTION('ref_axis',(0.,1.,0.));
#3444=DIRECTION('',(-1.,1.77635683940025E-15,-7.105427357601E-15));
#3445=DIRECTION('center_axis',(1.,6.23283101543947E-17,0.));
#3446=DIRECTION('ref_axis',(1.77635683940025E-15,1.,1.26217744835362E-29));
#3447=DIRECTION('center_axis',(-1.77635683940025E-15,-1.,-6.95414572095658E-30));
#3448=DIRECTION('ref_axis',(3.91483600969752E-15,0.,-1.));
#3449=DIRECTION('',(4.33440151354639E-46,-6.95414572095658E-30,1.));
#3450=DIRECTION('',(3.91483600969752E-15,0.,-1.));
#3451=DIRECTION('center_axis',(1.,0.,0.));
#3452=DIRECTION('ref_axis',(0.,1.,0.));
#3453=DIRECTION('center_axis',(0.,0.,-1.));
#3454=DIRECTION('ref_axis',(-1.,0.,0.));
#3455=DIRECTION('center_axis',(-1.,-6.23283101543947E-17,0.));
#3456=DIRECTION('ref_axis',(6.23283101543947E-17,-1.,0.));
#3457=DIRECTION('center_axis',(1.,-1.77635683940025E-15,7.105427357601E-15));
#3458=DIRECTION('ref_axis',(1.77635683940025E-15,1.,1.26217744835362E-29));
#3459=DIRECTION('center_axis',(-1.,0.,0.));
#3460=DIRECTION('ref_axis',(0.,1.,0.));
#3461=DIRECTION('',(-1.,1.77635683940025E-15,-7.105427357601E-15));
#3462=DIRECTION('center_axis',(1.,6.23283101543947E-17,0.));
#3463=DIRECTION('ref_axis',(1.77635683940025E-15,1.,1.26217744835362E-29));
#3464=DIRECTION('center_axis',(-7.105427357601E-15,1.25433783687316E-29,
1.));
#3465=DIRECTION('ref_axis',(-1.76532356710584E-15,-1.,0.));
#3466=DIRECTION('',(-6.23283101543947E-17,1.,-1.29862476488557E-29));
#3467=DIRECTION('',(1.,-1.77635683940025E-15,7.105427357601E-15));
#3468=DIRECTION('',(-1.76532356710584E-15,-1.,0.));
#3469=DIRECTION('',(1.,-1.77635683940025E-15,7.105427357601E-15));
#3470=DIRECTION('center_axis',(1.,-1.77635683940025E-15,7.105427357601E-15));
#3471=DIRECTION('ref_axis',(1.77635683940025E-15,1.,1.26217744835362E-29));
#3472=DIRECTION('center_axis',(-1.,-6.23283101543947E-17,0.));
#3473=DIRECTION('ref_axis',(1.77635683940025E-15,1.,1.26217744835362E-29));
#3474=DIRECTION('center_axis',(1.,0.,0.));
#3475=DIRECTION('ref_axis',(0.,1.,0.));
#3476=DIRECTION('',(1.,-1.77635683940025E-15,7.105427357601E-15));
#3477=DIRECTION('center_axis',(1.77635683940025E-15,1.,0.));
#3478=DIRECTION('ref_axis',(0.,0.,1.));
#3479=DIRECTION('',(0.,0.,-1.));
#3480=DIRECTION('',(0.,0.,1.));
#3481=DIRECTION('',(1.,-1.77635683940025E-15,7.105427357601E-15));
#3482=DIRECTION('center_axis',(1.,-1.77635683940025E-15,7.105427357601E-15));
#3483=DIRECTION('ref_axis',(4.00634262087062E-15,-0.679464212074792,-0.73370865097093));
#3484=DIRECTION('center_axis',(-1.,-6.23283101543947E-17,0.));
#3485=DIRECTION('ref_axis',(1.77635683940025E-15,1.,1.26217744835362E-29));
#3486=DIRECTION('center_axis',(1.,0.,0.));
#3487=DIRECTION('ref_axis',(0.,1.,0.));
#3488=DIRECTION('center_axis',(1.,-1.76532356710584E-15,0.));
#3489=DIRECTION('ref_axis',(1.76532356710584E-15,1.,0.));
#3490=DIRECTION('center_axis',(-1.,-6.23283101543947E-17,0.));
#3491=DIRECTION('ref_axis',(6.23283101543947E-17,-1.,0.));
#3492=DIRECTION('',(0.,0.,1.));
#3493=DIRECTION('center_axis',(1.,6.23283101543947E-17,0.));
#3494=DIRECTION('ref_axis',(-4.40727707700709E-17,0.707106781186548,0.707106781186548));
#3495=DIRECTION('',(6.23283101543947E-17,-1.,0.));
#3496=DIRECTION('center_axis',(1.,6.23283101543947E-17,0.));
#3497=DIRECTION('ref_axis',(4.40727707700709E-17,-0.707106781186548,0.707106781186547));
#3498=DIRECTION('',(0.,0.,-1.));
#3499=DIRECTION('',(1.36719037099167E-16,-1.,0.));
#3500=DIRECTION('',(-6.23283101543947E-17,1.,-1.29862476488557E-29));
#3501=DIRECTION('center_axis',(-1.,-6.23283101543947E-17,0.));
#3502=DIRECTION('ref_axis',(1.77635683940025E-15,1.,1.26217744835362E-29));
#3503=DIRECTION('',(4.33440151354639E-46,-6.95414572095658E-30,1.));
#3504=DIRECTION('center_axis',(-1.,-6.23283101543947E-17,0.));
#3505=DIRECTION('ref_axis',(1.77635683940025E-15,1.,1.26217744835362E-29));
#3506=DIRECTION('',(6.23283101543947E-17,-1.,0.));
#3507=DIRECTION('',(0.,0.,1.));
#3508=DIRECTION('',(-6.23283101543947E-17,1.,0.));
#3509=DIRECTION('',(0.,0.,-1.));
#3510=DIRECTION('',(0.,0.,-1.));
#3511=DIRECTION('center_axis',(-1.,-6.23283101543947E-17,0.));
#3512=DIRECTION('ref_axis',(1.77635683940025E-15,1.,1.26217744835362E-29));
#3513=DIRECTION('center_axis',(1.,-1.77635683940025E-15,7.105427357601E-15));
#3514=DIRECTION('ref_axis',(1.77635683940025E-15,1.,1.26217744835362E-29));
#3515=DIRECTION('center_axis',(-1.,0.,0.));
#3516=DIRECTION('ref_axis',(0.,1.,0.));
#3517=DIRECTION('',(-1.,1.77635683940025E-15,-7.105427357601E-15));
#3518=DIRECTION('center_axis',(1.,6.23283101543947E-17,0.));
#3519=DIRECTION('ref_axis',(1.77635683940025E-15,1.,1.26217744835362E-29));
#3520=DIRECTION('center_axis',(-7.105427357601E-15,1.25433783687316E-29,
1.));
#3521=DIRECTION('ref_axis',(-1.76532356710584E-15,-1.,0.));
#3522=DIRECTION('',(1.,-1.77635683940025E-15,7.105427357601E-15));
#3523=DIRECTION('',(-1.76532356710584E-15,-1.,0.));
#3524=DIRECTION('',(1.,-1.77635683940025E-15,7.105427357601E-15));
#3525=DIRECTION('center_axis',(1.,-1.77635683940025E-15,7.105427357601E-15));
#3526=DIRECTION('ref_axis',(1.77635683940025E-15,1.,1.26217744835362E-29));
#3527=DIRECTION('center_axis',(1.,0.,0.));
#3528=DIRECTION('ref_axis',(0.,1.,0.));
#3529=DIRECTION('',(1.,-1.77635683940025E-15,7.105427357601E-15));
#3530=DIRECTION('center_axis',(-1.77635683940025E-15,-1.,-6.95414572095658E-30));
#3531=DIRECTION('ref_axis',(3.91483600969752E-15,0.,-1.));
#3532=DIRECTION('',(3.91483600969752E-15,0.,-1.));
#3533=DIRECTION('',(1.,-1.77635683940025E-15,7.105427357601E-15));
#3534=DIRECTION('center_axis',(1.,-1.77635683940025E-15,7.105427357601E-15));
#3535=DIRECTION('ref_axis',(1.77635683940025E-15,1.,1.26217744835362E-29));
#3536=DIRECTION('center_axis',(1.,0.,0.));
#3537=DIRECTION('ref_axis',(0.,1.,0.));
#3538=DIRECTION('center_axis',(1.,-1.76532356710584E-15,3.91483600969752E-15));
#3539=DIRECTION('ref_axis',(1.76532356710584E-15,1.,0.));
#3540=DIRECTION('center_axis',(-1.,-6.23283101543947E-17,0.));
#3541=DIRECTION('ref_axis',(6.23283101543947E-17,-1.,0.));
#3542=DIRECTION('center_axis',(1.,-1.77635683940025E-15,7.105427357601E-15));
#3543=DIRECTION('ref_axis',(1.77635683940025E-15,1.,1.26217744835362E-29));
#3544=DIRECTION('center_axis',(-1.,0.,0.));
#3545=DIRECTION('ref_axis',(0.,1.,0.));
#3546=DIRECTION('',(-1.,1.77635683940025E-15,-7.105427357601E-15));
#3547=DIRECTION('center_axis',(1.,6.23283101543947E-17,0.));
#3548=DIRECTION('ref_axis',(1.77635683940025E-15,1.,1.26217744835362E-29));
#3549=DIRECTION('center_axis',(1.77635683940025E-15,1.,0.));
#3550=DIRECTION('ref_axis',(0.,0.,1.));
#3551=DIRECTION('',(1.,-1.77635683940025E-15,7.105427357601E-15));
#3552=DIRECTION('',(0.,0.,1.));
#3553=DIRECTION('',(1.,-1.77635683940025E-15,7.105427357601E-15));
#3554=DIRECTION('center_axis',(1.,-1.77635683940025E-15,7.105427357601E-15));
#3555=DIRECTION('ref_axis',(-1.77635683940024E-15,-1.,-1.65389215948553E-15));
#3556=DIRECTION('center_axis',(1.,0.,0.));
#3557=DIRECTION('ref_axis',(0.,1.,0.));
#3558=DIRECTION('center_axis',(1.,0.,0.));
#3559=DIRECTION('ref_axis',(0.,1.,0.));
#3560=DIRECTION('center_axis',(-1.,-6.23283101543947E-17,0.));
#3561=DIRECTION('ref_axis',(6.23283101543947E-17,-1.,0.));
#3562=DIRECTION('center_axis',(0.,0.,1.));
#3563=DIRECTION('ref_axis',(0.,-1.,0.));
#3564=DIRECTION('',(1.,0.,0.));
#3565=DIRECTION('',(6.23283101543947E-17,-1.,0.));
#3566=DIRECTION('',(1.,0.,0.));
#3567=DIRECTION('center_axis',(0.,1.,0.));
#3568=DIRECTION('ref_axis',(0.,0.,1.));
#3569=DIRECTION('',(0.,0.,1.));
#3570=DIRECTION('',(1.,0.,0.));
#3571=DIRECTION('center_axis',(0.,0.,-1.));
#3572=DIRECTION('ref_axis',(0.,1.,0.));
#3573=DIRECTION('',(-6.23283101543947E-17,1.,0.));
#3574=DIRECTION('',(1.,0.,0.));
#3575=DIRECTION('center_axis',(0.,-1.,0.));
#3576=DIRECTION('ref_axis',(0.,0.,-1.));
#3577=DIRECTION('',(0.,0.,-1.));
#3578=DIRECTION('center_axis',(0.,0.,1.));
#3579=DIRECTION('ref_axis',(-1.,0.,0.));
#3580=DIRECTION('center_axis',(0.,0.,1.));
#3581=DIRECTION('ref_axis',(-1.,0.,0.));
#3582=DIRECTION('center_axis',(0.,0.,1.));
#3583=DIRECTION('ref_axis',(-1.,8.88178419700125E-16,0.));
#3584=DIRECTION('center_axis',(0.,0.,1.));
#3585=DIRECTION('ref_axis',(0.,-1.,0.));
#3586=DIRECTION('center_axis',(0.,0.,-1.));
#3587=DIRECTION('ref_axis',(1.,0.,0.));
#3588=DIRECTION('',(0.,0.,1.));
#3589=DIRECTION('center_axis',(0.,0.,1.));
#3590=DIRECTION('ref_axis',(-5.32907051820075E-15,-1.,0.));
#3591=DIRECTION('center_axis',(0.,0.,1.));
#3592=DIRECTION('ref_axis',(1.,-3.55271367880051E-15,0.));
#3593=DIRECTION('',(0.,0.,-1.));
#3594=DIRECTION('center_axis',(0.,0.,1.));
#3595=DIRECTION('ref_axis',(1.,0.,0.));
#3596=DIRECTION('center_axis',(0.,0.,1.));
#3597=DIRECTION('ref_axis',(3.55271367880051E-15,1.,0.));
#3598=DIRECTION('center_axis',(0.,0.,-1.));
#3599=DIRECTION('ref_axis',(-1.,0.,0.));
#3600=DIRECTION('center_axis',(-1.,0.,0.));
#3601=DIRECTION('ref_axis',(0.,0.,1.));
#3602=DIRECTION('center_axis',(0.,-1.,0.));
#3603=DIRECTION('ref_axis',(1.,0.,0.));
#3604=DIRECTION('center_axis',(-1.,0.,0.));
#3605=DIRECTION('ref_axis',(0.,-0.707106781186548,0.707106781186547));
#3606=DIRECTION('center_axis',(0.,1.,0.));
#3607=DIRECTION('ref_axis',(0.707106781186547,0.,0.707106781186547));
#3608=DIRECTION('center_axis',(0.,-1.,-1.77635683940025E-15));
#3609=DIRECTION('ref_axis',(1.,0.,0.));
#3610=DIRECTION('',(0.,1.,0.));
#3611=DIRECTION('',(0.,-1.,0.));
#3612=DIRECTION('center_axis',(-1.,0.,0.));
#3613=DIRECTION('ref_axis',(0.,0.,1.));
#3614=DIRECTION('center_axis',(-1.,0.,0.));
#3615=DIRECTION('ref_axis',(0.,0.707106781186548,0.707106781186547));
#3616=DIRECTION('center_axis',(1.,0.,0.));
#3617=DIRECTION('ref_axis',(0.,0.707106781186548,0.707106781186547));
#3618=DIRECTION('center_axis',(1.,0.,0.));
#3619=DIRECTION('ref_axis',(0.,1.,0.));
#3620=DIRECTION('',(0.,1.,0.));
#3621=DIRECTION('',(-1.24656620308789E-16,1.,0.));
#3622=DIRECTION('center_axis',(1.,6.23283101543947E-17,0.));
#3623=DIRECTION('ref_axis',(0.,0.,-1.));
#3624=DIRECTION('center_axis',(0.,1.,0.));
#3625=DIRECTION('ref_axis',(-1.,0.,0.));
#3626=DIRECTION('center_axis',(-1.,-6.23283101543947E-17,0.));
#3627=DIRECTION('ref_axis',(-3.70074341541719E-17,0.707106781186547,0.707106781186547));
#3628=DIRECTION('center_axis',(6.23283101543947E-17,-1.,0.));
#3629=DIRECTION('ref_axis',(-0.707106781186547,0.,0.707106781186547));
#3630=DIRECTION('center_axis',(0.,1.,0.));
#3631=DIRECTION('ref_axis',(-1.,0.,0.));
#3632=DIRECTION('',(-6.23283101543947E-17,1.,0.));
#3633=DIRECTION('center_axis',(1.,6.23283101543947E-17,0.));
#3634=DIRECTION('ref_axis',(0.,0.,-1.));
#3635=DIRECTION('center_axis',(-1.,-6.23283101543947E-17,0.));
#3636=DIRECTION('ref_axis',(6.23283101543947E-17,-1.,0.));
#3637=DIRECTION('center_axis',(-1.,1.99590656112388E-16,0.));
#3638=DIRECTION('ref_axis',(2.09345661157837E-16,0.707106781186547,0.707106781186547));
#3639=DIRECTION('',(1.,-1.99590656112388E-16,0.));
#3640=DIRECTION('center_axis',(-1.,-6.23283101543947E-17,0.));
#3641=DIRECTION('ref_axis',(-6.23283101543947E-17,1.,0.));
#3642=DIRECTION('',(0.,0.,-1.));
#3643=DIRECTION('center_axis',(-1.,-6.23283101543947E-17,0.));
#3644=DIRECTION('ref_axis',(-3.70074341541719E-17,0.707106781186547,0.707106781186547));
#3645=DIRECTION('',(-6.23283101543947E-17,1.,0.));
#3646=DIRECTION('center_axis',(-1.,-6.23283101543947E-17,0.));
#3647=DIRECTION('ref_axis',(7.40148683083438E-17,-0.707106781186548,0.707106781186547));
#3648=DIRECTION('center_axis',(1.99590656112388E-16,1.,0.));
#3649=DIRECTION('ref_axis',(1.,-1.99590656112388E-16,0.));
#3650=DIRECTION('',(0.,0.,-1.));
#3651=DIRECTION('center_axis',(1.,0.,0.));
#3652=DIRECTION('ref_axis',(0.,-1.,0.));
#3653=DIRECTION('center_axis',(1.,0.,0.));
#3654=DIRECTION('ref_axis',(0.,-0.707106781186548,0.707106781186547));
#3655=DIRECTION('',(0.,-1.,0.));
#3656=DIRECTION('center_axis',(1.,0.,0.));
#3657=DIRECTION('ref_axis',(0.,0.707106781186548,0.707106781186547));
#3658=DIRECTION('center_axis',(-1.,0.,0.));
#3659=DIRECTION('ref_axis',(0.,0.,1.));
#3660=DIRECTION('center_axis',(0.,-1.,0.));
#3661=DIRECTION('ref_axis',(1.,0.,0.));
#3662=DIRECTION('center_axis',(0.,0.,-1.));
#3663=DIRECTION('ref_axis',(1.,0.,0.));
#3664=DIRECTION('center_axis',(-1.,0.,0.));
#3665=DIRECTION('ref_axis',(0.,-0.707106781186548,0.707106781186547));
#3666=DIRECTION('center_axis',(0.,1.,0.));
#3667=DIRECTION('ref_axis',(0.707106781186547,0.,0.707106781186547));
#3668=DIRECTION('center_axis',(0.,-1.,-1.77635683940025E-15));
#3669=DIRECTION('ref_axis',(1.,0.,0.));
#3670=DIRECTION('',(0.,1.,0.));
#3671=DIRECTION('center_axis',(-1.,0.,0.));
#3672=DIRECTION('ref_axis',(0.,0.,1.));
#3673=DIRECTION('center_axis',(0.,0.,1.));
#3674=DIRECTION('ref_axis',(1.,0.,0.));
#3675=DIRECTION('center_axis',(-1.,0.,0.));
#3676=DIRECTION('ref_axis',(0.,0.707106781186548,0.707106781186547));
#3677=DIRECTION('center_axis',(1.,0.,0.));
#3678=DIRECTION('ref_axis',(0.,1.,0.));
#3679=DIRECTION('',(0.,0.,1.));
#3680=DIRECTION('',(0.,0.,1.));
#3681=DIRECTION('',(0.,1.,0.));
#3682=DIRECTION('center_axis',(0.,-1.,0.));
#3683=DIRECTION('ref_axis',(1.,0.,0.));
#3684=DIRECTION('',(0.,0.,1.));
#3685=DIRECTION('',(1.,0.,0.));
#3686=DIRECTION('',(0.,0.,1.));
#3687=DIRECTION('center_axis',(1.,6.23283101543947E-17,0.));
#3688=DIRECTION('ref_axis',(0.,0.,-1.));
#3689=DIRECTION('center_axis',(0.,1.,0.));
#3690=DIRECTION('ref_axis',(-1.,0.,0.));
#3691=DIRECTION('center_axis',(0.,0.,-1.));
#3692=DIRECTION('ref_axis',(-1.,0.,0.));
#3693=DIRECTION('center_axis',(1.,6.23283101543947E-17,0.));
#3694=DIRECTION('ref_axis',(-4.40727707700709E-17,0.707106781186548,0.707106781186548));
#3695=DIRECTION('center_axis',(6.23283101543947E-17,-1.,0.));
#3696=DIRECTION('ref_axis',(-0.707106781186547,0.,0.707106781186547));
#3697=DIRECTION('center_axis',(0.,1.,0.));
#3698=DIRECTION('ref_axis',(-1.,0.,0.));
#3699=DIRECTION('',(6.23283101543947E-17,-1.,0.));
#3700=DIRECTION('center_axis',(1.,6.23283101543947E-17,0.));
#3701=DIRECTION('ref_axis',(0.,0.,-1.));
#3702=DIRECTION('center_axis',(0.,0.,1.));
#3703=DIRECTION('ref_axis',(-1.,0.,0.));
#3704=DIRECTION('center_axis',(1.,6.23283101543947E-17,0.));
#3705=DIRECTION('ref_axis',(4.40727707700709E-17,-0.707106781186548,0.707106781186547));
#3706=DIRECTION('center_axis',(-1.,-6.23283101543947E-17,0.));
#3707=DIRECTION('ref_axis',(6.23283101543947E-17,-1.,0.));
#3708=DIRECTION('',(0.,0.,1.));
#3709=DIRECTION('',(0.,0.,1.));
#3710=DIRECTION('',(6.23283101543947E-17,-1.,0.));
#3711=DIRECTION('center_axis',(1.99590656112388E-16,1.,0.));
#3712=DIRECTION('ref_axis',(-1.,1.99590656112388E-16,0.));
#3713=DIRECTION('',(0.,0.,1.));
#3714=DIRECTION('',(-1.,1.99590656112388E-16,0.));
#3715=DIRECTION('',(0.,0.,1.));
#3716=DIRECTION('center_axis',(0.,0.,1.));
#3717=DIRECTION('ref_axis',(-1.,0.,0.));
#3718=DIRECTION('center_axis',(0.,0.,-1.));
#3719=DIRECTION('ref_axis',(-1.,-6.3441315692866E-16,0.));
#3720=DIRECTION('',(3.11641550771974E-17,1.,0.));
#3721=DIRECTION('center_axis',(0.,0.,-1.));
#3722=DIRECTION('ref_axis',(5.709718412358E-15,1.,0.));
#3723=DIRECTION('',(1.,0.,0.));
#3724=DIRECTION('center_axis',(0.,0.,-1.));
#3725=DIRECTION('ref_axis',(1.,-5.07530525542932E-15,0.));
#3726=DIRECTION('',(0.,-1.,0.));
#3727=DIRECTION('center_axis',(0.,0.,-1.));
#3728=DIRECTION('ref_axis',(2.53765262771464E-15,-1.,0.));
#3729=DIRECTION('',(-1.,-9.97953280561938E-17,0.));
#3730=DIRECTION('center_axis',(0.,0.,1.));
#3731=DIRECTION('ref_axis',(-1.,-6.3441315692866E-16,0.));
#3732=DIRECTION('center_axis',(0.,0.,-1.));
#3733=DIRECTION('ref_axis',(-1.,-6.3441315692866E-16,0.));
#3734=DIRECTION('',(0.,0.,1.));
#3735=DIRECTION('',(0.,0.,1.));
#3736=DIRECTION('center_axis',(-9.97953280561938E-17,1.,0.));
#3737=DIRECTION('ref_axis',(-1.,-9.97953280561938E-17,0.));
#3738=DIRECTION('',(-1.,-9.97953280561938E-17,0.));
#3739=DIRECTION('',(0.,0.,1.));
#3740=DIRECTION('center_axis',(0.,0.,1.));
#3741=DIRECTION('ref_axis',(2.53765262771464E-15,-1.,0.));
#3742=DIRECTION('center_axis',(0.,0.,-1.));
#3743=DIRECTION('ref_axis',(2.53765262771464E-15,-1.,0.));
#3744=DIRECTION('',(0.,0.,1.));
#3745=DIRECTION('center_axis',(-1.,0.,0.));
#3746=DIRECTION('ref_axis',(0.,-1.,0.));
#3747=DIRECTION('',(0.,-1.,0.));
#3748=DIRECTION('',(0.,0.,1.));
#3749=DIRECTION('center_axis',(0.,0.,1.));
#3750=DIRECTION('ref_axis',(1.,-5.07530525542932E-15,0.));
#3751=DIRECTION('center_axis',(0.,0.,-1.));
#3752=DIRECTION('ref_axis',(1.,-5.07530525542932E-15,0.));
#3753=DIRECTION('',(0.,0.,1.));
#3754=DIRECTION('center_axis',(0.,-1.,0.));
#3755=DIRECTION('ref_axis',(1.,0.,0.));
#3756=DIRECTION('',(1.,0.,0.));
#3757=DIRECTION('',(0.,0.,1.));
#3758=DIRECTION('center_axis',(0.,0.,1.));
#3759=DIRECTION('ref_axis',(5.709718412358E-15,1.,0.));
#3760=DIRECTION('center_axis',(0.,0.,-1.));
#3761=DIRECTION('ref_axis',(5.709718412358E-15,1.,0.));
#3762=DIRECTION('',(0.,0.,1.));
#3763=DIRECTION('center_axis',(1.,-3.11641550771974E-17,0.));
#3764=DIRECTION('ref_axis',(3.11641550771974E-17,1.,0.));
#3765=DIRECTION('',(3.11641550771974E-17,1.,0.));
#3766=DIRECTION('center_axis',(0.,0.,1.));
#3767=DIRECTION('ref_axis',(3.55271367880051E-15,1.,0.));
#3768=DIRECTION('center_axis',(0.,0.,1.));
#3769=DIRECTION('ref_axis',(3.55271367880051E-15,1.,0.));
#3770=DIRECTION('center_axis',(0.,0.,1.));
#3771=DIRECTION('ref_axis',(1.,-3.55271367880051E-15,0.));
#3772=DIRECTION('center_axis',(0.,0.,1.));
#3773=DIRECTION('ref_axis',(1.,-3.55271367880051E-15,0.));
#3774=DIRECTION('center_axis',(0.,0.,1.));
#3775=DIRECTION('ref_axis',(0.,-1.,0.));
#3776=DIRECTION('center_axis',(0.,0.,1.));
#3777=DIRECTION('ref_axis',(0.,-1.,0.));
#3778=DIRECTION('center_axis',(0.,0.,1.));
#3779=DIRECTION('ref_axis',(-1.,0.,0.));
#3780=DIRECTION('center_axis',(0.,0.,1.));
#3781=DIRECTION('ref_axis',(-1.,0.,0.));
#3782=DIRECTION('center_axis',(0.,0.,1.));
#3783=DIRECTION('ref_axis',(1.,0.,0.));
#3784=CARTESIAN_POINT('',(0.,0.,0.));
#3785=CARTESIAN_POINT('Origin',(-38.25,94.75,231.2));
#3786=CARTESIAN_POINT('',(-38.25,96.25,231.2));
#3787=CARTESIAN_POINT('Origin',(-38.25,94.75,231.2));
#3788=CARTESIAN_POINT('',(-35.25,96.25,231.2));
#3789=CARTESIAN_POINT('',(-38.25,96.25,231.2));
#3790=CARTESIAN_POINT('Origin',(-35.25,94.75,231.2));
#3791=CARTESIAN_POINT('Origin',(-38.25,-18.75,231.2));
#3792=CARTESIAN_POINT('',(-38.25,-17.25,231.2));
#3793=CARTESIAN_POINT('Origin',(-38.25,-18.75,231.2));
#3794=CARTESIAN_POINT('',(-35.25,-17.25,231.2));
#3795=CARTESIAN_POINT('',(-38.25,-17.25,231.2));
#3796=CARTESIAN_POINT('Origin',(-35.25,-18.75,231.2));
#3797=CARTESIAN_POINT('Origin',(46.25,-43.25,231.2));
#3798=CARTESIAN_POINT('',(44.75,-43.25,231.2));
#3799=CARTESIAN_POINT('Origin',(46.25,-43.25,231.2));
#3800=CARTESIAN_POINT('',(44.75,-40.25,231.2));
#3801=CARTESIAN_POINT('',(44.75,-43.25,231.2));
#3802=CARTESIAN_POINT('Origin',(46.25,-40.25,231.2));
#3803=CARTESIAN_POINT('Origin',(-13.75,-43.25,231.2));
#3804=CARTESIAN_POINT('',(-15.25,-43.25,231.2));
#3805=CARTESIAN_POINT('Origin',(-13.75,-43.25,231.2));
#3806=CARTESIAN_POINT('',(-15.25,-40.25,231.2));
#3807=CARTESIAN_POINT('',(-15.25,-43.25,231.2));
#3808=CARTESIAN_POINT('Origin',(-13.75,-40.25,231.2));
#3809=CARTESIAN_POINT('Origin',(70.75,94.75,231.2));
#3810=CARTESIAN_POINT('',(70.75,93.25,231.2));
#3811=CARTESIAN_POINT('Origin',(70.75,94.75,231.2));
#3812=CARTESIAN_POINT('',(67.75,93.25,231.2));
#3813=CARTESIAN_POINT('',(70.75,93.25,231.2));
#3814=CARTESIAN_POINT('Origin',(67.75,94.75,231.2));
#3815=CARTESIAN_POINT('Origin',(70.75,38.,231.2));
#3816=CARTESIAN_POINT('',(70.75,36.5,231.2));
#3817=CARTESIAN_POINT('Origin',(70.75,38.,231.2));
#3818=CARTESIAN_POINT('',(67.75,36.5,231.2));
#3819=CARTESIAN_POINT('',(70.75,36.5,231.2));
#3820=CARTESIAN_POINT('Origin',(67.75,38.,231.2));
#3821=CARTESIAN_POINT('Origin',(70.75,-18.75,231.2));
#3822=CARTESIAN_POINT('',(70.75,-20.25,231.2));
#3823=CARTESIAN_POINT('Origin',(70.75,-18.75,231.2));
#3824=CARTESIAN_POINT('',(67.75,-20.25,231.2));
#3825=CARTESIAN_POINT('',(70.75,-20.25,231.2));
#3826=CARTESIAN_POINT('Origin',(67.75,-18.75,231.2));
#3827=CARTESIAN_POINT('Origin',(46.25,119.25,231.2));
#3828=CARTESIAN_POINT('',(47.75,119.25,231.2));
#3829=CARTESIAN_POINT('Origin',(46.25,119.25,231.2));
#3830=CARTESIAN_POINT('',(47.75,116.25,231.2));
#3831=CARTESIAN_POINT('',(47.75,119.25,231.2));
#3832=CARTESIAN_POINT('Origin',(46.25,116.25,231.2));
#3833=CARTESIAN_POINT('Origin',(-13.75,119.25,231.2));
#3834=CARTESIAN_POINT('',(-12.25,119.25,231.2));
#3835=CARTESIAN_POINT('Origin',(-13.75,119.25,231.2));
#3836=CARTESIAN_POINT('',(-12.25,116.25,231.2));
#3837=CARTESIAN_POINT('',(-12.25,119.25,231.2));
#3838=CARTESIAN_POINT('Origin',(-13.75,116.25,231.2));
#3839=CARTESIAN_POINT('Origin',(-28.25,99.25,286.2));
#3840=CARTESIAN_POINT('',(-28.25,99.25,284.484271247462));
#3841=CARTESIAN_POINT('',(60.75,99.25,284.484271247462));
#3842=CARTESIAN_POINT('',(38.5,99.25,284.484271247462));
#3843=CARTESIAN_POINT('',(-28.25,99.25,282.2));
#3844=CARTESIAN_POINT('',(-28.25,99.25,286.2));
#3845=CARTESIAN_POINT('',(60.75,99.25,282.2));
#3846=CARTESIAN_POINT('',(-28.25,99.25,282.2));
#3847=CARTESIAN_POINT('',(60.75,99.25,286.2));
#3848=CARTESIAN_POINT('Origin',(16.25,94.25,282.2));
#3849=CARTESIAN_POINT('',(-28.25,89.25,282.2));
#3850=CARTESIAN_POINT('',(-28.25,89.25,282.2));
#3851=CARTESIAN_POINT('',(60.75,89.25,282.2));
#3852=CARTESIAN_POINT('',(-6.,89.25,282.2));
#3853=CARTESIAN_POINT('',(60.75,99.25,282.2));
#3854=CARTESIAN_POINT('Origin',(60.75,-23.25,286.2));
#3855=CARTESIAN_POINT('',(60.75,-23.25,284.484271247462));
#3856=CARTESIAN_POINT('',(-28.25,-23.25,284.484271247462));
#3857=CARTESIAN_POINT('',(-6.,-23.25,284.484271247462));
#3858=CARTESIAN_POINT('',(60.75,-23.25,282.2));
#3859=CARTESIAN_POINT('',(60.75,-23.25,286.2));
#3860=CARTESIAN_POINT('',(-28.25,-23.25,282.2));
#3861=CARTESIAN_POINT('',(-28.25,-23.25,282.2));
#3862=CARTESIAN_POINT('',(-28.25,-23.25,286.2));
#3863=CARTESIAN_POINT('Origin',(16.25,-18.25,282.2));
#3864=CARTESIAN_POINT('',(60.75,-13.25,282.2));
#3865=CARTESIAN_POINT('',(60.75,-23.25,282.2));
#3866=CARTESIAN_POINT('',(-28.25,-13.25,282.2));
#3867=CARTESIAN_POINT('',(38.5,-13.25,282.2));
#3868=CARTESIAN_POINT('',(-28.25,-13.25,282.2));
#3869=CARTESIAN_POINT('Origin',(38.5,89.25,256.2));
#3870=CARTESIAN_POINT('',(60.75,119.25,256.2));
#3871=CARTESIAN_POINT('Origin',(60.75,89.25,256.2));
#3872=CARTESIAN_POINT('',(-28.25,119.25,256.2));
#3873=CARTESIAN_POINT('',(38.5,119.25,256.2));
#3874=CARTESIAN_POINT('Origin',(-28.25,89.25,256.2));
#3875=CARTESIAN_POINT('Origin',(-6.,-13.25,256.2));
#3876=CARTESIAN_POINT('',(-28.25,-43.25,256.2));
#3877=CARTESIAN_POINT('Origin',(-28.25,-13.25,256.2));
#3878=CARTESIAN_POINT('',(4.32056139390586,-43.25,256.2));
#3879=CARTESIAN_POINT('',(-6.,-43.25,256.2));
#3880=CARTESIAN_POINT('',(28.1794386060941,-43.25,256.2));
#3881=CARTESIAN_POINT('Ctrl Pts',(4.32056139390586,-43.25,256.2));
#3882=CARTESIAN_POINT('Ctrl Pts',(4.97382092987953,-43.25,257.708494483172));
#3883=CARTESIAN_POINT('Ctrl Pts',(5.92765914752086,-43.1313937468367,259.086376471756));
#3884=CARTESIAN_POINT('Ctrl Pts',(8.17198036408304,-42.8278978132935,261.350863366115));
#3885=CARTESIAN_POINT('Ctrl Pts',(9.63500552388629,-42.6188980821364,262.359746031501));
#3886=CARTESIAN_POINT('Ctrl Pts',(12.8491428554564,-42.30516728556,263.701461305751));
#3887=CARTESIAN_POINT('Ctrl Pts',(14.6012560351219,-42.209106810068,264.033909162294));
#3888=CARTESIAN_POINT('Ctrl Pts',(16.25,-42.209106810068,264.033909162294));
#3889=CARTESIAN_POINT('Ctrl Pts',(17.8987439648781,-42.209106810068,264.033909162294));
#3890=CARTESIAN_POINT('Ctrl Pts',(19.6508571445435,-42.30516728556,263.701461305751));
#3891=CARTESIAN_POINT('Ctrl Pts',(22.8649944761137,-42.6188980821364,262.359746031501));
#3892=CARTESIAN_POINT('Ctrl Pts',(24.3280196359169,-42.8278978132935,261.350863366115));
#3893=CARTESIAN_POINT('Ctrl Pts',(26.5723408524751,-43.1313937468362,259.08637647176));
#3894=CARTESIAN_POINT('Ctrl Pts',(27.5261790701651,-43.25,257.708494483069));
#3895=CARTESIAN_POINT('Ctrl Pts',(28.1794386060941,-43.25,256.2));
#3896=CARTESIAN_POINT('',(60.75,-43.25,256.2));
#3897=CARTESIAN_POINT('',(-6.,-43.25,256.2));
#3898=CARTESIAN_POINT('Origin',(60.75,-13.25,256.2));
#3899=CARTESIAN_POINT('Origin',(60.75,-13.25,286.2));
#3900=CARTESIAN_POINT('',(60.75,-13.25,281.2));
#3901=CARTESIAN_POINT('',(60.75,-13.25,286.2));
#3902=CARTESIAN_POINT('',(-28.25,-13.25,281.2));
#3903=CARTESIAN_POINT('',(-6.,-13.25,281.2));
#3904=CARTESIAN_POINT('',(-28.25,-13.25,286.2));
#3905=CARTESIAN_POINT('Origin',(16.25,-38.25,251.033909162294));
#3906=CARTESIAN_POINT('',(26.5243128946207,-38.25,256.2));
#3907=CARTESIAN_POINT('',(5.9756871053793,-38.25,256.2));
#3908=CARTESIAN_POINT('Ctrl Pts',(26.5243128946207,-38.25,256.2));
#3909=CARTESIAN_POINT('Ctrl Pts',(25.9720059410586,-38.25,257.29842715373));
#3910=CARTESIAN_POINT('Ctrl Pts',(25.2398957783342,-38.1755811898883,258.298700148436));
#3911=CARTESIAN_POINT('Ctrl Pts',(23.401068354484,-37.9568211979456,260.156793337641));
#3912=CARTESIAN_POINT('Ctrl Pts',(22.1057137351002,-37.7824403349757,261.050795728326));
#3913=CARTESIAN_POINT('Ctrl Pts',(19.2602780539821,-37.5171613978278,262.239515135923));
#3914=CARTESIAN_POINT('Ctrl Pts',(17.7093162226976,-37.4343253931924,262.533909162294));
#3915=CARTESIAN_POINT('Ctrl Pts',(14.7906837773024,-37.4343253931924,262.533909162294));
#3916=CARTESIAN_POINT('Ctrl Pts',(13.2397219460179,-37.5171613978278,262.239515135923));
#3917=CARTESIAN_POINT('Ctrl Pts',(10.3942862648998,-37.7824403349756,261.050795728325));
#3918=CARTESIAN_POINT('Ctrl Pts',(9.09893164551601,-37.9568211979456,260.156793337641));
#3919=CARTESIAN_POINT('Ctrl Pts',(7.26010422166573,-38.1755811898883,258.298700148436));
#3920=CARTESIAN_POINT('Ctrl Pts',(6.52799405894142,-38.25,257.29842715373));
#3921=CARTESIAN_POINT('Ctrl Pts',(5.97568710537931,-38.25,256.2));
#3922=CARTESIAN_POINT('',(27.75,-38.25,251.033909162294));
#3923=CARTESIAN_POINT('Origin',(16.25,-38.25,251.033909162294));
#3924=CARTESIAN_POINT('',(27.75,-42.05,251.033909162294));
#3925=CARTESIAN_POINT('',(27.75,-38.25,251.033909162294));
#3926=CARTESIAN_POINT('Origin',(16.25,-42.05,251.033909162294));
#3927=CARTESIAN_POINT('Origin',(16.25,-38.25,251.033909162294));
#3928=CARTESIAN_POINT('Origin',(16.25,-42.05,251.033909162294));
#3929=CARTESIAN_POINT('',(6.25,-42.05,251.033909162294));
#3930=CARTESIAN_POINT('Origin',(16.25,-42.05,251.033909162294));
#3931=CARTESIAN_POINT('Origin',(-28.25,-38.25,226.2));
#3932=CARTESIAN_POINT('',(60.75,-38.25,256.2));
#3933=CARTESIAN_POINT('',(-6.,-38.25,256.2));
#3934=CARTESIAN_POINT('',(60.75,-38.25,236.2));
#3935=CARTESIAN_POINT('',(60.75,-38.25,241.2));
#3936=CARTESIAN_POINT('',(-28.25,-38.25,236.2));
#3937=CARTESIAN_POINT('',(38.5,-38.25,236.2));
#3938=CARTESIAN_POINT('',(-28.25,-38.25,256.2));
#3939=CARTESIAN_POINT('',(-28.25,-38.25,226.2));
#3940=CARTESIAN_POINT('',(-6.,-38.25,256.2));
#3941=CARTESIAN_POINT('Origin',(16.25,-43.25,251.033909162294));
#3942=CARTESIAN_POINT('Origin',(16.25,-43.25,251.033909162294));
#3943=CARTESIAN_POINT('Origin',(16.25,-43.25,251.033909162294));
#3944=CARTESIAN_POINT('',(6.25,-43.25,251.033909162294));
#3945=CARTESIAN_POINT('Origin',(16.25,-43.25,251.033909162294));
#3946=CARTESIAN_POINT('',(6.25,-43.25,251.033909162294));
#3947=CARTESIAN_POINT('Origin',(-6.,-13.25,256.2));
#3948=CARTESIAN_POINT('Origin',(-28.25,-13.25,256.2));
#3949=CARTESIAN_POINT('Origin',(60.75,-13.25,256.2));
#3950=CARTESIAN_POINT('Origin',(-11.25,28.25,239.2));
#3951=CARTESIAN_POINT('',(-11.25,26.25,252.2));
#3952=CARTESIAN_POINT('',(-13.25,28.25,252.2));
#3953=CARTESIAN_POINT('Origin',(-11.25,28.25,252.2));
#3954=CARTESIAN_POINT('',(-13.25,28.25,239.2));
#3955=CARTESIAN_POINT('',(-13.25,28.25,239.2));
#3956=CARTESIAN_POINT('',(-11.25,26.25,239.2));
#3957=CARTESIAN_POINT('Origin',(-11.25,28.25,239.2));
#3958=CARTESIAN_POINT('',(-11.25,26.25,239.2));
#3959=CARTESIAN_POINT('Origin',(-13.25,44.25,239.199999999999));
#3960=CARTESIAN_POINT('',(-13.25,42.25,252.199999999999));
#3961=CARTESIAN_POINT('',(-13.25,26.25,252.2));
#3962=CARTESIAN_POINT('',(-13.25,42.25,239.2));
#3963=CARTESIAN_POINT('',(-13.25,42.25,239.199999999999));
#3964=CARTESIAN_POINT('',(-13.25,41.125,239.2));
#3965=CARTESIAN_POINT('Origin',(-13.75,70.25,252.2));
#3966=CARTESIAN_POINT('',(-10.25,26.25,252.2));
#3967=CARTESIAN_POINT('',(45.75,26.25,252.2));
#3968=CARTESIAN_POINT('',(-10.25,114.25,252.2));
#3969=CARTESIAN_POINT('',(-10.25,26.25,252.2));
#3970=CARTESIAN_POINT('',(-15.25,114.25,252.2));
#3971=CARTESIAN_POINT('',(23.5,114.25,252.2));
#3972=CARTESIAN_POINT('',(-13.25,112.25,252.2));
#3973=CARTESIAN_POINT('Origin',(-15.25,112.25,252.2));
#3974=CARTESIAN_POINT('',(-13.25,91.25,252.2));
#3975=CARTESIAN_POINT('',(-13.25,89.25,252.2));
#3976=CARTESIAN_POINT('',(-15.25,89.25,252.2));
#3977=CARTESIAN_POINT('Origin',(-15.25,91.25,252.2));
#3978=CARTESIAN_POINT('',(-17.25,87.25,252.2));
#3979=CARTESIAN_POINT('Origin',(-15.25,87.25,252.2));
#3980=CARTESIAN_POINT('',(-17.25,84.25,252.2));
#3981=CARTESIAN_POINT('',(-17.25,89.25,252.2));
#3982=CARTESIAN_POINT('',(-15.25,82.25,252.2));
#3983=CARTESIAN_POINT('Origin',(-15.25,84.25,252.2));
#3984=CARTESIAN_POINT('',(-13.25,80.25,252.2));
#3985=CARTESIAN_POINT('Origin',(-15.25,80.25,252.2));
#3986=CARTESIAN_POINT('',(-13.25,53.25,252.2));
#3987=CARTESIAN_POINT('',(-13.25,51.25,252.2));
#3988=CARTESIAN_POINT('',(-15.25,51.25,252.2));
#3989=CARTESIAN_POINT('Origin',(-15.25,53.25,252.2));
#3990=CARTESIAN_POINT('',(-17.25,49.25,252.199999999999));
#3991=CARTESIAN_POINT('Origin',(-15.25,49.25,252.2));
#3992=CARTESIAN_POINT('',(-17.25,46.25,252.199999999999));
#3993=CARTESIAN_POINT('',(-17.25,51.25,252.199999999999));
#3994=CARTESIAN_POINT('',(-15.25,44.25,252.199999999999));
#3995=CARTESIAN_POINT('Origin',(-15.25,46.25,252.2));
#3996=CARTESIAN_POINT('Origin',(-15.25,42.25,252.2));
#3997=CARTESIAN_POINT('',(-12.25,47.75,252.2));
#3998=CARTESIAN_POINT('Origin',(-13.75,47.75,252.2));
#3999=CARTESIAN_POINT('',(-12.25,85.75,252.2));
#4000=CARTESIAN_POINT('Origin',(-13.75,85.75,252.2));
#4001=CARTESIAN_POINT('Origin',(43.75,28.25,239.2));
#4002=CARTESIAN_POINT('',(45.75,28.25,252.2));
#4003=CARTESIAN_POINT('',(43.75,26.25,252.2));
#4004=CARTESIAN_POINT('Origin',(43.75,28.25,252.2));
#4005=CARTESIAN_POINT('',(43.75,26.25,239.2));
#4006=CARTESIAN_POINT('',(43.75,26.25,239.2));
#4007=CARTESIAN_POINT('',(45.75,28.25,239.2));
#4008=CARTESIAN_POINT('Origin',(43.75,28.25,239.2));
#4009=CARTESIAN_POINT('',(45.75,28.25,239.2));
#4010=CARTESIAN_POINT('Origin',(4.74999999999999,26.25,239.2));
#4011=CARTESIAN_POINT('',(4.74999999999999,26.25,252.2));
#4012=CARTESIAN_POINT('',(45.75,26.25,252.2));
#4013=CARTESIAN_POINT('',(4.74999999999999,26.25,239.2));
#4014=CARTESIAN_POINT('',(4.74999999999999,26.25,239.2));
#4015=CARTESIAN_POINT('',(10.5,26.25,239.2));
#4016=CARTESIAN_POINT('Origin',(27.25,70.25,252.2));
#4017=CARTESIAN_POINT('',(45.75,42.25,252.199999999999));
#4018=CARTESIAN_POINT('',(45.75,44.25,252.199999999999));
#4019=CARTESIAN_POINT('',(47.75,44.25,252.199999999999));
#4020=CARTESIAN_POINT('Origin',(47.75,42.25,252.2));
#4021=CARTESIAN_POINT('',(49.75,46.25,252.199999999999));
#4022=CARTESIAN_POINT('Origin',(47.75,46.25,252.2));
#4023=CARTESIAN_POINT('',(49.75,49.25,252.199999999999));
#4024=CARTESIAN_POINT('',(49.75,51.25,252.199999999999));
#4025=CARTESIAN_POINT('',(47.75,51.25,252.2));
#4026=CARTESIAN_POINT('Origin',(47.75,49.25,252.2));
#4027=CARTESIAN_POINT('',(45.75,53.25,252.2));
#4028=CARTESIAN_POINT('Origin',(47.75,53.25,252.2));
#4029=CARTESIAN_POINT('',(45.75,80.25,252.2));
#4030=CARTESIAN_POINT('',(45.75,82.25,252.2));
#4031=CARTESIAN_POINT('',(47.75,82.25,252.2));
#4032=CARTESIAN_POINT('Origin',(47.75,80.25,252.2));
#4033=CARTESIAN_POINT('',(49.75,84.25,252.2));
#4034=CARTESIAN_POINT('Origin',(47.75,84.25,252.2));
#4035=CARTESIAN_POINT('',(49.75,87.25,252.2));
#4036=CARTESIAN_POINT('',(49.75,89.25,252.2));
#4037=CARTESIAN_POINT('',(47.75,89.25,252.2));
#4038=CARTESIAN_POINT('Origin',(47.75,87.25,252.2));
#4039=CARTESIAN_POINT('',(45.75,91.25,252.2));
#4040=CARTESIAN_POINT('Origin',(47.75,91.25,252.2));
#4041=CARTESIAN_POINT('',(45.75,112.25,252.2));
#4042=CARTESIAN_POINT('',(45.75,117.25,252.2));
#4043=CARTESIAN_POINT('',(47.75,114.25,252.2));
#4044=CARTESIAN_POINT('Origin',(47.75,112.25,252.2));
#4045=CARTESIAN_POINT('',(42.75,114.25,252.2));
#4046=CARTESIAN_POINT('',(44.,114.25,252.2));
#4047=CARTESIAN_POINT('',(42.75,29.25,252.2));
#4048=CARTESIAN_POINT('',(42.75,114.25,252.2));
#4049=CARTESIAN_POINT('',(4.74999999999999,29.25,252.2));
#4050=CARTESIAN_POINT('',(42.75,29.25,252.2));
#4051=CARTESIAN_POINT('',(4.74999999999999,29.25,252.2));
#4052=CARTESIAN_POINT('',(47.75,47.75,252.199999999999));
#4053=CARTESIAN_POINT('Origin',(46.25,47.75,252.199999999999));
#4054=CARTESIAN_POINT('',(47.75,85.75,252.2));
#4055=CARTESIAN_POINT('Origin',(46.25,85.75,252.2));
#4056=CARTESIAN_POINT('Origin',(-15.25,42.25,239.199999999999));
#4057=CARTESIAN_POINT('',(-15.25,44.25,239.2));
#4058=CARTESIAN_POINT('Origin',(-15.25,42.25,239.2));
#4059=CARTESIAN_POINT('',(-15.25,44.25,239.199999999999));
#4060=CARTESIAN_POINT('Origin',(16.25,38.,239.2));
#4061=CARTESIAN_POINT('',(-17.25,46.25,239.2));
#4062=CARTESIAN_POINT('Origin',(-15.25,46.25,239.2));
#4063=CARTESIAN_POINT('',(-17.25,49.25,239.2));
#4064=CARTESIAN_POINT('',(-17.25,44.625,239.2));
#4065=CARTESIAN_POINT('',(-15.25,51.25,239.2));
#4066=CARTESIAN_POINT('Origin',(-15.25,49.25,239.2));
#4067=CARTESIAN_POINT('',(-13.25,53.25,239.2));
#4068=CARTESIAN_POINT('Origin',(-15.25,53.25,239.2));
#4069=CARTESIAN_POINT('',(-13.25,80.25,239.2));
#4070=CARTESIAN_POINT('',(-13.25,60.125,239.2));
#4071=CARTESIAN_POINT('',(-15.25,82.25,239.2));
#4072=CARTESIAN_POINT('Origin',(-15.25,80.25,239.2));
#4073=CARTESIAN_POINT('',(-17.25,84.25,239.2));
#4074=CARTESIAN_POINT('Origin',(-15.25,84.25,239.2));
#4075=CARTESIAN_POINT('',(-17.25,87.25,239.2));
#4076=CARTESIAN_POINT('',(-17.25,63.625,239.2));
#4077=CARTESIAN_POINT('',(-15.25,89.25,239.2));
#4078=CARTESIAN_POINT('Origin',(-15.25,87.25,239.2));
#4079=CARTESIAN_POINT('',(-13.25,91.25,239.2));
#4080=CARTESIAN_POINT('Origin',(-15.25,91.25,239.2));
#4081=CARTESIAN_POINT('',(-13.25,112.25,239.2));
#4082=CARTESIAN_POINT('',(-13.25,76.125,239.2));
#4083=CARTESIAN_POINT('',(-15.25,114.25,239.2));
#4084=CARTESIAN_POINT('Origin',(-15.25,112.25,239.2));
#4085=CARTESIAN_POINT('',(-28.25,114.25,239.2));
#4086=CARTESIAN_POINT('',(38.5,114.25,239.2));
#4087=CARTESIAN_POINT('',(-33.25,109.25,239.2));
#4088=CARTESIAN_POINT('Origin',(-28.25,109.25,239.2));
#4089=CARTESIAN_POINT('',(-33.25,0.768114574786826,239.2));
#4090=CARTESIAN_POINT('',(-33.25,73.625,239.2));
#4091=CARTESIAN_POINT('',(-28.25,0.768114574786683,239.2));
#4092=CARTESIAN_POINT('',(-33.25,0.768114574786826,239.2));
#4093=CARTESIAN_POINT('',(-28.25,-0.7681145747867,239.2));
#4094=CARTESIAN_POINT('',(-28.25,19.0625,239.2));
#4095=CARTESIAN_POINT('',(-33.25,-0.768114574786825,239.2));
#4096=CARTESIAN_POINT('',(-33.25,-0.768114574786825,239.2));
#4097=CARTESIAN_POINT('',(-33.25,-3.25000000000002,239.2));
#4098=CARTESIAN_POINT('',(-33.25,73.625,239.2));
#4099=CARTESIAN_POINT('',(65.75,-3.25000000000001,239.2));
#4100=CARTESIAN_POINT('',(-8.49999999999999,-3.25000000000002,239.2));
#4101=CARTESIAN_POINT('',(65.75,60.75,239.2));
#4102=CARTESIAN_POINT('',(65.75,2.375,239.2));
#4103=CARTESIAN_POINT('',(50.75,60.75,239.2));
#4104=CARTESIAN_POINT('',(41.,60.75,239.2));
#4105=CARTESIAN_POINT('',(45.75,65.75,239.2));
#4106=CARTESIAN_POINT('Origin',(50.75,65.75,239.2));
#4107=CARTESIAN_POINT('',(45.75,53.25,239.2));
#4108=CARTESIAN_POINT('',(45.75,44.625,239.2));
#4109=CARTESIAN_POINT('',(47.75,51.25,239.2));
#4110=CARTESIAN_POINT('Origin',(47.75,53.25,239.2));
#4111=CARTESIAN_POINT('',(49.75,49.25,239.2));
#4112=CARTESIAN_POINT('Origin',(47.75,49.25,239.2));
#4113=CARTESIAN_POINT('',(49.75,46.25,239.2));
#4114=CARTESIAN_POINT('',(49.75,41.125,239.2));
#4115=CARTESIAN_POINT('',(47.75,44.25,239.2));
#4116=CARTESIAN_POINT('Origin',(47.75,46.25,239.2));
#4117=CARTESIAN_POINT('',(45.75,42.25,239.2));
#4118=CARTESIAN_POINT('Origin',(47.75,42.25,239.2));
#4119=CARTESIAN_POINT('',(45.75,32.125,239.2));
#4120=CARTESIAN_POINT('',(4.74999999999999,29.25,239.2));
#4121=CARTESIAN_POINT('',(4.74999999999999,33.625,239.2));
#4122=CARTESIAN_POINT('',(42.75,29.25,239.2));
#4123=CARTESIAN_POINT('',(29.5,29.25,239.2));
#4124=CARTESIAN_POINT('',(42.75,114.25,239.2));
#4125=CARTESIAN_POINT('',(42.75,76.125,239.2));
#4126=CARTESIAN_POINT('',(-10.25,114.25,239.2));
#4127=CARTESIAN_POINT('',(38.5,114.25,239.2));
#4128=CARTESIAN_POINT('',(-10.25,26.25,239.2));
#4129=CARTESIAN_POINT('',(-10.25,32.125,239.2));
#4130=CARTESIAN_POINT('',(1.49999999999999,26.25,239.2));
#4131=CARTESIAN_POINT('Origin',(-15.25,46.25,239.199999999999));
#4132=CARTESIAN_POINT('',(-17.25,46.25,239.199999999999));
#4133=CARTESIAN_POINT('Origin',(-15.25,49.25,239.2));
#4134=CARTESIAN_POINT('',(-15.25,51.25,239.2));
#4135=CARTESIAN_POINT('',(-17.25,49.25,239.2));
#4136=CARTESIAN_POINT('Origin',(-17.25,51.25,239.199999999999));
#4137=CARTESIAN_POINT('Origin',(-15.25,53.25,239.2));
#4138=CARTESIAN_POINT('',(-13.25,53.25,239.2));
#4139=CARTESIAN_POINT('Origin',(-15.25,80.25,239.2));
#4140=CARTESIAN_POINT('',(-13.25,80.25,239.2));
#4141=CARTESIAN_POINT('',(-15.25,82.25,239.2));
#4142=CARTESIAN_POINT('Origin',(-15.25,84.25,239.2));
#4143=CARTESIAN_POINT('',(-17.25,84.25,239.2));
#4144=CARTESIAN_POINT('Origin',(-17.25,89.25,239.2));
#4145=CARTESIAN_POINT('',(-17.25,87.25,239.2));
#4146=CARTESIAN_POINT('Origin',(-15.25,87.25,239.2));
#4147=CARTESIAN_POINT('',(-15.25,89.25,239.2));
#4148=CARTESIAN_POINT('Origin',(-15.25,91.25,239.2));
#4149=CARTESIAN_POINT('',(-13.25,91.25,239.2));
#4150=CARTESIAN_POINT('Origin',(-13.25,114.25,239.2));
#4151=CARTESIAN_POINT('',(-13.25,112.25,232.7));
#4152=CARTESIAN_POINT('Origin',(-15.25,112.25,232.7));
#4153=CARTESIAN_POINT('',(-15.25,114.25,232.7));
#4154=CARTESIAN_POINT('Origin',(47.75,112.25,232.7));
#4155=CARTESIAN_POINT('',(47.75,114.25,239.2));
#4156=CARTESIAN_POINT('',(45.75,112.25,239.2));
#4157=CARTESIAN_POINT('Origin',(47.75,112.25,239.2));
#4158=CARTESIAN_POINT('',(47.75,114.25,232.7));
#4159=CARTESIAN_POINT('',(45.75,112.25,232.7));
#4160=CARTESIAN_POINT('Origin',(16.25,38.,239.2));
#4161=CARTESIAN_POINT('',(45.75,91.25,239.2));
#4162=CARTESIAN_POINT('',(45.75,63.625,239.2));
#4163=CARTESIAN_POINT('',(47.75,89.25,239.2));
#4164=CARTESIAN_POINT('Origin',(47.75,91.25,239.2));
#4165=CARTESIAN_POINT('',(49.75,87.25,239.2));
#4166=CARTESIAN_POINT('Origin',(47.75,87.25,239.2));
#4167=CARTESIAN_POINT('',(49.75,84.25,239.2));
#4168=CARTESIAN_POINT('',(49.75,60.125,239.2));
#4169=CARTESIAN_POINT('',(47.75,82.25,239.2));
#4170=CARTESIAN_POINT('Origin',(47.75,84.25,239.2));
#4171=CARTESIAN_POINT('',(45.75,80.25,239.2));
#4172=CARTESIAN_POINT('Origin',(47.75,80.25,239.2));
#4173=CARTESIAN_POINT('',(45.75,70.75,239.2));
#4174=CARTESIAN_POINT('',(45.75,44.625,239.2));
#4175=CARTESIAN_POINT('',(50.75,75.75,239.2));
#4176=CARTESIAN_POINT('Origin',(50.75,70.75,239.2));
#4177=CARTESIAN_POINT('',(65.75,75.75,239.2));
#4178=CARTESIAN_POINT('',(33.5,75.75,239.2));
#4179=CARTESIAN_POINT('',(65.75,109.25,239.2));
#4180=CARTESIAN_POINT('',(65.75,2.375,239.2));
#4181=CARTESIAN_POINT('',(60.75,114.25,239.2));
#4182=CARTESIAN_POINT('Origin',(60.75,109.25,239.2));
#4183=CARTESIAN_POINT('',(38.5,114.25,239.2));
#4184=CARTESIAN_POINT('Origin',(45.75,89.25,239.2));
#4185=CARTESIAN_POINT('',(45.75,91.25,239.2));
#4186=CARTESIAN_POINT('Origin',(47.75,91.25,239.2));
#4187=CARTESIAN_POINT('',(47.75,89.25,239.2));
#4188=CARTESIAN_POINT('Origin',(47.75,87.25,239.2));
#4189=CARTESIAN_POINT('',(49.75,87.25,239.2));
#4190=CARTESIAN_POINT('Origin',(49.75,82.25,239.2));
#4191=CARTESIAN_POINT('',(49.75,84.25,239.2));
#4192=CARTESIAN_POINT('Origin',(47.75,84.25,239.2));
#4193=CARTESIAN_POINT('',(47.75,82.25,239.2));
#4194=CARTESIAN_POINT('Origin',(47.75,80.25,239.2));
#4195=CARTESIAN_POINT('',(45.75,80.25,239.2));
#4196=CARTESIAN_POINT('Origin',(45.75,65.75,239.2));
#4197=CARTESIAN_POINT('',(45.75,53.25,239.2));
#4198=CARTESIAN_POINT('',(45.75,65.75,236.2));
#4199=CARTESIAN_POINT('',(45.75,65.75,239.2));
#4200=CARTESIAN_POINT('',(45.75,70.75,236.2));
#4201=CARTESIAN_POINT('',(45.75,51.875,236.2));
#4202=CARTESIAN_POINT('',(45.75,70.75,239.2));
#4203=CARTESIAN_POINT('Origin',(47.75,42.25,239.2));
#4204=CARTESIAN_POINT('',(47.75,44.25,239.199999999999));
#4205=CARTESIAN_POINT('',(45.75,42.25,239.2));
#4206=CARTESIAN_POINT('Origin',(47.75,53.25,239.2));
#4207=CARTESIAN_POINT('',(47.75,51.25,239.199999999999));
#4208=CARTESIAN_POINT('Origin',(47.75,49.25,239.199999999999));
#4209=CARTESIAN_POINT('',(49.75,49.25,239.199999999999));
#4210=CARTESIAN_POINT('Origin',(49.75,44.25,239.199999999999));
#4211=CARTESIAN_POINT('',(49.75,46.25,239.199999999999));
#4212=CARTESIAN_POINT('Origin',(47.75,46.25,239.199999999999));
#4213=CARTESIAN_POINT('Origin',(-13.75,47.75,239.2));
#4214=CARTESIAN_POINT('',(-12.25,47.75,239.2));
#4215=CARTESIAN_POINT('',(-12.25,47.75,239.2));
#4216=CARTESIAN_POINT('Origin',(-13.75,47.75,239.2));
#4217=CARTESIAN_POINT('Origin',(-13.75,85.75,239.2));
#4218=CARTESIAN_POINT('',(-12.25,85.75,239.2));
#4219=CARTESIAN_POINT('',(-12.25,85.75,239.2));
#4220=CARTESIAN_POINT('Origin',(-13.75,85.75,239.2));
#4221=CARTESIAN_POINT('Origin',(-13.25,82.25,239.2));
#4222=CARTESIAN_POINT('Origin',(-10.25,26.25,239.2));
#4223=CARTESIAN_POINT('',(-10.25,114.25,232.7));
#4224=CARTESIAN_POINT('',(-10.25,26.25,239.2));
#4225=CARTESIAN_POINT('Origin',(-13.25,26.25,239.2));
#4226=CARTESIAN_POINT('Origin',(16.25,38.,239.2));
#4227=CARTESIAN_POINT('Origin',(46.25,47.75,239.199999999999));
#4228=CARTESIAN_POINT('',(47.75,47.75,239.199999999999));
#4229=CARTESIAN_POINT('',(47.75,47.75,239.199999999999));
#4230=CARTESIAN_POINT('Origin',(46.25,47.75,239.2));
#4231=CARTESIAN_POINT('Origin',(46.25,85.75,239.2));
#4232=CARTESIAN_POINT('',(47.75,85.75,239.2));
#4233=CARTESIAN_POINT('',(47.75,85.75,239.2));
#4234=CARTESIAN_POINT('Origin',(46.25,85.75,239.2));
#4235=CARTESIAN_POINT('Origin',(45.75,26.25,239.2));
#4236=CARTESIAN_POINT('Origin',(4.74999999999999,29.25,239.2));
#4237=CARTESIAN_POINT('',(4.74999999999999,29.25,239.2));
#4238=CARTESIAN_POINT('Origin',(42.75,29.25,239.2));
#4239=CARTESIAN_POINT('',(42.75,29.25,239.2));
#4240=CARTESIAN_POINT('Origin',(42.75,114.25,239.2));
#4241=CARTESIAN_POINT('',(42.75,114.25,232.7));
#4242=CARTESIAN_POINT('Origin',(60.75,114.25,226.2));
#4243=CARTESIAN_POINT('',(60.75,114.25,256.2));
#4244=CARTESIAN_POINT('',(60.75,114.25,226.2));
#4245=CARTESIAN_POINT('',(-28.25,114.25,256.2));
#4246=CARTESIAN_POINT('',(38.5,114.25,256.2));
#4247=CARTESIAN_POINT('',(-28.25,114.25,241.2));
#4248=CARTESIAN_POINT('Origin',(16.25,38.,239.2));
#4249=CARTESIAN_POINT('Origin',(16.25,38.,239.2));
#4250=CARTESIAN_POINT('Origin',(50.75,70.75,239.2));
#4251=CARTESIAN_POINT('',(50.75,75.75,236.2));
#4252=CARTESIAN_POINT('Origin',(50.75,70.75,236.2));
#4253=CARTESIAN_POINT('',(50.75,75.75,239.2));
#4254=CARTESIAN_POINT('Origin',(50.75,65.75,239.2));
#4255=CARTESIAN_POINT('',(50.75,60.75,236.2));
#4256=CARTESIAN_POINT('Origin',(50.75,65.75,236.2));
#4257=CARTESIAN_POINT('',(50.75,60.75,239.2));
#4258=CARTESIAN_POINT('Origin',(65.75,60.75,239.2));
#4259=CARTESIAN_POINT('',(65.75,60.75,236.2));
#4260=CARTESIAN_POINT('',(41.,60.75,236.2));
#4261=CARTESIAN_POINT('',(65.75,60.75,239.2));
#4262=CARTESIAN_POINT('Origin',(50.75,75.75,239.2));
#4263=CARTESIAN_POINT('',(65.75,75.75,236.2));
#4264=CARTESIAN_POINT('',(33.5,75.75,236.2));
#4265=CARTESIAN_POINT('',(65.75,75.75,239.2));
#4266=CARTESIAN_POINT('Origin',(-33.25,-3.25000000000002,239.2));
#4267=CARTESIAN_POINT('',(65.75,-3.25000000000001,236.2));
#4268=CARTESIAN_POINT('',(-33.25,-3.25000000000002,236.2));
#4269=CARTESIAN_POINT('',(-8.49999999999999,-3.25000000000002,236.2));
#4270=CARTESIAN_POINT('',(65.75,-3.25000000000001,239.2));
#4271=CARTESIAN_POINT('',(-33.25,-3.25000000000002,239.2));
#4272=CARTESIAN_POINT('Origin',(-33.25,4.3590451448435E-16,242.1));
#4273=CARTESIAN_POINT('',(-28.25,-2.75000000000001,240.901042119172));
#4274=CARTESIAN_POINT('Origin',(-28.25,-8.4458796825169E-15,242.1));
#4275=CARTESIAN_POINT('',(-33.25,-2.75,240.901042119172));
#4276=CARTESIAN_POINT('',(-33.25,-2.75,240.901042119172));
#4277=CARTESIAN_POINT('Origin',(-33.2500000000003,4.35904514484903E-16,
242.1));
#4278=CARTESIAN_POINT('Origin',(-33.25,4.3590451448435E-16,242.1));
#4279=CARTESIAN_POINT('',(-33.25,-2.75,243.298957880828));
#4280=CARTESIAN_POINT('Origin',(-33.2500000000003,4.35904514484903E-16,
242.1));
#4281=CARTESIAN_POINT('',(-28.25,-2.75000000000001,243.298957880828));
#4282=CARTESIAN_POINT('',(-33.25,-2.75,243.298957880828));
#4283=CARTESIAN_POINT('Origin',(-28.25,-8.4458796825169E-15,242.1));
#4284=CARTESIAN_POINT('Origin',(-33.25,4.3590451448435E-16,242.1));
#4285=CARTESIAN_POINT('',(-28.25,-1.50000000000003,242.1));
#4286=CARTESIAN_POINT('Origin',(-28.25,-8.4458796825169E-15,242.1));
#4287=CARTESIAN_POINT('',(-33.25,-1.50000000000002,242.1));
#4288=CARTESIAN_POINT('',(-33.25,-1.50000000000002,242.1));
#4289=CARTESIAN_POINT('Origin',(-33.2500000000003,4.35904514484903E-16,
242.1));
#4290=CARTESIAN_POINT('Origin',(-33.2499999999999,-2.75,243.298957880828));
#4291=CARTESIAN_POINT('',(-33.25,-2.75,234.749478940414));
#4292=CARTESIAN_POINT('',(-28.2499999999999,-2.75000000000001,239.45));
#4293=CARTESIAN_POINT('Origin',(-28.25,0.124999999999998,242.1));
#4294=CARTESIAN_POINT('Origin',(16.25,38.,239.2));
#4295=CARTESIAN_POINT('Origin',(-33.25,109.25,226.2));
#4296=CARTESIAN_POINT('Origin',(-33.25,75.,273.1));
#4297=CARTESIAN_POINT('',(-28.25,73.5,273.1));
#4298=CARTESIAN_POINT('Origin',(-28.25,75.,273.1));
#4299=CARTESIAN_POINT('',(-33.25,73.5,273.1));
#4300=CARTESIAN_POINT('',(-33.25,73.5,273.1));
#4301=CARTESIAN_POINT('Origin',(-33.2500000000004,75.,273.1));
#4302=CARTESIAN_POINT('Origin',(-33.2499999999999,76.4062361110426,275.75));
#4303=CARTESIAN_POINT('',(-33.25,73.5937638889574,275.75));
#4304=CARTESIAN_POINT('',(-33.25,76.4062361110426,275.75));
#4305=CARTESIAN_POINT('',(-33.25,92.8281180555213,275.75));
#4306=CARTESIAN_POINT('',(-28.25,73.5937638889574,275.75));
#4307=CARTESIAN_POINT('',(-33.25,73.5937638889574,275.75));
#4308=CARTESIAN_POINT('',(-28.25,76.4062361110426,275.75));
#4309=CARTESIAN_POINT('',(-28.25,-2.75000000000001,275.75));
#4310=CARTESIAN_POINT('',(-33.25,76.4062361110426,275.75));
#4311=CARTESIAN_POINT('Origin',(-33.25,75.,273.1));
#4312=CARTESIAN_POINT('',(-33.25,77.75,274.298957880828));
#4313=CARTESIAN_POINT('Origin',(-33.2500000000004,75.,273.1));
#4314=CARTESIAN_POINT('',(-28.25,77.75,274.298957880828));
#4315=CARTESIAN_POINT('Origin',(-28.25,75.,273.1));
#4316=CARTESIAN_POINT('',(-33.25,77.75,274.298957880828));
#4317=CARTESIAN_POINT('Origin',(-33.2499999999999,77.75,271.901042119172));
#4318=CARTESIAN_POINT('',(-33.25,77.75,271.901042119172));
#4319=CARTESIAN_POINT('',(-33.25,77.75,249.050521059586));
#4320=CARTESIAN_POINT('',(-28.25,77.75,271.901042119172));
#4321=CARTESIAN_POINT('',(-28.2499999999999,77.75,275.75));
#4322=CARTESIAN_POINT('',(-33.25,77.75,271.901042119172));
#4323=CARTESIAN_POINT('Origin',(-33.25,75.,273.1));
#4324=CARTESIAN_POINT('Origin',(-33.2500000000004,75.,273.1));
#4325=CARTESIAN_POINT('Origin',(-28.25,75.,273.1));
#4326=CARTESIAN_POINT('Origin',(-28.2499999999999,74.875,272.925));
#4327=CARTESIAN_POINT('Origin',(-33.25,109.25,226.2));
#4328=CARTESIAN_POINT('',(-33.25,109.25,256.2));
#4329=CARTESIAN_POINT('',(-33.25,109.25,226.2));
#4330=CARTESIAN_POINT('',(-33.25,89.25,276.2));
#4331=CARTESIAN_POINT('Origin',(-33.25,89.25,256.2));
#4332=CARTESIAN_POINT('',(-33.25,-13.25,276.2));
#4333=CARTESIAN_POINT('',(-33.25,73.625,276.2));
#4334=CARTESIAN_POINT('',(-33.25,-33.25,256.2));
#4335=CARTESIAN_POINT('Origin',(-33.25,-13.25,256.2));
#4336=CARTESIAN_POINT('',(-33.25,-33.25,236.2));
#4337=CARTESIAN_POINT('',(-33.25,-33.25,241.2));
#4338=CARTESIAN_POINT('',(-33.25,2.37499999999999,236.2));
#4339=CARTESIAN_POINT('',(-33.25,-1.40623611104258,275.75));
#4340=CARTESIAN_POINT('',(-33.25,1.40623611104259,275.75));
#4341=CARTESIAN_POINT('',(-33.25,55.3281180555213,275.75));
#4342=CARTESIAN_POINT('',(-33.25,-2.75,271.901042119172));
#4343=CARTESIAN_POINT('Origin',(-33.2500000000005,3.39048861600193E-15,
273.1));
#4344=CARTESIAN_POINT('',(-33.25,-2.75,274.298957880828));
#4345=CARTESIAN_POINT('',(-33.25,-2.75,250.249478940414));
#4346=CARTESIAN_POINT('Origin',(-33.2500000000005,3.39048861600193E-15,
273.1));
#4347=CARTESIAN_POINT('',(-33.25,73.75,244.7));
#4348=CARTESIAN_POINT('',(-33.25,2.25,244.7));
#4349=CARTESIAN_POINT('',(-33.25,55.75,244.7));
#4350=CARTESIAN_POINT('',(-33.25,2.25,269.2));
#4351=CARTESIAN_POINT('',(-33.25,2.25,247.7));
#4352=CARTESIAN_POINT('',(-33.25,73.75,269.2));
#4353=CARTESIAN_POINT('',(-33.25,91.5,269.2));
#4354=CARTESIAN_POINT('',(-33.25,73.75,235.45));
#4355=CARTESIAN_POINT('',(-33.2499999999997,77.75,242.848331477355));
#4356=CARTESIAN_POINT('',(-33.2499999999997,77.75,241.351668522645));
#4357=CARTESIAN_POINT('',(-33.25,77.75,233.775834261323));
#4358=CARTESIAN_POINT('Origin',(-33.2500000000002,75.,242.1));
#4359=CARTESIAN_POINT('Origin',(-33.25,3.39048861600099E-15,273.1));
#4360=CARTESIAN_POINT('',(-28.25,-1.50000000000001,273.1));
#4361=CARTESIAN_POINT('Origin',(-28.25,-5.49129558100027E-15,273.1));
#4362=CARTESIAN_POINT('',(-33.25,-1.5,273.1));
#4363=CARTESIAN_POINT('',(-33.25,-1.5,273.1));
#4364=CARTESIAN_POINT('Origin',(-33.2500000000005,3.39048861600193E-15,
273.1));
#4365=CARTESIAN_POINT('Origin',(-33.25,1.40623611104259,275.75));
#4366=CARTESIAN_POINT('',(-28.25,-1.40623611104259,275.75));
#4367=CARTESIAN_POINT('',(-33.25,-1.40623611104258,275.75));
#4368=CARTESIAN_POINT('',(-28.25,1.40623611104258,275.75));
#4369=CARTESIAN_POINT('',(-28.25,-2.75000000000001,275.75));
#4370=CARTESIAN_POINT('',(-33.25,1.40623611104259,275.75));
#4371=CARTESIAN_POINT('Origin',(-33.25,3.39048861600099E-15,273.1));
#4372=CARTESIAN_POINT('',(-28.25,-2.75000000000001,271.901042119172));
#4373=CARTESIAN_POINT('Origin',(-28.25,-5.49129558100027E-15,273.1));
#4374=CARTESIAN_POINT('',(-33.25,-2.75,271.901042119172));
#4375=CARTESIAN_POINT('Origin',(-33.25,-2.75,274.298957880828));
#4376=CARTESIAN_POINT('',(-28.25,-2.75000000000001,274.298957880828));
#4377=CARTESIAN_POINT('',(-28.2499999999999,-2.75000000000001,239.45));
#4378=CARTESIAN_POINT('',(-33.25,-2.75,274.298957880828));
#4379=CARTESIAN_POINT('Origin',(-33.25,3.39048861600099E-15,273.1));
#4380=CARTESIAN_POINT('Origin',(-28.25,-5.49129558100027E-15,273.1));
#4381=CARTESIAN_POINT('Origin',(-28.25,0.124999999999992,272.925));
#4382=CARTESIAN_POINT('Origin',(-33.25,109.25,226.2));
#4383=CARTESIAN_POINT('Origin',(-33.2499999999997,75.,242.1));
#4384=CARTESIAN_POINT('',(-28.2499999999997,73.5,242.1));
#4385=CARTESIAN_POINT('Origin',(-28.2499999999997,75.,242.1));
#4386=CARTESIAN_POINT('',(-33.2499999999997,73.5,242.1));
#4387=CARTESIAN_POINT('',(-33.2499999999997,73.5,242.1));
#4388=CARTESIAN_POINT('Origin',(-33.2500000000002,75.,242.1));
#4389=CARTESIAN_POINT('Origin',(-33.2499999999999,77.75,241.351668522645));
#4390=CARTESIAN_POINT('',(-28.2499999999997,77.75,242.848331477355));
#4391=CARTESIAN_POINT('',(-33.2499999999997,77.75,242.848331477355));
#4392=CARTESIAN_POINT('',(-28.2499999999997,77.75,241.351668522645));
#4393=CARTESIAN_POINT('',(-28.2499999999999,77.75,275.75));
#4394=CARTESIAN_POINT('',(-33.2499999999997,77.75,241.351668522645));
#4395=CARTESIAN_POINT('Origin',(-33.2499999999997,75.,242.1));
#4396=CARTESIAN_POINT('Origin',(-28.2499999999997,75.,242.1));
#4397=CARTESIAN_POINT('Origin',(-28.2499999999997,74.95,242.1));
#4398=CARTESIAN_POINT('Origin',(-33.25,109.25,226.2));
#4399=CARTESIAN_POINT('Origin',(-38.25,73.75,269.2));
#4400=CARTESIAN_POINT('',(-38.25,2.25,269.2));
#4401=CARTESIAN_POINT('',(-38.25,2.25,269.2));
#4402=CARTESIAN_POINT('',(-38.25,73.75,269.2));
#4403=CARTESIAN_POINT('',(-38.25,91.5,269.2));
#4404=CARTESIAN_POINT('',(-38.25,73.75,269.2));
#4405=CARTESIAN_POINT('Origin',(-38.25,73.75,244.7));
#4406=CARTESIAN_POINT('',(-38.25,73.75,244.7));
#4407=CARTESIAN_POINT('',(-38.25,73.75,235.45));
#4408=CARTESIAN_POINT('',(-38.25,73.75,244.7));
#4409=CARTESIAN_POINT('Origin',(-38.25,2.25,244.7));
#4410=CARTESIAN_POINT('',(-38.25,2.25,244.7));
#4411=CARTESIAN_POINT('',(-38.25,55.75,244.7));
#4412=CARTESIAN_POINT('',(-38.25,2.25,244.7));
#4413=CARTESIAN_POINT('Origin',(-38.25,2.25,269.2));
#4414=CARTESIAN_POINT('',(-38.25,2.25,247.7));
#4415=CARTESIAN_POINT('Origin',(-28.25,-33.25,226.2));
#4416=CARTESIAN_POINT('Origin',(-28.25,-33.25,256.2));
#4417=CARTESIAN_POINT('Origin',(-28.25,-33.25,236.2));
#4418=CARTESIAN_POINT('Origin',(60.75,-33.25,226.2));
#4419=CARTESIAN_POINT('',(65.75,-33.25,256.2));
#4420=CARTESIAN_POINT('Origin',(60.75,-33.25,256.2));
#4421=CARTESIAN_POINT('',(65.75,-33.25,236.2));
#4422=CARTESIAN_POINT('',(65.75,-33.25,226.2));
#4423=CARTESIAN_POINT('Origin',(60.75,-33.25,236.2));
#4424=CARTESIAN_POINT('Origin',(60.75,109.25,226.2));
#4425=CARTESIAN_POINT('',(65.75,109.25,256.2));
#4426=CARTESIAN_POINT('',(65.75,109.25,241.2));
#4427=CARTESIAN_POINT('Origin',(60.75,109.25,256.2));
#4428=CARTESIAN_POINT('Origin',(-28.25,109.25,226.2));
#4429=CARTESIAN_POINT('Origin',(-28.25,109.25,256.2));
#4430=CARTESIAN_POINT('Origin',(60.75,-13.25,256.2));
#4431=CARTESIAN_POINT('',(65.75,-13.25,276.2));
#4432=CARTESIAN_POINT('Origin',(60.75,-13.25,276.2));
#4433=CARTESIAN_POINT('Origin',(65.75,-13.25,256.2));
#4434=CARTESIAN_POINT('Origin',(60.75,2.375,276.2));
#4435=CARTESIAN_POINT('',(65.75,89.25,276.2));
#4436=CARTESIAN_POINT('',(60.75,89.25,281.2));
#4437=CARTESIAN_POINT('Origin',(60.75,89.25,276.2));
#4438=CARTESIAN_POINT('',(65.75,2.375,276.2));
#4439=CARTESIAN_POINT('',(60.75,2.37500000000001,281.2));
#4440=CARTESIAN_POINT('Origin',(60.75,89.25,256.2));
#4441=CARTESIAN_POINT('Origin',(65.75,89.25,256.2));
#4442=CARTESIAN_POINT('Origin',(60.75,89.25,256.2));
#4443=CARTESIAN_POINT('Origin',(65.75,-33.25,226.2));
#4444=CARTESIAN_POINT('',(65.75,56.875,236.2));
#4445=CARTESIAN_POINT('',(65.75,17.375,236.2));
#4446=CARTESIAN_POINT('Origin',(-28.25,89.25,256.2));
#4447=CARTESIAN_POINT('',(-28.25,89.25,281.2));
#4448=CARTESIAN_POINT('Origin',(-28.25,89.25,276.2));
#4449=CARTESIAN_POINT('Origin',(-28.25,89.25,256.2));
#4450=CARTESIAN_POINT('Origin',(-28.25,73.625,276.2));
#4451=CARTESIAN_POINT('Origin',(-28.25,-13.25,276.2));
#4452=CARTESIAN_POINT('',(-28.25,73.625,281.2));
#4453=CARTESIAN_POINT('Origin',(-28.25,-13.25,256.2));
#4454=CARTESIAN_POINT('Origin',(-33.25,109.25,226.2));
#4455=CARTESIAN_POINT('Origin',(38.5,89.25,256.2));
#4456=CARTESIAN_POINT('',(38.5,89.25,281.2));
#4457=CARTESIAN_POINT('Origin',(-28.25,-13.25,286.2));
#4458=CARTESIAN_POINT('',(-28.25,89.25,286.2));
#4459=CARTESIAN_POINT('',(-28.25,89.25,286.2));
#4460=CARTESIAN_POINT('Origin',(-28.25,89.25,256.2));
#4461=CARTESIAN_POINT('',(-28.25,-13.25,286.2));
#4462=CARTESIAN_POINT('',(-28.25,73.625,286.2));
#4463=CARTESIAN_POINT('Origin',(-28.25,-13.25,256.2));
#4464=CARTESIAN_POINT('Origin',(-28.25,89.25,286.2));
#4465=CARTESIAN_POINT('',(60.75,89.25,286.2));
#4466=CARTESIAN_POINT('Origin',(60.75,89.25,286.2));
#4467=CARTESIAN_POINT('',(60.75,-13.25,286.2));
#4468=CARTESIAN_POINT('Origin',(60.75,-13.25,256.2));
#4469=CARTESIAN_POINT('',(60.75,89.25,286.2));
#4470=CARTESIAN_POINT('',(60.75,2.375,286.2));
#4471=CARTESIAN_POINT('Origin',(60.75,89.25,256.2));
#4472=CARTESIAN_POINT('Origin',(60.75,-13.25,256.2));
#4473=CARTESIAN_POINT('',(70.75,-13.25,276.2));
#4474=CARTESIAN_POINT('Origin',(60.75,-13.25,276.2));
#4475=CARTESIAN_POINT('',(70.75,-33.25,256.2));
#4476=CARTESIAN_POINT('Origin',(60.75,-33.25,256.2));
#4477=CARTESIAN_POINT('Origin',(70.75,-13.25,256.2));
#4478=CARTESIAN_POINT('Origin',(60.75,2.375,276.2));
#4479=CARTESIAN_POINT('',(70.75,89.25,276.2));
#4480=CARTESIAN_POINT('Origin',(60.75,89.25,276.2));
#4481=CARTESIAN_POINT('',(70.75,2.375,276.2));
#4482=CARTESIAN_POINT('Origin',(60.75,89.25,256.2));
#4483=CARTESIAN_POINT('',(70.75,109.25,256.2));
#4484=CARTESIAN_POINT('Origin',(60.75,109.25,256.2));
#4485=CARTESIAN_POINT('Origin',(70.75,89.25,256.2));
#4486=CARTESIAN_POINT('Origin',(70.75,-33.25,226.2));
#4487=CARTESIAN_POINT('',(70.75,109.25,226.2));
#4488=CARTESIAN_POINT('',(70.75,109.25,226.2));
#4489=CARTESIAN_POINT('',(70.75,-33.25,226.2));
#4490=CARTESIAN_POINT('',(70.75,-33.25,226.2));
#4491=CARTESIAN_POINT('',(70.75,-33.25,226.2));
#4492=CARTESIAN_POINT('Origin',(-28.25,-43.25,226.2));
#4493=CARTESIAN_POINT('',(-28.25,-43.25,226.2));
#4494=CARTESIAN_POINT('',(-28.25,-43.25,226.2));
#4495=CARTESIAN_POINT('',(60.75,-43.25,226.2));
#4496=CARTESIAN_POINT('',(-28.25,-43.25,226.2));
#4497=CARTESIAN_POINT('',(60.75,-43.25,226.2));
#4498=CARTESIAN_POINT('Origin',(-28.25,89.25,256.2));
#4499=CARTESIAN_POINT('',(-38.25,89.25,276.2));
#4500=CARTESIAN_POINT('Origin',(-28.25,89.25,276.2));
#4501=CARTESIAN_POINT('',(-38.25,109.25,256.2));
#4502=CARTESIAN_POINT('Origin',(-28.25,109.25,256.2));
#4503=CARTESIAN_POINT('Origin',(-38.25,89.25,256.2));
#4504=CARTESIAN_POINT('Origin',(-28.25,73.625,276.2));
#4505=CARTESIAN_POINT('',(-38.25,-13.25,276.2));
#4506=CARTESIAN_POINT('Origin',(-28.25,-13.25,276.2));
#4507=CARTESIAN_POINT('',(-38.25,73.625,276.2));
#4508=CARTESIAN_POINT('Origin',(-28.25,-13.25,256.2));
#4509=CARTESIAN_POINT('',(-38.25,-33.25,256.2));
#4510=CARTESIAN_POINT('Origin',(-28.25,-33.25,256.2));
#4511=CARTESIAN_POINT('Origin',(-38.25,-13.25,256.2));
#4512=CARTESIAN_POINT('Origin',(-38.25,109.25,226.2));
#4513=CARTESIAN_POINT('',(-38.25,-33.25,226.2));
#4514=CARTESIAN_POINT('',(-38.25,-33.25,226.2));
#4515=CARTESIAN_POINT('',(-38.25,109.25,226.2));
#4516=CARTESIAN_POINT('',(-38.25,109.25,226.2));
#4517=CARTESIAN_POINT('',(-38.25,109.25,226.2));
#4518=CARTESIAN_POINT('Origin',(60.75,119.25,226.2));
#4519=CARTESIAN_POINT('',(60.75,119.25,226.2));
#4520=CARTESIAN_POINT('',(60.75,119.25,226.2));
#4521=CARTESIAN_POINT('',(-28.25,119.25,226.2));
#4522=CARTESIAN_POINT('',(60.75,119.25,226.2));
#4523=CARTESIAN_POINT('',(-28.25,119.25,226.2));
#4524=CARTESIAN_POINT('Origin',(16.25,38.,236.2));
#4525=CARTESIAN_POINT('',(-28.25,-40.25,236.2));
#4526=CARTESIAN_POINT('',(-35.25,-33.25,236.2));
#4527=CARTESIAN_POINT('Origin',(-28.25,-33.25,236.2));
#4528=CARTESIAN_POINT('',(-35.25,109.25,236.2));
#4529=CARTESIAN_POINT('',(-35.25,109.25,236.2));
#4530=CARTESIAN_POINT('',(-28.25,116.25,236.2));
#4531=CARTESIAN_POINT('Origin',(-28.25,109.25,236.2));
#4532=CARTESIAN_POINT('',(60.75,116.25,236.2));
#4533=CARTESIAN_POINT('',(60.75,116.25,236.2));
#4534=CARTESIAN_POINT('',(67.75,109.25,236.2));
#4535=CARTESIAN_POINT('Origin',(60.75,109.25,236.2));
#4536=CARTESIAN_POINT('',(67.75,-33.25,236.2));
#4537=CARTESIAN_POINT('',(67.75,-33.25,236.2));
#4538=CARTESIAN_POINT('',(60.75,-40.25,236.2));
#4539=CARTESIAN_POINT('Origin',(60.75,-33.25,236.2));
#4540=CARTESIAN_POINT('',(-28.25,-40.25,236.2));
#4541=CARTESIAN_POINT('Origin',(-28.25,-33.25,226.2));
#4542=CARTESIAN_POINT('',(-28.25,-40.25,226.2));
#4543=CARTESIAN_POINT('',(-35.25,-33.25,226.2));
#4544=CARTESIAN_POINT('Origin',(-28.25,-33.25,226.2));
#4545=CARTESIAN_POINT('',(-35.25,-33.25,226.2));
#4546=CARTESIAN_POINT('',(-28.25,-40.25,226.2));
#4547=CARTESIAN_POINT('Origin',(60.75,-40.25,226.2));
#4548=CARTESIAN_POINT('',(60.75,-40.25,226.2));
#4549=CARTESIAN_POINT('',(-28.25,-40.25,226.2));
#4550=CARTESIAN_POINT('',(60.75,-40.25,226.2));
#4551=CARTESIAN_POINT('Origin',(60.75,-33.25,226.2));
#4552=CARTESIAN_POINT('',(67.75,-33.25,226.2));
#4553=CARTESIAN_POINT('Origin',(60.75,-33.25,226.2));
#4554=CARTESIAN_POINT('',(67.75,-33.25,226.2));
#4555=CARTESIAN_POINT('Origin',(67.75,109.25,226.2));
#4556=CARTESIAN_POINT('',(67.75,109.25,226.2));
#4557=CARTESIAN_POINT('',(67.75,-33.25,226.2));
#4558=CARTESIAN_POINT('',(67.75,109.25,226.2));
#4559=CARTESIAN_POINT('Origin',(60.75,109.25,226.2));
#4560=CARTESIAN_POINT('',(60.75,116.25,226.2));
#4561=CARTESIAN_POINT('Origin',(60.75,109.25,226.2));
#4562=CARTESIAN_POINT('',(60.75,116.25,226.2));
#4563=CARTESIAN_POINT('Origin',(-28.25,116.25,226.2));
#4564=CARTESIAN_POINT('',(-28.25,116.25,226.2));
#4565=CARTESIAN_POINT('',(60.75,116.25,226.2));
#4566=CARTESIAN_POINT('',(-28.25,116.25,226.2));
#4567=CARTESIAN_POINT('Origin',(-28.25,109.25,226.2));
#4568=CARTESIAN_POINT('',(-35.25,109.25,226.2));
#4569=CARTESIAN_POINT('Origin',(-28.25,109.25,226.2));
#4570=CARTESIAN_POINT('',(-35.25,109.25,226.2));
#4571=CARTESIAN_POINT('Origin',(-35.25,-33.25,226.2));
#4572=CARTESIAN_POINT('',(-35.25,109.25,226.2));
#4573=CARTESIAN_POINT('Origin',(-28.25,109.25,226.2));
#4574=CARTESIAN_POINT('Origin',(-28.25,109.25,226.2));
#4575=CARTESIAN_POINT('Origin',(60.75,109.25,226.2));
#4576=CARTESIAN_POINT('Origin',(60.75,109.25,226.2));
#4577=CARTESIAN_POINT('Origin',(60.75,-33.25,226.2));
#4578=CARTESIAN_POINT('Origin',(60.75,-33.25,226.2));
#4579=CARTESIAN_POINT('Origin',(-28.25,-33.25,226.2));
#4580=CARTESIAN_POINT('Origin',(-28.25,-33.25,226.2));
#4581=CARTESIAN_POINT('Origin',(16.25,38.,226.2));
#4582=UNCERTAINTY_MEASURE_WITH_UNIT(LENGTH_MEASURE(0.01),#4586,
'DISTANCE_ACCURACY_VALUE',
'Maximum model space distance between geometric entities at asserted c
onnectivities');
#4583=UNCERTAINTY_MEASURE_WITH_UNIT(LENGTH_MEASURE(0.01),#4586,
'DISTANCE_ACCURACY_VALUE',
'Maximum model space distance between geometric entities at asserted c
onnectivities');
#4584=(
GEOMETRIC_REPRESENTATION_CONTEXT(3)
GLOBAL_UNCERTAINTY_ASSIGNED_CONTEXT((#4582))
GLOBAL_UNIT_ASSIGNED_CONTEXT((#4586,#4588,#4589))
REPRESENTATION_CONTEXT('','3D')
);
#4585=(
GEOMETRIC_REPRESENTATION_CONTEXT(3)
GLOBAL_UNCERTAINTY_ASSIGNED_CONTEXT((#4583))
GLOBAL_UNIT_ASSIGNED_CONTEXT((#4586,#4588,#4589))
REPRESENTATION_CONTEXT('','3D')
);
#4586=(
LENGTH_UNIT()
NAMED_UNIT(*)
SI_UNIT(.MILLI.,.METRE.)
);
#4587=(
LENGTH_UNIT()
NAMED_UNIT(*)
SI_UNIT($,.METRE.)
);
#4588=(
NAMED_UNIT(*)
PLANE_ANGLE_UNIT()
SI_UNIT($,.RADIAN.)
);
#4589=(
NAMED_UNIT(*)
SI_UNIT($,.STERADIAN.)
SOLID_ANGLE_UNIT()
);
#4590=SHAPE_DEFINITION_REPRESENTATION(#4591,#4592);
#4591=PRODUCT_DEFINITION_SHAPE('',$,#4594);
#4592=SHAPE_REPRESENTATION('',(#2669),#4584);
#4593=PRODUCT_DEFINITION_CONTEXT('part definition',#4598,'design');
#4594=PRODUCT_DEFINITION('FusionComponent','FusionComponent',#4595,#4593);
#4595=PRODUCT_DEFINITION_FORMATION('',$,#4600);
#4596=PRODUCT_RELATED_PRODUCT_CATEGORY('FusionComponent',
'FusionComponent',(#4600));
#4597=APPLICATION_PROTOCOL_DEFINITION('international standard',
'automotive_design',2009,#4598);
#4598=APPLICATION_CONTEXT(
'Core Data for Automotive Mechanical Design Process');
#4599=PRODUCT_CONTEXT('part definition',#4598,'mechanical');
#4600=PRODUCT('FusionComponent','FusionComponent',$,(#4599));
#4601=PRESENTATION_STYLE_ASSIGNMENT((#4602));
#4602=SURFACE_STYLE_USAGE(.BOTH.,#4603);
#4603=SURFACE_SIDE_STYLE('',(#4604));
#4604=SURFACE_STYLE_FILL_AREA(#4605);
#4605=FILL_AREA_STYLE('Steel - Satin',(#4606));
#4606=FILL_AREA_STYLE_COLOUR('Steel - Satin',#4607);
#4607=COLOUR_RGB('Steel - Satin',0.627450980392157,0.627450980392157,0.627450980392157);
ENDSEC;
END-ISO-10303-21;
